VendorID,tpep_pickup_datetime,tpep_dropoff_datetime,passenger_count,trip_distance,RatecodeID,store_and_fwd_flag,PULocationID,DOLocationID,payment_type,fare_amount,extra,mta_tax,tip_amount,tolls_amount,improvement_surcharge,total_amount,congestion_surcharge,Airport_fee,motif_rejet
1,2024-01-30 06:36:32,2024-01-30 07:14:42,1.0,0.0,99.0,N,165,162,1,41.5,0.0,0.5,0.0,6.94,1.0,49.94,0.0,0.0,distance_invalide;
1,2024-01-31 22:00:04,2024-01-31 22:11:27,0.0,1.2,1.0,N,158,113,1,10.7,3.5,0.5,3.1,0.0,1.0,18.8,2.5,0.0,passagers_invalides;
1,2024-01-20 11:53:37,2024-01-20 11:58:27,,0.7,,,237,237,0,6.5,0.0,0.5,2.1,0.0,1.0,12.6,,,passagers_invalides;
1,2024-01-25 18:44:13,2024-01-25 18:55:15,,2.9,,,143,238,0,15.6,2.5,0.5,3.31,0.0,1.0,25.41,,,passagers_invalides;
2,2024-01-29 20:32:31,2024-01-29 20:38:12,,1.27,,,144,107,0,11.74,0.0,0.5,3.15,0.0,1.0,18.89,,,passagers_invalides;
2,2024-01-10 14:38:00,2024-01-10 14:45:00,,0.52,,,238,238,0,11.74,0.0,0.5,3.15,0.0,1.0,18.89,,,passagers_invalides;
2,2024-01-27 00:52:49,2024-01-27 00:52:55,1.0,0.0,5.0,N,170,170,1,15.0,0.0,0.0,3.7,0.0,1.0,22.2,2.5,0.0,distance_invalide;
1,2024-01-17 08:42:14,2024-01-17 08:47:12,0.0,0.6,1.0,N,164,230,1,6.5,2.5,0.5,2.0,0.0,1.0,12.5,2.5,0.0,passagers_invalides;
1,2024-01-22 09:59:22,2024-01-22 10:04:29,0.0,1.2,1.0,N,264,229,1,7.9,2.5,0.5,1.0,0.0,1.0,12.9,2.5,0.0,passagers_invalides;
2,2024-01-30 20:14:22,2024-01-30 20:40:51,,5.58,,,166,234,0,33.94,0.0,0.5,0.0,0.0,1.0,37.94,,,passagers_invalides;
2,2024-01-17 18:17:00,2024-01-17 18:22:19,1.0,0.8,1.0,N,249,158,4,-7.2,-2.5,-0.5,0.0,0.0,-1.0,-13.7,-2.5,0.0,montant_invalide;
2,2024-01-12 16:24:58,2024-01-12 16:41:31,,1.84,,,33,49,0,15.29,0.0,0.5,0.0,0.0,1.0,16.79,,,passagers_invalides;
1,2024-01-24 19:00:15,2024-01-24 19:21:34,,2.7,,,170,262,0,20.5,2.5,0.5,4.05,0.0,1.0,31.05,,,passagers_invalides;
2,2024-01-09 18:00:33,2024-01-09 18:12:51,,1.92,,,68,186,0,-0.12,0.0,0.5,0.0,0.0,1.0,3.88,,,montant_invalide;passagers_invalides;
1,2024-01-17 11:20:17,2024-01-17 11:29:48,,1.0,,,263,140,0,10.0,0.0,0.5,2.1,0.0,1.0,16.1,,,passagers_invalides;
1,2024-01-15 13:02:27,2024-01-15 13:30:40,1.0,0.0,99.0,N,232,92,1,38.5,0.0,0.5,0.0,0.0,1.0,40.0,0.0,0.0,distance_invalide;
2,2024-01-17 21:15:29,2024-01-17 21:26:11,,1.39,,,161,50,0,14.05,0.0,0.5,0.0,0.0,1.0,18.05,,,passagers_invalides;
2,2024-01-09 22:10:25,2024-01-09 22:29:15,,3.31,,,48,45,0,26.52,0.0,0.5,0.0,0.0,1.0,30.52,,,passagers_invalides;
2,2024-01-20 19:22:34,2024-01-20 19:34:02,,2.27,,,166,239,0,15.82,0.0,0.5,0.0,0.0,1.0,19.82,,,passagers_invalides;
2,2024-01-20 10:55:17,2024-01-20 10:59:19,,0.55,,,262,263,0,6.83,0.0,0.5,0.0,0.0,1.0,10.83,,,passagers_invalides;
2,2024-01-25 17:38:23,2024-01-25 17:44:01,2.0,0.71,1.0,N,237,161,4,-7.2,-2.5,-0.5,0.0,0.0,-1.0,-13.7,-2.5,0.0,montant_invalide;
2,2024-01-04 23:29:46,2024-01-04 23:42:05,1.0,1.86,1.0,N,234,230,2,-12.8,-1.0,-0.5,0.0,0.0,-1.0,-17.8,-2.5,0.0,montant_invalide;
1,2024-01-15 19:01:49,2024-01-15 19:21:36,0.0,4.1,1.0,N,158,237,1,19.8,2.5,0.5,4.75,0.0,1.0,28.55,2.5,0.0,passagers_invalides;
1,2024-01-07 11:16:52,2024-01-07 11:24:35,0.0,1.3,1.0,N,238,142,1,10.0,2.5,0.5,3.5,0.0,1.0,17.5,2.5,0.0,passagers_invalides;
2,2024-01-25 18:31:58,2024-01-25 19:17:46,,5.31,,,260,230,0,37.34,0.0,0.5,0.0,0.0,1.0,41.34,,,passagers_invalides;
1,2024-01-13 12:38:02,2024-01-13 12:47:36,0.0,1.5,1.0,N,211,234,1,10.0,2.5,0.5,3.5,0.0,1.0,17.5,2.5,0.0,passagers_invalides;
2,2024-01-10 17:25:50,2024-01-10 17:41:00,,2.63,,,236,166,0,14.98,0.0,0.5,0.0,0.0,1.0,18.98,,,passagers_invalides;
2,2024-01-13 19:18:26,2024-01-13 19:47:31,,2.63,,,114,230,0,33.16,0.0,0.5,0.0,0.0,1.0,37.16,,,passagers_invalides;
2,2024-01-30 14:04:00,2024-01-30 14:24:00,,2.41,,,162,263,0,20.75,0.0,0.5,4.95,0.0,1.0,29.7,,,passagers_invalides;
2,2024-01-10 06:55:59,2024-01-10 07:08:23,,2.65,,,238,74,0,15.96,0.0,0.5,2.99,0.0,1.0,22.95,,,passagers_invalides;
2,2024-01-17 21:36:54,2024-01-17 22:01:05,,8.05,,,68,74,0,35.86,0.0,0.5,0.0,0.0,1.0,39.86,,,passagers_invalides;
2,2024-01-26 07:43:06,2024-01-26 07:54:35,,1.61,,,249,137,0,12.19,0.0,0.5,0.0,0.0,1.0,16.19,,,passagers_invalides;
2,2024-01-23 22:02:32,2024-01-23 22:27:02,,5.23,,,163,209,0,1.84,0.0,0.5,0.0,0.0,1.0,5.84,,,passagers_invalides;
2,2024-01-11 13:50:23,2024-01-11 14:01:42,1.0,0.85,1.0,N,100,170,3,-10.7,0.0,-0.5,0.0,0.0,-1.0,-14.7,-2.5,0.0,montant_invalide;
1,2024-01-31 16:45:03,2024-01-31 16:50:23,1.0,0.0,1.0,N,145,145,2,6.5,2.5,0.5,0.0,0.0,1.0,10.5,0.0,0.0,distance_invalide;
1,2024-01-16 10:06:15,2024-01-16 10:58:06,,17.1,,,233,1,0,71.76,0.0,0.0,0.0,13.38,1.0,86.14,,,passagers_invalides;
2,2024-01-15 21:15:00,2024-01-15 21:41:00,,5.66,,,239,148,0,32.16,0.0,0.5,9.04,0.0,1.0,45.2,,,passagers_invalides;
2,2024-01-18 17:02:01,2024-01-18 17:22:18,,4.15,,,88,90,0,25.54,0.0,0.5,0.0,0.0,1.0,29.54,,,passagers_invalides;
1,2024-01-09 19:20:03,2024-01-09 19:34:37,,1.8,,,163,186,0,13.5,2.5,0.5,4.0,0.0,1.0,24.0,,,passagers_invalides;
2,2024-01-17 21:05:42,2024-01-17 21:18:21,,2.15,,,170,79,0,15.86,0.0,0.5,0.0,0.0,1.0,19.86,,,passagers_invalides;
2,2024-01-18 10:46:18,2024-01-18 10:46:35,1.0,0.0,1.0,N,264,264,3,3.0,0.0,0.5,0.0,0.0,1.0,7.0,2.5,0.0,distance_invalide;
1,2024-01-21 12:05:43,2024-01-21 12:13:27,0.0,1.1,1.0,N,161,100,2,9.3,2.5,0.5,0.0,0.0,1.0,13.3,2.5,0.0,passagers_invalides;
2,2024-01-19 08:01:00,2024-01-19 08:32:51,,8.89,,,166,261,0,40.56,0.0,0.5,8.91,0.0,1.0,53.47,,,passagers_invalides;
2,2024-01-10 07:49:32,2024-01-10 08:07:28,,3.92,,,263,116,0,21.65,0.0,0.5,0.0,0.0,1.0,25.65,,,passagers_invalides;
2,2024-01-30 12:31:53,2024-01-30 12:34:42,1.0,0.55,1.0,N,148,79,2,-5.1,0.0,-0.5,0.0,0.0,-1.0,-9.1,-2.5,0.0,montant_invalide;
1,2024-01-08 11:17:06,2024-01-08 11:27:43,0.0,1.8,1.0,N,43,238,1,12.8,2.5,0.5,3.35,0.0,1.0,20.15,2.5,0.0,passagers_invalides;
1,2024-01-07 19:30:33,2024-01-07 19:37:23,0.0,0.6,1.0,N,162,48,1,7.2,2.5,0.5,2.2,0.0,1.0,13.4,2.5,0.0,passagers_invalides;
2,2024-01-09 21:39:13,2024-01-09 21:45:23,,1.35,,,246,48,0,11.74,0.0,0.5,1.0,0.0,1.0,16.74,,,passagers_invalides;
2,2024-01-10 04:14:06,2024-01-10 04:23:08,,1.72,,,79,45,0,13.6,0.0,0.5,0.0,0.0,1.0,17.6,,,passagers_invalides;
2,2024-01-20 23:50:47,2024-01-21 00:03:51,,1.52,,,148,164,0,16.38,0.0,0.5,4.08,0.0,1.0,24.46,,,passagers_invalides;
1,2024-01-28 17:53:58,2024-01-28 18:04:20,,1.3,,,68,249,0,10.0,0.0,0.5,2.8,0.0,1.0,16.8,,,passagers_invalides;
1,2024-01-12 04:38:10,2024-01-12 04:54:09,,0.0,,,79,74,0,26.52,0.0,0.5,0.0,0.0,1.0,30.52,,,distance_invalide;passagers_invalides;
1,2024-01-08 13:20:30,2024-01-08 13:41:00,1.0,0.0,1.0,N,239,161,1,19.5,0.0,0.5,0.0,0.0,1.0,21.0,0.0,0.0,distance_invalide;
2,2024-01-27 11:23:55,2024-01-27 11:41:25,,2.73,,,170,236,0,18.89,0.0,0.5,0.0,0.0,1.0,22.89,,,passagers_invalides;
1,2024-01-13 17:25:58,2024-01-13 17:30:31,0.0,0.7,1.0,N,24,238,2,6.5,2.5,0.5,0.0,0.0,1.0,10.5,2.5,0.0,passagers_invalides;
2,2024-01-10 19:22:28,2024-01-10 19:30:49,,1.13,,,232,144,0,8.13,0.0,0.5,0.0,0.0,1.0,12.13,,,passagers_invalides;
2,2024-01-18 13:45:47,2024-01-18 14:06:51,,3.25,,,144,48,0,20.88,0.0,0.5,0.0,0.0,1.0,24.88,,,passagers_invalides;
2,2024-01-09 18:01:48,2024-01-09 18:02:19,4.0,0.0,5.0,N,87,87,1,46.0,0.0,0.0,0.01,0.0,1.0,49.51,2.5,0.0,distance_invalide;
1,2024-01-21 11:19:06,2024-01-21 11:25:41,,1.2,,,141,236,0,8.6,0.0,0.5,3.75,0.0,1.0,16.35,,,passagers_invalides;
1,2024-01-07 18:20:07,2024-01-07 18:25:19,1.0,0.0,1.0,N,143,142,1,6.5,5.0,0.5,2.6,0.0,1.0,15.6,2.5,0.0,distance_invalide;
2,2024-01-28 00:17:18,2024-01-28 00:33:18,,1.97,,,68,211,0,17.85,0.0,0.5,0.0,0.0,1.0,21.85,,,passagers_invalides;
2,2024-01-09 21:46:13,2024-01-09 22:01:18,1.0,1.29,1.0,N,230,186,4,-14.2,-1.0,-0.5,0.0,0.0,-1.0,-19.2,-2.5,0.0,montant_invalide;
2,2024-01-19 19:14:40,2024-01-19 19:25:51,2.0,4.73,1.0,N,70,252,4,-20.5,-7.5,-0.5,0.0,0.0,-1.0,-31.25,0.0,-1.75,montant_invalide;
2,2024-01-25 18:23:14,2024-01-25 18:29:09,,0.65,,,48,100,0,10.12,0.0,0.5,0.0,0.0,1.0,14.12,,,passagers_invalides;
2,2024-01-27 02:01:30,2024-01-27 02:19:12,,2.85,,,79,231,0,20.35,0.0,0.5,0.0,0.0,1.0,24.35,,,passagers_invalides;
2,2024-01-21 17:50:45,2024-01-21 17:55:49,,1.09,,,142,238,0,6.83,0.0,0.5,0.0,0.0,1.0,10.83,,,passagers_invalides;
2,2024-01-25 07:06:00,2024-01-25 07:21:00,,3.4,,,43,234,0,20.06,0.0,0.5,4.81,0.0,1.0,28.87,,,passagers_invalides;
2,2024-01-25 18:34:19,2024-01-25 18:55:46,,5.65,,,88,164,0,24.62,0.0,0.5,0.0,0.0,1.0,28.62,,,passagers_invalides;
1,2024-01-09 21:41:23,2024-01-09 21:57:57,,0.0,,,262,143,0,16.39,0.0,0.5,0.0,0.0,1.0,20.39,,,distance_invalide;passagers_invalides;
2,2024-01-15 05:54:42,2024-01-15 05:54:54,1.0,0.0,5.0,N,48,48,4,-11.0,0.0,0.0,0.0,0.0,-1.0,-12.0,0.0,0.0,distance_invalide;montant_invalide;
2,2024-01-09 16:21:31,2024-01-09 16:35:27,,1.75,,,237,262,0,15.39,0.0,0.5,1.0,0.0,1.0,20.39,,,passagers_invalides;
2,2024-01-05 15:31:21,2024-01-05 15:43:25,,1.09,,,152,42,0,13.17,0.0,0.5,0.0,0.0,1.0,14.67,,,passagers_invalides;
2,2024-01-17 21:50:51,2024-01-17 22:14:13,,3.7,,,230,148,0,24.44,0.0,0.5,0.0,0.0,1.0,28.44,,,passagers_invalides;
2,2024-01-25 21:50:05,2024-01-25 22:26:19,1.0,16.17,1.0,N,132,165,2,-65.3,-1.0,-0.5,0.0,0.0,-1.0,-69.55,0.0,-1.75,montant_invalide;
1,2024-01-17 18:54:20,2024-01-17 18:54:43,,0.0,,,237,237,0,26.52,0.0,0.5,0.0,0.0,1.0,30.52,,,distance_invalide;passagers_invalides;
2,2024-01-10 20:30:04,2024-01-10 20:52:37,,3.88,,,170,13,0,27.94,0.0,0.5,3.83,0.0,1.0,35.77,,,passagers_invalides;
2,2024-01-21 11:54:51,2024-01-21 12:04:11,,1.44,,,13,114,0,10.41,0.0,0.5,0.0,0.0,1.0,14.41,,,passagers_invalides;
1,2024-01-13 22:15:21,2024-01-13 22:25:25,0.0,4.1,1.0,N,4,13,1,18.4,3.5,0.5,5.8,0.0,1.0,29.2,2.5,0.0,passagers_invalides;
1,2024-01-27 17:16:39,2024-01-27 17:21:21,0.0,0.9,1.0,N,233,137,1,6.5,5.0,0.5,2.6,0.0,1.0,15.6,2.5,0.0,passagers_invalides;
2,2024-01-09 18:11:02,2024-01-09 18:31:19,1.0,0.71,1.0,N,239,143,4,-17.7,-2.5,-0.5,0.0,0.0,-1.0,-24.2,-2.5,0.0,montant_invalide;
2,2024-01-27 15:32:00,2024-01-27 15:46:00,,2.16,,,162,236,0,15.26,0.0,0.5,5.0,0.0,1.0,24.26,,,passagers_invalides;
2,2024-01-09 18:38:22,2024-01-09 18:49:16,,1.64,,,211,4,0,10.96,0.0,0.5,0.0,0.0,1.0,14.96,,,passagers_invalides;
1,2024-01-30 13:03:14,2024-01-30 13:03:41,1.0,0.0,1.0,N,146,146,2,3.0,0.0,0.5,0.0,0.0,1.0,4.5,0.0,0.0,distance_invalide;
1,2024-01-28 17:40:12,2024-01-28 17:47:42,0.0,1.1,1.0,N,161,50,2,8.6,2.5,0.5,0.0,0.0,1.0,12.6,2.5,0.0,passagers_invalides;
1,2024-01-03 22:36:47,2024-01-03 22:46:18,,1.7,,,237,236,0,10.0,1.0,0.5,2.25,0.0,1.0,17.25,,,passagers_invalides;
1,2024-01-11 21:13:20,2024-01-11 21:29:37,,2.2,,,164,141,0,14.9,1.0,0.5,3.98,0.0,1.0,23.88,,,passagers_invalides;
2,2024-01-17 18:43:51,2024-01-17 18:56:56,,6.45,,,129,75,0,23.7,0.0,0.5,0.0,6.94,1.0,32.14,,,passagers_invalides;
1,2024-01-28 01:42:35,2024-01-28 02:17:37,0.0,23.4,1.0,N,186,265,1,86.3,3.5,0.5,5.0,6.94,1.0,103.24,2.5,0.0,passagers_invalides;
2,2024-01-24 23:00:32,2024-01-24 23:16:37,,3.44,,,239,42,0,19.89,0.0,0.5,0.0,0.0,1.0,23.89,,,passagers_invalides;
1,2024-01-11 00:26:19,2024-01-11 00:38:23,0.0,2.8,1.0,N,114,264,2,15.6,3.5,0.5,0.0,0.0,1.0,20.6,2.5,0.0,passagers_invalides;
2,2024-01-26 16:22:00,2024-01-26 16:52:19,,4.33,,,68,263,0,30.81,0.0,0.5,0.0,0.0,1.0,34.81,,,passagers_invalides;
1,2024-01-08 07:58:54,2024-01-08 08:08:08,,1.4,,,239,166,0,11.4,0.0,0.5,2.31,0.0,1.0,17.71,,,passagers_invalides;
2,2024-01-07 14:49:17,2024-01-07 15:24:24,3.0,17.45,2.0,N,132,170,4,-70.0,0.0,-0.5,0.0,-6.94,-1.0,-82.69,-2.5,-1.75,montant_invalide;
1,2024-01-25 12:31:29,2024-01-25 12:46:48,0.0,2.5,1.0,N,142,246,2,15.6,2.5,0.5,0.0,0.0,1.0,19.6,2.5,0.0,passagers_invalides;
2,2024-01-13 10:00:39,2024-01-13 10:27:59,,11.72,,,239,138,0,51.84,0.0,0.5,9.42,6.94,1.0,72.2,,,passagers_invalides;
2,2024-01-19 19:29:32,2024-01-19 19:46:04,,4.19,,,231,189,0,24.63,0.0,0.5,5.73,0.0,1.0,34.36,,,passagers_invalides;
1,2024-01-23 13:23:27,2024-01-23 13:26:01,,0.4,,,238,239,0,5.1,0.0,0.5,1.37,0.0,1.0,10.47,,,passagers_invalides;
1,2024-01-19 17:27:49,2024-01-19 17:31:33,,0.8,,,79,137,0,6.5,2.5,0.5,2.6,0.0,1.0,15.6,,,passagers_invalides;
2,2024-01-18 09:37:19,2024-01-18 09:39:30,1.0,0.22,1.0,N,263,236,4,-4.4,0.0,-0.5,0.0,0.0,-1.0,-8.4,-2.5,0.0,montant_invalide;
2,2024-01-14 03:44:15,2024-01-14 03:44:22,1.0,0.0,1.0,N,68,68,2,3.0,1.0,0.5,0.0,0.0,1.0,8.0,2.5,0.0,distance_invalide;
2,2024-01-27 19:15:55,2024-01-27 19:25:22,,1.67,,,142,246,0,11.66,0.0,0.5,0.0,0.0,1.0,15.66,,,passagers_invalides;
2,2024-01-17 19:23:28,2024-01-17 19:27:43,1.0,0.3,1.0,N,90,186,2,-5.8,-2.5,-0.5,0.0,0.0,-1.0,-12.3,-2.5,0.0,montant_invalide;
2,2024-01-11 18:11:52,2024-01-11 18:20:58,,1.86,,,237,75,0,16.94,0.0,0.5,3.14,0.0,1.0,24.08,,,passagers_invalides;
2,2024-01-14 12:59:24,2024-01-14 13:04:42,,0.99,,,262,141,0,7.83,0.0,0.5,0.0,0.0,1.0,11.83,,,passagers_invalides;
2,2024-01-19 16:31:41,2024-01-19 16:31:51,1.0,0.0,5.0,N,238,238,1,85.0,0.0,0.0,17.7,0.0,1.0,106.2,2.5,0.0,distance_invalide;
1,2024-01-15 11:26:54,2024-01-15 11:40:00,,0.0,,,65,189,0,12.54,0.0,0.5,0.0,0.0,1.0,14.04,,,distance_invalide;passagers_invalides;
2,2024-01-26 19:07:20,2024-01-26 19:08:41,3.0,0.0,5.0,N,116,116,1,90.0,0.0,0.0,0.0,0.0,1.0,91.0,0.0,0.0,distance_invalide;
1,2024-01-20 22:34:05,2024-01-20 22:47:24,,0.0,,,247,47,0,13.16,0.0,0.5,0.0,0.0,1.0,14.66,,,distance_invalide;passagers_invalides;
1,2024-01-10 17:05:08,2024-01-10 17:27:33,,0.0,,,246,238,0,30.34,0.0,0.5,0.0,0.0,1.0,34.34,,,distance_invalide;passagers_invalides;
2,2024-01-18 19:52:12,2024-01-18 19:52:17,1.0,0.0,2.0,N,161,161,2,70.0,5.0,0.5,0.0,0.0,1.0,79.0,2.5,0.0,distance_invalide;
2,2024-01-01 00:54:11,2024-01-01 01:12:41,,3.0,,,239,68,0,28.36,0.0,0.5,0.0,0.0,1.0,32.36,,,passagers_invalides;
2,2024-01-25 21:43:35,2024-01-25 22:00:50,,2.74,,,161,79,0,19.05,0.0,0.5,0.0,0.0,1.0,23.05,,,passagers_invalides;
2,2024-01-03 19:40:58,2024-01-03 20:14:13,1.0,19.17,1.0,N,132,168,4,-72.3,-2.5,-0.5,0.0,-6.94,-1.0,-84.99,0.0,-1.75,montant_invalide;
1,2024-01-15 10:51:22,2024-01-15 11:21:54,0.0,5.4,1.0,N,161,65,2,31.0,2.5,0.5,0.0,0.0,1.0,35.0,2.5,0.0,passagers_invalides;
2,2024-01-12 16:15:56,2024-01-12 16:59:52,1.0,15.72,1.0,N,87,138,4,-61.1,-7.5,-0.5,0.0,-6.94,-1.0,-82.04,-2.5,0.0,montant_invalide;
1,2024-01-28 15:07:44,2024-01-28 15:11:56,,0.4,,,100,164,0,5.8,0.0,0.5,0.98,0.0,1.0,10.78,,,passagers_invalides;
2,2024-01-07 11:10:39,2024-01-07 11:28:48,,3.46,,,211,230,0,21.04,0.0,0.5,5.01,0.0,1.0,30.05,,,passagers_invalides;
2,2024-01-11 16:20:14,2024-01-11 16:20:18,1.0,0.0,1.0,N,140,140,4,-3.0,-2.5,-0.5,0.0,0.0,-1.0,-9.5,-2.5,0.0,distance_invalide;montant_invalide;
2,2024-01-26 20:24:48,2024-01-26 20:43:06,,1.81,,,107,211,0,16.17,0.0,0.5,4.03,0.0,1.0,24.2,,,passagers_invalides;
2,2024-01-23 12:34:04,2024-01-23 12:44:41,1.0,0.8,1.0,N,163,142,4,-10.7,0.0,-0.5,0.0,0.0,-1.0,-14.7,-2.5,0.0,montant_invalide;
2,2024-01-03 16:37:29,2024-01-03 16:37:47,1.0,0.0,1.0,N,264,264,1,3.0,2.5,0.5,0.0,0.0,1.0,7.0,0.0,0.0,distance_invalide;
1,2024-01-06 00:58:54,2024-01-06 01:08:24,0.0,2.8,1.0,N,114,229,1,13.5,3.5,0.5,3.7,0.0,1.0,22.2,2.5,0.0,passagers_invalides;
2,2024-01-07 05:41:25,2024-01-07 05:50:42,,1.53,,,20,169,0,9.22,0.0,0.5,0.0,0.0,1.0,10.72,,,passagers_invalides;
2,2024-01-30 19:46:06,2024-01-30 19:49:00,,0.39,,,161,163,0,11.33,0.0,0.5,0.0,0.0,1.0,15.33,,,passagers_invalides;
2,2024-01-21 22:27:50,2024-01-21 22:27:55,1.0,0.01,1.0,N,141,141,3,-3.0,-1.0,-0.5,0.0,0.0,-1.0,-8.0,-2.5,0.0,montant_invalide;
1,2024-01-01 01:31:47,2024-01-01 01:45:22,,0.0,,,209,137,0,40.13,0.0,0.5,0.0,0.0,1.0,44.13,,,distance_invalide;passagers_invalides;
2,2024-01-03 16:34:15,2024-01-03 16:41:53,3.0,0.59,1.0,N,161,230,4,-7.9,-2.5,-0.5,0.0,0.0,-1.0,-14.4,-2.5,0.0,montant_invalide;
1,2024-01-01 15:50:45,2024-01-01 16:03:10,,0.0,,,148,87,0,11.22,0.0,0.5,0.0,0.0,1.0,15.22,,,distance_invalide;passagers_invalides;
1,2024-01-03 16:34:33,2024-01-03 16:34:44,1.0,0.0,2.0,N,148,148,1,70.0,7.5,0.5,17.65,9.5,1.0,106.15,2.5,0.0,distance_invalide;
2,2024-01-26 23:38:20,2024-01-26 23:50:33,,5.95,,,208,168,0,21.21,0.0,0.5,0.0,0.0,1.0,22.71,,,passagers_invalides;
2,2024-01-12 15:23:40,2024-01-12 15:51:00,1.0,1.45,1.0,N,161,162,4,-22.6,0.0,-0.5,0.0,0.0,-1.0,-26.6,-2.5,0.0,montant_invalide;
1,2024-01-12 16:18:26,2024-01-12 16:29:14,,1.9,,,141,239,0,12.1,2.5,0.5,4.46,0.0,1.0,23.06,,,passagers_invalides;
1,2024-01-31 09:55:44,2024-01-31 10:07:56,0.0,1.3,1.0,N,186,233,1,12.1,2.5,0.5,4.8,0.0,1.0,20.9,2.5,0.0,passagers_invalides;
2,2024-01-28 14:06:29,2024-01-28 14:28:24,,0.0,,,140,264,0,20.4,0.0,0.5,0.0,0.0,1.0,24.4,,,distance_invalide;passagers_invalides;
2,2024-01-09 18:07:28,2024-01-09 18:18:17,,1.42,,,68,170,0,18.7,0.0,0.5,0.0,0.0,1.0,22.7,,,passagers_invalides;
2,2024-01-27 18:48:17,2024-01-27 18:58:47,,1.58,,,107,229,0,13.01,0.0,0.5,0.0,0.0,1.0,17.01,,,passagers_invalides;
2,2024-01-14 04:18:13,2024-01-14 04:32:04,,4.51,,,7,74,0,17.77,0.0,0.5,0.0,6.94,1.0,26.21,,,passagers_invalides;
2,2024-01-15 15:16:49,2024-01-15 15:33:57,,3.1,,,246,4,0,21.6,0.0,0.5,0.0,0.0,1.0,25.6,,,passagers_invalides;
2,2024-01-14 00:49:24,2024-01-14 00:59:10,,1.77,,,144,170,0,12.87,0.0,0.5,0.0,0.0,1.0,16.87,,,passagers_invalides;
2,2024-01-31 21:47:55,2024-01-31 22:04:53,1.0,0.0,1.0,N,132,157,2,12.8,1.0,0.5,0.0,0.0,1.0,17.05,0.0,1.75,distance_invalide;
2,2024-01-02 07:51:00,2024-01-02 08:29:00,,11.36,,,62,138,0,50.53,0.0,0.5,5.2,0.0,1.0,57.23,,,passagers_invalides;
2,2024-01-06 13:38:55,2024-01-06 13:55:15,,3.82,,,50,13,0,21.75,0.0,0.5,5.15,0.0,1.0,30.9,,,passagers_invalides;
2,2024-01-06 00:29:47,2024-01-06 00:38:56,,1.33,,,114,144,0,10.71,0.0,0.5,0.0,0.0,1.0,14.71,,,passagers_invalides;
1,2024-01-11 19:21:40,2024-01-11 19:26:55,0.0,0.7,1.0,N,142,143,1,7.2,5.0,0.5,2.7,0.0,1.0,16.4,2.5,0.0,passagers_invalides;
1,2024-01-11 06:25:03,2024-01-11 06:29:49,,0.0,,,236,75,0,10.83,0.0,0.5,0.0,0.0,1.0,14.83,,,distance_invalide;passagers_invalides;
2,2024-01-06 16:13:27,2024-01-06 16:17:59,1.0,0.68,1.0,N,125,125,3,-6.5,0.0,-0.5,0.0,0.0,-1.0,-10.5,-2.5,0.0,montant_invalide;
2,2024-01-22 06:53:59,2024-01-22 07:15:42,,7.46,,,42,68,0,31.9,0.0,0.5,0.0,0.0,1.0,35.9,,,passagers_invalides;
1,2024-01-26 13:16:48,2024-01-26 14:03:18,0.0,20.3,2.0,N,13,132,1,70.0,2.5,0.5,14.8,0.0,1.0,88.8,2.5,0.0,passagers_invalides;
2,2024-01-20 17:59:11,2024-01-20 18:11:21,,1.49,,,142,229,0,12.64,0.0,0.5,3.0,0.0,1.0,19.64,,,passagers_invalides;
2,2024-01-17 19:15:16,2024-01-17 19:21:25,,1.05,,,229,170,0,13.83,0.0,0.5,0.0,0.0,1.0,17.83,,,passagers_invalides;
2,2024-01-03 17:30:12,2024-01-03 17:47:59,3.0,3.73,1.0,N,226,255,4,-20.5,-2.5,-0.5,0.0,0.0,-1.0,-24.5,0.0,0.0,montant_invalide;
1,2024-01-28 10:28:45,2024-01-28 10:40:59,,2.5,,,33,144,0,13.49,0.0,0.5,0.0,0.0,1.0,17.49,,,passagers_invalides;
1,2024-01-23 21:31:59,2024-01-23 21:44:46,,0.0,,,140,239,0,16.85,1.0,0.5,0.0,0.0,1.0,23.85,,,distance_invalide;passagers_invalides;
1,2024-01-31 12:03:11,2024-01-31 12:14:46,0.0,1.1,1.0,N,236,163,1,11.4,2.5,0.5,2.77,0.0,1.0,18.17,2.5,0.0,passagers_invalides;
2,2024-01-31 05:04:40,2024-01-31 05:30:51,,16.87,,,224,132,0,60.02,0.0,0.5,14.19,6.94,1.0,85.15,,,passagers_invalides;
2,2024-01-01 00:32:11,2024-01-01 00:45:15,,5.43,,,140,232,0,26.75,0.0,0.5,0.0,0.0,1.0,30.75,,,passagers_invalides;
2,2024-01-10 12:08:58,2024-01-10 12:36:28,1.0,6.09,1.0,N,13,237,4,-31.7,0.0,-0.5,0.0,0.0,-1.0,-35.7,-2.5,0.0,montant_invalide;
2,2024-01-16 21:27:31,2024-01-16 21:40:20,,3.08,,,164,238,0,18.63,0.0,0.5,2.26,0.0,1.0,24.89,,,passagers_invalides;
2,2024-01-17 11:53:07,2024-01-17 12:09:41,,2.02,,,161,141,0,24.67,0.0,0.5,0.0,0.0,1.0,28.67,,,passagers_invalides;
1,2024-01-29 08:08:43,2024-01-29 08:08:48,1.0,0.0,2.0,Y,162,162,3,70.0,2.5,0.5,0.0,0.0,1.0,74.0,2.5,0.0,distance_invalide;
1,2024-01-09 21:26:55,2024-01-09 21:46:00,,0.0,,,144,141,0,23.64,0.0,0.5,0.0,0.0,1.0,27.64,,,distance_invalide;passagers_invalides;
2,2024-01-09 15:11:18,2024-01-09 15:18:33,,0.57,,,140,262,0,12.83,0.0,0.5,0.0,0.0,1.0,16.83,,,passagers_invalides;
2,2024-01-25 21:23:26,2024-01-25 21:52:22,1.0,18.17,2.0,N,132,141,4,-70.0,0.0,-0.5,0.0,-6.94,-1.0,-82.69,-2.5,-1.75,montant_invalide;
1,2024-01-28 01:38:04,2024-01-28 01:51:41,0.0,1.9,1.0,N,249,170,1,14.2,3.5,0.5,3.8,0.0,1.0,23.0,2.5,0.0,passagers_invalides;
1,2024-01-23 09:21:28,2024-01-23 09:31:17,,1.2,,,143,230,0,10.7,0.0,0.5,2.2,0.0,1.0,16.9,,,passagers_invalides;
1,2024-01-12 17:06:32,2024-01-12 17:37:49,,4.5,,,234,151,0,26.8,2.5,0.5,6.66,0.0,1.0,39.96,,,passagers_invalides;
1,2024-01-09 15:49:48,2024-01-09 15:54:48,,0.5,,,236,236,0,6.5,0.0,0.5,2.1,0.0,1.0,12.6,,,passagers_invalides;
2,2024-01-28 04:46:45,2024-01-28 05:00:44,,6.74,,,148,263,0,28.65,0.0,0.5,0.0,0.0,1.0,32.65,,,passagers_invalides;
1,2024-01-08 22:29:03,2024-01-08 22:34:05,,0.0,,,142,239,0,6.83,0.0,0.5,0.0,0.0,1.0,10.83,,,distance_invalide;passagers_invalides;
2,2024-01-24 11:30:20,2024-01-24 11:38:19,1.0,0.87,1.0,N,246,158,4,-9.3,0.0,-0.5,0.0,0.0,-1.0,-13.3,-2.5,0.0,montant_invalide;
2,2024-01-03 14:54:54,2024-01-03 14:55:00,4.0,0.0,5.0,N,164,164,1,87.0,0.0,0.0,18.1,0.0,1.0,108.6,2.5,0.0,distance_invalide;
1,2024-01-30 20:25:20,2024-01-30 20:37:34,,0.0,,,161,234,0,10.79,0.0,0.5,0.0,0.0,1.0,14.79,,,distance_invalide;passagers_invalides;
1,2024-01-17 20:27:42,2024-01-17 20:54:11,,5.5,,,239,125,0,27.5,1.0,0.5,4.88,0.0,1.0,37.38,,,passagers_invalides;
1,2024-01-06 11:10:42,2024-01-06 11:20:54,,1.8,,,236,163,0,12.8,0.0,0.5,1.68,0.0,1.0,18.48,,,passagers_invalides;
2,2024-01-04 16:02:04,2024-01-04 16:13:06,1.0,0.0,1.0,N,164,137,2,10.0,0.0,0.5,0.0,0.0,1.0,14.0,2.5,0.0,distance_invalide;
1,2024-01-07 21:37:39,2024-01-07 21:52:03,,0.0,,,230,68,0,13.05,0.0,0.5,0.0,0.0,1.0,17.05,,,distance_invalide;passagers_invalides;
2,2024-01-25 17:46:04,2024-01-25 17:55:46,1.0,0.0,1.0,N,163,236,1,9.3,2.5,0.5,3.95,0.0,1.0,19.75,2.5,0.0,distance_invalide;
2,2024-01-01 01:03:41,2024-01-01 01:09:16,,1.75,,,236,75,0,12.53,0.0,0.5,0.0,0.0,1.0,16.53,,,passagers_invalides;
1,2024-01-01 05:14:18,2024-01-01 05:18:06,0.0,0.8,1.0,N,79,148,1,6.5,3.5,0.5,0.0,0.0,1.0,11.5,2.5,0.0,passagers_invalides;
2,2024-01-01 11:46:20,2024-01-01 12:02:00,,2.24,,,79,68,0,13.82,0.0,0.5,0.0,0.0,1.0,17.82,,,passagers_invalides;
2,2024-01-29 19:35:13,2024-01-29 20:10:41,2.0,19.39,2.0,N,132,90,2,-70.0,-5.0,-0.5,17.19,-6.94,-1.0,-70.5,-2.5,-1.75,montant_invalide;
1,2024-01-13 03:04:59,2024-01-13 03:21:00,0.0,3.9,1.0,N,148,48,1,19.1,3.5,0.5,4.8,0.0,1.0,28.9,2.5,0.0,passagers_invalides;
2,2024-01-16 22:39:47,2024-01-16 22:46:19,,1.21,,,158,246,0,9.08,0.0,0.5,0.0,0.0,1.0,13.08,,,passagers_invalides;
2,2024-01-15 01:47:00,2024-01-15 02:03:46,,5.2,,,79,75,0,22.48,0.0,0.5,0.0,0.0,1.0,26.48,,,passagers_invalides;
1,2024-01-05 22:32:48,2024-01-05 22:56:43,0.0,7.2,1.0,N,161,97,1,33.1,3.5,0.5,7.6,0.0,1.0,45.7,2.5,0.0,passagers_invalides;
1,2024-01-31 10:22:29,2024-01-31 10:42:16,0.0,3.3,1.0,N,186,231,1,20.5,2.5,0.5,1.0,0.0,1.0,25.5,2.5,0.0,passagers_invalides;
2,2024-01-13 03:17:50,2024-01-13 03:24:01,,0.0,,,90,48,0,10.32,0.0,0.5,0.0,0.0,1.0,14.32,,,distance_invalide;passagers_invalides;
2,2024-01-09 17:49:09,2024-01-09 18:12:05,,3.24,,,7,145,0,18.82,0.0,0.5,0.0,0.0,1.0,20.32,,,passagers_invalides;
2,2024-01-17 18:40:00,2024-01-17 18:44:33,,0.86,,,140,236,0,6.83,0.0,0.5,0.0,0.0,1.0,10.83,,,passagers_invalides;
2,2024-01-20 23:46:00,2024-01-21 00:00:00,,4.3,,,140,79,0,25.06,0.0,0.5,2.0,0.0,1.0,31.06,,,passagers_invalides;
2,2024-01-31 21:31:25,2024-01-31 21:49:52,,3.22,,,161,151,0,17.65,0.0,0.5,0.0,0.0,1.0,21.65,,,passagers_invalides;
1,2024-01-05 09:54:59,2024-01-05 09:55:10,1.0,0.0,1.0,N,145,145,2,3.0,0.0,0.5,0.0,0.0,1.0,4.5,0.0,0.0,distance_invalide;
1,2024-01-21 14:45:00,2024-01-21 14:57:34,,0.0,,,148,90,0,21.43,0.0,0.5,0.0,0.0,1.0,25.43,,,distance_invalide;passagers_invalides;
2,2024-01-08 21:42:49,2024-01-08 21:56:24,1.0,5.1,1.0,N,132,130,2,-23.3,-1.0,-0.5,0.0,0.0,-1.0,-30.05,-2.5,-1.75,montant_invalide;
2,2024-01-18 08:42:15,2024-01-18 09:10:22,1.0,0.65,1.0,N,107,234,2,0.0,0.0,0.5,0.0,0.0,1.0,4.0,2.5,0.0,montant_invalide;
2,2024-01-17 18:50:48,2024-01-17 19:05:00,1.0,2.72,1.0,N,43,236,4,-16.3,-2.5,-0.5,0.0,0.0,-1.0,-22.8,-2.5,0.0,montant_invalide;
1,2024-01-07 00:46:54,2024-01-07 01:04:19,0.0,4.2,1.0,N,90,65,1,20.5,3.5,0.5,5.1,0.0,1.0,30.6,2.5,0.0,passagers_invalides;
2,2024-01-01 06:38:16,2024-01-01 06:47:29,,2.93,,,262,137,0,14.46,0.0,0.5,0.0,0.0,1.0,18.46,,,passagers_invalides;
2,2024-01-01 01:09:47,2024-01-01 01:53:14,,3.34,,,234,142,0,27.15,0.0,0.5,4.67,0.0,1.0,35.82,,,passagers_invalides;
2,2024-01-19 12:47:01,2024-01-19 13:32:35,,18.34,,,25,132,0,93.52,0.0,0.5,19.0,0.0,1.0,114.02,,,passagers_invalides;
1,2024-01-20 17:33:35,2024-01-20 17:54:31,,2.1,,,229,68,0,16.59,0.0,0.5,0.0,0.0,1.0,20.59,,,passagers_invalides;
1,2024-01-30 16:08:56,2024-01-30 16:29:05,0.0,2.3,1.0,N,140,143,1,15.6,5.0,0.5,4.4,0.0,1.0,26.5,2.5,0.0,passagers_invalides;
1,2024-01-30 21:14:48,2024-01-30 21:24:03,,0.8,,,68,158,0,10.16,0.0,0.5,0.0,0.0,1.0,14.16,,,passagers_invalides;
2,2024-01-09 11:17:37,2024-01-09 11:21:33,2.0,0.46,1.0,N,238,239,3,-5.8,0.0,-0.5,0.0,0.0,-1.0,-9.8,-2.5,0.0,montant_invalide;
2,2024-01-27 02:09:11,2024-01-27 02:41:20,1.0,0.0,1.0,N,129,63,2,25.4,1.0,0.5,0.0,0.0,1.0,27.9,0.0,0.0,distance_invalide;
1,2024-01-07 04:31:40,2024-01-07 04:38:22,0.0,1.9,1.0,N,114,164,1,10.7,3.5,0.5,3.1,0.0,1.0,18.8,2.5,0.0,passagers_invalides;
1,2024-01-23 18:44:48,2024-01-23 18:57:49,0.0,2.3,1.0,N,142,264,1,14.2,5.0,0.5,4.1,0.0,1.0,24.8,2.5,0.0,passagers_invalides;
2,2024-01-18 17:50:10,2024-01-18 17:50:39,1.0,0.0,1.0,N,162,162,2,-3.0,-2.5,-0.5,0.0,0.0,-1.0,-9.5,-2.5,0.0,distance_invalide;montant_invalide;
1,2024-01-03 18:27:04,2024-01-03 18:46:51,,0.0,,,148,141,0,22.84,0.0,0.5,0.0,0.0,1.0,26.84,,,distance_invalide;passagers_invalides;
1,2024-01-11 07:35:07,2024-01-11 07:40:41,,0.9,,,237,263,0,7.9,0.0,0.5,1.79,0.0,1.0,13.69,,,passagers_invalides;
2,2024-01-28 00:23:06,2024-01-28 00:28:53,1.0,0.74,1.0,N,234,164,3,-7.2,-1.0,-0.5,0.0,0.0,-1.0,-12.2,-2.5,0.0,montant_invalide;
1,2024-01-13 17:57:47,2024-01-13 17:59:42,0.0,0.3,1.0,N,263,262,1,4.4,2.5,0.5,1.0,0.0,1.0,9.4,2.5,0.0,passagers_invalides;
2,2024-01-18 10:09:58,2024-01-18 10:22:42,,2.25,,,262,161,0,19.88,0.0,0.5,4.78,0.0,1.0,28.66,,,passagers_invalides;
1,2024-01-30 14:27:12,2024-01-30 14:35:10,,1.2,,,43,236,0,10.0,0.0,0.5,2.1,0.0,1.0,16.1,,,passagers_invalides;
1,2024-01-22 06:08:08,2024-01-22 06:45:22,,18.2,,,236,132,0,70.0,0.0,0.5,15.0,6.94,1.0,95.94,,,passagers_invalides;
2,2024-01-20 19:16:54,2024-01-20 19:41:15,,5.04,,,137,151,0,32.4,0.0,0.5,0.0,0.0,1.0,36.4,,,passagers_invalides;
1,2024-01-08 19:54:02,2024-01-08 20:03:01,0.0,1.8,1.0,N,142,230,1,10.0,3.5,0.5,0.0,0.0,1.0,15.0,2.5,0.0,passagers_invalides;
1,2024-01-05 14:57:57,2024-01-05 15:12:31,,0.0,,,238,237,0,15.64,0.0,0.5,0.0,0.0,1.0,19.64,,,distance_invalide;passagers_invalides;
2,2024-01-04 23:27:25,2024-01-04 23:35:43,1.0,0.76,1.0,N,237,161,4,-9.3,-1.0,-0.5,0.0,0.0,-1.0,-14.3,-2.5,0.0,montant_invalide;
2,2024-01-20 02:24:01,2024-01-20 02:24:18,1.0,0.0,5.0,N,261,261,1,16.0,0.0,0.0,0.0,0.0,1.0,19.5,2.5,0.0,distance_invalide;
1,2024-01-19 18:37:17,2024-01-19 18:44:25,0.0,1.1,1.0,N,246,50,1,7.9,5.0,0.5,2.85,0.0,1.0,17.25,2.5,0.0,passagers_invalides;
2,2024-01-11 18:40:05,2024-01-11 18:57:05,2.0,1.73,1.0,N,186,158,4,-15.6,-2.5,-0.5,0.0,0.0,-1.0,-22.1,-2.5,0.0,montant_invalide;
1,2024-01-15 17:45:17,2024-01-15 17:49:37,0.0,0.7,1.0,N,234,90,1,5.8,2.5,0.5,0.0,0.0,1.0,9.8,2.5,0.0,passagers_invalides;
1,2024-01-31 09:20:24,2024-01-31 09:47:18,,0.0,,,262,231,0,28.41,0.0,0.5,0.0,0.0,1.0,32.41,,,distance_invalide;passagers_invalides;
2,2024-01-01 00:57:17,2024-01-01 01:10:43,,4.92,,,140,79,0,-0.42,0.0,0.5,0.0,0.0,1.0,3.58,,,montant_invalide;passagers_invalides;
2,2024-01-13 00:09:00,2024-01-13 00:09:43,1.0,0.03,1.0,N,68,68,4,-3.0,-1.0,-0.5,0.0,0.0,-1.0,-8.0,-2.5,0.0,montant_invalide;
1,2024-01-20 21:29:17,2024-01-20 21:34:21,0.0,0.5,1.0,N,79,107,1,6.5,2.5,0.5,2.1,0.0,1.0,12.6,2.5,0.0,passagers_invalides;
2,2024-01-26 16:43:35,2024-01-26 17:32:55,,11.9,,,54,238,0,56.67,0.0,0.5,4.0,0.0,1.0,64.67,,,passagers_invalides;
2,2024-01-04 12:39:10,2024-01-04 13:23:03,2.0,21.45,2.0,N,132,140,4,-70.0,0.0,-0.5,0.0,-6.94,-1.0,-82.69,-2.5,-1.75,montant_invalide;
2,2024-01-21 02:07:31,2024-01-21 02:13:02,,0.58,,,249,158,0,13.83,0.0,0.5,0.0,0.0,1.0,17.83,,,passagers_invalides;
2,2024-01-06 18:58:42,2024-01-06 19:03:41,2.0,0.75,1.0,N,161,237,3,-6.5,0.0,-0.5,0.0,0.0,-1.0,-10.5,-2.5,0.0,montant_invalide;
2,2024-01-21 07:48:06,2024-01-21 08:11:43,,10.83,,,50,138,0,38.46,0.0,0.5,9.88,6.94,1.0,59.28,,,passagers_invalides;
1,2024-01-20 22:01:28,2024-01-20 22:08:54,,0.6,,,234,164,0,7.9,1.0,0.5,2.58,0.0,1.0,15.48,,,passagers_invalides;
1,2024-01-19 12:48:03,2024-01-19 13:01:43,,0.0,,,141,230,0,18.83,0.0,0.5,0.0,0.0,1.0,22.83,,,distance_invalide;passagers_invalides;
2,2024-01-15 15:44:17,2024-01-15 15:52:30,,0.79,,,100,230,0,1.0,0.0,0.5,0.0,0.0,1.0,5.0,,,passagers_invalides;
2,2024-01-20 03:23:02,2024-01-20 03:39:59,,4.84,,,36,79,0,23.36,0.0,0.5,0.0,0.0,1.0,27.36,,,passagers_invalides;
1,2024-01-05 18:59:08,2024-01-05 19:13:32,0.0,2.8,1.0,N,68,231,1,16.3,5.0,0.5,4.55,0.0,1.0,27.35,2.5,0.0,passagers_invalides;
1,2024-01-14 20:41:16,2024-01-14 20:49:05,0.0,1.1,1.0,N,24,75,1,9.3,1.0,0.5,2.35,0.0,1.0,14.15,0.0,0.0,passagers_invalides;
1,2024-01-05 12:20:37,2024-01-05 12:28:18,0.0,1.6,1.0,N,48,68,1,9.3,2.5,0.5,3.0,0.0,1.0,16.3,2.5,0.0,passagers_invalides;
2,2024-01-20 00:08:53,2024-01-20 00:14:57,,0.73,,,144,125,0,9.08,0.0,0.5,0.0,0.0,1.0,13.08,,,passagers_invalides;
2,2024-01-28 04:25:05,2024-01-28 04:30:43,,1.33,,,79,137,0,9.83,0.0,0.5,0.0,0.0,1.0,13.83,,,passagers_invalides;
1,2024-01-01 00:48:11,2024-01-01 01:12:24,0.0,14.8,1.0,N,132,7,1,57.6,2.75,0.5,12.35,0.0,1.0,74.2,0.0,1.75,passagers_invalides;
2,2024-01-09 21:29:57,2024-01-09 21:45:08,,3.4,,,246,238,0,18.62,0.0,0.5,0.0,0.0,1.0,22.62,,,passagers_invalides;
1,2024-01-03 23:42:14,2024-01-03 23:53:11,0.0,2.2,1.0,N,48,140,1,13.5,3.5,0.5,5.0,0.0,1.0,23.5,2.5,0.0,passagers_invalides;
1,2024-01-01 12:26:01,2024-01-01 12:36:12,,0.0,,,186,161,0,10.23,0.0,0.5,0.0,0.0,1.0,14.23,,,distance_invalide;passagers_invalides;
1,2024-01-21 21:54:47,2024-01-21 21:59:33,,0.0,,,249,231,0,10.83,0.0,0.5,0.0,0.0,1.0,14.83,,,distance_invalide;passagers_invalides;
1,2024-01-12 16:34:50,2024-01-12 17:05:13,1.0,0.0,1.0,N,33,61,1,23.0,0.0,0.5,0.0,0.0,1.0,24.5,0.0,0.0,distance_invalide;
2,2024-01-21 11:24:38,2024-01-21 11:53:50,,17.55,,,230,132,0,60.86,0.0,0.5,14.36,6.94,1.0,86.16,,,passagers_invalides;
1,2024-01-10 22:42:49,2024-01-10 22:43:53,1.0,0.0,1.0,N,50,50,4,3.0,3.5,0.5,0.0,0.0,1.0,8.0,2.5,0.0,distance_invalide;
2,2024-01-05 19:07:46,2024-01-05 19:08:41,1.0,0.0,5.0,N,249,249,2,18.8,0.0,0.0,0.0,0.0,1.0,19.8,0.0,0.0,distance_invalide;
2,2024-01-01 14:51:16,2024-01-01 15:07:15,,2.97,,,224,163,0,-0.81,0.0,0.5,0.0,0.0,1.0,3.19,,,montant_invalide;passagers_invalides;
2,2024-01-21 14:19:28,2024-01-21 14:38:14,,2.61,,,263,230,0,18.8,0.0,0.5,4.56,0.0,1.0,27.36,,,passagers_invalides;
2,2024-01-05 08:07:42,2024-01-05 08:27:28,,4.44,,,239,74,0,23.53,0.0,0.5,0.0,0.0,1.0,27.53,,,passagers_invalides;
2,2024-01-17 21:19:10,2024-01-17 21:33:12,,2.07,,,164,237,0,13.49,0.0,0.5,0.0,0.0,1.0,17.49,,,passagers_invalides;
2,2024-01-14 22:22:26,2024-01-14 22:46:30,1.0,9.85,1.0,N,138,239,4,-40.1,-6.0,-0.5,0.0,-6.94,-1.0,-58.79,-2.5,-1.75,montant_invalide;
1,2024-01-18 16:24:39,2024-01-18 16:39:36,,1.9,,,48,249,0,13.5,2.5,0.5,4.0,0.0,1.0,24.0,,,passagers_invalides;
2,2024-01-24 20:34:31,2024-01-24 20:34:58,1.0,0.0,1.0,N,230,230,4,3.0,1.0,0.5,0.0,0.0,1.0,8.0,2.5,0.0,distance_invalide;
1,2024-01-09 15:32:44,2024-01-09 16:07:24,1.0,0.0,1.0,N,236,246,1,27.5,0.0,0.5,0.0,0.0,1.0,29.0,0.0,0.0,distance_invalide;
2,2024-01-12 18:47:28,2024-01-12 18:57:05,1.0,0.0,1.0,N,162,164,2,9.3,2.5,0.5,0.0,0.0,1.0,15.8,2.5,0.0,distance_invalide;
2,2024-01-13 03:00:14,2024-01-13 03:04:18,,0.66,,,246,68,0,12.58,0.0,0.5,0.0,0.0,1.0,16.58,,,passagers_invalides;
1,2024-01-27 18:54:07,2024-01-27 19:06:13,,0.0,,,232,137,0,16.14,0.0,0.5,0.0,0.0,1.0,20.14,,,distance_invalide;passagers_invalides;
2,2024-01-08 23:12:10,2024-01-08 23:22:52,,2.46,,,249,162,0,15.28,0.0,0.5,0.0,0.0,1.0,19.28,,,passagers_invalides;
2,2024-01-23 18:39:02,2024-01-23 19:10:39,,10.15,,,28,39,0,40.64,0.0,0.5,0.0,0.0,1.0,42.14,,,passagers_invalides;
2,2024-01-07 09:20:14,2024-01-07 09:28:07,2.0,0.0,1.0,N,230,161,1,7.9,0.0,0.5,2.38,0.0,1.0,14.28,2.5,0.0,distance_invalide;
1,2024-01-26 21:34:58,2024-01-26 21:57:53,,3.9,,,231,229,0,24.0,1.0,0.5,5.8,0.0,1.0,34.8,,,passagers_invalides;
2,2024-01-08 23:26:43,2024-01-08 23:26:45,1.0,0.0,5.0,N,264,264,1,12.0,0.0,0.0,3.9,0.0,1.0,16.9,0.0,0.0,distance_invalide;
2,2024-01-14 12:59:34,2024-01-14 13:09:43,,1.32,,,43,75,0,13.61,0.0,0.5,0.0,0.0,1.0,15.11,,,passagers_invalides;
1,2024-01-01 00:42:26,2024-01-01 00:56:35,,0.0,,,231,90,0,17.96,0.0,0.5,0.0,0.0,1.0,21.96,,,distance_invalide;passagers_invalides;
1,2024-01-25 16:22:39,2024-01-25 16:27:00,0.0,0.5,1.0,N,237,237,2,5.8,5.0,0.5,0.0,0.0,1.0,12.3,2.5,0.0,passagers_invalides;
2,2024-01-01 01:08:25,2024-01-01 01:12:46,,0.75,,,244,244,0,19.83,0.0,0.5,0.0,0.0,1.0,21.33,,,passagers_invalides;
2,2024-01-10 15:13:36,2024-01-10 15:13:44,2.0,0.0,5.0,N,132,132,2,87.5,0.0,0.0,0.0,0.0,1.0,90.25,0.0,1.75,distance_invalide;
2,2024-01-19 07:50:17,2024-01-19 07:50:29,1.0,0.0,5.0,N,265,265,1,100.0,0.0,0.0,20.2,0.0,1.0,121.2,0.0,0.0,distance_invalide;
2,2024-01-28 14:16:34,2024-01-28 14:30:49,,2.74,,,239,41,0,-3.0,0.0,0.5,0.0,0.0,1.0,1.0,,,montant_invalide;passagers_invalides;
2,2024-01-15 00:52:28,2024-01-15 01:01:59,,2.0,,,114,261,0,13.78,0.0,0.5,3.56,0.0,1.0,21.34,,,passagers_invalides;
1,2024-01-27 12:56:32,2024-01-27 13:02:11,0.0,1.4,1.0,N,140,262,2,8.6,2.5,0.5,0.0,0.0,1.0,12.6,2.5,0.0,passagers_invalides;
1,2024-01-15 17:50:38,2024-01-15 18:10:39,,0.0,,,113,141,0,26.7,0.0,0.5,0.0,0.0,1.0,30.7,,,distance_invalide;passagers_invalides;
2,2024-01-31 19:05:12,2024-01-31 19:24:43,,3.52,,,48,75,0,25.05,0.0,0.5,0.0,0.0,1.0,29.05,,,passagers_invalides;
2,2024-01-09 17:48:50,2024-01-09 18:16:57,,7.53,,,125,41,0,40.19,0.0,0.5,0.0,0.0,1.0,44.19,,,passagers_invalides;
1,2024-01-02 10:09:59,2024-01-02 10:28:48,,3.0,,,186,140,0,19.74,0.0,0.5,0.0,0.0,1.0,23.74,,,passagers_invalides;
2,2024-01-25 08:01:00,2024-01-25 08:37:00,,4.28,,,238,170,0,31.21,0.0,0.5,3.52,0.0,1.0,38.73,,,passagers_invalides;
2,2024-01-14 17:29:06,2024-01-14 17:57:16,,6.97,,,238,231,0,34.63,0.0,0.5,0.0,0.0,1.0,38.63,,,passagers_invalides;
1,2024-01-22 14:55:37,2024-01-22 15:17:54,0.0,4.0,1.0,N,231,48,1,23.3,2.5,0.5,5.0,0.0,1.0,32.3,2.5,0.0,passagers_invalides;
2,2024-01-01 14:57:29,2024-01-01 15:10:03,,2.52,,,262,162,0,17.2,0.0,0.5,0.0,0.0,1.0,21.2,,,passagers_invalides;
1,2024-01-29 05:51:02,2024-01-29 05:59:08,,1.3,,,230,233,0,10.0,0.0,0.5,0.0,0.0,1.0,14.0,,,passagers_invalides;
1,2024-01-21 11:30:45,2024-01-21 11:32:12,0.0,0.2,1.0,N,107,107,2,4.4,2.5,0.5,0.0,0.0,1.0,8.4,2.5,0.0,passagers_invalides;
2,2024-01-25 08:54:05,2024-01-25 09:28:26,,3.31,,,125,163,0,30.21,0.0,0.5,0.0,0.0,1.0,34.21,,,passagers_invalides;
1,2024-01-06 19:26:41,2024-01-06 19:44:56,,0.0,,,170,100,0,18.01,0.0,0.5,0.0,0.0,1.0,22.01,,,distance_invalide;passagers_invalides;
2,2024-01-04 14:36:39,2024-01-04 14:36:46,1.0,0.0,1.0,N,193,193,1,3.0,0.0,0.5,0.0,0.0,1.0,4.5,0.0,0.0,distance_invalide;
1,2024-01-10 14:10:38,2024-01-10 14:18:43,0.0,0.7,1.0,N,233,237,1,8.6,2.5,0.5,3.1,0.0,1.0,15.7,2.5,0.0,passagers_invalides;
1,2024-01-06 00:32:27,2024-01-06 00:56:54,,0.0,,,249,244,0,36.77,0.0,0.5,0.0,0.0,1.0,40.77,,,distance_invalide;passagers_invalides;
2,2024-01-02 08:41:01,2024-01-02 08:41:15,1.0,0.0,1.0,N,193,193,2,3.0,0.0,0.5,0.0,0.0,1.0,4.5,0.0,0.0,distance_invalide;
1,2024-01-23 16:06:05,2024-01-23 16:06:06,,0.1,,,239,239,0,21.55,0.0,0.5,0.0,0.0,1.0,25.55,,,passagers_invalides;
1,2024-01-29 16:07:20,2024-01-29 17:11:18,1.0,0.0,99.0,N,75,62,1,41.5,0.0,0.5,0.0,6.94,1.0,49.94,0.0,0.0,distance_invalide;
2,2024-01-25 17:49:18,2024-01-25 18:05:47,,1.65,,,246,230,0,11.95,0.0,0.5,0.0,0.0,1.0,15.95,,,passagers_invalides;
1,2024-01-15 15:02:06,2024-01-15 15:34:58,1.0,0.0,99.0,N,260,107,1,23.5,0.0,0.5,0.0,0.0,1.0,25.0,0.0,0.0,distance_invalide;
2,2024-01-30 00:07:51,2024-01-30 00:18:36,1.0,2.6,1.0,N,230,239,2,-14.2,-1.0,-0.5,0.0,0.0,-1.0,-19.2,-2.5,0.0,montant_invalide;
2,2024-01-09 19:42:39,2024-01-09 19:53:08,,2.39,,,68,231,0,13.57,0.0,0.5,3.51,0.0,1.0,21.08,,,passagers_invalides;
2,2024-01-01 06:08:41,2024-01-01 06:17:04,,2.33,,,229,90,0,12.53,0.0,0.5,0.0,0.0,1.0,16.53,,,passagers_invalides;
2,2024-01-28 00:37:10,2024-01-28 00:43:22,,1.34,,,48,143,0,13.77,0.0,0.5,0.0,0.0,1.0,17.77,,,passagers_invalides;
1,2024-01-28 13:45:43,2024-01-28 14:08:38,,0.0,,,238,90,0,23.47,0.0,0.5,0.0,0.0,1.0,27.47,,,distance_invalide;passagers_invalides;
1,2024-01-18 21:15:57,2024-01-18 21:40:02,0.0,4.1,1.0,N,114,141,1,23.3,3.5,0.5,7.05,0.0,1.0,35.35,2.5,0.0,passagers_invalides;
1,2024-01-27 16:51:41,2024-01-27 16:58:56,,1.4,,,163,142,0,9.3,2.5,0.5,3.16,0.0,1.0,18.96,,,passagers_invalides;
2,2024-01-20 14:53:58,2024-01-20 14:54:09,1.0,0.0,5.0,N,164,164,2,90.0,0.0,0.0,0.0,0.0,1.0,91.0,0.0,0.0,distance_invalide;
1,2024-01-17 19:06:23,2024-01-17 19:32:12,0.0,3.0,1.0,N,230,114,2,19.1,5.0,0.5,0.0,0.0,1.0,25.6,2.5,0.0,passagers_invalides;
2,2024-01-19 20:47:20,2024-01-19 20:47:33,1.0,0.0,1.0,N,79,79,4,3.0,1.0,0.5,0.0,0.0,1.0,8.0,2.5,0.0,distance_invalide;
1,2024-01-14 20:41:52,2024-01-14 20:51:37,0.0,2.6,1.0,N,161,236,1,13.5,3.5,0.5,2.78,0.0,1.0,21.28,2.5,0.0,passagers_invalides;
1,2024-01-06 23:00:28,2024-01-06 23:10:58,1.0,0.0,1.0,N,148,231,1,10.0,3.5,0.5,3.0,0.0,1.0,18.0,2.5,0.0,distance_invalide;
2,2024-01-25 22:52:35,2024-01-25 23:06:20,1.0,2.89,1.0,N,161,24,4,-16.3,-1.0,-0.5,0.0,0.0,-1.0,-21.3,-2.5,0.0,montant_invalide;
1,2024-01-04 09:34:13,2024-01-04 09:42:47,0.0,1.1,1.0,N,164,100,2,7.9,2.5,0.5,0.0,0.0,1.0,11.9,2.5,0.0,passagers_invalides;
2,2024-01-13 19:18:00,2024-01-13 19:34:16,,3.3,,,168,238,0,20.4,0.0,0.5,0.0,0.0,1.0,24.4,,,passagers_invalides;
2,2024-01-07 22:53:51,2024-01-07 23:31:36,1.0,25.17,1.0,N,138,149,4,-91.2,-6.0,-0.5,0.0,0.0,-1.0,-100.45,0.0,-1.75,montant_invalide;
2,2024-01-18 23:17:19,2024-01-18 23:34:52,,9.76,,,246,243,0,31.45,0.0,0.5,0.0,0.0,1.0,35.45,,,passagers_invalides;
1,2024-01-25 09:17:58,2024-01-25 09:54:34,1.0,0.0,99.0,N,160,68,1,29.5,0.0,0.5,0.0,6.94,1.0,37.94,0.0,0.0,distance_invalide;
2,2024-01-08 21:13:15,2024-01-08 21:28:06,1.0,11.52,1.0,N,132,157,2,-42.9,-1.0,-0.5,0.0,0.0,-1.0,-47.15,0.0,-1.75,montant_invalide;
2,2024-01-31 05:26:42,2024-01-31 05:27:00,1.0,0.0,1.0,N,48,48,3,3.0,1.0,0.5,0.0,0.0,1.0,8.0,2.5,0.0,distance_invalide;
1,2024-01-26 23:13:01,2024-01-26 23:13:23,1.0,0.0,2.0,N,132,132,4,70.0,1.75,0.5,0.0,0.0,1.0,73.25,0.0,1.75,distance_invalide;
1,2024-01-13 11:25:56,2024-01-13 11:42:39,0.0,3.0,1.0,N,114,229,2,18.4,2.5,0.5,0.0,0.0,1.0,22.4,2.5,0.0,passagers_invalides;
1,2024-01-12 21:15:06,2024-01-12 21:19:27,,0.9,,,239,238,0,6.5,1.0,0.5,1.72,0.0,1.0,13.22,,,passagers_invalides;
2,2024-01-13 20:30:11,2024-01-13 20:31:15,1.0,0.0,1.0,N,141,141,4,-3.7,-1.0,-0.5,0.0,0.0,-1.0,-8.7,-2.5,0.0,distance_invalide;montant_invalide;
2,2024-01-28 08:50:17,2024-01-28 08:50:36,1.0,0.03,1.0,N,68,68,2,-3.0,0.0,-0.5,0.0,0.0,-1.0,-7.0,-2.5,0.0,montant_invalide;
2,2024-01-25 17:44:59,2024-01-25 17:45:10,1.0,0.0,2.0,N,262,262,4,70.0,5.0,0.5,0.0,0.0,1.0,79.0,2.5,0.0,distance_invalide;
2,2024-01-18 10:56:05,2024-01-18 10:56:14,1.0,0.0,1.0,N,193,193,3,3.0,0.0,0.5,0.0,0.0,1.0,4.5,0.0,0.0,distance_invalide;
2,2024-01-23 22:00:46,2024-01-23 22:28:44,,6.03,,,48,87,0,29.88,0.0,0.5,0.0,0.0,1.0,33.88,,,passagers_invalides;
2,2024-01-28 01:39:29,2024-01-28 02:01:40,,5.01,,,79,239,0,28.17,0.0,0.5,0.0,0.0,1.0,32.17,,,passagers_invalides;
2,2024-01-20 03:16:12,2024-01-20 03:29:23,,3.12,,,148,162,0,15.28,0.0,0.5,0.0,0.0,1.0,19.28,,,passagers_invalides;
1,2024-01-24 15:05:47,2024-01-24 15:18:33,,2.0,,,236,142,0,13.5,0.0,0.5,2.63,0.0,1.0,20.13,,,passagers_invalides;
2,2024-01-31 21:44:58,2024-01-31 21:58:33,,2.33,,,161,113,0,14.93,0.0,0.5,0.0,0.0,1.0,18.93,,,passagers_invalides;
2,2024-01-02 04:52:37,2024-01-02 05:16:08,,9.06,,,48,138,0,38.34,0.0,0.5,9.86,6.94,1.0,59.14,,,passagers_invalides;
1,2024-01-18 00:19:10,2024-01-18 00:19:18,1.0,0.0,1.0,N,132,132,3,3.0,2.75,0.5,0.0,0.0,1.0,7.25,0.0,1.75,distance_invalide;
2,2024-01-11 23:24:31,2024-01-11 23:42:11,,2.59,,,114,161,0,20.56,0.0,0.5,4.91,0.0,1.0,29.47,,,passagers_invalides;
1,2024-01-01 17:23:08,2024-01-01 17:49:29,,0.0,,,230,162,0,17.3,0.0,0.5,0.0,0.0,1.0,21.3,,,distance_invalide;passagers_invalides;
2,2024-01-03 17:44:42,2024-01-03 17:53:26,,1.11,,,244,116,0,22.09,0.0,0.5,0.0,0.0,1.0,23.59,,,passagers_invalides;
2,2024-01-21 00:23:16,2024-01-21 00:23:18,1.0,0.0,5.0,N,236,264,1,19.0,0.0,0.0,4.0,0.0,1.0,24.0,0.0,0.0,distance_invalide;
1,2024-01-26 09:29:22,2024-01-26 09:42:17,0.0,1.6,1.0,N,239,163,1,13.5,2.5,0.5,3.5,0.0,1.0,21.0,2.5,0.0,passagers_invalides;
2,2024-01-19 23:38:37,2024-01-19 23:57:15,1.0,3.69,1.0,N,186,262,2,-21.2,-1.0,-0.5,0.0,0.0,-1.0,-26.2,-2.5,0.0,montant_invalide;
2,2024-01-27 20:52:38,2024-01-27 20:52:44,1.0,0.0,5.0,N,152,152,1,124.0,0.0,0.0,0.0,0.0,1.0,125.0,0.0,0.0,distance_invalide;
2,2024-01-13 03:53:51,2024-01-13 04:01:27,1.0,0.0,1.0,N,246,137,1,7.9,1.0,0.5,2.58,0.0,1.0,15.48,2.5,0.0,distance_invalide;
2,2024-01-07 21:21:59,2024-01-07 21:36:37,,2.89,,,239,68,0,18.9,0.0,0.5,0.0,0.0,1.0,22.9,,,passagers_invalides;
2,2024-01-04 17:53:59,2024-01-04 17:59:08,1.0,0.72,1.0,N,79,224,4,-6.5,-2.5,-0.5,0.0,0.0,-1.0,-13.0,-2.5,0.0,montant_invalide;
1,2024-01-09 18:36:25,2024-01-09 19:21:38,1.0,0.0,99.0,N,26,143,1,37.5,0.0,0.5,0.0,6.94,1.0,45.94,0.0,0.0,distance_invalide;
2,2024-01-12 23:10:53,2024-01-12 23:59:07,,12.31,,,256,244,0,46.33,0.0,0.5,0.0,0.0,1.0,50.33,,,passagers_invalides;
2,2024-01-01 03:45:52,2024-01-01 04:04:27,,4.71,,,48,41,0,48.9,0.0,0.5,0.0,0.0,1.0,52.9,,,passagers_invalides;
2,2024-01-27 12:48:11,2024-01-27 12:52:14,,0.56,,,140,262,0,8.83,0.0,0.5,0.0,0.0,1.0,12.83,,,passagers_invalides;
1,2024-01-26 07:59:16,2024-01-26 09:10:41,,0.0,,,85,141,0,68.65,0.0,0.5,0.0,0.0,1.0,72.65,,,distance_invalide;passagers_invalides;
2,2024-01-08 20:41:53,2024-01-08 20:51:28,1.0,0.0,1.0,N,113,231,1,9.3,1.0,0.5,2.2,0.0,1.0,16.5,2.5,0.0,distance_invalide;
1,2024-01-28 10:52:10,2024-01-28 10:58:16,0.0,1.0,1.0,N,170,43,2,7.9,2.5,0.5,0.0,0.0,1.0,11.9,2.5,0.0,passagers_invalides;
2,2024-01-05 16:18:27,2024-01-05 16:22:46,1.0,0.0,1.0,N,142,43,1,5.8,2.5,0.5,2.46,0.0,1.0,14.76,2.5,0.0,distance_invalide;
2,2024-01-16 00:11:21,2024-01-16 00:20:11,,1.52,,,114,4,0,1.0,0.0,0.5,0.0,0.0,1.0,5.0,,,passagers_invalides;
2,2024-01-27 11:00:24,2024-01-27 11:00:29,1.0,0.0,1.0,N,162,162,3,-3.0,0.0,-0.5,0.0,0.0,-1.0,-7.0,-2.5,0.0,distance_invalide;montant_invalide;
2,2024-01-16 20:49:00,2024-01-16 20:54:00,,0.67,,,161,162,0,11.74,0.0,0.5,3.15,0.0,1.0,18.89,,,passagers_invalides;
1,2024-01-20 10:44:20,2024-01-20 10:58:56,0.0,1.8,1.0,N,239,263,1,14.9,2.5,0.5,3.75,0.0,1.0,22.65,2.5,0.0,passagers_invalides;
2,2024-01-23 11:10:54,2024-01-23 11:26:28,,1.93,,,140,142,0,15.62,0.0,0.5,3.92,0.0,1.0,23.54,,,passagers_invalides;
2,2024-01-28 01:10:46,2024-01-28 01:18:47,1.0,0.0,1.0,N,249,90,1,8.6,1.0,0.5,2.72,0.0,1.0,16.32,2.5,0.0,distance_invalide;
1,2024-01-14 00:22:56,2024-01-14 00:30:28,,0.0,,,239,163,0,15.84,0.0,0.5,0.0,0.0,1.0,19.84,,,distance_invalide;passagers_invalides;
2,2024-01-06 16:50:14,2024-01-06 17:05:10,,1.36,,,163,161,0,21.99,0.0,0.5,0.0,0.0,1.0,25.99,,,passagers_invalides;
2,2024-01-06 00:12:22,2024-01-06 00:22:35,,3.0,,,137,232,0,14.29,0.0,0.5,0.0,0.0,1.0,18.29,,,passagers_invalides;
2,2024-01-01 19:41:23,2024-01-01 19:43:41,3.0,0.55,1.0,N,164,234,4,-5.1,0.0,-0.5,0.0,0.0,-1.0,-9.1,-2.5,0.0,montant_invalide;
1,2024-01-24 09:04:06,2024-01-24 09:49:03,1.0,0.0,1.0,N,260,68,1,32.0,0.0,0.5,0.0,0.0,1.0,33.5,0.0,0.0,distance_invalide;
2,2024-01-16 18:27:58,2024-01-16 18:36:52,,1.18,,,158,186,0,21.13,0.0,0.5,0.0,0.0,1.0,25.13,,,passagers_invalides;
1,2024-01-24 11:02:39,2024-01-24 11:37:48,,2.8,,,113,237,0,26.8,0.0,0.5,6.16,0.0,1.0,36.96,,,passagers_invalides;
1,2024-01-19 10:25:04,2024-01-19 11:21:12,0.0,18.8,2.0,N,132,230,2,70.0,4.25,0.5,0.0,6.94,1.0,82.69,2.5,1.75,passagers_invalides;
1,2024-01-16 17:16:50,2024-01-16 17:28:12,,0.0,,,75,239,0,16.52,0.0,0.5,0.0,0.0,1.0,20.52,,,distance_invalide;passagers_invalides;
1,2024-01-28 14:53:50,2024-01-28 15:03:07,0.0,1.5,1.0,N,107,148,1,10.7,2.5,0.5,2.9,0.0,1.0,17.6,2.5,0.0,passagers_invalides;
2,2024-01-27 01:12:48,2024-01-27 01:18:35,2.0,0.86,1.0,N,234,100,2,-7.2,-1.0,-0.5,0.0,0.0,-1.0,-12.2,-2.5,0.0,montant_invalide;
2,2024-01-18 13:30:53,2024-01-18 14:10:14,,3.3,,,144,230,0,29.43,0.0,0.5,0.0,0.0,1.0,33.43,,,passagers_invalides;
2,2024-01-25 01:36:25,2024-01-25 01:39:04,1.0,0.08,1.0,N,137,170,4,-4.4,-1.0,-0.5,0.0,0.0,-1.0,-9.4,-2.5,0.0,montant_invalide;
2,2024-01-21 11:38:17,2024-01-21 11:41:35,1.0,0.0,1.0,N,237,161,1,5.1,0.0,0.5,1.82,0.0,1.0,10.92,2.5,0.0,distance_invalide;
2,2024-01-24 11:59:08,2024-01-24 12:11:45,,1.67,,,142,50,0,13.23,0.0,0.5,3.45,0.0,1.0,20.68,,,passagers_invalides;
2,2024-01-28 13:53:04,2024-01-28 14:07:06,,2.29,,,234,231,0,15.73,0.0,0.5,0.0,0.0,1.0,19.73,,,passagers_invalides;
2,2024-01-21 22:12:24,2024-01-21 22:26:17,,2.19,,,186,107,0,16.34,0.0,0.5,2.03,0.0,1.0,22.37,,,passagers_invalides;
2,2024-01-02 09:02:17,2024-01-02 09:02:23,1.0,0.0,5.0,N,68,90,1,25.0,0.0,0.0,8.55,0.0,1.0,37.05,2.5,0.0,distance_invalide;
1,2024-01-23 12:18:44,2024-01-23 12:21:55,0.0,0.4,1.0,N,164,164,1,4.4,2.5,0.5,1.65,0.0,1.0,10.05,2.5,0.0,passagers_invalides;
1,2024-01-31 07:58:49,2024-01-31 08:12:48,,3.7,,,263,107,0,20.5,0.0,0.5,0.0,0.0,1.0,24.5,,,passagers_invalides;
1,2024-01-02 08:45:19,2024-01-02 08:49:15,0.0,0.8,1.0,N,142,163,1,6.5,2.5,0.5,2.1,0.0,1.0,12.6,2.5,0.0,passagers_invalides;
2,2024-01-07 03:35:35,2024-01-07 03:37:23,1.0,0.04,1.0,N,249,249,4,-3.7,-1.0,-0.5,0.0,0.0,-1.0,-8.7,-2.5,0.0,montant_invalide;
2,2024-01-01 01:42:58,2024-01-01 01:58:07,,4.78,,,87,224,0,39.34,0.0,0.5,0.0,0.0,1.0,43.34,,,passagers_invalides;
2,2024-01-14 09:48:10,2024-01-14 10:07:29,1.0,9.04,1.0,N,138,230,3,-37.3,-5.0,-0.5,0.0,-6.94,-1.0,-54.99,-2.5,-1.75,montant_invalide;
2,2024-01-07 03:47:05,2024-01-07 04:05:48,,10.59,,,79,138,0,32.59,0.0,0.5,7.84,6.94,1.0,51.37,,,passagers_invalides;
1,2024-01-11 19:05:28,2024-01-11 19:16:53,,0.0,,,141,142,0,15.41,0.0,0.5,0.0,0.0,1.0,19.41,,,distance_invalide;passagers_invalides;
1,2024-01-03 11:45:54,2024-01-03 12:15:48,0.0,11.1,1.0,N,138,100,1,48.5,9.25,0.5,13.2,6.94,1.0,79.39,2.5,1.75,passagers_invalides;
1,2024-01-08 10:28:38,2024-01-08 10:29:45,1.0,0.0,1.0,N,145,145,2,3.7,0.0,0.5,0.0,0.0,1.0,5.2,0.0,0.0,distance_invalide;
1,2024-01-01 01:18:45,2024-01-01 01:25:45,,0.0,,,145,112,0,25.36,0.0,0.5,0.0,0.0,1.0,26.86,,,distance_invalide;passagers_invalides;
1,2024-01-10 15:41:15,2024-01-10 15:49:36,,1.0,,,239,151,0,10.0,0.0,0.5,2.1,0.0,1.0,16.1,,,passagers_invalides;
2,2024-01-12 14:37:19,2024-01-12 15:08:36,,8.79,,,161,138,0,42.38,0.0,0.5,4.64,0.0,1.0,51.02,,,passagers_invalides;
2,2024-01-02 18:41:48,2024-01-02 19:02:33,,1.8,,,140,161,0,21.09,0.0,0.5,5.02,0.0,1.0,30.11,,,passagers_invalides;
2,2024-01-04 00:09:06,2024-01-04 00:18:56,4.0,2.02,1.0,N,249,230,4,-12.1,-1.0,-0.5,0.0,0.0,-1.0,-17.1,-2.5,0.0,montant_invalide;
1,2024-01-03 11:50:34,2024-01-03 11:57:28,,0.9,,,238,239,0,7.2,0.0,0.5,1.68,0.0,1.0,12.88,,,passagers_invalides;
1,2024-01-25 10:58:54,2024-01-25 11:10:36,0.0,2.6,1.0,N,143,246,1,14.9,2.5,0.5,3.75,0.0,1.0,22.65,2.5,0.0,passagers_invalides;
2,2024-01-01 03:59:52,2024-01-01 04:22:54,,7.59,,,148,41,0,36.25,0.0,0.5,0.0,0.0,1.0,40.25,,,passagers_invalides;
2,2024-01-17 13:48:06,2024-01-17 14:35:15,2.0,17.83,2.0,N,132,100,2,-70.0,0.0,-0.5,0.0,-6.94,-1.0,-82.69,-2.5,-1.75,montant_invalide;
1,2024-01-14 17:43:39,2024-01-14 17:53:35,,2.1,,,140,142,0,12.1,0.0,0.5,4.03,0.0,1.0,20.13,,,passagers_invalides;
1,2024-01-14 14:34:50,2024-01-14 14:37:51,,0.5,,,236,141,0,5.1,0.0,0.5,1.37,0.0,1.0,10.47,,,passagers_invalides;
2,2024-01-23 17:45:26,2024-01-23 17:45:35,1.0,0.03,2.0,N,141,141,4,-70.0,-5.0,-0.5,0.0,0.0,-1.0,-79.0,-2.5,0.0,montant_invalide;
1,2024-01-18 12:06:34,2024-01-18 12:19:55,,2.1,,,238,230,0,14.2,0.0,0.5,3.64,0.0,1.0,21.84,,,passagers_invalides;
2,2024-01-01 05:37:48,2024-01-01 05:52:33,,6.63,,,75,47,0,24.05,0.0,0.5,0.0,0.0,1.0,25.55,,,passagers_invalides;
2,2024-01-28 11:26:46,2024-01-28 11:30:19,,0.76,,,237,163,0,11.74,0.0,0.5,0.79,0.0,1.0,16.53,,,passagers_invalides;
1,2024-01-15 11:49:05,2024-01-15 11:49:13,2.0,0.0,1.0,N,145,145,2,3.0,0.0,0.5,0.0,0.0,1.0,4.5,0.0,0.0,distance_invalide;
2,2024-01-18 22:50:26,2024-01-18 22:57:12,,1.02,,,48,170,0,12.24,0.0,0.5,0.0,0.0,1.0,16.24,,,passagers_invalides;
1,2024-01-30 21:16:49,2024-01-30 21:23:05,0.0,1.2,1.0,N,237,141,1,8.6,3.5,0.5,2.7,0.0,1.0,16.3,2.5,0.0,passagers_invalides;
2,2024-01-08 13:05:54,2024-01-08 13:28:49,1.0,6.36,1.0,N,132,205,4,-31.0,0.0,-0.5,0.0,0.0,-1.0,-34.25,0.0,-1.75,montant_invalide;
2,2024-01-27 18:05:10,2024-01-27 18:20:09,,2.2,,,236,161,0,-1.21,0.0,0.5,0.0,0.0,1.0,2.79,,,montant_invalide;passagers_invalides;
1,2024-01-27 09:30:21,2024-01-27 09:35:58,,0.5,,,246,48,0,10.16,0.0,0.5,0.0,0.0,1.0,14.16,,,passagers_invalides;
1,2024-01-06 14:39:30,2024-01-06 14:43:44,,0.7,,,162,170,0,6.5,0.0,0.5,1.05,0.0,1.0,11.55,,,passagers_invalides;
1,2024-01-13 18:35:37,2024-01-13 18:36:05,1.0,0.0,1.0,N,168,168,2,3.0,0.0,0.5,0.0,0.0,1.0,4.5,0.0,0.0,distance_invalide;
1,2024-01-25 16:58:20,2024-01-25 16:59:28,1.0,0.0,1.0,N,145,145,2,3.0,2.5,0.5,0.0,0.0,1.0,7.0,0.0,0.0,distance_invalide;
1,2024-01-17 09:00:30,2024-01-17 09:07:10,,1.3,,,249,246,0,8.6,0.0,0.5,1.26,0.0,1.0,13.86,,,passagers_invalides;
1,2024-01-10 13:13:42,2024-01-10 13:19:30,0.0,0.8,1.0,N,141,236,2,7.9,2.5,0.5,0.0,0.0,1.0,11.9,2.5,0.0,passagers_invalides;
1,2024-01-06 19:04:47,2024-01-06 19:32:31,3.0,0.0,1.0,N,163,148,2,21.9,2.5,0.5,0.0,0.0,1.0,25.9,2.5,0.0,distance_invalide;
2,2024-01-28 12:44:53,2024-01-28 13:15:00,,17.72,,,230,1,0,72.46,0.0,0.0,18.95,21.58,1.0,113.99,,,passagers_invalides;
1,2024-01-09 19:01:58,2024-01-09 19:10:04,,0.0,,,43,141,0,6.83,0.0,0.5,0.0,0.0,1.0,10.83,,,distance_invalide;passagers_invalides;
1,2024-01-04 12:54:53,2024-01-04 13:11:50,,1.8,,,186,163,0,13.5,0.0,0.5,2.63,0.0,1.0,20.13,,,passagers_invalides;
1,2024-01-05 17:49:33,2024-01-05 18:00:04,,0.0,,,238,236,0,6.83,0.0,0.5,0.0,0.0,1.0,10.83,,,distance_invalide;passagers_invalides;
2,2024-01-27 22:44:20,2024-01-27 22:55:45,1.0,4.66,1.0,N,132,132,4,-20.5,-1.0,-0.5,0.0,0.0,-1.0,-24.75,0.0,-1.75,montant_invalide;
2,2024-01-13 02:00:21,2024-01-13 02:19:39,,5.0,,,114,140,0,25.72,0.0,0.5,0.0,0.0,1.0,29.72,,,passagers_invalides;
2,2024-01-25 09:31:32,2024-01-25 09:48:35,,5.25,,,244,143,0,26.73,0.0,0.5,6.15,0.0,1.0,36.88,,,passagers_invalides;
2,2024-01-30 21:42:04,2024-01-30 22:00:05,,3.34,,,234,142,0,22.96,0.0,0.5,5.39,0.0,1.0,32.35,,,passagers_invalides;
1,2024-01-27 01:40:37,2024-01-27 01:54:56,,0.0,,,113,231,0,13.16,0.0,0.5,0.0,0.0,1.0,17.16,,,distance_invalide;passagers_invalides;
2,2024-01-14 00:27:00,2024-01-14 00:38:44,,2.05,,,249,107,0,14.37,0.0,0.5,0.0,0.0,1.0,18.37,,,passagers_invalides;
1,2024-01-18 18:03:48,2024-01-18 18:16:22,,1.9,,,140,142,0,13.5,2.5,0.5,3.0,0.0,1.0,23.0,,,passagers_invalides;
2,2024-01-01 06:42:33,2024-01-01 07:04:11,,10.15,,,148,42,0,39.02,0.0,0.5,0.0,0.0,1.0,43.02,,,passagers_invalides;
2,2024-01-19 21:39:09,2024-01-19 21:53:48,,3.71,,,48,249,0,21.24,0.0,0.5,2.52,0.0,1.0,27.76,,,passagers_invalides;
2,2024-01-14 17:44:19,2024-01-14 18:09:14,2.0,14.45,3.0,N,132,121,4,-75.5,0.0,0.0,0.0,0.0,-1.0,-78.25,0.0,-1.75,montant_invalide;
1,2024-01-29 22:20:38,2024-01-29 22:21:11,1.0,0.0,5.0,N,163,163,3,0.01,0.0,0.0,0.0,0.0,1.0,1.01,0.0,0.0,distance_invalide;
2,2024-01-05 01:39:24,2024-01-05 01:40:23,1.0,0.0,5.0,N,68,68,3,110.0,0.0,0.5,0.0,0.0,1.0,111.5,0.0,0.0,distance_invalide;
1,2024-01-05 19:26:12,2024-01-05 19:46:04,0.0,2.8,1.0,N,161,158,1,19.1,5.0,0.5,5.1,0.0,1.0,30.7,2.5,0.0,passagers_invalides;
1,2024-01-19 09:16:31,2024-01-19 09:30:11,,1.8,,,107,161,0,11.44,0.0,0.5,0.0,0.0,1.0,15.44,,,passagers_invalides;
1,2024-01-04 05:45:47,2024-01-04 06:28:43,1.0,0.0,99.0,N,182,230,1,39.5,0.0,0.5,0.0,0.0,1.0,41.0,0.0,0.0,distance_invalide;
2,2024-01-25 09:10:03,2024-01-25 09:26:52,,2.04,,,107,125,0,20.78,0.0,0.5,0.0,0.0,1.0,24.78,,,passagers_invalides;
1,2024-01-28 03:30:43,2024-01-28 03:35:16,,0.0,,,74,41,0,16.33,0.0,0.5,0.0,0.0,1.0,17.83,,,distance_invalide;passagers_invalides;
2,2024-01-21 17:45:00,2024-01-21 18:07:00,,3.88,,,151,229,0,32.49,0.0,0.5,7.3,0.0,1.0,43.79,,,passagers_invalides;
2,2024-01-01 07:21:37,2024-01-01 07:40:30,,4.56,,,48,75,0,28.15,0.0,0.5,0.0,0.0,1.0,32.15,,,passagers_invalides;
2,2024-01-29 15:54:05,2024-01-29 16:08:01,,1.91,,,236,161,0,19.73,0.0,0.5,0.0,0.0,1.0,23.73,,,passagers_invalides;
2,2024-01-20 19:39:30,2024-01-20 20:08:29,,2.75,,,107,48,0,25.1,0.0,0.5,0.0,0.0,1.0,29.1,,,passagers_invalides;
2,2024-01-19 17:54:39,2024-01-19 18:11:33,,3.38,,,170,232,0,20.4,0.0,0.5,0.0,0.0,1.0,24.4,,,passagers_invalides;
1,2024-01-03 13:18:45,2024-01-03 13:23:46,0.0,1.2,1.0,N,236,238,1,7.9,2.5,0.5,2.95,0.0,1.0,14.85,2.5,0.0,passagers_invalides;
1,2024-01-09 10:49:51,2024-01-09 11:04:15,0.0,1.8,1.0,N,233,141,1,13.5,2.5,0.5,2.0,0.0,1.0,19.5,2.5,0.0,passagers_invalides;
2,2024-01-28 01:20:25,2024-01-28 01:20:35,2.0,0.05,1.0,N,90,90,4,-3.0,-1.0,-0.5,0.0,0.0,-1.0,-8.0,-2.5,0.0,montant_invalide;
1,2024-01-19 07:52:32,2024-01-19 08:00:34,0.0,1.2,1.0,N,68,137,1,9.3,2.5,0.5,2.0,0.0,1.0,15.3,2.5,0.0,passagers_invalides;
2,2024-01-18 06:44:05,2024-01-18 06:55:55,,2.6,,,158,87,0,14.58,0.0,0.5,0.0,0.0,1.0,18.58,,,passagers_invalides;
1,2024-01-04 18:15:36,2024-01-04 18:41:39,0.0,4.4,1.0,N,142,114,1,26.1,5.0,0.5,6.5,0.0,1.0,39.1,2.5,0.0,passagers_invalides;
2,2024-01-01 05:46:10,2024-01-01 05:56:02,1.0,1.31,1.0,N,140,263,4,-11.4,-1.0,-0.5,3.28,0.0,-1.0,-13.12,-2.5,0.0,montant_invalide;
2,2024-01-20 11:43:37,2024-01-20 12:08:23,,13.19,,,88,138,0,52.11,0.0,0.5,8.42,0.0,1.0,64.53,,,passagers_invalides;
1,2024-01-24 12:59:25,2024-01-24 13:06:35,0.0,1.0,1.0,N,142,48,1,8.6,2.5,0.5,3.75,0.0,1.0,16.35,2.5,0.0,passagers_invalides;
2,2024-01-14 01:36:01,2024-01-14 01:43:51,,1.16,,,148,113,0,-3.0,0.0,0.5,0.0,0.0,1.0,1.0,,,montant_invalide;passagers_invalides;
2,2024-01-28 04:38:17,2024-01-28 04:39:19,1.0,0.35,1.0,N,233,229,4,-3.7,-1.0,-0.5,0.0,0.0,-1.0,-8.7,-2.5,0.0,montant_invalide;
2,2024-01-06 23:15:32,2024-01-06 23:24:44,,1.44,,,144,79,0,10.44,0.0,0.5,0.0,0.0,1.0,14.44,,,passagers_invalides;
2,2024-01-06 19:49:58,2024-01-06 20:03:50,,2.39,,,142,68,0,19.61,0.0,0.5,0.0,0.0,1.0,23.61,,,passagers_invalides;
2,2024-01-09 22:15:31,2024-01-09 22:20:42,,0.71,,,113,113,0,11.33,0.0,0.5,0.0,0.0,1.0,15.33,,,passagers_invalides;
1,2024-01-13 08:54:23,2024-01-13 09:04:10,,2.7,,,224,140,0,12.16,0.0,0.5,0.0,0.0,1.0,16.16,,,passagers_invalides;
2,2024-01-16 17:23:41,2024-01-16 17:35:44,,0.69,,,161,229,0,14.22,0.0,0.5,0.0,0.0,1.0,18.22,,,passagers_invalides;
2,2024-01-08 18:57:50,2024-01-08 19:01:30,2.0,0.68,1.0,N,236,236,4,-5.8,-2.5,-0.5,0.0,0.0,-1.0,-12.3,-2.5,0.0,montant_invalide;
1,2024-01-16 08:54:54,2024-01-16 09:41:40,0.0,4.7,1.0,N,249,236,1,39.4,2.5,0.5,8.65,0.0,1.0,52.05,2.5,0.0,passagers_invalides;
1,2024-01-08 13:29:24,2024-01-08 13:44:06,0.0,2.0,1.0,N,239,262,1,14.9,2.5,0.5,3.75,0.0,1.0,22.65,2.5,0.0,passagers_invalides;
2,2024-01-16 08:32:10,2024-01-16 09:13:07,1.0,1.77,1.0,N,236,161,4,-32.4,0.0,-0.5,0.0,0.0,-1.0,-36.4,-2.5,0.0,montant_invalide;
1,2024-01-25 09:04:36,2024-01-25 09:12:47,,0.0,,,239,50,0,9.91,0.0,0.5,0.0,0.0,1.0,13.91,,,distance_invalide;passagers_invalides;
2,2024-01-15 18:54:24,2024-01-15 18:57:17,1.0,0.0,1.0,N,229,162,2,4.4,0.0,0.5,0.0,0.0,1.0,8.4,2.5,0.0,distance_invalide;
1,2024-01-24 13:29:25,2024-01-24 13:31:09,1.0,0.0,1.0,N,145,145,2,3.0,0.0,0.5,0.0,0.0,1.0,4.5,0.0,0.0,distance_invalide;
1,2024-01-17 19:27:38,2024-01-17 19:53:33,,4.9,,,161,13,0,25.4,2.5,0.5,4.78,0.0,1.0,36.68,,,passagers_invalides;
2,2024-01-22 16:25:11,2024-01-22 16:25:27,1.0,0.0,5.0,N,87,87,1,15.55,0.0,0.0,3.81,0.0,1.0,22.86,2.5,0.0,distance_invalide;
2,2024-01-16 12:49:00,2024-01-16 13:04:00,,1.75,,,238,75,0,14.57,0.0,0.5,2.79,0.0,1.0,21.36,,,passagers_invalides;
2,2024-01-26 10:13:20,2024-01-26 10:45:05,,4.39,,,186,112,0,33.76,0.0,0.5,8.94,6.94,1.0,53.64,,,passagers_invalides;
2,2024-01-01 12:43:22,2024-01-01 12:57:57,,2.5,,,158,170,0,14.28,0.0,0.5,0.0,0.0,1.0,18.28,,,passagers_invalides;
2,2024-01-22 07:43:22,2024-01-22 08:04:14,,5.76,,,263,209,0,25.76,0.0,0.5,0.0,0.0,1.0,29.76,,,passagers_invalides;
1,2024-01-31 22:23:51,2024-01-31 22:35:25,0.0,2.1,1.0,Y,142,170,1,12.8,3.5,0.5,1.0,0.0,1.0,18.8,2.5,0.0,passagers_invalides;
1,2024-01-02 14:42:33,2024-01-02 14:47:39,0.0,0.4,1.0,N,263,236,2,6.5,2.5,0.5,0.0,0.0,1.0,10.5,2.5,0.0,passagers_invalides;
2,2024-01-20 00:47:56,2024-01-20 01:11:47,,8.59,,,90,42,0,32.04,0.0,0.5,0.0,0.0,1.0,36.04,,,passagers_invalides;
1,2024-01-25 11:24:36,2024-01-25 11:32:32,0.0,0.7,1.0,N,237,237,1,7.2,2.5,0.5,2.2,0.0,1.0,13.4,2.5,0.0,passagers_invalides;
2,2024-01-24 08:40:28,2024-01-24 08:55:40,,1.04,,,238,75,0,17.56,0.0,0.5,1.91,0.0,1.0,20.97,,,passagers_invalides;
2,2024-01-11 18:13:05,2024-01-11 18:22:14,,1.12,,,246,164,0,19.82,0.0,0.5,2.38,0.0,1.0,26.2,,,passagers_invalides;
1,2024-01-03 10:55:19,2024-01-03 11:16:36,0.0,2.5,1.0,N,186,79,1,19.1,2.5,0.5,3.0,0.0,1.0,26.1,2.5,0.0,passagers_invalides;
1,2024-01-25 21:29:16,2024-01-25 21:32:32,0.0,0.7,1.0,N,186,249,1,5.8,3.5,0.5,2.15,0.0,1.0,12.95,2.5,0.0,passagers_invalides;
2,2024-01-27 10:06:41,2024-01-27 10:10:07,1.0,0.33,1.0,N,68,68,4,-5.1,0.0,-0.5,0.0,0.0,-1.0,-9.1,-2.5,0.0,montant_invalide;
2,2024-01-06 13:58:37,2024-01-06 13:59:44,1.0,0.05,5.0,N,239,239,4,-19.84,0.0,-0.5,0.0,0.0,-1.0,-23.84,-2.5,0.0,montant_invalide;
1,2024-01-12 16:13:31,2024-01-12 16:33:18,0.0,2.0,1.0,N,79,162,2,18.4,5.0,0.5,0.0,0.0,1.0,24.9,2.5,0.0,passagers_invalides;
2,2024-01-26 23:28:11,2024-01-26 23:34:07,2.0,0.0,2.0,N,79,79,2,70.0,0.0,0.5,0.0,0.0,1.0,74.0,2.5,0.0,distance_invalide;
1,2024-01-31 15:15:42,2024-01-31 15:24:37,,0.6,,,237,141,0,9.3,0.0,0.5,2.0,0.0,1.0,15.3,,,passagers_invalides;
2,2024-01-07 01:57:05,2024-01-07 02:01:49,,0.98,,,148,79,0,12.09,0.0,0.5,0.0,0.0,1.0,16.09,,,passagers_invalides;
2,2024-01-25 08:01:00,2024-01-25 08:24:00,,3.62,,,41,50,0,30.3,0.0,0.5,6.86,0.0,1.0,41.16,,,passagers_invalides;
1,2024-01-29 09:40:12,2024-01-29 09:48:02,,0.9,,,236,262,0,8.6,0.0,0.5,2.52,0.0,1.0,15.12,,,passagers_invalides;
2,2024-01-19 18:18:51,2024-01-19 18:31:36,,1.01,,,141,140,0,7.96,0.0,0.5,0.0,0.0,1.0,11.96,,,passagers_invalides;
1,2024-01-23 21:04:44,2024-01-23 21:27:18,,0.0,,,161,211,0,28.2,0.0,0.5,0.0,0.0,1.0,32.2,,,distance_invalide;passagers_invalides;
1,2024-01-06 16:04:45,2024-01-06 16:10:53,,0.0,,,137,79,0,7.49,0.0,0.5,0.0,0.0,1.0,11.49,,,distance_invalide;passagers_invalides;
1,2024-01-23 19:13:28,2024-01-23 19:20:03,,0.9,,,249,113,0,7.9,2.5,0.5,3.6,0.0,1.0,18.0,,,passagers_invalides;
2,2024-01-17 22:25:45,2024-01-17 22:33:15,1.0,0.85,1.0,N,48,230,3,-8.6,-1.0,-0.5,0.0,0.0,-1.0,-13.6,-2.5,0.0,montant_invalide;
2,2024-01-28 16:48:51,2024-01-28 16:56:52,,1.1,,,113,211,0,9.94,0.0,0.5,0.0,0.0,1.0,13.94,,,passagers_invalides;
1,2024-01-03 16:17:07,2024-01-03 16:34:23,1.0,0.0,1.0,N,48,75,1,21.5,0.0,0.5,0.0,0.0,1.0,23.0,0.0,0.0,distance_invalide;
2,2024-01-06 22:51:44,2024-01-06 23:08:38,,2.73,,,148,186,0,21.25,0.0,0.5,0.0,0.0,1.0,25.25,,,passagers_invalides;
1,2024-01-26 22:53:11,2024-01-26 23:02:42,,0.0,,,233,224,0,13.4,1.0,0.5,0.0,0.0,1.0,20.4,,,distance_invalide;passagers_invalides;
2,2024-01-28 00:13:24,2024-01-28 00:22:29,,4.93,,,143,244,0,23.59,0.0,0.5,5.52,0.0,1.0,33.11,,,passagers_invalides;
2,2024-01-15 17:27:40,2024-01-15 17:59:32,,10.95,,,142,138,0,35.79,0.0,0.5,5.67,6.94,1.0,52.4,,,passagers_invalides;
1,2024-01-27 00:25:17,2024-01-27 00:32:47,,1.6,,,137,237,0,10.96,0.0,0.5,0.0,0.0,1.0,14.96,,,passagers_invalides;
1,2024-01-22 11:19:45,2024-01-22 11:23:23,,0.7,,,238,239,0,5.8,0.0,0.5,1.96,0.0,1.0,11.76,,,passagers_invalides;
2,2024-01-20 19:36:39,2024-01-20 19:42:19,1.0,0.91,1.0,N,237,162,3,-7.2,0.0,-0.5,2.24,0.0,-1.0,-8.96,-2.5,0.0,montant_invalide;
2,2024-01-11 16:56:30,2024-01-11 16:56:40,2.0,0.0,5.0,N,230,230,1,87.69,0.0,0.0,10.0,0.0,1.0,101.19,2.5,0.0,distance_invalide;
2,2024-01-01 01:07:51,2024-01-01 01:20:07,,1.68,,,107,158,0,19.93,0.0,0.5,0.0,0.0,1.0,23.93,,,passagers_invalides;
2,2024-01-25 20:21:21,2024-01-25 20:21:32,2.0,0.0,2.0,N,186,186,4,-70.0,0.0,-0.5,0.0,0.0,-1.0,-74.0,-2.5,0.0,distance_invalide;montant_invalide;
2,2024-01-28 20:19:12,2024-01-28 20:19:20,1.0,0.0,5.0,N,145,145,1,81.69,0.0,0.0,10.0,0.0,1.0,92.69,0.0,0.0,distance_invalide;
1,2024-01-17 15:38:17,2024-01-17 15:45:50,0.0,0.9,1.0,N,142,48,2,8.6,2.5,0.5,0.0,0.0,1.0,12.6,2.5,0.0,passagers_invalides;
1,2024-01-20 19:43:27,2024-01-20 19:48:09,,0.7,,,238,151,0,11.36,0.0,0.5,0.0,0.0,1.0,15.36,,,passagers_invalides;
1,2024-01-21 15:08:46,2024-01-21 15:18:39,,0.0,,,75,166,0,11.5,0.0,0.5,0.0,0.0,1.0,13.0,,,distance_invalide;passagers_invalides;
2,2024-01-03 17:39:05,2024-01-03 17:59:36,1.0,2.75,1.0,N,230,249,2,-19.1,-2.5,-0.5,0.0,0.0,-1.0,-25.6,-2.5,0.0,montant_invalide;
2,2024-01-19 17:13:33,2024-01-19 17:21:23,,0.98,,,43,237,0,16.6,0.0,0.5,3.09,0.0,1.0,23.69,,,passagers_invalides;
2,2024-01-28 16:32:29,2024-01-28 16:41:27,,0.85,,,25,25,0,6.83,0.0,0.5,0.0,0.0,1.0,8.33,,,passagers_invalides;
2,2024-01-16 22:49:07,2024-01-16 22:59:23,,1.93,,,249,87,0,11.59,0.0,0.5,0.0,0.0,1.0,15.59,,,passagers_invalides;
1,2024-01-07 15:34:33,2024-01-07 15:42:15,0.0,0.5,1.0,N,161,68,2,7.9,2.5,0.5,0.0,0.0,1.0,11.9,2.5,0.0,passagers_invalides;
1,2024-01-27 23:41:04,2024-01-27 23:50:02,,1.8,,,158,186,0,11.36,0.0,0.5,0.0,0.0,1.0,15.36,,,passagers_invalides;
1,2024-01-11 15:31:56,2024-01-11 15:39:25,,0.9,,,236,237,0,8.6,0.0,0.5,1.26,0.0,1.0,13.86,,,passagers_invalides;
1,2024-01-26 07:38:48,2024-01-26 07:46:53,,1.5,,,262,75,0,10.0,0.0,0.5,2.1,0.0,1.0,16.1,,,passagers_invalides;
2,2024-01-22 19:07:47,2024-01-22 19:52:48,1.0,21.93,1.0,N,132,26,4,-86.3,-2.5,-0.5,0.0,0.0,-1.0,-92.05,0.0,-1.75,montant_invalide;
1,2024-01-08 20:13:21,2024-01-08 20:22:43,,1.4,,,170,229,0,10.7,1.0,0.5,2.36,0.0,1.0,18.06,,,passagers_invalides;
1,2024-01-04 07:23:03,2024-01-04 08:06:20,1.0,0.0,1.0,N,91,25,1,29.5,0.0,0.5,0.0,0.0,1.0,31.0,0.0,0.0,distance_invalide;
2,2024-01-01 07:51:04,2024-01-01 08:05:00,,3.89,,,229,41,0,17.84,0.0,0.5,0.0,0.0,1.0,21.84,,,passagers_invalides;
2,2024-01-21 21:29:43,2024-01-21 21:43:34,,2.88,,,164,236,0,13.83,0.0,0.5,0.0,0.0,1.0,17.83,,,passagers_invalides;
2,2024-01-09 18:47:00,2024-01-09 18:51:42,,1.01,,,74,41,0,6.83,0.0,0.5,0.0,0.0,1.0,8.33,,,passagers_invalides;
2,2024-01-05 18:48:08,2024-01-05 19:01:37,,1.91,,,141,137,0,14.97,0.0,0.5,0.0,0.0,1.0,18.97,,,passagers_invalides;
1,2024-01-29 21:59:40,2024-01-29 22:06:54,0.0,0.8,1.0,N,249,114,1,7.9,3.5,0.5,2.0,0.0,1.0,14.9,2.5,0.0,passagers_invalides;
1,2024-01-14 15:47:29,2024-01-14 16:02:32,0.0,1.7,1.0,N,186,264,1,14.9,2.5,0.5,3.75,0.0,1.0,22.65,2.5,0.0,passagers_invalides;
1,2024-01-12 13:42:42,2024-01-12 13:57:42,0.0,2.1,1.0,N,164,229,1,15.6,2.5,0.5,5.85,0.0,1.0,25.45,2.5,0.0,passagers_invalides;
2,2024-01-12 20:39:18,2024-01-12 20:45:46,,1.08,,,68,246,0,6.83,0.0,0.5,0.0,0.0,1.0,10.83,,,passagers_invalides;
2,2024-01-27 02:19:48,2024-01-27 02:28:43,,2.64,,,246,239,0,13.97,0.0,0.5,0.0,0.0,1.0,17.97,,,passagers_invalides;
2,2024-01-29 12:02:31,2024-01-29 12:09:18,1.0,1.1,1.0,N,162,140,2,-7.9,0.0,-0.5,0.0,0.0,-1.0,-11.9,-2.5,0.0,montant_invalide;
2,2024-01-13 00:50:26,2024-01-13 01:05:43,,1.99,,,158,148,0,22.68,0.0,0.5,5.34,0.0,1.0,32.02,,,passagers_invalides;
1,2024-01-04 11:57:08,2024-01-04 12:16:57,1.0,0.0,5.0,N,1,1,1,150.0,0.0,0.0,0.0,0.0,1.0,151.0,0.0,0.0,distance_invalide;
2,2024-01-17 08:50:27,2024-01-17 09:04:06,,0.39,,,229,162,0,20.7,0.0,0.5,0.0,0.0,1.0,24.7,,,passagers_invalides;
1,2024-01-01 02:33:01,2024-01-01 02:38:30,,0.0,,,79,79,0,21.54,0.0,0.5,0.0,0.0,1.0,25.54,,,distance_invalide;passagers_invalides;
2,2024-01-18 22:51:14,2024-01-18 22:51:29,1.0,0.0,1.0,N,41,41,2,3.0,1.0,0.5,0.0,0.0,1.0,5.5,0.0,0.0,distance_invalide;
2,2024-01-06 01:17:28,2024-01-06 01:26:14,,1.52,,,79,90,0,10.46,0.0,0.5,0.0,0.0,1.0,14.46,,,passagers_invalides;
2,2024-01-07 14:13:33,2024-01-07 14:20:31,1.0,0.0,1.0,N,42,42,2,7.2,0.0,0.5,0.0,0.0,1.0,8.7,0.0,0.0,distance_invalide;
1,2024-01-01 00:38:37,2024-01-01 00:55:52,,0.0,,,10,129,0,30.66,0.0,0.5,0.0,0.0,1.0,32.16,,,distance_invalide;passagers_invalides;
2,2024-01-21 01:43:12,2024-01-21 01:53:44,,3.18,,,100,263,0,14.48,0.0,0.5,0.0,0.0,1.0,18.48,,,passagers_invalides;
1,2024-01-18 16:59:30,2024-01-18 17:03:08,1.0,0.0,1.0,N,140,140,3,5.1,5.0,0.5,0.0,0.0,1.0,11.6,2.5,0.0,distance_invalide;
2,2024-01-25 14:26:23,2024-01-25 15:04:36,1.0,9.52,1.0,N,138,48,2,-45.7,-5.0,-0.5,0.0,-6.94,-1.0,-63.39,-2.5,-1.75,montant_invalide;
2,2024-01-25 21:50:00,2024-01-25 22:00:00,,1.26,,,79,232,0,11.74,0.0,0.5,2.36,0.0,1.0,18.1,,,passagers_invalides;
1,2024-01-03 13:35:09,2024-01-03 13:54:33,,3.6,,,50,231,0,19.8,0.0,0.5,0.0,0.0,1.0,23.8,,,passagers_invalides;
1,2024-01-04 14:30:27,2024-01-04 14:45:24,,3.2,,,239,116,0,16.78,0.0,0.5,0.0,0.0,1.0,20.78,,,passagers_invalides;
2,2024-01-25 09:22:49,2024-01-25 09:23:18,1.0,0.0,1.0,N,193,193,1,3.0,0.0,0.5,0.0,0.0,1.0,4.5,0.0,0.0,distance_invalide;
2,2024-01-26 20:13:33,2024-01-26 20:14:03,1.0,0.07,1.0,N,263,263,3,-3.0,-1.0,-0.5,0.0,0.0,-1.0,-8.0,-2.5,0.0,montant_invalide;
1,2024-01-22 13:58:48,2024-01-22 14:23:21,0.0,4.2,1.0,N,68,88,1,24.7,2.5,0.5,5.0,0.0,1.0,33.7,2.5,0.0,passagers_invalides;
1,2024-01-12 22:39:15,2024-01-12 22:46:27,0.0,0.5,1.0,N,230,163,1,7.2,3.5,0.5,3.0,0.0,1.0,15.2,2.5,0.0,passagers_invalides;
2,2024-01-27 00:09:37,2024-01-27 00:09:40,1.0,0.0,5.0,N,113,264,1,82.0,0.0,0.0,16.6,0.0,1.0,99.6,0.0,0.0,distance_invalide;
2,2024-01-17 21:48:25,2024-01-17 22:00:49,2.0,2.27,1.0,N,161,79,3,-14.2,-1.0,-0.5,0.0,0.0,-1.0,-19.2,-2.5,0.0,montant_invalide;
1,2024-01-05 12:06:02,2024-01-05 12:26:59,0.0,3.2,1.0,N,236,234,1,21.2,2.5,0.5,5.04,0.0,1.0,30.24,2.5,0.0,passagers_invalides;
2,2024-01-21 01:49:19,2024-01-21 01:59:16,,1.72,,,249,224,0,16.61,0.0,0.5,0.0,0.0,1.0,20.61,,,passagers_invalides;
1,2024-01-29 13:30:08,2024-01-29 13:40:50,,1.9,,,238,74,0,12.8,0.0,0.5,2.86,0.0,1.0,17.16,,,passagers_invalides;
2,2024-01-28 08:42:10,2024-01-28 08:45:50,1.0,1.18,1.0,N,164,161,2,-7.2,0.0,-0.5,0.0,0.0,-1.0,-11.2,-2.5,0.0,montant_invalide;
1,2024-01-31 21:28:25,2024-01-31 21:41:42,,0.0,,,170,79,0,15.81,0.0,0.5,0.0,0.0,1.0,19.81,,,distance_invalide;passagers_invalides;
2,2024-01-04 20:42:00,2024-01-04 20:54:00,,1.79,,,170,141,0,12.63,0.0,0.5,3.33,0.0,1.0,19.96,,,passagers_invalides;
1,2024-01-25 14:26:55,2024-01-25 14:46:14,0.0,1.9,1.0,N,236,142,1,17.7,2.5,0.5,4.3,0.0,1.0,26.0,2.5,0.0,passagers_invalides;
1,2024-01-20 23:08:21,2024-01-20 23:26:58,,0.0,,,164,48,0,22.26,0.0,0.5,0.0,0.0,1.0,26.26,,,distance_invalide;passagers_invalides;
2,2024-01-12 23:57:19,2024-01-13 00:17:29,,5.19,,,170,231,0,21.1,0.0,0.5,0.0,0.0,1.0,25.1,,,passagers_invalides;
2,2024-01-21 04:57:40,2024-01-21 05:06:27,,1.5,,,129,83,0,11.75,0.0,0.5,0.0,0.0,1.0,13.25,,,passagers_invalides;
1,2024-01-20 09:21:27,2024-01-20 09:54:46,0.0,18.4,2.0,N,132,79,1,70.0,4.25,0.5,10.0,0.0,1.0,85.75,2.5,1.75,passagers_invalides;
2,2024-01-08 20:04:08,2024-01-08 20:13:35,,1.55,,,100,163,0,12.57,0.0,0.5,0.0,0.0,1.0,16.57,,,passagers_invalides;
1,2024-01-25 11:49:06,2024-01-25 11:53:19,0.0,0.5,1.0,N,236,236,2,5.8,2.5,0.5,0.0,0.0,1.0,9.8,2.5,0.0,passagers_invalides;
1,2024-01-16 04:45:35,2024-01-16 04:58:54,,0.0,,,79,13,0,19.85,0.0,0.5,0.0,0.0,1.0,23.85,,,distance_invalide;passagers_invalides;
2,2024-01-27 22:37:31,2024-01-27 22:47:54,1.0,1.92,1.0,N,236,239,4,-12.1,-1.0,-0.5,0.0,0.0,-1.0,-17.1,-2.5,0.0,montant_invalide;
2,2024-01-11 19:08:56,2024-01-11 19:31:57,,3.21,,,261,100,0,29.25,0.0,0.5,0.0,0.0,1.0,33.25,,,passagers_invalides;
2,2024-01-19 20:42:21,2024-01-19 20:50:21,2.0,1.52,1.0,N,233,140,4,-10.0,-1.0,-0.5,0.0,0.0,-1.0,-15.0,-2.5,0.0,montant_invalide;
2,2024-01-01 02:01:18,2024-01-01 02:07:56,,1.26,,,7,146,0,24.66,0.0,0.5,0.0,0.0,1.0,26.16,,,passagers_invalides;
2,2024-01-24 20:05:11,2024-01-24 20:15:05,,1.1,,,170,186,0,10.93,0.0,0.5,0.0,0.0,1.0,14.93,,,passagers_invalides;
2,2024-01-20 17:21:28,2024-01-20 17:27:36,,1.39,,,50,142,0,6.83,0.0,0.5,0.0,0.0,1.0,10.83,,,passagers_invalides;
2,2024-01-25 22:06:47,2024-01-25 22:07:02,1.0,0.02,1.0,N,263,263,3,-3.0,-1.0,-0.5,0.0,0.0,-1.0,-8.0,-2.5,0.0,montant_invalide;
2,2024-01-18 14:36:38,2024-01-18 14:45:42,1.0,0.65,1.0,N,234,107,4,-9.3,0.0,-0.5,0.0,0.0,-1.0,-13.3,-2.5,0.0,montant_invalide;
2,2024-01-06 08:05:00,2024-01-06 08:22:34,,5.82,,,28,132,0,31.22,0.0,0.5,6.54,0.0,1.0,39.26,,,passagers_invalides;
1,2024-01-20 13:14:33,2024-01-20 13:47:00,1.0,0.0,99.0,N,143,162,1,19.5,0.0,0.5,0.0,0.0,1.0,21.0,0.0,0.0,distance_invalide;
2,2024-01-06 08:50:06,2024-01-06 08:50:15,1.0,0.0,1.0,N,130,130,3,-3.0,0.0,-0.5,0.0,0.0,-1.0,-4.5,0.0,0.0,distance_invalide;montant_invalide;
1,2024-01-30 13:38:42,2024-01-30 13:42:38,,0.5,,,236,236,0,5.1,0.0,0.5,1.36,0.0,1.0,10.46,,,passagers_invalides;
2,2024-01-12 08:25:25,2024-01-12 08:36:55,,0.94,,,236,262,0,11.74,0.0,0.5,3.15,0.0,1.0,18.89,,,passagers_invalides;
2,2024-01-11 06:54:50,2024-01-11 07:01:07,1.0,0.73,1.0,N,186,170,3,-7.9,0.0,-0.5,0.0,0.0,-1.0,-11.9,-2.5,0.0,montant_invalide;
2,2024-01-09 22:12:58,2024-01-09 22:34:13,,4.38,,,249,142,0,-0.61,0.0,0.5,0.0,0.0,1.0,3.39,,,montant_invalide;passagers_invalides;
2,2024-01-27 05:39:21,2024-01-27 05:39:29,1.0,0.01,2.0,N,249,249,4,-70.0,0.0,-0.5,0.0,0.0,-1.0,-74.0,-2.5,0.0,montant_invalide;
1,2024-01-13 18:34:22,2024-01-13 18:56:33,,2.5,,,148,80,0,16.96,0.0,0.5,0.0,0.0,1.0,20.96,,,passagers_invalides;
2,2024-01-28 20:11:56,2024-01-28 20:12:25,1.0,0.0,2.0,N,234,234,4,-70.0,0.0,-0.5,0.0,-8.38,-1.0,-82.38,-2.5,0.0,distance_invalide;montant_invalide;
2,2024-01-11 07:19:38,2024-01-11 07:24:13,1.0,0.72,1.0,N,43,230,2,-6.5,0.0,-0.5,0.0,0.0,-1.0,-10.5,-2.5,0.0,montant_invalide;
2,2024-01-28 09:42:12,2024-01-28 09:47:57,,2.82,,,4,88,0,-1.0,0.0,0.5,0.0,0.0,1.0,3.0,,,montant_invalide;passagers_invalides;
1,2024-01-25 15:13:49,2024-01-25 15:41:52,2.0,0.0,99.0,N,233,56,1,28.5,0.0,0.5,0.0,6.94,1.0,36.94,0.0,0.0,distance_invalide;
2,2024-01-19 00:10:28,2024-01-19 00:25:23,1.0,2.07,3.0,N,132,132,3,-37.0,-1.0,0.0,0.0,0.0,-1.0,-40.75,0.0,-1.75,montant_invalide;
2,2024-01-27 18:54:35,2024-01-27 19:01:26,,0.81,,,237,43,0,7.38,0.0,0.5,0.0,0.0,1.0,11.38,,,passagers_invalides;
1,2024-01-22 08:09:19,2024-01-22 08:22:22,,2.1,,,236,161,0,14.2,0.0,0.5,3.6,0.0,1.0,21.8,,,passagers_invalides;
1,2024-01-05 17:52:06,2024-01-05 18:10:48,,0.0,,,142,41,0,17.98,0.0,0.5,0.0,0.0,1.0,21.98,,,distance_invalide;passagers_invalides;
1,2024-01-21 14:32:32,2024-01-21 14:40:33,0.0,1.1,1.0,N,140,229,2,9.3,2.5,0.5,0.0,0.0,1.0,13.3,2.5,0.0,passagers_invalides;
2,2024-01-27 18:49:18,2024-01-27 19:01:57,,1.73,,,233,90,0,14.07,0.0,0.5,0.0,0.0,1.0,18.07,,,passagers_invalides;
2,2024-01-08 23:55:33,2024-01-09 00:03:12,,1.1,,,142,43,0,6.83,0.0,0.5,0.0,0.0,1.0,10.83,,,passagers_invalides;
2,2024-01-08 13:50:24,2024-01-08 13:54:21,1.0,0.45,1.0,N,163,48,4,-5.8,0.0,-0.5,0.0,0.0,-1.0,-9.8,-2.5,0.0,montant_invalide;
2,2024-01-14 11:02:13,2024-01-14 11:13:33,,2.53,,,79,229,0,18.09,0.0,0.5,0.0,0.0,1.0,22.09,,,passagers_invalides;
1,2024-01-16 20:18:56,2024-01-16 20:31:35,,0.0,,,161,158,0,20.63,0.0,0.5,0.0,0.0,1.0,24.63,,,distance_invalide;passagers_invalides;
1,2024-01-02 20:38:43,2024-01-02 20:59:12,,10.4,,,138,163,0,40.1,7.75,0.5,11.75,6.94,1.0,70.54,,,passagers_invalides;
2,2024-01-20 21:28:18,2024-01-20 21:45:12,,3.03,,,107,140,0,18.38,0.0,0.5,4.48,0.0,1.0,26.86,,,passagers_invalides;
1,2024-01-31 11:23:48,2024-01-31 11:37:31,0.0,0.8,1.0,N,141,140,1,12.8,2.5,0.5,3.35,0.0,1.0,20.15,2.5,0.0,passagers_invalides;
2,2024-01-17 18:26:05,2024-01-17 18:36:31,,1.52,,,158,79,0,1.0,0.0,0.5,0.0,0.0,1.0,5.0,,,passagers_invalides;
2,2024-01-28 00:50:13,2024-01-28 01:03:52,,4.17,,,209,107,0,22.05,0.0,0.5,0.0,0.0,1.0,26.05,,,passagers_invalides;
2,2024-01-16 22:39:05,2024-01-16 22:44:34,,0.97,,,158,68,0,12.78,0.0,0.5,0.0,0.0,1.0,16.78,,,passagers_invalides;
2,2024-01-14 03:27:37,2024-01-14 03:43:45,,4.37,,,158,141,0,21.06,0.0,0.5,2.51,0.0,1.0,27.57,,,passagers_invalides;
1,2024-01-30 02:42:16,2024-01-30 02:51:06,0.0,1.6,1.0,N,113,164,2,11.4,3.5,0.5,0.0,0.0,1.0,16.4,2.5,0.0,passagers_invalides;
2,2024-01-26 16:57:29,2024-01-26 17:09:25,,2.59,,,137,262,0,16.83,0.0,0.5,0.0,0.0,1.0,20.83,,,passagers_invalides;
2,2024-01-13 17:04:00,2024-01-13 17:11:00,,0.92,,,161,164,0,11.74,0.0,0.5,3.15,0.0,1.0,18.89,,,passagers_invalides;
1,2024-01-21 11:50:58,2024-01-21 11:51:14,1.0,0.0,1.0,N,68,68,2,3.0,2.5,0.5,0.0,0.0,1.0,7.0,2.5,0.0,distance_invalide;
2,2024-01-22 22:52:15,2024-01-22 22:52:29,1.0,0.0,5.0,N,163,163,1,12.0,0.0,0.0,0.0,0.0,1.0,15.5,2.5,0.0,distance_invalide;
1,2024-01-17 09:08:19,2024-01-17 09:16:29,,0.0,,,237,229,0,17.53,0.0,0.5,0.0,0.0,1.0,21.53,,,distance_invalide;passagers_invalides;
2,2024-01-24 23:01:55,2024-01-24 23:16:29,,4.72,,,68,74,0,24.37,0.0,0.5,0.0,0.0,1.0,28.37,,,passagers_invalides;
2,2024-01-21 12:12:38,2024-01-21 12:35:34,,2.72,,,170,246,0,20.2,0.0,0.5,0.0,0.0,1.0,24.2,,,passagers_invalides;
1,2024-01-20 12:01:18,2024-01-20 12:08:27,0.0,1.3,1.0,N,236,238,1,10.0,2.5,0.5,2.8,0.0,1.0,16.8,2.5,0.0,passagers_invalides;
2,2024-01-25 04:35:55,2024-01-25 04:57:12,1.0,8.15,1.0,N,79,41,4,-34.5,-1.0,-0.5,0.0,0.0,-1.0,-39.5,-2.5,0.0,montant_invalide;
2,2024-01-15 15:45:30,2024-01-15 16:02:27,,2.19,,,145,7,0,17.22,0.0,0.5,0.0,0.0,1.0,18.72,,,passagers_invalides;
1,2024-01-15 11:50:10,2024-01-15 12:03:33,,0.0,,,79,233,0,20.03,0.0,0.5,0.0,0.0,1.0,24.03,,,distance_invalide;passagers_invalides;
2,2024-01-22 10:14:14,2024-01-22 10:30:51,,2.82,,,262,163,0,21.8,0.0,0.5,0.0,0.0,1.0,25.8,,,passagers_invalides;
2,2024-01-22 14:48:30,2024-01-22 14:53:51,1.0,0.68,1.0,N,162,233,4,-7.2,0.0,-0.5,0.0,0.0,-1.0,-11.2,-2.5,0.0,montant_invalide;
2,2024-01-17 21:18:06,2024-01-17 21:30:10,1.0,1.36,1.0,N,68,234,4,-12.1,-1.0,-0.5,0.0,0.0,-1.0,-17.1,-2.5,0.0,montant_invalide;
2,2024-01-28 13:26:44,2024-01-28 13:46:04,,2.26,,,79,186,0,16.73,0.0,0.5,0.0,0.0,1.0,20.73,,,passagers_invalides;
2,2024-01-08 08:16:01,2024-01-08 08:16:15,1.0,0.0,1.0,N,161,161,2,3.0,0.0,0.5,0.0,0.0,1.0,7.0,2.5,0.0,distance_invalide;
2,2024-01-26 10:05:58,2024-01-26 10:11:52,1.0,0.71,1.0,N,163,50,3,-7.2,0.0,-0.5,0.0,0.0,-1.0,-11.2,-2.5,0.0,montant_invalide;
1,2024-01-30 23:10:42,2024-01-30 23:42:05,0.0,12.1,1.0,N,138,89,1,50.6,7.75,0.5,11.95,0.0,1.0,71.8,0.0,1.75,passagers_invalides;
1,2024-01-26 15:41:46,2024-01-26 16:00:58,0.0,5.5,1.0,N,229,144,1,27.5,2.5,0.5,6.3,0.0,1.0,37.8,2.5,0.0,passagers_invalides;
1,2024-01-05 21:25:24,2024-01-05 21:44:47,1.0,0.0,99.0,N,230,119,1,31.5,0.0,0.5,0.0,0.0,1.0,33.0,0.0,0.0,distance_invalide;
2,2024-01-16 13:46:39,2024-01-16 14:13:08,,10.46,,,113,138,0,39.32,0.0,0.5,3.52,6.94,1.0,53.78,,,passagers_invalides;
1,2024-01-28 03:23:03,2024-01-28 03:32:56,0.0,1.3,1.0,N,249,79,1,10.7,3.5,0.5,2.0,0.0,1.0,17.7,2.5,0.0,passagers_invalides;
1,2024-01-09 08:43:21,2024-01-09 08:49:35,,1.0,,,137,170,0,11.86,0.0,0.5,0.0,0.0,1.0,15.86,,,passagers_invalides;
1,2024-01-05 12:54:53,2024-01-05 12:55:15,1.0,0.0,5.0,N,164,164,4,0.01,0.0,0.0,0.0,0.0,1.0,1.01,0.0,0.0,distance_invalide;
1,2024-01-22 08:24:21,2024-01-22 08:43:42,,2.4,,,90,162,0,19.1,0.0,0.5,4.6,0.0,1.0,27.7,,,passagers_invalides;
2,2024-01-26 15:48:39,2024-01-26 15:49:07,1.0,0.09,1.0,N,237,237,4,-3.0,0.0,-0.5,0.0,0.0,-1.0,-7.0,-2.5,0.0,montant_invalide;
2,2024-01-17 07:02:00,2024-01-17 07:15:00,,4.04,,,148,161,0,18.29,0.0,0.5,3.34,0.0,1.0,25.63,,,passagers_invalides;
2,2024-01-13 00:08:43,2024-01-13 00:08:51,2.0,0.0,2.0,N,148,148,4,70.0,0.0,0.5,0.0,0.0,1.0,74.0,2.5,0.0,distance_invalide;
1,2024-01-08 17:58:17,2024-01-08 18:10:33,,2.2,,,161,75,0,12.8,2.5,0.5,1.93,0.0,1.0,21.23,,,passagers_invalides;
2,2024-01-25 08:13:58,2024-01-25 08:45:02,,4.52,,,113,262,0,41.02,0.0,0.5,0.0,0.0,1.0,45.02,,,passagers_invalides;
1,2024-01-17 15:24:17,2024-01-17 15:41:25,0.0,1.9,1.0,N,236,170,1,17.0,2.5,0.5,1.0,0.0,1.0,22.0,2.5,0.0,passagers_invalides;
2,2024-01-09 08:20:33,2024-01-09 09:04:22,,5.86,,,260,246,0,38.54,0.0,0.5,0.0,0.0,1.0,42.54,,,passagers_invalides;
2,2024-01-25 11:34:58,2024-01-25 11:43:23,,1.29,,,246,90,0,11.74,0.0,0.5,3.15,0.0,1.0,18.89,,,passagers_invalides;
1,2024-01-18 20:51:36,2024-01-18 21:04:44,0.0,2.1,1.0,N,162,140,1,12.8,3.5,0.5,3.55,0.0,1.0,21.35,2.5,0.0,passagers_invalides;
1,2024-01-18 14:31:34,2024-01-18 14:38:59,,0.6,,,237,161,0,7.9,0.0,0.5,2.38,0.0,1.0,14.28,,,passagers_invalides;
1,2024-01-05 16:24:39,2024-01-05 16:41:02,,0.0,,,140,48,0,19.3,0.0,0.5,0.0,0.0,1.0,23.3,,,distance_invalide;passagers_invalides;
2,2024-01-09 07:51:02,2024-01-09 08:00:13,,1.48,,,143,238,0,15.71,0.0,0.5,2.96,0.0,1.0,22.67,,,passagers_invalides;
1,2024-01-19 18:40:37,2024-01-19 18:56:42,0.0,1.8,1.0,N,239,263,1,15.6,5.0,0.5,4.4,0.0,1.0,26.5,2.5,0.0,passagers_invalides;
1,2024-01-29 13:45:08,2024-01-29 13:55:32,0.0,1.4,1.0,N,162,263,1,11.4,2.5,0.5,2.31,0.0,1.0,17.71,2.5,0.0,passagers_invalides;
1,2024-01-29 18:06:20,2024-01-29 18:16:17,,0.0,,,236,238,0,11.12,0.0,0.5,0.0,0.0,1.0,15.12,,,distance_invalide;passagers_invalides;
2,2024-01-01 01:26:41,2024-01-01 01:41:16,,2.4,,,164,211,0,33.81,0.0,0.5,0.0,0.0,1.0,37.81,,,passagers_invalides;
1,2024-01-20 14:37:59,2024-01-20 14:38:21,1.0,0.0,1.0,N,145,145,2,3.0,0.0,0.5,0.0,0.0,1.0,4.5,0.0,0.0,distance_invalide;
1,2024-01-01 16:11:12,2024-01-01 16:30:23,0.0,4.6,1.0,N,230,13,2,22.6,2.5,0.5,0.0,0.0,1.0,26.6,2.5,0.0,passagers_invalides;
1,2024-01-06 03:58:06,2024-01-06 04:07:34,,0.0,,,148,170,0,11.81,0.0,0.5,0.0,0.0,1.0,15.81,,,distance_invalide;passagers_invalides;
2,2024-01-17 22:05:02,2024-01-17 22:21:33,,2.79,,,141,75,0,15.29,0.0,0.5,0.0,0.0,1.0,19.29,,,passagers_invalides;
1,2024-01-20 23:43:36,2024-01-20 23:49:06,0.0,0.9,1.0,N,142,48,2,7.2,3.5,0.5,0.0,0.0,1.0,12.2,2.5,0.0,passagers_invalides;
2,2024-01-16 12:46:49,2024-01-16 13:23:04,,8.14,,,33,239,0,45.1,0.0,0.5,7.36,0.0,1.0,56.46,,,passagers_invalides;
2,2024-01-15 17:21:17,2024-01-15 17:21:29,1.0,0.0,1.0,N,113,113,2,3.0,0.0,0.5,0.0,0.0,1.0,7.0,2.5,0.0,distance_invalide;
2,2024-01-29 08:38:55,2024-01-29 08:53:00,,2.81,,,231,234,0,16.76,0.0,0.5,0.0,0.0,1.0,20.76,,,passagers_invalides;
1,2024-01-03 08:07:46,2024-01-03 08:08:07,1.0,0.0,5.0,N,170,170,3,31.9,0.0,0.0,0.0,0.0,1.0,32.9,0.0,0.0,distance_invalide;
1,2024-01-11 12:26:15,2024-01-11 12:26:59,1.0,0.0,1.0,N,145,145,2,3.0,0.0,0.5,0.0,0.0,1.0,4.5,0.0,0.0,distance_invalide;
2,2024-01-13 10:50:09,2024-01-13 11:37:45,1.0,7.2,1.0,N,48,75,4,-24.0,0.0,-0.5,0.0,0.0,-1.0,-28.0,-2.5,0.0,montant_invalide;
2,2024-01-26 23:50:32,2024-01-27 00:05:41,,3.0,,,68,233,0,18.67,0.0,0.5,0.0,0.0,1.0,22.67,,,passagers_invalides;
1,2024-01-11 14:16:20,2024-01-11 14:19:42,0.0,0.7,1.0,N,234,113,1,5.8,2.5,0.5,1.96,0.0,1.0,11.76,2.5,0.0,passagers_invalides;
2,2024-01-28 17:33:23,2024-01-28 18:03:19,,4.76,,,143,231,0,27.94,0.0,0.5,0.0,0.0,1.0,31.94,,,passagers_invalides;
2,2024-01-20 00:03:12,2024-01-20 00:18:34,,2.88,,,87,249,0,18.08,0.0,0.5,0.0,0.0,1.0,22.08,,,passagers_invalides;
2,2024-01-18 19:31:54,2024-01-18 19:37:56,,0.7,,,209,231,0,9.97,0.0,0.5,0.0,0.0,1.0,13.97,,,passagers_invalides;
1,2024-01-29 08:34:30,2024-01-29 08:48:37,,0.0,,,239,166,0,11.61,0.0,0.5,0.0,0.0,1.0,15.61,,,distance_invalide;passagers_invalides;
2,2024-01-24 17:08:00,2024-01-24 17:28:13,,1.15,,,161,186,0,17.95,0.0,0.5,4.39,0.0,1.0,26.34,,,passagers_invalides;
2,2024-01-19 23:01:56,2024-01-19 23:34:09,1.0,11.87,1.0,N,79,14,4,-49.2,-1.0,-0.5,0.0,0.0,-1.0,-54.2,-2.5,0.0,montant_invalide;
2,2024-01-17 23:00:00,2024-01-17 23:20:00,,3.42,,,89,225,0,23.81,0.0,0.5,5.06,0.0,1.0,30.37,,,passagers_invalides;
2,2024-01-21 01:52:13,2024-01-21 02:09:33,,7.46,,,68,116,0,31.11,0.0,0.5,0.0,0.0,1.0,35.11,,,passagers_invalides;
2,2024-01-20 20:50:05,2024-01-20 21:15:37,,2.35,,,170,79,0,16.34,0.0,0.5,0.0,0.0,1.0,20.34,,,passagers_invalides;
2,2024-01-19 15:00:09,2024-01-19 15:33:21,1.0,7.53,1.0,N,237,13,4,-37.3,0.0,-0.5,0.0,0.0,-1.0,-41.3,-2.5,0.0,montant_invalide;
2,2024-01-18 19:21:03,2024-01-18 19:47:02,,3.34,,,158,229,0,27.49,0.0,0.5,0.0,0.0,1.0,31.49,,,passagers_invalides;
2,2024-01-27 10:07:26,2024-01-27 10:07:30,1.0,0.0,1.0,N,186,68,2,3.0,0.0,0.5,0.0,0.0,1.0,7.0,2.5,0.0,distance_invalide;
2,2024-01-20 11:42:00,2024-01-20 11:53:00,,1.8,,,236,151,0,11.74,0.0,0.5,3.15,0.0,1.0,18.89,,,passagers_invalides;
2,2024-01-12 10:33:54,2024-01-12 10:34:27,1.0,0.0,2.0,N,142,142,2,70.0,0.0,0.5,0.0,0.0,1.0,74.0,2.5,0.0,distance_invalide;
2,2024-01-20 23:47:41,2024-01-20 23:58:40,,1.4,,,233,68,0,16.27,0.0,0.5,0.0,0.0,1.0,20.27,,,passagers_invalides;
2,2024-01-02 07:00:25,2024-01-02 07:09:13,,4.04,,,238,244,0,19.93,0.0,0.5,2.0,0.0,1.0,25.93,,,passagers_invalides;
1,2024-01-16 22:55:09,2024-01-16 22:55:10,,0.0,,,48,48,0,10.83,0.0,0.5,0.0,0.0,1.0,14.83,,,distance_invalide;passagers_invalides;
2,2024-01-16 07:38:08,2024-01-16 07:45:04,,0.86,,,41,74,0,9.58,0.0,0.5,0.0,0.0,1.0,11.08,,,passagers_invalides;
1,2024-01-22 20:07:16,2024-01-22 20:14:07,,0.0,,,229,170,0,8.62,0.0,0.5,0.0,0.0,1.0,12.62,,,distance_invalide;passagers_invalides;
2,2024-01-17 22:33:53,2024-01-17 23:07:08,,12.02,,,37,116,0,54.68,0.0,0.5,6.31,6.94,1.0,69.43,,,passagers_invalides;
2,2024-01-06 23:29:53,2024-01-06 23:50:33,,3.71,,,211,237,0,24.07,0.0,0.5,0.0,0.0,1.0,28.07,,,passagers_invalides;
2,2024-01-25 08:06:03,2024-01-25 08:14:01,,0.62,,,236,236,0,12.33,0.0,0.5,0.0,0.0,1.0,16.33,,,passagers_invalides;
1,2024-01-04 09:57:55,2024-01-04 09:57:59,1.0,0.0,1.0,N,88,88,3,3.0,2.5,0.5,0.0,0.0,1.0,7.0,2.5,0.0,distance_invalide;
2,2024-01-23 18:05:43,2024-01-23 18:26:01,,5.07,,,263,79,0,22.61,0.0,0.5,0.0,0.0,1.0,26.61,,,passagers_invalides;
1,2024-01-10 08:49:44,2024-01-10 08:56:39,0.0,1.0,1.0,N,113,234,1,7.9,2.5,0.5,2.35,0.0,1.0,14.25,2.5,0.0,passagers_invalides;
2,2024-01-20 00:39:20,2024-01-20 00:48:27,,1.52,,,114,186,0,14.32,0.0,0.5,0.0,0.0,1.0,18.32,,,passagers_invalides;
1,2024-01-12 12:19:29,2024-01-12 13:00:31,0.0,20.9,1.0,N,143,131,2,83.5,2.5,0.5,0.0,6.94,1.0,94.44,2.5,0.0,passagers_invalides;
2,2024-01-17 18:32:08,2024-01-17 18:33:57,1.0,0.3,1.0,N,238,238,4,-4.4,-2.5,-0.5,0.0,0.0,-1.0,-10.9,-2.5,0.0,montant_invalide;
1,2024-01-27 06:21:51,2024-01-27 06:32:34,,0.0,,,263,142,0,11.04,0.0,0.5,0.0,0.0,1.0,15.04,,,distance_invalide;passagers_invalides;
1,2024-01-17 19:27:29,2024-01-17 19:32:21,0.0,0.9,1.0,N,107,170,1,7.2,5.0,0.5,2.05,0.0,1.0,15.75,2.5,0.0,passagers_invalides;
2,2024-01-12 06:08:27,2024-01-12 06:23:48,,3.61,,,234,140,0,19.93,0.0,0.5,4.79,0.0,1.0,28.72,,,passagers_invalides;
2,2024-01-03 06:57:56,2024-01-03 07:11:01,,7.03,,,134,138,0,24.17,0.0,0.5,3.0,0.0,1.0,28.67,,,passagers_invalides;
2,2024-01-20 20:43:42,2024-01-20 20:57:35,,2.74,,,164,263,0,16.5,0.0,0.5,0.0,0.0,1.0,20.5,,,passagers_invalides;
2,2024-01-21 06:03:56,2024-01-21 06:23:13,,11.86,,,42,231,0,39.6,0.0,0.5,0.0,0.0,1.0,43.6,,,passagers_invalides;
1,2024-01-30 10:40:14,2024-01-30 10:55:32,,2.2,,,239,162,0,16.3,0.0,0.5,2.03,0.0,1.0,22.33,,,passagers_invalides;
2,2024-01-25 18:38:17,2024-01-25 19:10:12,,5.71,,,144,225,0,32.58,0.0,0.5,0.0,0.0,1.0,36.58,,,passagers_invalides;
2,2024-01-06 20:10:47,2024-01-06 20:19:07,,1.42,,,263,75,0,8.69,0.0,0.5,0.0,0.0,1.0,12.69,,,passagers_invalides;
1,2024-01-22 14:41:39,2024-01-22 14:53:44,0.0,2.2,1.0,N,125,100,1,12.1,2.5,0.5,3.2,0.0,1.0,19.3,2.5,0.0,passagers_invalides;
1,2024-01-01 01:19:08,2024-01-01 01:42:39,,0.0,,,235,208,0,32.87,0.0,0.5,0.0,0.0,1.0,34.37,,,distance_invalide;passagers_invalides;
1,2024-01-17 07:31:29,2024-01-17 08:00:16,,7.4,,,142,138,0,44.74,0.0,0.5,0.0,6.94,1.0,55.68,,,passagers_invalides;
1,2024-01-14 00:16:01,2024-01-14 00:26:46,,0.0,,,79,114,0,15.64,0.0,0.5,0.0,0.0,1.0,19.64,,,distance_invalide;passagers_invalides;
1,2024-01-07 00:55:48,2024-01-07 00:58:52,0.0,0.8,1.0,N,79,79,1,5.8,3.5,0.5,2.16,0.0,1.0,12.96,2.5,0.0,passagers_invalides;
1,2024-01-27 02:10:52,2024-01-27 02:27:24,,0.0,,,79,186,0,16.04,0.0,0.5,0.0,0.0,1.0,20.04,,,distance_invalide;passagers_invalides;
2,2024-01-27 05:51:25,2024-01-27 06:40:58,2.0,17.25,2.0,N,90,132,2,-70.0,0.0,-0.5,0.0,-6.94,-1.0,-80.94,-2.5,0.0,montant_invalide;
2,2024-01-17 18:00:41,2024-01-17 18:29:31,,2.79,,,224,48,0,24.45,0.0,0.5,0.0,0.0,1.0,28.45,,,passagers_invalides;
1,2024-01-14 13:57:54,2024-01-14 14:16:52,,1.9,,,229,100,0,16.64,0.0,0.5,0.0,0.0,1.0,20.64,,,passagers_invalides;
1,2024-01-29 06:54:19,2024-01-29 07:02:21,,1.1,,,233,162,0,8.6,0.0,0.5,1.89,0.0,1.0,14.49,,,passagers_invalides;
1,2024-01-22 15:51:28,2024-01-22 16:02:12,0.0,2.9,1.0,N,79,87,1,15.6,2.5,0.5,2.0,0.0,1.0,21.6,2.5,0.0,passagers_invalides;
1,2024-01-30 17:33:17,2024-01-30 17:59:03,0.0,3.6,1.0,N,234,239,1,24.0,5.0,0.5,6.1,0.0,1.0,36.6,2.5,0.0,passagers_invalides;
2,2024-01-10 21:30:44,2024-01-10 21:35:40,1.0,0.5,1.0,N,249,234,4,-6.5,-1.0,-0.5,0.0,0.0,-1.0,-11.5,-2.5,0.0,montant_invalide;
1,2024-01-26 19:57:20,2024-01-26 20:06:38,0.0,1.3,1.0,N,48,264,1,10.0,3.5,0.5,0.0,0.0,1.0,15.0,2.5,0.0,passagers_invalides;
2,2024-01-01 14:38:03,2024-01-01 14:53:53,,3.96,,,140,186,0,24.49,0.0,0.5,0.0,0.0,1.0,28.49,,,passagers_invalides;
2,2024-01-13 18:51:22,2024-01-13 18:56:07,,0.8,,,141,262,0,8.08,0.0,0.5,0.0,0.0,1.0,12.08,,,passagers_invalides;
1,2024-01-01 14:58:26,2024-01-01 15:19:00,,0.0,,,43,148,0,25.21,0.0,0.5,0.0,0.0,1.0,29.21,,,distance_invalide;passagers_invalides;
2,2024-01-02 16:38:02,2024-01-02 16:38:15,1.0,0.0,2.0,N,132,132,2,70.0,5.0,0.5,0.0,6.94,1.0,85.19,0.0,1.75,distance_invalide;
2,2024-01-05 17:04:06,2024-01-05 17:12:48,,1.18,,,75,74,0,11.74,0.0,0.5,3.31,0.0,1.0,16.55,,,passagers_invalides;
1,2024-01-08 14:06:11,2024-01-08 14:35:08,1.0,0.0,1.0,N,37,70,1,34.5,0.0,0.5,0.0,0.0,1.0,36.0,0.0,0.0,distance_invalide;
2,2024-01-10 17:16:25,2024-01-10 17:34:59,,2.05,,,168,167,0,22.73,0.0,0.5,0.0,0.0,1.0,24.23,,,passagers_invalides;
2,2024-01-06 16:44:09,2024-01-06 16:44:25,1.0,0.0,1.0,N,265,265,4,3.0,0.0,0.5,0.0,0.0,1.0,4.5,0.0,0.0,distance_invalide;
2,2024-01-05 14:16:33,2024-01-05 14:40:26,,2.25,,,144,161,0,20.53,0.0,0.5,4.91,0.0,1.0,29.44,,,passagers_invalides;
2,2024-01-21 16:01:55,2024-01-21 16:35:50,,10.51,,,230,138,0,46.4,0.0,0.5,11.47,6.94,1.0,68.81,,,passagers_invalides;
2,2024-01-28 03:21:23,2024-01-28 03:31:54,,3.12,,,4,87,0,22.27,0.0,0.5,0.0,0.0,1.0,26.27,,,passagers_invalides;
2,2024-01-12 00:16:58,2024-01-12 00:17:43,1.0,0.0,1.0,N,234,234,1,3.0,1.0,0.5,1.6,0.0,1.0,9.6,2.5,0.0,distance_invalide;
2,2023-12-31 23:58:35,2024-01-01 00:13:06,6.0,8.39,1.0,N,138,217,2,33.1,6.0,0.5,0.0,0.0,1.0,42.35,0.0,1.75,hors_periode;
2,2024-01-10 17:53:55,2024-01-10 17:58:43,1.0,1.5,3.0,N,132,132,3,-28.6,-2.5,0.0,0.0,0.0,-1.0,-33.85,0.0,-1.75,montant_invalide;
1,2024-01-09 23:15:54,2024-01-09 23:32:16,,4.8,,,113,75,0,24.29,0.0,0.5,0.0,0.0,1.0,28.29,,,passagers_invalides;
1,2024-01-21 13:09:11,2024-01-21 13:19:09,0.0,2.3,1.0,N,229,262,1,12.1,2.5,0.5,3.2,0.0,1.0,19.3,2.5,0.0,passagers_invalides;
2,2024-01-28 16:42:29,2024-01-28 16:46:39,,0.68,,,239,239,0,1.0,0.0,0.5,0.0,0.0,1.0,5.0,,,passagers_invalides;
2,2024-01-01 06:58:57,2024-01-01 07:14:44,,5.49,,,148,263,0,27.03,0.0,0.5,5.59,0.0,1.0,36.62,,,passagers_invalides;
1,2024-01-24 11:33:13,2024-01-24 12:10:16,1.0,0.0,1.0,N,208,236,1,38.0,0.0,0.5,0.0,0.0,1.0,39.5,0.0,0.0,distance_invalide;
2,2024-01-28 07:01:24,2024-01-28 07:08:26,,2.02,,,232,87,0,9.81,0.0,0.5,0.0,0.0,1.0,13.81,,,passagers_invalides;
2,2024-01-13 14:13:22,2024-01-13 14:19:21,,0.77,,,230,68,0,11.97,0.0,0.5,3.19,0.0,1.0,19.16,,,passagers_invalides;
2,2024-01-25 08:34:00,2024-01-25 08:45:00,,2.1,,,239,236,0,18.31,0.0,0.5,6.69,0.0,1.0,29.0,,,passagers_invalides;
2,2024-01-21 11:44:05,2024-01-21 11:57:23,,3.89,,,140,186,0,21.97,0.0,0.5,0.0,0.0,1.0,25.97,,,passagers_invalides;
1,2024-01-07 01:42:54,2024-01-07 01:53:51,,0.0,,,114,229,0,14.31,0.0,0.5,0.0,0.0,1.0,18.31,,,distance_invalide;passagers_invalides;
2,2024-01-10 16:52:00,2024-01-10 17:02:00,,1.12,,,236,237,0,11.74,0.0,0.5,1.0,0.0,1.0,16.74,,,passagers_invalides;
1,2024-01-14 07:59:48,2024-01-14 08:00:02,1.0,0.0,1.0,N,230,230,3,3.0,2.5,0.5,0.0,0.0,1.0,7.0,2.5,0.0,distance_invalide;
1,2024-01-26 14:21:49,2024-01-26 14:37:13,0.0,1.8,1.0,N,261,144,1,15.6,2.5,0.5,3.9,0.0,1.0,23.5,2.5,0.0,passagers_invalides;
1,2024-01-14 19:51:30,2024-01-14 20:01:44,0.0,1.4,1.0,N,234,48,1,11.4,2.5,0.5,3.08,0.0,1.0,18.48,2.5,0.0,passagers_invalides;
2,2024-01-22 23:51:13,2024-01-22 23:57:30,,0.75,,,116,152,0,6.83,0.0,0.5,0.0,0.0,1.0,8.33,,,passagers_invalides;
1,2024-01-29 15:27:14,2024-01-29 15:31:45,0.0,0.5,1.0,N,236,236,2,5.8,2.5,0.5,0.0,0.0,1.0,9.8,2.5,0.0,passagers_invalides;
1,2024-01-17 18:43:31,2024-01-17 18:48:19,0.0,0.6,1.0,N,234,170,1,6.5,5.0,0.5,0.0,0.0,1.0,13.0,2.5,0.0,passagers_invalides;
2,2024-01-01 00:28:13,2024-01-01 01:02:38,,4.64,,,158,238,0,29.54,0.0,0.5,0.0,0.0,1.0,33.54,,,passagers_invalides;
1,2024-01-12 18:53:09,2024-01-12 19:09:08,0.0,2.6,1.0,N,264,107,2,17.0,5.0,0.5,0.0,0.0,1.0,23.5,2.5,0.0,passagers_invalides;
2,2024-01-10 00:54:26,2024-01-10 01:12:29,,6.25,,,41,48,0,21.16,0.0,0.5,3.77,0.0,1.0,28.93,,,passagers_invalides;
2,2024-01-17 23:19:27,2024-01-17 23:38:14,,3.9,,,209,181,0,23.75,0.0,0.5,5.55,0.0,1.0,33.3,,,passagers_invalides;
2,2024-01-25 08:02:39,2024-01-25 08:09:57,,0.7,,,50,163,0,14.83,0.0,0.5,0.0,0.0,1.0,18.83,,,passagers_invalides;
1,2024-01-06 06:06:47,2024-01-06 06:13:13,0.0,1.3,1.0,N,170,68,1,7.9,2.5,0.5,0.0,0.0,1.0,11.9,2.5,0.0,passagers_invalides;
2,2024-01-27 08:25:02,2024-01-27 08:34:35,1.0,1.57,1.0,N,141,230,2,-11.4,0.0,-0.5,0.0,0.0,-1.0,-15.4,-2.5,0.0,montant_invalide;
2,2024-01-12 19:31:04,2024-01-12 19:47:56,,3.02,,,142,113,0,24.4,0.0,0.5,0.0,0.0,1.0,28.4,,,passagers_invalides;
2,2024-01-21 08:58:22,2024-01-21 08:58:34,1.0,0.0,1.0,N,132,132,3,-3.0,0.0,-0.5,0.0,0.0,-1.0,-8.75,-2.5,-1.75,distance_invalide;montant_invalide;
1,2024-01-28 11:23:10,2024-01-28 11:42:18,0.0,4.1,1.0,N,137,236,1,21.2,2.5,0.5,5.0,0.0,1.0,30.2,2.5,0.0,passagers_invalides;
1,2024-01-30 10:15:30,2024-01-30 10:22:50,0.0,1.8,1.0,N,262,233,1,11.4,2.5,0.5,3.05,0.0,1.0,18.45,2.5,0.0,passagers_invalides;
1,2024-01-01 02:00:49,2024-01-01 02:14:40,,0.0,,,161,170,0,30.84,0.0,0.5,0.0,0.0,1.0,34.84,,,distance_invalide;passagers_invalides;
1,2024-01-01 03:27:48,2024-01-01 03:44:09,,0.0,,,88,263,0,27.41,0.0,0.5,0.0,0.0,1.0,31.41,,,distance_invalide;passagers_invalides;
1,2024-01-18 23:11:49,2024-01-18 23:26:11,,0.0,,,170,13,0,26.1,0.0,0.5,0.0,0.0,1.0,30.1,,,distance_invalide;passagers_invalides;
2,2024-01-10 14:25:24,2024-01-10 14:37:19,2.0,3.09,2.0,N,132,216,4,-70.0,0.0,-0.5,0.0,0.0,-1.0,-73.25,0.0,-1.75,montant_invalide;
1,2024-01-13 13:47:12,2024-01-13 14:04:32,0.0,2.9,1.0,N,43,230,3,17.0,2.5,0.5,0.0,0.0,1.0,21.0,2.5,0.0,passagers_invalides;
2,2024-01-13 14:31:40,2024-01-13 15:08:27,,7.36,,,261,43,0,47.8,0.0,0.5,5.18,0.0,1.0,56.98,,,passagers_invalides;
2,2024-01-01 07:33:09,2024-01-01 07:39:55,,1.61,,,244,116,0,10.22,0.0,0.5,0.0,0.0,1.0,11.72,,,passagers_invalides;
2,2024-01-01 07:49:28,2024-01-01 07:58:43,,2.41,,,262,74,0,18.52,0.0,0.5,4.5,0.0,1.0,27.02,,,passagers_invalides;
2,2024-01-30 15:40:44,2024-01-30 15:54:09,1.0,1.22,1.0,N,163,236,2,-12.8,0.0,-0.5,0.0,0.0,-1.0,-16.8,-2.5,0.0,montant_invalide;
2,2024-01-30 08:52:33,2024-01-30 08:55:28,,0.29,,,148,79,0,13.82,0.0,0.5,5.0,0.0,1.0,22.82,,,passagers_invalides;
1,2024-01-26 14:08:21,2024-01-26 14:27:30,0.0,4.9,1.0,N,229,74,2,23.3,2.5,0.5,0.0,0.0,1.0,27.3,2.5,0.0,passagers_invalides;
2,2024-01-28 14:10:26,2024-01-28 14:24:27,,2.7,,,143,164,0,0.21,0.0,0.5,0.0,0.0,1.0,4.21,,,passagers_invalides;
2,2024-01-20 20:07:50,2024-01-20 20:33:48,,3.96,,,142,249,0,26.92,0.0,0.5,0.0,0.0,1.0,30.92,,,passagers_invalides;
1,2024-01-25 00:17:06,2024-01-25 00:24:10,,0.7,,,142,230,0,10.16,0.0,0.5,0.0,0.0,1.0,14.16,,,passagers_invalides;
1,2024-01-03 08:50:51,2024-01-03 09:08:30,,1.9,,,143,162,0,17.33,0.0,0.5,0.0,0.0,1.0,21.33,,,passagers_invalides;
2,2024-01-21 14:58:34,2024-01-21 15:16:41,,5.58,,,75,244,0,19.7,0.0,0.5,0.0,0.0,1.0,21.2,,,passagers_invalides;
2,2024-01-05 21:05:00,2024-01-05 21:18:37,,4.82,,,141,232,0,17.26,0.0,0.5,0.0,0.0,1.0,21.26,,,passagers_invalides;
1,2024-01-21 15:06:52,2024-01-21 15:19:17,,0.0,,,236,237,0,10.52,0.0,0.5,0.0,0.0,1.0,14.52,,,distance_invalide;passagers_invalides;
2,2024-01-26 08:39:06,2024-01-26 08:56:35,,3.32,,,25,87,0,19.93,0.0,0.5,0.0,0.0,1.0,23.93,,,passagers_invalides;
2,2024-01-02 19:02:00,2024-01-02 19:17:00,,2.51,,,41,239,0,22.78,0.0,0.5,5.36,0.0,1.0,32.14,,,passagers_invalides;
2,2024-01-10 12:03:22,2024-01-10 12:20:05,1.0,2.19,1.0,N,238,237,4,-17.0,0.0,-0.5,0.0,0.0,-1.0,-21.0,-2.5,0.0,montant_invalide;
2,2024-01-17 21:32:53,2024-01-17 21:42:03,,1.72,,,43,239,0,15.07,0.0,0.5,0.0,0.0,1.0,19.07,,,passagers_invalides;
1,2024-01-12 20:40:24,2024-01-12 20:47:09,0.0,1.1,1.0,N,236,239,1,8.6,3.5,0.5,3.0,0.0,1.0,16.6,2.5,0.0,passagers_invalides;
1,2024-01-10 13:22:34,2024-01-10 13:22:34,1.0,0.0,1.0,N,107,264,2,3.0,2.5,0.5,0.0,0.0,1.0,7.0,2.5,0.0,distance_invalide;
2,2024-01-12 19:21:02,2024-01-12 19:23:40,1.0,0.0,1.0,N,75,75,1,4.4,2.5,0.5,0.84,0.0,1.0,9.24,0.0,0.0,distance_invalide;
2,2024-01-28 04:08:19,2024-01-28 04:17:04,,1.95,,,164,229,0,16.35,0.0,0.5,0.0,0.0,1.0,20.35,,,passagers_invalides;
2,2024-01-09 14:12:14,2024-01-09 14:12:19,1.0,0.0,5.0,N,148,148,1,30.0,0.0,0.0,8.38,0.0,1.0,41.88,2.5,0.0,distance_invalide;
2,2024-01-25 09:44:13,2024-01-25 10:18:43,1.0,17.48,1.0,N,132,182,4,-67.4,0.0,-0.5,0.0,-6.94,-1.0,-77.59,0.0,-1.75,montant_invalide;
2,2024-01-17 01:12:00,2024-01-17 01:12:10,1.0,0.0,5.0,N,143,246,1,72.0,0.0,0.0,15.1,0.0,1.0,90.6,2.5,0.0,distance_invalide;
2,2024-01-22 07:33:05,2024-01-22 07:52:33,,8.46,,,262,231,0,29.24,0.0,0.5,0.0,0.0,1.0,33.24,,,passagers_invalides;
2,2024-01-08 17:37:50,2024-01-08 17:37:55,1.0,0.0,5.0,N,132,132,1,20.0,0.0,0.0,0.0,0.0,1.0,21.0,0.0,0.0,distance_invalide;
2,2024-01-01 12:50:12,2024-01-01 12:58:42,,1.82,,,170,90,0,13.29,0.0,0.5,0.0,0.0,1.0,17.29,,,passagers_invalides;
2,2024-01-18 17:34:38,2024-01-18 17:49:26,,4.73,,,261,4,0,18.05,0.0,0.5,0.0,0.0,1.0,22.05,,,passagers_invalides;
2,2024-01-11 18:02:46,2024-01-11 18:08:41,,0.67,,,26,26,0,11.58,0.0,0.5,0.0,0.0,1.0,13.08,,,passagers_invalides;
2,2024-01-01 01:11:05,2024-01-01 02:01:37,,3.13,,,234,50,0,34.23,0.0,0.5,0.0,0.0,1.0,38.23,,,passagers_invalides;
2,2024-01-15 21:44:45,2024-01-15 21:51:36,1.0,1.06,1.0,N,229,141,4,-9.3,-1.0,-0.5,0.0,0.0,-1.0,-14.3,-2.5,0.0,montant_invalide;
2,2024-01-25 08:25:10,2024-01-25 08:32:18,,1.03,,,262,236,0,13.82,0.0,0.5,3.0,0.0,1.0,20.82,,,passagers_invalides;
2,2024-01-06 03:00:58,2024-01-06 03:01:03,2.0,0.0,5.0,N,265,265,1,36.5,0.0,0.0,0.5,0.0,1.0,38.0,0.0,0.0,distance_invalide;
1,2024-01-21 18:12:49,2024-01-21 18:31:29,,0.0,,,236,50,0,17.18,0.0,0.5,0.0,0.0,1.0,21.18,,,distance_invalide;passagers_invalides;
2,2024-01-31 11:31:38,2024-01-31 11:31:49,1.0,0.0,1.0,N,43,41,3,3.0,0.0,0.5,0.0,0.0,1.0,4.5,0.0,0.0,distance_invalide;
1,2024-01-29 09:33:04,2024-01-29 09:49:05,,1.9,,,140,170,0,16.3,0.0,0.5,4.06,0.0,1.0,24.36,,,passagers_invalides;
2,2024-01-29 14:43:24,2024-01-29 14:43:30,2.0,0.0,5.0,N,132,132,1,85.0,0.0,0.0,10.0,0.0,1.0,97.75,0.0,1.75,distance_invalide;
1,2024-01-24 15:48:14,2024-01-24 15:52:29,0.0,0.0,1.0,N,263,263,4,5.1,2.5,0.5,0.0,0.0,1.0,9.1,2.5,0.0,distance_invalide;passagers_invalides;
2,2024-01-16 17:01:35,2024-01-16 17:23:28,,5.73,,,87,161,0,36.78,0.0,0.5,0.0,0.0,1.0,40.78,,,passagers_invalides;
1,2024-01-27 09:41:26,2024-01-27 09:49:19,,1.3,,,236,262,0,10.16,0.0,0.5,0.0,0.0,1.0,14.16,,,passagers_invalides;
2,2024-01-21 14:38:38,2024-01-21 15:01:45,1.0,6.23,1.0,N,144,238,4,-30.3,0.0,-0.5,0.0,0.0,-1.0,-34.3,-2.5,0.0,montant_invalide;
2,2024-01-20 23:58:22,2024-01-20 23:58:26,1.0,0.0,5.0,N,137,137,1,35.0,0.0,0.0,7.7,0.0,1.0,46.2,2.5,0.0,distance_invalide;
2,2024-01-18 00:24:59,2024-01-18 00:28:40,1.0,0.8,1.0,N,163,161,4,-5.8,-1.0,-0.5,0.0,0.0,-1.0,-10.8,-2.5,0.0,montant_invalide;
2,2024-01-21 12:13:00,2024-01-21 12:41:00,,4.16,,,230,148,0,31.12,0.0,0.5,3.51,0.0,1.0,38.63,,,passagers_invalides;
2,2024-01-11 04:16:41,2024-01-11 04:16:58,1.0,0.01,1.0,N,90,90,4,-3.0,-1.0,-0.5,0.0,0.0,-1.0,-8.0,-2.5,0.0,montant_invalide;
2,2024-01-20 13:45:15,2024-01-20 13:53:56,,2.29,,,262,170,0,13.65,0.0,0.5,0.0,0.0,1.0,17.65,,,passagers_invalides;
2,2024-01-26 00:10:55,2024-01-26 00:11:19,1.0,0.0,1.0,N,141,141,1,3.0,1.0,0.5,99.0,0.0,1.0,107.0,2.5,0.0,distance_invalide;
1,2024-01-26 16:03:55,2024-01-26 16:05:30,1.0,0.0,1.0,N,233,162,1,3.7,5.0,0.5,0.0,0.0,1.0,10.2,2.5,0.0,distance_invalide;
1,2024-01-29 11:52:37,2024-01-29 12:13:01,,3.2,,,236,48,0,18.4,0.0,0.5,3.36,0.0,1.0,25.76,,,passagers_invalides;
2,2024-01-20 19:43:26,2024-01-20 19:43:32,2.0,0.0,2.0,N,48,48,2,70.0,0.0,0.5,0.0,0.0,1.0,74.0,2.5,0.0,distance_invalide;
2,2024-01-17 08:48:48,2024-01-17 09:10:25,,3.53,,,90,88,0,31.06,0.0,0.5,0.0,0.0,1.0,35.06,,,passagers_invalides;
2,2024-01-04 01:20:13,2024-01-04 01:32:21,1.0,2.31,1.0,N,143,162,2,-14.9,-1.0,-0.5,0.0,0.0,-1.0,-19.9,-2.5,0.0,montant_invalide;
2,2024-01-31 18:37:43,2024-01-31 18:47:48,,1.58,,,246,158,0,16.03,0.0,0.5,4.01,0.0,1.0,24.04,,,passagers_invalides;
2,2024-01-24 15:44:00,2024-01-24 16:03:00,,2.92,,,75,239,0,21.19,0.0,0.5,0.0,0.0,1.0,25.19,,,passagers_invalides;
2,2024-01-29 14:59:16,2024-01-29 15:44:44,1.0,17.46,2.0,N,132,100,4,-70.0,0.0,-0.5,0.0,-6.94,-1.0,-82.69,-2.5,-1.75,montant_invalide;
2,2024-01-20 22:43:15,2024-01-20 22:52:18,,1.41,,,237,263,0,9.13,0.0,0.5,0.0,0.0,1.0,13.13,,,passagers_invalides;
2,2024-01-21 12:46:24,2024-01-21 13:05:11,,4.3,,,42,161,0,23.07,0.0,0.5,0.0,0.0,1.0,27.07,,,passagers_invalides;
2,2024-01-17 05:50:52,2024-01-17 06:09:48,,9.97,,,239,138,0,36.17,0.0,0.5,9.42,6.94,1.0,56.53,,,passagers_invalides;
1,2024-01-23 08:41:42,2024-01-23 09:01:07,,0.0,,,229,143,0,25.92,0.0,0.5,0.0,0.0,1.0,29.92,,,distance_invalide;passagers_invalides;
2,2024-01-17 18:37:41,2024-01-17 18:45:54,,1.34,,,107,186,0,13.17,0.0,0.5,0.0,0.0,1.0,17.17,,,passagers_invalides;
1,2024-01-08 19:48:54,2024-01-08 19:52:30,0.0,0.5,1.0,N,263,75,1,5.8,5.0,0.5,2.45,0.0,1.0,14.75,2.5,0.0,passagers_invalides;
1,2024-01-04 06:01:06,2024-01-04 06:40:37,,13.2,,,107,1,0,67.86,0.0,0.5,0.0,19.89,1.0,91.75,,,passagers_invalides;
1,2024-01-05 21:43:25,2024-01-05 21:58:19,0.0,1.8,1.0,N,230,143,1,14.9,3.5,0.5,3.95,0.0,1.0,23.85,2.5,0.0,passagers_invalides;
2,2024-01-01 01:45:09,2024-01-01 01:45:16,,0.0,,,166,166,0,29.54,0.0,0.5,0.0,0.0,1.0,31.04,,,distance_invalide;passagers_invalides;
2,2024-01-12 13:08:03,2024-01-12 13:14:26,1.0,0.81,1.0,N,239,142,4,-7.9,0.0,-0.5,0.0,0.0,-1.0,-11.9,-2.5,0.0,montant_invalide;
2,2024-01-30 00:11:18,2024-01-30 00:11:20,3.0,0.0,5.0,N,161,264,1,86.89,0.0,0.0,17.58,0.0,1.0,105.47,0.0,0.0,distance_invalide;
1,2024-01-09 22:17:34,2024-01-09 22:26:16,0.0,1.1,1.0,N,186,230,2,8.6,3.5,0.5,0.0,0.0,1.0,13.6,2.5,0.0,passagers_invalides;
1,2024-01-20 23:42:07,2024-01-20 23:56:14,,0.0,,,142,141,0,21.27,0.0,0.5,0.0,0.0,1.0,25.27,,,distance_invalide;passagers_invalides;
2,2024-01-09 22:01:17,2024-01-09 22:18:32,,3.18,,,186,162,0,16.71,0.0,0.5,0.0,0.0,1.0,20.71,,,passagers_invalides;
2,2024-01-25 20:34:02,2024-01-25 20:44:45,1.0,1.15,1.0,N,230,246,4,-11.4,-1.0,-0.5,0.0,0.0,-1.0,-16.4,-2.5,0.0,montant_invalide;
2,2024-01-30 16:24:35,2024-01-30 17:01:03,,9.98,,,181,237,0,53.56,0.0,0.5,11.51,0.0,1.0,69.07,,,passagers_invalides;
2,2024-01-22 00:29:04,2024-01-22 00:29:14,1.0,0.0,5.0,N,244,244,1,82.89,0.0,0.0,18.17,6.94,1.0,109.0,0.0,0.0,distance_invalide;
2,2024-01-06 12:37:50,2024-01-06 12:38:07,1.0,0.0,1.0,N,263,263,3,-3.0,0.0,-0.5,0.0,0.0,-1.0,-7.0,-2.5,0.0,distance_invalide;montant_invalide;
2,2024-01-28 15:02:00,2024-01-28 15:16:00,,2.69,,,252,92,0,17.3,0.0,0.5,3.76,0.0,1.0,22.56,,,passagers_invalides;
2,2024-01-01 04:10:27,2024-01-01 04:24:19,,4.51,,,152,127,0,46.7,0.0,0.5,0.0,0.0,1.0,48.2,,,passagers_invalides;
1,2024-01-04 19:29:48,2024-01-04 19:36:53,,0.0,,,161,234,0,8.91,0.0,0.5,0.0,0.0,1.0,12.91,,,distance_invalide;passagers_invalides;
2,2024-01-30 22:40:36,2024-01-30 22:55:30,,2.98,,,48,263,0,21.58,0.0,0.5,0.0,0.0,1.0,25.58,,,passagers_invalides;
1,2024-01-24 07:41:56,2024-01-24 07:47:00,0.0,1.3,1.0,N,236,161,1,7.9,2.5,0.5,2.0,0.0,1.0,13.9,2.5,0.0,passagers_invalides;
1,2024-01-29 09:38:00,2024-01-29 09:38:06,,0.0,,,162,162,0,10.16,0.0,0.5,0.0,0.0,1.0,14.16,,,distance_invalide;passagers_invalides;
1,2024-01-30 16:20:41,2024-01-30 16:31:16,,0.8,,,162,161,0,8.6,2.5,0.5,2.26,0.0,1.0,17.36,,,passagers_invalides;
2,2024-01-26 19:57:02,2024-01-26 20:14:57,,6.27,,,140,87,0,28.65,0.0,0.5,0.0,0.0,1.0,32.65,,,passagers_invalides;
2,2024-01-16 12:02:43,2024-01-16 12:14:27,1.0,1.62,1.0,N,163,236,4,-12.1,0.0,-0.5,0.0,0.0,-1.0,-16.1,-2.5,0.0,montant_invalide;
2,2024-01-14 21:27:20,2024-01-14 21:42:14,,2.15,,,48,137,0,16.22,0.0,0.5,1.01,0.0,1.0,21.23,,,passagers_invalides;
2,2024-01-14 13:12:39,2024-01-14 13:24:01,,1.82,,,239,48,0,11.74,0.0,0.5,3.15,0.0,1.0,18.89,,,passagers_invalides;
2,2024-01-19 12:26:36,2024-01-19 12:28:09,,0.26,,,238,238,0,6.83,0.0,0.5,0.0,0.0,1.0,10.83,,,passagers_invalides;
2,2024-01-05 16:37:37,2024-01-05 16:37:47,1.0,0.0,1.0,N,193,193,2,3.0,2.5,0.5,0.0,0.0,1.0,7.0,0.0,0.0,distance_invalide;
1,2024-01-24 15:51:10,2024-01-24 17:09:16,,0.0,,,158,132,0,74.0,0.0,0.5,7.1,0.0,1.0,87.1,,,distance_invalide;passagers_invalides;
1,2024-01-20 21:18:20,2024-01-20 21:28:01,,1.5,,,170,234,0,10.7,1.0,0.5,3.93,0.0,1.0,19.63,,,passagers_invalides;
1,2024-01-31 10:38:02,2024-01-31 10:46:12,,0.8,,,170,161,0,9.3,0.0,0.5,2.0,0.0,1.0,15.3,,,passagers_invalides;
1,2024-01-03 09:01:11,2024-01-03 09:15:08,,0.0,,,236,163,0,13.06,0.0,0.5,0.0,0.0,1.0,17.06,,,distance_invalide;passagers_invalides;
1,2024-01-05 14:55:22,2024-01-05 15:07:50,0.0,1.2,1.0,N,234,164,1,12.8,2.5,0.5,3.35,0.0,1.0,20.15,2.5,0.0,passagers_invalides;
2,2024-01-17 15:10:46,2024-01-17 15:11:04,1.0,0.08,1.0,N,143,143,2,-3.0,0.0,-0.5,0.0,0.0,-1.0,-7.0,-2.5,0.0,montant_invalide;
2,2024-01-02 16:21:19,2024-01-02 16:54:19,,3.74,,,211,163,0,30.65,0.0,0.5,0.0,0.0,1.0,34.65,,,passagers_invalides;
2,2024-01-01 07:41:27,2024-01-01 07:48:55,,2.1,,,7,260,0,14.43,0.0,0.5,0.0,0.0,1.0,15.93,,,passagers_invalides;
1,2024-01-30 21:21:36,2024-01-30 21:24:51,0.0,0.6,1.0,N,68,68,1,5.8,3.5,0.5,2.15,0.0,1.0,12.95,2.5,0.0,passagers_invalides;
2,2024-01-04 19:39:00,2024-01-04 20:08:48,1.0,5.69,1.0,N,48,255,4,-30.3,-2.5,-0.5,0.0,0.0,-1.0,-36.8,-2.5,0.0,montant_invalide;
1,2024-01-20 00:17:33,2024-01-20 00:30:32,,0.0,,,79,125,0,14.64,0.0,0.5,0.0,0.0,1.0,18.64,,,distance_invalide;passagers_invalides;
2,2024-01-01 14:48:29,2024-01-01 14:55:05,,1.53,,,152,244,0,10.38,0.0,0.5,0.0,0.0,1.0,11.88,,,passagers_invalides;
2,2024-01-01 12:46:48,2024-01-01 12:59:12,,1.88,,,50,186,0,10.83,0.0,0.5,0.0,0.0,1.0,14.83,,,passagers_invalides;
1,2024-01-16 10:10:55,2024-01-16 10:30:51,0.0,1.3,1.0,N,237,142,1,17.7,2.5,0.5,4.3,0.0,1.0,26.0,2.5,0.0,passagers_invalides;
1,2024-01-07 17:30:02,2024-01-07 17:50:48,,3.1,,,144,230,0,29.57,0.0,0.5,0.0,0.0,1.0,33.57,,,passagers_invalides;
1,2024-01-27 18:22:38,2024-01-27 18:26:43,0.0,0.5,1.0,N,79,79,1,5.8,2.5,0.5,1.95,0.0,1.0,11.75,2.5,0.0,passagers_invalides;
1,2024-01-11 12:55:22,2024-01-11 13:00:20,1.0,0.5,1.0,N,140,236,4,0.0,0.0,0.0,0.0,0.0,0.0,0.0,0.0,0.0,montant_invalide;
2,2024-01-15 18:49:31,2024-01-15 19:24:22,,7.14,,,239,79,0,25.91,0.0,0.5,0.0,0.0,1.0,29.91,,,passagers_invalides;
2,2024-01-05 19:54:27,2024-01-05 20:37:13,1.0,17.06,2.0,N,132,230,4,-70.0,-5.0,-0.5,0.0,-6.94,-1.0,-87.69,-2.5,-1.75,montant_invalide;
2,2024-01-14 02:32:49,2024-01-14 02:37:20,1.0,0.58,1.0,N,148,232,4,-6.5,-1.0,-0.5,0.0,0.0,-1.0,-11.5,-2.5,0.0,montant_invalide;
2,2024-01-20 17:02:54,2024-01-20 17:21:17,,3.52,,,181,231,0,0.93,0.0,0.5,0.0,0.0,1.0,4.93,,,passagers_invalides;
1,2024-01-14 10:46:43,2024-01-14 10:51:31,0.0,1.2,1.0,N,43,163,2,7.9,2.5,0.5,0.0,0.0,1.0,11.9,2.5,0.0,passagers_invalides;
2,2024-01-14 19:49:13,2024-01-14 20:06:56,,2.55,,,79,261,0,19.39,0.0,0.5,0.0,0.0,1.0,23.39,,,passagers_invalides;
1,2024-01-16 07:33:29,2024-01-16 07:54:32,,0.0,,,113,50,0,22.66,0.0,0.5,0.0,0.0,1.0,26.66,,,distance_invalide;passagers_invalides;
2,2024-01-09 21:53:15,2024-01-09 22:13:04,,4.81,,,137,151,0,23.69,0.0,0.5,0.0,0.0,1.0,27.69,,,passagers_invalides;
2,2024-01-17 17:21:00,2024-01-17 17:21:47,1.0,0.0,1.0,N,140,140,2,-3.0,-2.5,-0.5,0.0,0.0,-1.0,-9.5,-2.5,0.0,distance_invalide;montant_invalide;
1,2024-01-02 14:30:50,2024-01-02 14:44:51,0.0,1.8,1.0,N,236,140,2,12.1,2.5,0.5,0.0,0.0,1.0,16.1,2.5,0.0,passagers_invalides;
2,2024-01-06 19:53:18,2024-01-06 20:01:23,,1.78,,,141,137,0,14.08,0.0,0.5,0.0,0.0,1.0,18.08,,,passagers_invalides;
2,2024-01-14 07:40:22,2024-01-14 07:48:05,,1.84,,,151,75,0,11.08,0.0,0.5,0.0,0.0,1.0,12.58,,,passagers_invalides;
1,2024-01-14 17:55:48,2024-01-14 18:11:37,0.0,3.9,1.0,Y,236,42,1,19.8,2.5,0.5,3.57,0.0,1.0,27.37,2.5,0.0,passagers_invalides;
1,2024-01-02 18:16:49,2024-01-02 18:26:08,,1.4,,,163,142,0,10.0,2.5,0.5,1.65,0.0,1.0,18.15,,,passagers_invalides;
1,2024-01-18 18:46:07,2024-01-18 18:57:06,0.0,2.3,1.0,N,137,237,1,12.8,5.0,0.5,4.8,0.0,1.0,24.1,2.5,0.0,passagers_invalides;
2,2024-01-18 13:09:28,2024-01-18 13:09:37,1.0,0.0,5.0,N,186,186,1,20.3,0.0,0.0,2.0,0.0,1.0,25.8,2.5,0.0,distance_invalide;
1,2024-01-02 09:11:46,2024-01-02 09:35:36,,2.4,,,229,43,0,15.52,0.0,0.5,0.0,0.0,1.0,19.52,,,passagers_invalides;
2,2024-01-28 04:30:29,2024-01-28 04:59:17,,14.37,,,28,81,0,52.99,0.0,0.5,0.0,0.0,1.0,54.49,,,passagers_invalides;
1,2024-01-12 01:45:22,2024-01-12 01:55:10,0.0,2.6,1.0,N,148,68,1,12.8,3.5,0.5,3.55,0.0,1.0,21.35,2.5,0.0,passagers_invalides;
2,2024-01-05 17:50:13,2024-01-05 18:34:32,,16.39,,,254,216,0,59.94,0.0,0.5,0.0,6.94,1.0,68.38,,,passagers_invalides;
1,2024-01-23 13:41:18,2024-01-23 13:45:26,,0.3,,,239,239,0,5.8,0.0,0.5,1.96,0.0,1.0,11.76,,,passagers_invalides;
1,2024-01-01 01:43:49,2024-01-01 02:03:37,,0.0,,,243,48,0,31.52,0.0,0.5,0.0,0.0,1.0,35.52,,,distance_invalide;passagers_invalides;
2,2024-01-01 14:49:49,2024-01-01 14:58:12,,0.86,,,170,100,0,20.29,0.0,0.5,0.0,0.0,1.0,24.29,,,passagers_invalides;
2,2024-01-26 18:32:56,2024-01-26 18:33:18,1.0,0.0,1.0,N,170,170,2,3.0,2.5,0.5,0.0,0.0,1.0,9.5,2.5,0.0,distance_invalide;
2,2024-01-11 12:55:12,2024-01-11 12:56:03,1.0,0.0,1.0,N,230,230,4,3.0,0.0,0.5,0.0,6.94,1.0,13.94,2.5,0.0,distance_invalide;
1,2024-01-08 23:39:55,2024-01-08 23:45:47,0.0,1.3,1.0,N,249,107,1,8.6,3.5,0.5,0.0,0.0,1.0,13.6,2.5,0.0,passagers_invalides;
2,2024-01-27 13:18:12,2024-01-27 13:31:58,1.0,1.53,1.0,N,148,13,4,-12.8,0.0,-0.5,0.0,0.0,-1.0,-16.8,-2.5,0.0,montant_invalide;
2,2024-01-14 04:07:35,2024-01-14 04:20:16,,2.57,,,141,100,0,17.13,0.0,0.5,0.0,0.0,1.0,21.13,,,passagers_invalides;
1,2024-01-19 18:27:40,2024-01-19 18:42:07,,1.8,,,238,263,0,16.05,0.0,0.5,0.0,0.0,1.0,20.05,,,passagers_invalides;
2,2024-01-23 12:42:29,2024-01-23 12:58:00,,1.61,,,143,237,0,-2.0,0.0,0.5,0.0,0.0,1.0,2.0,,,montant_invalide;passagers_invalides;
1,2024-01-10 14:25:10,2024-01-10 14:39:49,0.0,3.3,1.0,N,140,100,1,18.4,2.5,0.5,4.5,0.0,1.0,26.9,2.5,0.0,passagers_invalides;
2,2024-01-20 23:17:16,2024-01-20 23:45:28,,10.83,,,234,243,0,2.27,0.0,0.5,0.0,0.0,1.0,6.27,,,passagers_invalides;
2,2024-01-23 19:43:58,2024-01-23 19:44:02,1.0,0.0,5.0,N,17,49,1,82.55,0.0,0.0,10.0,0.0,1.0,93.55,0.0,0.0,distance_invalide;
1,2024-01-24 04:01:56,2024-01-24 04:16:38,0.0,9.0,1.0,N,137,138,1,34.5,8.5,0.5,7.72,6.94,1.0,59.16,2.5,0.0,passagers_invalides;
2,2024-01-22 19:47:24,2024-01-22 20:00:50,,2.34,,,239,41,0,16.63,0.0,0.5,0.0,0.0,1.0,20.63,,,passagers_invalides;
2,2024-01-17 18:52:21,2024-01-17 18:59:00,,0.8,,,13,231,0,8.08,0.0,0.5,0.0,0.0,1.0,12.08,,,passagers_invalides;
1,2024-01-12 18:23:19,2024-01-12 18:29:32,0.0,0.4,1.0,N,262,236,1,7.2,5.0,0.5,2.0,0.0,1.0,15.7,2.5,0.0,passagers_invalides;
1,2024-01-04 20:40:23,2024-01-04 21:08:09,0.0,4.8,1.0,N,140,223,1,27.5,3.5,0.5,6.5,0.0,1.0,39.0,2.5,0.0,passagers_invalides;
2,2024-01-04 16:23:29,2024-01-04 16:26:57,1.0,0.39,1.0,N,48,48,4,-5.1,-2.5,-0.5,0.0,0.0,-1.0,-11.6,-2.5,0.0,montant_invalide;
2,2024-01-25 11:07:01,2024-01-25 11:31:04,,2.83,,,140,161,0,20.73,0.0,0.5,4.95,0.0,1.0,29.68,,,passagers_invalides;
2,2024-01-25 18:47:10,2024-01-25 19:01:49,,2.31,,,97,231,0,15.46,0.0,0.5,0.0,0.0,1.0,19.46,,,passagers_invalides;
2,2024-01-21 02:38:02,2024-01-21 02:51:56,,1.82,,,249,4,0,12.65,0.0,0.5,0.0,0.0,1.0,16.65,,,passagers_invalides;
2,2024-01-15 00:01:17,2024-01-15 00:02:02,1.0,0.0,1.0,N,132,132,3,-3.0,-1.0,-0.5,0.0,0.0,-1.0,-7.25,0.0,-1.75,distance_invalide;montant_invalide;
2,2024-01-14 23:04:08,2024-01-14 23:12:46,,1.01,,,232,209,0,8.06,0.0,0.5,0.0,0.0,1.0,12.06,,,passagers_invalides;
2,2024-01-12 23:47:51,2024-01-13 00:12:08,,4.7,,,163,209,0,28.65,0.0,0.5,0.0,0.0,1.0,32.65,,,passagers_invalides;
1,2024-01-04 08:45:00,2024-01-04 08:58:17,0.0,1.2,1.0,N,229,163,1,12.8,3.5,0.5,3.55,0.0,1.0,21.35,2.5,0.0,passagers_invalides;
2,2024-01-14 13:32:03,2024-01-14 14:11:42,,18.33,,,41,132,0,65.51,0.0,0.5,14.79,6.94,1.0,88.74,,,passagers_invalides;
1,2024-01-26 21:27:09,2024-01-26 21:32:05,,1.0,,,141,229,0,7.2,1.0,0.5,1.83,0.0,1.0,14.03,,,passagers_invalides;
2,2024-01-28 12:30:39,2024-01-28 12:30:47,3.0,0.0,2.0,N,100,100,4,70.0,0.0,0.5,0.0,0.0,1.0,74.0,2.5,0.0,distance_invalide;
2,2024-01-26 17:19:59,2024-01-26 17:39:26,2.0,2.4,1.0,N,162,142,4,-18.4,-2.5,-0.5,0.0,0.0,-1.0,-24.9,-2.5,0.0,montant_invalide;
2,2024-01-02 16:25:08,2024-01-02 16:25:25,1.0,0.0,2.0,N,132,132,2,70.0,5.0,0.5,0.0,0.0,1.0,78.25,0.0,1.75,distance_invalide;
1,2024-01-15 18:37:07,2024-01-15 18:39:56,1.0,0.0,5.0,N,132,132,1,85.0,1.75,0.0,21.95,0.0,1.0,109.7,0.0,1.75,distance_invalide;
1,2024-01-25 12:35:42,2024-01-25 12:37:08,1.0,0.0,1.0,N,141,141,2,3.0,2.5,0.5,0.0,0.0,1.0,7.0,2.5,0.0,distance_invalide;
2,2024-01-26 14:46:45,2024-01-26 15:06:11,1.0,2.58,1.0,N,140,48,4,-19.1,0.0,-0.5,0.0,0.0,-1.0,-23.1,-2.5,0.0,montant_invalide;
2,2024-01-17 08:03:58,2024-01-17 08:23:17,,2.55,,,142,75,0,27.24,0.0,0.5,3.12,0.0,1.0,34.36,,,passagers_invalides;
2,2024-01-01 16:00:03,2024-01-01 16:11:27,1.0,1.95,1.0,N,237,162,4,-13.5,0.0,-0.5,0.0,0.0,-1.0,-17.5,-2.5,0.0,montant_invalide;
1,2024-01-21 02:37:20,2024-01-21 02:47:23,,0.0,,,148,137,0,15.15,0.0,0.5,0.0,0.0,1.0,19.15,,,distance_invalide;passagers_invalides;
1,2024-01-06 23:05:38,2024-01-06 23:16:37,,0.0,,,164,144,0,12.05,0.0,0.5,0.0,0.0,1.0,16.05,,,distance_invalide;passagers_invalides;
2,2024-01-15 20:06:16,2024-01-15 20:06:20,3.0,0.0,5.0,N,132,132,1,82.69,0.0,0.0,0.0,0.0,1.0,85.44,0.0,1.75,distance_invalide;
2,2024-01-12 21:07:12,2024-01-12 21:34:04,4.0,0.0,1.0,N,209,161,1,21.2,1.0,0.5,5.24,0.0,1.0,31.44,2.5,0.0,distance_invalide;
2,2024-01-14 09:17:51,2024-01-14 09:17:54,2.0,0.0,5.0,N,162,264,1,85.0,0.0,0.5,17.3,0.0,1.0,103.8,0.0,0.0,distance_invalide;
2,2024-01-01 14:48:20,2024-01-01 15:00:14,,1.65,,,141,236,0,15.92,0.0,0.5,0.0,0.0,1.0,19.92,,,passagers_invalides;
1,2024-01-06 12:37:33,2024-01-06 12:42:10,,0.9,,,237,162,0,6.5,0.0,0.5,1.58,0.0,1.0,12.08,,,passagers_invalides;
1,2024-01-23 21:42:25,2024-01-23 21:50:11,,0.0,,,163,68,0,11.87,0.0,0.5,0.0,0.0,1.0,15.87,,,distance_invalide;passagers_invalides;
2,2024-01-06 09:53:44,2024-01-06 09:54:38,1.0,0.0,2.0,N,239,239,3,-70.0,0.0,-0.5,0.0,0.0,-1.0,-74.0,-2.5,0.0,distance_invalide;montant_invalide;
2,2024-01-28 13:44:34,2024-01-28 13:53:06,3.0,1.13,1.0,N,186,230,4,-10.0,0.0,-0.5,0.0,0.0,-1.0,-14.0,-2.5,0.0,montant_invalide;
1,2024-01-01 00:38:39,2024-01-01 01:04:23,,0.0,,,41,79,0,37.9,0.0,0.5,0.0,0.0,1.0,41.9,,,distance_invalide;passagers_invalides;
2,2024-01-02 18:39:38,2024-01-02 19:21:14,4.0,17.89,2.0,N,132,230,4,-70.0,-5.0,-0.5,0.0,-6.94,-1.0,-87.69,-2.5,-1.75,montant_invalide;
1,2024-01-17 22:47:11,2024-01-17 22:55:59,0.0,2.5,1.0,N,162,263,2,12.8,3.5,0.5,0.0,0.0,1.0,17.8,2.5,0.0,passagers_invalides;
2,2024-01-28 17:13:02,2024-01-28 17:28:18,1.0,1.71,1.0,N,246,100,4,-14.9,0.0,-0.5,0.0,0.0,-1.0,-18.9,-2.5,0.0,montant_invalide;
1,2024-01-23 20:46:38,2024-01-23 20:46:59,2.0,0.0,1.0,N,70,70,3,3.0,1.0,0.5,0.0,0.0,1.0,5.5,0.0,0.0,distance_invalide;
2,2024-01-04 15:13:56,2024-01-04 15:19:53,2.0,0.43,1.0,N,144,45,3,-7.2,0.0,-0.5,0.0,0.0,-1.0,-11.2,-2.5,0.0,montant_invalide;
2,2024-01-14 00:58:02,2024-01-14 01:09:57,,1.24,,,234,249,0,10.35,0.0,0.5,0.0,0.0,1.0,14.35,,,passagers_invalides;
2,2024-01-11 18:49:36,2024-01-11 19:07:20,1.0,0.0,1.0,N,162,265,1,14.9,2.5,0.0,10.13,15.38,1.0,43.91,0.0,0.0,distance_invalide;
2,2024-01-14 00:25:23,2024-01-14 00:48:32,,8.35,,,249,116,0,35.23,0.0,0.5,0.0,0.0,1.0,39.23,,,passagers_invalides;
2,2024-01-04 20:48:45,2024-01-04 21:05:24,,6.26,,,137,112,0,8.72,0.0,0.5,0.0,6.94,1.0,19.66,,,passagers_invalides;
2,2024-01-26 19:39:15,2024-01-26 19:40:16,2.0,0.22,1.0,N,170,161,4,-3.7,-2.5,-0.5,0.0,0.0,-1.0,-10.2,-2.5,0.0,montant_invalide;
2,2024-01-29 09:10:15,2024-01-29 09:24:59,,2.61,,,262,161,0,19.53,0.0,0.5,0.0,0.0,1.0,23.53,,,passagers_invalides;
2,2024-01-05 18:58:38,2024-01-05 19:11:43,,2.01,,,163,262,0,17.04,0.0,0.5,0.0,0.0,1.0,21.04,,,passagers_invalides;
2,2024-01-03 09:40:23,2024-01-03 09:40:26,1.0,0.0,5.0,N,48,48,1,84.0,0.0,0.0,1.0,0.0,1.0,88.5,2.5,0.0,distance_invalide;
2,2024-01-05 21:25:13,2024-01-05 21:42:24,,3.57,,,229,238,0,18.39,0.0,0.5,0.0,0.0,1.0,22.39,,,passagers_invalides;
2,2024-01-14 17:18:27,2024-01-14 17:42:12,,3.51,,,211,33,0,27.38,0.0,0.5,9.41,0.0,1.0,40.79,,,passagers_invalides;
2,2024-01-20 23:45:38,2024-01-21 00:05:54,,4.96,,,112,263,0,27.29,0.0,0.5,0.0,0.0,1.0,31.29,,,passagers_invalides;
2,2024-01-08 11:19:55,2024-01-08 11:20:37,2.0,0.0,5.0,N,265,265,1,165.0,0.0,0.0,0.0,0.0,1.0,166.0,0.0,0.0,distance_invalide;
2,2024-01-12 23:32:56,2024-01-12 23:39:48,,1.06,,,249,114,0,9.53,0.0,0.5,0.0,0.0,1.0,13.53,,,passagers_invalides;
2,2024-01-02 10:47:22,2024-01-02 11:06:09,,2.73,,,170,236,0,20.06,0.0,0.5,4.33,0.0,1.0,28.39,,,passagers_invalides;
2,2024-01-28 14:58:20,2024-01-28 14:58:28,1.0,0.0,5.0,N,141,141,1,81.0,0.0,0.0,14.0,0.0,1.0,98.5,2.5,0.0,distance_invalide;
1,2024-01-18 10:09:52,2024-01-18 10:31:31,0.0,1.9,1.0,N,161,236,1,19.1,2.5,0.5,4.6,0.0,1.0,27.7,2.5,0.0,passagers_invalides;
1,2024-01-26 19:11:40,2024-01-26 19:22:11,,2.0,,,143,246,0,13.87,0.0,0.5,0.0,0.0,1.0,17.87,,,passagers_invalides;
1,2024-01-24 14:24:47,2024-01-24 14:29:04,,0.5,,,234,113,0,5.8,0.0,0.5,1.96,0.0,1.0,11.76,,,passagers_invalides;
1,2024-01-26 15:14:02,2024-01-26 15:28:21,0.0,1.6,1.0,N,107,144,2,14.2,2.5,0.5,0.0,0.0,1.0,18.2,2.5,0.0,passagers_invalides;
2,2024-01-20 21:23:56,2024-01-20 21:24:01,2.0,0.0,2.0,N,113,113,4,-70.0,0.0,-0.5,0.0,0.0,-1.0,-74.0,-2.5,0.0,distance_invalide;montant_invalide;
1,2024-01-26 18:22:54,2024-01-26 18:32:38,0.0,2.0,1.0,N,141,239,2,12.1,5.0,0.5,0.0,0.0,1.0,18.6,2.5,0.0,passagers_invalides;
2,2024-01-18 09:16:21,2024-01-18 09:19:13,1.0,0.52,1.0,N,141,263,4,-5.1,0.0,-0.5,0.0,0.0,-1.0,-9.1,-2.5,0.0,montant_invalide;
1,2024-01-22 14:33:47,2024-01-22 14:44:51,1.0,0.0,99.0,N,170,224,1,16.5,0.0,0.5,0.0,0.0,1.0,18.0,0.0,0.0,distance_invalide;
2,2024-01-29 14:28:09,2024-01-29 14:50:01,,2.12,,,229,100,0,17.26,0.0,0.5,4.25,0.0,1.0,25.51,,,passagers_invalides;
2,2024-01-01 09:03:57,2024-01-01 09:13:46,,3.1,,,256,211,0,16.0,0.0,0.5,0.0,0.0,1.0,20.0,,,passagers_invalides;
1,2024-01-06 21:57:37,2024-01-06 22:11:31,,2.1,,,234,45,0,16.01,0.0,0.5,0.0,0.0,1.0,20.01,,,passagers_invalides;
2,2024-01-09 20:51:42,2024-01-09 20:59:32,,1.17,,,151,238,0,11.74,0.0,0.5,1.57,0.0,1.0,17.31,,,passagers_invalides;
1,2024-01-19 14:03:37,2024-01-19 14:16:08,0.0,1.6,1.0,N,237,170,1,12.8,2.5,0.5,2.0,0.0,1.0,18.8,2.5,0.0,passagers_invalides;
1,2024-01-24 11:08:40,2024-01-24 11:27:15,0.0,0.6,1.0,N,186,100,1,15.6,2.5,0.5,4.9,0.0,1.0,24.5,2.5,0.0,passagers_invalides;
1,2024-01-11 15:38:46,2024-01-11 16:02:04,,2.2,,,230,141,0,19.8,0.0,0.5,3.57,0.0,1.0,27.37,,,passagers_invalides;
1,2024-01-16 23:20:43,2024-01-16 23:29:07,,0.0,,,142,48,0,15.42,0.0,0.5,0.0,0.0,1.0,19.42,,,distance_invalide;passagers_invalides;
1,2024-01-06 19:09:40,2024-01-06 19:09:40,0.0,0.0,1.0,Y,234,264,2,11.4,5.0,0.5,0.0,0.0,1.0,17.9,2.5,0.0,distance_invalide;passagers_invalides;
2,2024-01-28 19:01:24,2024-01-28 19:01:31,1.0,0.0,5.0,N,230,230,1,24.0,0.0,0.0,0.0,0.0,1.0,27.5,2.5,0.0,distance_invalide;
1,2024-01-18 17:04:42,2024-01-18 17:28:12,,2.7,,,234,141,0,19.8,2.5,0.5,2.63,0.0,1.0,28.93,,,passagers_invalides;
1,2024-01-11 09:03:37,2024-01-11 09:29:11,,0.0,,,75,79,0,32.02,0.0,0.5,0.0,0.0,1.0,36.02,,,distance_invalide;passagers_invalides;
1,2024-01-28 11:03:42,2024-01-28 11:13:07,0.0,1.0,1.0,N,90,249,1,10.0,2.5,0.5,2.8,0.0,1.0,16.8,2.5,0.0,passagers_invalides;
2,2024-01-06 17:08:00,2024-01-06 17:29:00,,5.76,,,148,226,0,27.69,0.0,0.5,6.34,0.0,1.0,38.03,,,passagers_invalides;
1,2024-01-19 21:52:08,2024-01-19 21:57:57,,0.9,,,230,164,0,7.2,1.0,0.5,1.83,0.0,1.0,14.03,,,passagers_invalides;
1,2024-01-21 21:33:59,2024-01-21 21:33:59,1.0,0.0,1.0,N,230,264,2,14.2,3.5,0.5,0.0,0.0,1.0,19.2,2.5,0.0,distance_invalide;
2,2024-01-27 22:08:45,2024-01-27 22:30:23,,3.88,,,100,231,0,25.24,0.0,0.5,0.0,0.0,1.0,29.24,,,passagers_invalides;
1,2024-01-14 00:34:25,2024-01-14 00:57:41,,0.0,,,144,74,0,30.68,0.0,0.5,0.0,0.0,1.0,34.68,,,distance_invalide;passagers_invalides;
2,2024-01-20 08:28:24,2024-01-20 08:37:38,,1.48,,,143,161,0,11.58,0.0,0.5,5.0,0.0,1.0,20.58,,,passagers_invalides;
1,2024-01-17 22:19:28,2024-01-17 22:30:37,,0.0,,,137,141,0,19.86,0.0,0.5,0.0,0.0,1.0,23.86,,,distance_invalide;passagers_invalides;
2,2024-01-17 14:24:52,2024-01-17 14:31:27,1.0,0.49,1.0,N,140,141,4,-7.2,0.0,-0.5,0.0,0.0,-1.0,-11.2,-2.5,0.0,montant_invalide;
2,2024-01-08 17:18:21,2024-01-08 17:43:47,,9.41,,,162,138,0,40.37,0.0,0.5,0.0,6.94,1.0,51.31,,,passagers_invalides;
2,2024-01-22 18:27:04,2024-01-22 18:35:12,1.0,1.71,1.0,N,48,237,2,-10.0,-2.5,-0.5,0.0,0.0,-1.0,-16.5,-2.5,0.0,montant_invalide;
2,2024-01-28 01:13:47,2024-01-28 01:31:59,,4.02,,,256,249,0,23.32,0.0,0.5,0.0,0.0,1.0,27.32,,,passagers_invalides;
1,2024-01-24 18:49:09,2024-01-24 19:06:17,,2.7,,,161,239,0,17.7,2.5,0.5,4.84,0.0,1.0,29.04,,,passagers_invalides;
1,2024-01-02 13:26:21,2024-01-02 14:04:41,,11.7,,,79,121,0,51.89,0.0,0.5,0.0,0.0,1.0,55.89,,,passagers_invalides;
2,2024-01-05 07:03:02,2024-01-05 07:05:56,1.0,0.87,1.0,N,75,74,4,-5.8,0.0,-0.5,0.0,0.0,-1.0,-7.3,0.0,0.0,montant_invalide;
1,2024-01-18 19:09:43,2024-01-18 19:14:54,,0.7,,,262,141,0,7.2,2.5,0.5,2.74,0.0,1.0,16.44,,,passagers_invalides;
2,2024-01-30 13:40:34,2024-01-30 13:56:12,,1.92,,,239,230,0,15.66,0.0,0.5,1.97,0.0,1.0,21.63,,,passagers_invalides;
2,2024-01-12 11:24:40,2024-01-12 11:41:59,2.0,2.26,1.0,N,231,186,2,-17.0,0.0,-0.5,0.0,0.0,-1.0,-21.0,-2.5,0.0,montant_invalide;
2,2024-01-26 19:55:06,2024-01-26 19:56:12,1.0,0.02,1.0,N,162,162,4,-3.7,-2.5,-0.5,0.0,0.0,-1.0,-10.2,-2.5,0.0,montant_invalide;
1,2024-01-07 22:30:32,2024-01-07 22:49:26,0.0,3.6,1.0,N,79,161,1,20.5,3.5,0.5,5.1,0.0,1.0,30.6,2.5,0.0,passagers_invalides;
2,2024-01-13 19:03:09,2024-01-13 19:24:16,,7.62,,,75,87,0,33.85,0.0,0.5,0.0,0.0,1.0,37.85,,,passagers_invalides;
2,2024-01-10 19:46:56,2024-01-10 19:53:07,1.0,0.0,1.0,N,137,229,1,7.2,2.5,0.5,2.5,0.0,1.0,16.2,2.5,0.0,distance_invalide;
2,2024-01-08 03:28:46,2024-01-08 03:56:41,1.0,23.3,1.0,N,132,227,4,-84.9,-1.0,-0.5,0.0,0.0,-1.0,-91.65,-2.5,-1.75,montant_invalide;
1,2024-01-11 20:57:17,2024-01-11 21:02:21,,1.1,,,162,141,0,7.2,1.0,0.5,2.44,0.0,1.0,14.64,,,passagers_invalides;
1,2024-01-05 09:18:01,2024-01-05 09:29:36,,1.6,,,237,164,0,11.4,0.0,0.5,3.08,0.0,1.0,18.48,,,passagers_invalides;
1,2024-01-02 21:03:45,2024-01-02 21:04:35,1.0,0.0,1.0,N,132,132,3,3.0,1.0,0.5,0.0,0.0,1.0,5.5,0.0,0.0,distance_invalide;
2,2024-01-06 10:07:35,2024-01-06 10:19:56,,2.58,,,151,42,0,16.24,0.0,0.5,3.55,0.0,1.0,21.29,,,passagers_invalides;
2,2024-01-27 17:25:31,2024-01-27 17:25:38,1.0,0.0,5.0,N,161,161,1,82.0,0.0,0.0,17.1,0.0,1.0,102.6,2.5,0.0,distance_invalide;
1,2024-01-28 21:52:54,2024-01-28 22:06:44,,3.7,,,48,151,0,20.33,0.0,0.5,0.0,0.0,1.0,24.33,,,passagers_invalides;
1,2024-01-14 00:23:07,2024-01-14 00:25:57,,0.9,,,48,143,0,6.5,1.0,0.5,1.15,0.0,1.0,12.65,,,passagers_invalides;
1,2024-01-30 12:23:35,2024-01-30 12:34:26,,0.9,,,237,140,0,10.7,0.0,0.5,2.94,0.0,1.0,17.64,,,passagers_invalides;
1,2024-01-24 21:15:37,2024-01-24 21:29:58,,4.5,,,262,79,0,19.8,1.0,0.5,3.72,0.0,1.0,28.52,,,passagers_invalides;
1,2024-01-16 20:15:28,2024-01-16 20:32:43,,0.0,,,170,143,0,19.89,0.0,0.5,0.0,0.0,1.0,23.89,,,distance_invalide;passagers_invalides;
1,2024-01-02 15:01:11,2024-01-02 15:42:39,0.0,13.2,1.0,N,138,76,2,57.6,6.75,0.5,0.0,0.0,1.0,65.85,0.0,1.75,passagers_invalides;
2,2024-01-09 10:00:31,2024-01-09 10:02:06,2.0,0.0,5.0,N,1,1,2,111.0,0.0,0.0,0.0,0.0,1.0,112.0,0.0,0.0,distance_invalide;
1,2024-01-19 11:25:56,2024-01-19 11:33:08,0.0,0.6,1.0,N,237,236,1,7.9,2.5,0.5,2.35,0.0,1.0,14.25,2.5,0.0,passagers_invalides;
2,2024-01-20 00:54:18,2024-01-20 01:00:53,2.0,1.38,1.0,N,114,170,4,-9.3,-1.0,-0.5,2.86,0.0,-1.0,-11.44,-2.5,0.0,montant_invalide;
2,2024-01-16 17:08:11,2024-01-16 17:20:30,,1.6,,,100,233,0,20.16,0.0,0.5,0.0,0.0,1.0,24.16,,,passagers_invalides;
2,2024-01-16 16:12:26,2024-01-16 16:21:56,,1.55,,,249,186,0,31.41,0.0,0.5,0.0,0.0,1.0,35.41,,,passagers_invalides;
2,2024-01-01 21:56:58,2024-01-01 22:10:46,1.0,0.0,1.0,N,162,236,4,-12.1,-1.0,-0.5,0.0,0.0,-1.0,-17.1,-2.5,0.0,distance_invalide;montant_invalide;
2,2024-01-28 00:56:36,2024-01-28 01:17:19,,8.91,,,142,243,0,31.34,0.0,0.5,0.0,0.0,1.0,35.34,,,passagers_invalides;
2,2024-01-29 08:44:53,2024-01-29 09:13:27,,5.64,,,97,14,0,33.61,0.0,0.5,7.02,0.0,1.0,42.13,,,passagers_invalides;
1,2024-01-20 10:24:37,2024-01-20 10:31:23,0.0,1.0,1.0,N,142,163,1,7.9,2.5,0.5,1.5,0.0,1.0,13.4,2.5,0.0,passagers_invalides;
2,2024-01-23 19:24:33,2024-01-23 19:45:42,1.0,7.32,1.0,N,196,164,4,-34.5,-2.5,-0.5,0.0,-6.94,-1.0,-47.94,-2.5,0.0,montant_invalide;
1,2024-01-03 15:13:15,2024-01-03 16:08:24,,14.8,,,233,132,0,63.18,0.0,0.5,0.0,0.0,1.0,67.18,,,passagers_invalides;
2,2024-01-19 19:43:18,2024-01-19 19:54:16,1.0,1.71,1.0,N,142,238,2,-12.8,-2.5,-0.5,0.0,0.0,-1.0,-19.3,-2.5,0.0,montant_invalide;
1,2024-01-04 12:44:09,2024-01-04 13:01:54,0.0,1.9,1.0,N,236,237,1,14.9,2.5,0.5,3.0,0.0,1.0,21.9,2.5,0.0,passagers_invalides;
2,2024-01-28 09:23:10,2024-01-28 09:52:20,,11.11,,,231,138,0,42.61,0.0,0.5,13.98,0.0,1.0,60.59,,,passagers_invalides;
2,2024-01-30 20:32:49,2024-01-30 20:37:51,1.0,0.0,1.0,N,229,229,1,6.5,1.0,0.5,2.3,0.0,1.0,13.8,2.5,0.0,distance_invalide;
1,2024-01-12 23:43:04,2024-01-13 00:02:41,,0.0,,,68,79,0,20.89,0.0,0.5,0.0,0.0,1.0,24.89,,,distance_invalide;passagers_invalides;
1,2024-01-25 18:40:16,2024-01-25 19:36:44,1.0,0.0,1.0,N,125,242,1,42.5,0.0,0.5,0.0,0.0,1.0,44.0,0.0,0.0,distance_invalide;
2,2024-01-17 22:39:37,2024-01-17 22:41:52,1.0,0.34,1.0,N,151,238,2,-4.4,-1.0,-0.5,0.0,0.0,-1.0,-6.9,0.0,0.0,montant_invalide;
1,2024-01-13 10:27:15,2024-01-13 10:31:31,0.0,0.8,1.0,N,143,238,1,6.5,2.5,0.5,2.63,0.0,1.0,13.13,2.5,0.0,passagers_invalides;
2,2024-01-06 19:15:19,2024-01-06 19:27:37,,0.5,,,230,48,0,12.09,0.0,0.5,0.0,0.0,1.0,16.09,,,passagers_invalides;
1,2024-01-17 18:51:38,2024-01-17 19:04:37,,0.0,,,13,113,0,19.95,0.0,0.5,0.0,0.0,1.0,23.95,,,distance_invalide;passagers_invalides;
1,2024-01-31 08:35:43,2024-01-31 08:45:54,0.0,1.5,1.0,N,234,233,1,10.0,2.5,0.5,2.8,0.0,1.0,16.8,2.5,0.0,passagers_invalides;
2,2024-01-14 12:54:58,2024-01-14 13:14:01,,3.82,,,116,142,0,21.0,0.0,0.5,0.0,0.0,1.0,25.0,,,passagers_invalides;
2,2024-01-11 21:00:09,2024-01-11 21:06:11,,1.38,,,61,72,0,9.24,0.0,0.5,0.0,0.0,1.0,10.74,,,passagers_invalides;
1,2024-01-26 08:52:12,2024-01-26 08:59:39,0.0,1.4,1.0,N,107,233,1,10.0,2.5,0.5,4.2,0.0,1.0,18.2,2.5,0.0,passagers_invalides;
2,2024-01-06 19:48:40,2024-01-06 19:59:48,,2.03,,,239,166,0,13.09,0.0,0.5,0.0,0.0,1.0,17.09,,,passagers_invalides;
1,2024-01-01 10:28:32,2024-01-01 10:42:48,,0.0,,,97,249,0,15.87,0.0,0.5,0.0,25.5,1.0,45.37,,,distance_invalide;passagers_invalides;
1,2024-01-23 14:37:50,2024-01-23 14:52:34,0.0,1.4,1.0,N,141,236,1,14.2,2.5,0.5,3.6,0.0,1.0,21.8,2.5,0.0,passagers_invalides;
1,2024-01-28 10:47:51,2024-01-28 10:50:32,0.0,0.6,1.0,N,239,239,1,5.1,2.5,0.5,1.8,0.0,1.0,10.9,2.5,0.0,passagers_invalides;
2,2024-01-07 02:10:08,2024-01-07 02:10:14,2.0,0.0,5.0,N,224,224,1,30.0,0.0,0.0,6.7,0.0,1.0,40.2,2.5,0.0,distance_invalide;
2,2024-01-04 14:14:07,2024-01-04 14:38:19,2.0,3.95,1.0,N,148,163,4,-24.7,0.0,-0.5,0.0,0.0,-1.0,-28.7,-2.5,0.0,montant_invalide;
1,2024-01-19 13:05:10,2024-01-19 13:29:02,,2.0,,,141,48,0,19.8,0.0,0.5,3.57,0.0,1.0,27.37,,,passagers_invalides;
1,2024-01-28 10:25:48,2024-01-28 10:43:54,,3.8,,,142,211,0,22.29,0.0,0.5,0.0,0.0,1.0,26.29,,,passagers_invalides;
1,2024-01-06 14:54:05,2024-01-06 14:56:05,,0.3,,,236,237,0,4.4,0.0,0.5,1.68,0.0,1.0,10.08,,,passagers_invalides;
2,2024-01-28 13:23:52,2024-01-28 13:23:59,1.0,0.0,5.0,N,162,162,2,5.0,0.0,0.0,0.0,0.0,1.0,6.0,0.0,0.0,distance_invalide;
2,2024-01-03 11:47:08,2024-01-03 12:02:44,,3.18,,,33,114,0,19.21,0.0,0.5,4.64,0.0,1.0,27.85,,,passagers_invalides;
1,2024-01-09 13:52:51,2024-01-09 14:07:37,1.0,0.0,99.0,N,140,161,1,17.5,0.0,0.5,0.0,0.0,1.0,19.0,0.0,0.0,distance_invalide;
2,2024-01-10 07:44:45,2024-01-10 07:57:20,,1.62,,,75,140,0,10.01,0.0,0.5,0.0,0.0,1.0,14.01,,,passagers_invalides;
1,2024-01-12 19:54:35,2024-01-12 20:19:07,2.0,0.0,99.0,N,161,7,1,22.5,0.0,0.5,0.0,6.94,1.0,30.94,0.0,0.0,distance_invalide;
2,2024-01-28 03:26:48,2024-01-28 03:46:50,,8.67,,,158,116,0,38.69,0.0,0.5,0.0,0.0,1.0,42.69,,,passagers_invalides;
1,2024-01-17 22:08:23,2024-01-17 22:30:31,,0.0,,,170,239,0,20.18,0.0,0.5,0.0,0.0,1.0,24.18,,,distance_invalide;passagers_invalides;
2,2024-01-13 01:50:40,2024-01-13 02:00:57,,3.0,,,256,231,0,28.1,0.0,0.5,0.0,0.0,1.0,32.1,,,passagers_invalides;
1,2024-01-17 17:49:45,2024-01-17 18:11:16,,0.0,,,229,48,0,22.4,0.0,0.5,0.0,0.0,1.0,26.4,,,distance_invalide;passagers_invalides;
2,2024-01-28 15:33:54,2024-01-28 16:00:40,1.0,4.9,1.0,N,107,238,4,-28.2,0.0,-0.5,0.0,0.0,-1.0,-32.2,-2.5,0.0,montant_invalide;
2,2024-01-17 15:20:42,2024-01-17 15:21:13,1.0,0.0,5.0,N,170,170,2,7.7,0.0,0.0,0.0,0.0,1.0,11.2,2.5,0.0,distance_invalide;
1,2024-01-02 21:19:38,2024-01-02 21:37:30,0.0,2.0,1.0,N,249,230,1,14.2,3.5,0.5,3.8,0.0,1.0,23.0,2.5,0.0,passagers_invalides;
2,2024-01-18 20:17:37,2024-01-18 20:35:04,,3.21,,,161,239,0,21.06,0.0,0.5,0.0,0.0,1.0,25.06,,,passagers_invalides;
1,2024-01-21 02:39:57,2024-01-21 02:48:52,,0.0,,,232,125,0,14.74,0.0,0.5,0.0,0.0,1.0,18.74,,,distance_invalide;passagers_invalides;
2,2024-01-15 22:05:38,2024-01-15 22:12:48,,1.22,,,234,186,0,9.59,0.0,0.5,0.0,0.0,1.0,13.59,,,passagers_invalides;
2,2024-01-11 09:51:37,2024-01-11 09:57:16,1.0,0.69,1.0,N,142,142,3,-7.2,0.0,-0.5,0.0,0.0,-1.0,-11.2,-2.5,0.0,montant_invalide;
2,2024-01-20 20:24:15,2024-01-20 20:24:20,1.0,0.0,2.0,N,144,144,2,70.0,0.0,0.5,0.0,0.0,1.0,74.0,2.5,0.0,distance_invalide;
2,2024-01-03 12:57:37,2024-01-03 12:57:43,1.0,0.0,1.0,N,193,193,1,3.0,0.0,0.5,0.01,0.0,1.0,4.51,0.0,0.0,distance_invalide;
1,2024-01-07 12:28:33,2024-01-07 12:42:54,,2.9,,,148,186,0,15.0,0.0,0.5,0.0,0.0,1.0,19.0,,,passagers_invalides;
2,2024-01-02 18:28:00,2024-01-02 18:34:00,,0.96,,,90,249,0,14.22,0.0,0.5,3.64,0.0,1.0,21.86,,,passagers_invalides;
2,2024-01-19 02:36:01,2024-01-19 02:36:09,1.0,0.0,5.0,N,162,162,1,20.0,0.0,0.0,0.0,0.0,1.0,23.5,2.5,0.0,distance_invalide;
2,2024-01-21 14:48:49,2024-01-21 15:14:52,1.0,3.46,1.0,N,162,68,4,-24.7,0.0,-0.5,0.0,0.0,-1.0,-28.7,-2.5,0.0,montant_invalide;
1,2024-01-19 09:35:44,2024-01-19 09:50:24,0.0,3.0,1.0,N,140,164,3,17.7,2.5,0.5,0.0,0.0,1.0,21.7,2.5,0.0,passagers_invalides;
1,2024-01-17 08:53:46,2024-01-17 09:10:36,,6.0,,,43,244,0,28.2,0.0,0.5,3.22,0.0,1.0,35.42,,,passagers_invalides;
2,2024-01-17 12:45:31,2024-01-17 13:09:54,,5.93,,,75,246,0,31.64,0.0,0.5,0.0,0.0,1.0,35.64,,,passagers_invalides;
2,2024-01-28 01:25:22,2024-01-28 01:29:11,,0.82,,,230,68,0,12.12,0.0,0.5,0.0,0.0,1.0,16.12,,,passagers_invalides;
2,2024-01-15 17:14:10,2024-01-15 17:14:27,1.0,0.0,1.0,N,238,238,2,-3.0,0.0,-0.5,0.0,0.0,-1.0,-4.5,0.0,0.0,distance_invalide;montant_invalide;
1,2024-01-22 11:07:39,2024-01-22 11:11:31,0.0,0.6,1.0,N,163,162,1,5.8,2.5,0.5,3.0,0.0,1.0,12.8,2.5,0.0,passagers_invalides;
2,2024-01-22 14:59:19,2024-01-22 15:14:15,,1.73,,,229,100,0,12.8,0.0,0.5,3.36,0.0,1.0,20.16,,,passagers_invalides;
1,2024-01-26 10:47:02,2024-01-26 11:14:24,,5.3,,,230,12,0,27.72,0.0,0.5,0.0,0.0,1.0,31.72,,,passagers_invalides;
2,2024-01-20 07:36:00,2024-01-20 07:47:00,,2.17,,,238,163,0,13.37,0.0,0.5,3.47,0.0,1.0,20.84,,,passagers_invalides;
2,2024-01-17 10:16:03,2024-01-17 10:27:20,,1.57,,,48,163,0,12.01,0.0,0.5,2.4,0.0,1.0,18.41,,,passagers_invalides;
1,2024-01-15 10:17:06,2024-01-15 10:37:35,,5.1,,,231,80,0,22.48,0.0,0.5,0.0,0.0,1.0,26.48,,,passagers_invalides;
1,2024-01-18 14:06:48,2024-01-18 14:26:25,0.0,1.9,1.0,N,161,140,1,17.7,2.5,0.5,4.34,0.0,1.0,26.04,2.5,0.0,passagers_invalides;
2,2024-01-28 12:16:21,2024-01-28 12:21:16,4.0,1.08,1.0,N,158,186,3,-7.2,0.0,-0.5,0.0,0.0,-1.0,-11.2,-2.5,0.0,montant_invalide;
2,2024-01-12 14:45:07,2024-01-12 14:45:24,1.0,0.0,1.0,N,132,132,3,3.0,0.0,0.5,0.0,0.0,1.0,4.5,0.0,0.0,distance_invalide;
2,2024-01-09 10:50:25,2024-01-09 10:51:26,1.0,0.0,1.0,N,193,193,1,0.0,0.0,0.0,0.0,0.0,0.0,0.0,0.0,0.0,distance_invalide;montant_invalide;
1,2024-01-05 13:29:12,2024-01-05 13:39:23,0.0,1.1,1.0,N,141,262,1,10.7,2.5,0.5,2.2,0.0,1.0,16.9,2.5,0.0,passagers_invalides;
2,2024-01-18 16:29:47,2024-01-18 16:29:55,1.0,0.0,1.0,N,226,226,3,3.0,2.5,0.5,0.0,0.0,1.0,7.0,0.0,0.0,distance_invalide;
2,2024-01-27 00:32:01,2024-01-27 00:33:40,1.0,0.32,1.0,N,230,142,3,-4.4,-1.0,-0.5,0.0,0.0,-1.0,-9.4,-2.5,0.0,montant_invalide;
2,2024-01-15 15:00:36,2024-01-15 15:00:41,1.0,0.0,5.0,N,138,138,1,62.0,5.0,0.0,8.0,0.0,1.0,77.75,0.0,1.75,distance_invalide;
2,2024-01-22 18:58:56,2024-01-22 19:03:18,2.0,0.67,1.0,N,162,229,3,-6.5,-2.5,-0.5,0.0,0.0,-1.0,-13.0,-2.5,0.0,montant_invalide;
2,2024-01-10 16:24:47,2024-01-10 16:59:26,,7.05,,,107,95,0,42.86,0.0,0.5,9.37,0.0,1.0,56.23,,,passagers_invalides;
2,2024-01-05 17:20:03,2024-01-05 17:30:11,,1.83,,,238,166,0,11.74,0.0,0.5,2.65,0.0,1.0,15.89,,,passagers_invalides;
2,2024-01-25 16:12:04,2024-01-25 16:18:08,1.0,0.0,1.0,N,237,236,1,7.2,2.5,0.5,2.06,0.0,1.0,15.76,2.5,0.0,distance_invalide;
1,2024-01-08 16:47:15,2024-01-08 16:55:10,,0.0,,,114,113,0,8.89,0.0,0.5,0.0,0.0,1.0,12.89,,,distance_invalide;passagers_invalides;
2,2024-01-19 17:34:17,2024-01-19 18:04:50,,5.81,,,87,61,0,35.36,0.0,0.5,7.87,0.0,1.0,47.23,,,passagers_invalides;
1,2024-01-18 07:45:32,2024-01-18 07:58:26,,0.0,,,223,7,0,12.07,0.0,0.5,0.0,0.0,1.0,13.57,,,distance_invalide;passagers_invalides;
1,2024-01-30 14:04:53,2024-01-30 14:32:05,,5.2,,,163,13,0,26.1,0.0,0.5,4.51,0.0,1.0,34.61,,,passagers_invalides;
2,2024-01-28 01:23:52,2024-01-28 01:24:01,3.0,0.0,5.0,N,68,68,1,10.0,0.0,0.0,0.0,0.0,1.0,13.5,2.5,0.0,distance_invalide;
2,2024-01-31 21:32:05,2024-01-31 21:40:52,,1.31,,,161,164,0,8.03,0.0,0.5,0.0,0.0,1.0,12.03,,,passagers_invalides;
1,2024-01-07 10:30:18,2024-01-07 11:07:21,0.0,10.7,1.0,Y,246,85,2,49.9,2.5,0.5,0.0,6.94,1.0,60.84,2.5,0.0,passagers_invalides;
1,2024-01-09 17:54:57,2024-01-09 18:01:44,,0.0,,,141,233,0,15.95,0.0,0.5,0.0,0.0,1.0,19.95,,,distance_invalide;passagers_invalides;
2,2024-01-06 16:31:26,2024-01-06 17:19:57,3.0,16.78,2.0,N,132,164,3,-70.0,0.0,-0.5,0.0,-6.94,-1.0,-82.69,-2.5,-1.75,montant_invalide;
1,2024-01-21 22:45:49,2024-01-21 23:06:58,,3.7,,,249,107,0,22.6,1.0,0.5,4.14,0.0,1.0,31.74,,,passagers_invalides;
1,2024-01-05 10:00:42,2024-01-05 10:15:07,,0.0,,,263,161,0,15.25,0.0,0.5,0.0,0.0,1.0,19.25,,,distance_invalide;passagers_invalides;
2,2024-01-28 10:34:35,2024-01-28 10:40:31,,0.64,,,262,236,0,8.83,0.0,0.5,0.0,0.0,1.0,12.83,,,passagers_invalides;
1,2024-01-09 09:34:17,2024-01-09 09:57:34,0.0,3.3,1.0,N,50,234,1,22.6,2.5,0.5,3.0,0.0,1.0,29.6,2.5,0.0,passagers_invalides;
2,2024-01-16 09:44:50,2024-01-16 09:44:58,1.0,0.0,5.0,N,4,4,3,72.0,0.0,0.0,0.0,0.0,1.0,75.5,2.5,0.0,distance_invalide;
2,2024-01-07 20:18:52,2024-01-07 20:33:17,,3.52,,,238,170,0,20.39,0.0,0.5,4.0,0.0,1.0,28.39,,,passagers_invalides;
2,2024-01-21 02:17:19,2024-01-21 02:37:59,,9.23,,,79,116,0,28.43,0.0,0.5,0.0,0.0,1.0,32.43,,,passagers_invalides;
2,2024-01-09 21:09:31,2024-01-09 21:29:01,,3.34,,,163,114,0,22.41,0.0,0.5,0.0,0.0,1.0,26.41,,,passagers_invalides;
2,2024-01-21 22:49:26,2024-01-21 22:55:45,1.0,0.82,1.0,N,148,45,4,-7.9,-1.0,-0.5,0.0,0.0,-1.0,-12.9,-2.5,0.0,montant_invalide;
1,2024-01-29 14:56:26,2024-01-29 14:56:49,1.0,0.0,1.0,N,132,132,2,3.0,1.75,0.5,0.0,0.0,1.0,6.25,0.0,1.75,distance_invalide;
1,2024-01-10 01:30:26,2024-01-10 01:30:51,1.0,0.0,1.0,N,107,107,4,3.0,3.5,0.5,0.0,0.0,1.0,8.0,2.5,0.0,distance_invalide;
1,2024-01-04 01:15:17,2024-01-04 01:36:33,,0.0,,,74,45,0,29.14,0.0,0.5,0.0,0.0,1.0,33.14,,,distance_invalide;passagers_invalides;
2,2024-01-26 13:05:02,2024-01-26 13:11:53,,1.16,,,41,42,0,8.79,0.0,0.5,0.0,0.0,1.0,10.29,,,passagers_invalides;
1,2024-01-28 14:48:55,2024-01-28 14:56:43,0.0,2.1,1.0,N,88,33,1,11.4,2.5,0.5,3.05,0.0,1.0,18.45,2.5,0.0,passagers_invalides;
1,2024-01-25 17:38:56,2024-01-25 17:51:38,0.0,1.4,1.0,N,262,237,1,10.7,5.0,0.5,2.0,0.0,1.0,19.2,2.5,0.0,passagers_invalides;
2,2024-01-11 09:07:17,2024-01-11 09:24:43,,2.71,,,239,162,0,20.9,0.0,0.5,0.0,0.0,1.0,24.9,,,passagers_invalides;
2,2024-01-07 01:01:44,2024-01-07 01:10:25,1.0,1.57,1.0,N,79,231,2,-10.7,-1.0,-0.5,0.0,0.0,-1.0,-15.7,-2.5,0.0,montant_invalide;
2,2024-01-11 21:04:38,2024-01-11 21:16:13,1.0,1.03,1.0,N,163,100,3,-11.4,-1.0,-0.5,0.0,0.0,-1.0,-16.4,-2.5,0.0,montant_invalide;
1,2024-01-17 12:48:49,2024-01-17 13:07:30,,0.0,,,239,237,0,21.04,0.0,0.5,0.0,0.0,1.0,25.04,,,distance_invalide;passagers_invalides;
1,2024-01-12 14:50:31,2024-01-12 15:22:10,0.0,9.5,1.0,N,138,237,1,42.9,9.25,0.5,12.1,6.94,1.0,72.69,2.5,1.75,passagers_invalides;
2,2024-01-03 20:25:25,2024-01-03 20:25:33,1.0,0.0,5.0,N,246,246,1,14.7,0.0,0.0,5.46,0.0,1.0,23.66,2.5,0.0,distance_invalide;
2,2024-01-01 07:57:26,2024-01-01 08:02:25,1.0,1.1,1.0,N,48,186,4,-7.2,0.0,-0.5,0.0,0.0,-1.0,-11.2,-2.5,0.0,montant_invalide;
2,2024-01-01 01:33:35,2024-01-01 01:54:51,,2.54,,,236,170,0,22.4,0.0,0.5,0.0,0.0,1.0,26.4,,,passagers_invalides;
1,2024-01-12 11:56:02,2024-01-12 12:17:42,2.0,0.0,99.0,N,92,129,1,19.5,0.0,0.5,0.0,0.0,1.0,21.0,0.0,0.0,distance_invalide;
2,2024-01-04 08:34:00,2024-01-04 08:45:00,,3.03,,,231,246,0,18.67,0.0,0.5,0.0,0.0,1.0,22.67,,,passagers_invalides;
2,2024-01-06 00:49:35,2024-01-06 00:55:34,,0.76,,,114,158,0,6.83,0.0,0.5,0.0,0.0,1.0,10.83,,,passagers_invalides;
2,2024-01-06 19:26:42,2024-01-06 19:45:37,,4.07,,,263,107,0,26.6,0.0,0.5,0.0,0.0,1.0,30.6,,,passagers_invalides;
1,2024-01-16 06:47:26,2024-01-16 07:33:38,1.0,0.0,1.0,N,10,170,1,43.0,0.0,0.5,0.0,13.88,1.0,58.38,0.0,0.0,distance_invalide;
2,2024-01-28 00:02:36,2024-01-28 00:08:49,1.0,0.6,1.0,N,249,234,4,-7.2,-1.0,-0.5,0.0,0.0,-1.0,-12.2,-2.5,0.0,montant_invalide;
1,2024-01-08 20:23:36,2024-01-08 20:29:46,4.0,0.0,1.0,N,170,107,1,7.2,3.5,0.5,2.4,0.0,1.0,14.6,2.5,0.0,distance_invalide;
2,2024-01-12 23:20:20,2024-01-12 23:42:48,,5.77,,,79,238,0,26.01,0.0,0.5,0.0,0.0,1.0,30.01,,,passagers_invalides;
1,2024-01-21 12:04:37,2024-01-21 12:11:31,,0.0,,,262,141,0,6.83,0.0,0.5,0.0,0.0,1.0,10.83,,,distance_invalide;passagers_invalides;
2,2024-01-16 18:36:29,2024-01-16 18:53:01,1.0,2.51,1.0,N,161,125,4,-17.0,-2.5,-0.5,0.0,0.0,-1.0,-23.5,-2.5,0.0,montant_invalide;
2,2024-01-19 15:04:10,2024-01-19 15:27:50,1.0,0.0,1.0,N,236,234,1,19.1,0.0,0.5,4.62,0.0,1.0,27.72,2.5,0.0,distance_invalide;
2,2024-01-25 18:32:35,2024-01-25 18:53:26,,2.49,,,170,143,0,18.62,0.0,0.5,0.0,0.0,1.0,22.62,,,passagers_invalides;
2,2024-01-12 01:09:33,2024-01-12 01:09:44,2.0,0.0,5.0,N,189,189,1,24.5,0.0,0.0,5.6,0.0,1.0,33.6,2.5,0.0,distance_invalide;
2,2024-01-22 21:44:51,2024-01-22 21:55:30,1.0,1.51,1.0,N,164,230,4,-11.4,-1.0,-0.5,0.0,0.0,-1.0,-16.4,-2.5,0.0,montant_invalide;
2,2024-01-24 22:29:58,2024-01-24 22:35:16,,0.64,,,100,170,0,-1.0,0.0,0.5,0.0,0.0,1.0,3.0,,,montant_invalide;passagers_invalides;
2,2024-01-13 17:58:15,2024-01-13 18:42:37,,19.55,,,194,72,0,56.57,0.0,0.5,0.0,6.94,1.0,65.01,,,passagers_invalides;
1,2024-01-05 11:23:16,2024-01-05 11:38:06,0.0,2.0,1.0,N,143,166,1,15.6,2.5,0.5,4.0,0.0,1.0,23.6,2.5,0.0,passagers_invalides;
1,2024-01-18 14:23:53,2024-01-18 14:50:29,0.0,6.1,1.0,N,162,261,1,31.7,2.5,0.5,5.0,0.0,1.0,40.7,2.5,0.0,passagers_invalides;
1,2024-01-21 15:22:37,2024-01-21 15:29:23,0.0,0.7,1.0,N,229,170,1,7.9,2.5,0.5,0.0,0.0,1.0,11.9,2.5,0.0,passagers_invalides;
2,2024-01-17 12:48:59,2024-01-17 12:52:18,,0.62,,,239,142,0,23.0,0.0,0.5,0.0,0.0,1.0,27.0,,,passagers_invalides;
2,2024-01-01 00:30:55,2024-01-01 01:17:31,,12.04,,,249,243,0,41.26,0.0,0.5,0.0,0.0,1.0,45.26,,,passagers_invalides;
2,2024-01-27 12:55:18,2024-01-27 13:13:41,,2.84,,,129,7,0,17.52,0.0,0.5,0.0,0.0,1.0,19.02,,,passagers_invalides;
2,2024-01-13 09:23:13,2024-01-13 09:42:32,,7.31,,,166,265,0,52.72,0.0,0.0,12.12,13.38,1.0,79.22,,,passagers_invalides;
2,2024-01-02 17:36:35,2024-01-02 17:36:39,2.0,0.0,5.0,N,132,132,1,87.0,0.0,0.0,17.6,0.0,1.0,107.35,0.0,1.75,distance_invalide;
1,2024-01-24 17:49:23,2024-01-24 18:10:02,,2.1,,,236,163,0,19.1,2.5,0.5,2.56,0.0,1.0,28.16,,,passagers_invalides;
2,2024-01-14 17:05:25,2024-01-14 17:05:37,1.0,0.0,2.0,N,237,237,1,70.0,0.0,0.5,14.8,0.0,1.0,88.8,2.5,0.0,distance_invalide;
2,2024-01-24 17:36:00,2024-01-24 17:36:14,2.0,0.0,2.0,N,132,132,1,70.0,5.0,0.5,0.0,6.94,1.0,85.19,0.0,1.75,distance_invalide;
2,2024-01-07 21:32:28,2024-01-07 21:35:55,2.0,0.59,1.0,N,237,141,4,-5.8,-1.0,-0.5,0.0,0.0,-1.0,-10.8,-2.5,0.0,montant_invalide;
1,2024-01-29 11:29:14,2024-01-29 11:35:44,0.0,0.6,1.0,N,237,140,1,6.5,2.5,0.5,2.1,0.0,1.0,12.6,2.5,0.0,passagers_invalides;
2,2024-01-20 00:28:03,2024-01-20 00:35:22,,1.05,,,144,232,0,8.73,0.0,0.5,0.0,0.0,1.0,12.73,,,passagers_invalides;
2,2024-01-20 19:45:02,2024-01-20 19:58:17,,1.64,,,170,113,0,12.91,0.0,0.5,0.0,0.0,1.0,16.91,,,passagers_invalides;
2,2024-01-17 21:58:19,2024-01-17 22:11:35,,1.73,,,230,233,0,16.22,0.0,0.5,0.0,0.0,1.0,20.22,,,passagers_invalides;
1,2024-01-01 13:45:01,2024-01-01 13:58:57,,3.1,,,229,239,0,17.0,0.0,0.5,3.15,0.0,1.0,24.15,,,passagers_invalides;
2,2024-01-02 13:32:00,2024-01-02 13:32:06,2.0,0.0,2.0,N,234,234,3,70.0,0.0,0.5,0.0,0.0,1.0,74.0,2.5,0.0,distance_invalide;
2,2024-01-20 11:40:43,2024-01-20 11:46:40,1.0,0.0,1.0,N,237,142,1,6.5,0.0,0.5,2.62,0.0,1.0,13.12,2.5,0.0,distance_invalide;
2,2024-01-15 15:30:38,2024-01-15 15:48:36,,4.14,,,140,234,0,19.29,0.0,0.5,0.0,0.0,1.0,23.29,,,passagers_invalides;
1,2024-01-29 20:51:20,2024-01-29 20:54:28,,0.2,,,237,237,0,5.1,1.0,0.5,2.02,0.0,1.0,12.12,,,passagers_invalides;
1,2024-01-12 21:46:02,2024-01-12 21:46:27,1.0,0.0,1.0,N,236,236,3,3.0,1.0,0.5,0.0,0.0,1.0,5.5,0.0,0.0,distance_invalide;
2,2024-01-15 18:57:13,2024-01-15 19:08:20,,1.76,,,234,162,0,10.47,0.0,0.5,0.0,0.0,1.0,14.47,,,passagers_invalides;
2,2024-01-13 21:56:59,2024-01-13 22:14:38,1.0,3.69,1.0,N,249,97,3,-21.2,-1.0,-0.5,0.0,0.0,-1.0,-26.2,-2.5,0.0,montant_invalide;
2,2024-01-19 14:27:13,2024-01-19 14:42:58,1.0,2.18,1.0,N,163,161,4,-14.9,0.0,-0.5,0.0,0.0,-1.0,-18.9,-2.5,0.0,montant_invalide;
2,2024-01-26 23:57:03,2024-01-27 00:09:02,,1.86,,,234,125,0,12.84,0.0,0.5,0.0,0.0,1.0,16.84,,,passagers_invalides;
2,2024-01-19 13:04:37,2024-01-19 13:04:47,1.0,0.0,5.0,N,236,236,1,5.6,0.0,0.0,1.0,0.0,1.0,10.1,2.5,0.0,distance_invalide;
1,2024-01-01 14:41:53,2024-01-01 14:58:28,,0.0,,,233,243,0,37.12,0.0,0.5,0.0,0.0,1.0,41.12,,,distance_invalide;passagers_invalides;
1,2024-01-12 17:17:53,2024-01-12 17:18:34,1.0,0.0,1.0,N,168,168,2,3.0,2.5,0.5,0.0,0.0,1.0,7.0,0.0,0.0,distance_invalide;
1,2024-01-28 01:04:00,2024-01-28 01:22:29,,0.0,,,234,87,0,26.06,0.0,0.5,0.0,0.0,1.0,30.06,,,distance_invalide;passagers_invalides;
2,2024-01-09 21:14:22,2024-01-09 21:18:31,,0.7,,,142,142,0,9.08,0.0,0.5,0.0,0.0,1.0,13.08,,,passagers_invalides;
1,2024-01-25 08:14:42,2024-01-25 08:29:40,,0.0,,,143,244,0,28.84,0.0,0.5,0.0,0.0,1.0,32.84,,,distance_invalide;passagers_invalides;
2,2024-01-10 15:07:00,2024-01-10 15:07:05,1.0,0.0,1.0,N,100,100,1,3.0,0.0,0.5,7.0,0.0,1.0,14.0,2.5,0.0,distance_invalide;
2,2024-01-10 06:45:19,2024-01-10 06:57:03,,3.57,,,41,161,0,15.67,0.0,0.5,0.0,0.0,1.0,19.67,,,passagers_invalides;
2,2024-01-28 16:30:57,2024-01-28 16:34:33,,0.6,,,262,262,0,7.83,0.0,0.5,0.0,0.0,1.0,11.83,,,passagers_invalides;
2,2024-01-26 15:43:25,2024-01-26 15:43:35,2.0,0.01,2.0,N,132,132,4,-70.0,0.0,-0.5,0.0,0.0,-1.0,-73.25,0.0,-1.75,montant_invalide;
1,2024-01-01 09:39:54,2024-01-01 09:45:00,,0.0,,,164,68,0,6.83,0.0,0.5,0.0,0.0,1.0,10.83,,,distance_invalide;passagers_invalides;
2,2024-01-18 20:12:38,2024-01-18 20:19:51,,0.86,,,163,237,0,9.44,0.0,0.5,0.0,0.0,1.0,13.44,,,passagers_invalides;
1,2024-01-08 09:45:34,2024-01-08 10:01:19,,1.5,,,100,237,0,11.76,0.0,0.5,0.0,0.0,1.0,15.76,,,passagers_invalides;
2,2024-01-17 20:01:09,2024-01-17 20:27:36,1.0,15.02,1.0,N,132,265,2,-56.9,-2.5,-0.5,0.0,0.0,-1.0,-60.9,0.0,0.0,montant_invalide;
2,2024-01-03 08:02:14,2024-01-03 08:02:22,1.0,0.0,5.0,N,132,132,1,92.0,0.0,0.0,0.0,0.0,1.0,94.75,0.0,1.75,distance_invalide;
2,2024-01-24 17:27:53,2024-01-24 17:28:49,1.0,0.01,1.0,N,162,162,4,-3.0,-2.5,-0.5,0.0,0.0,-1.0,-9.5,-2.5,0.0,montant_invalide;
1,2024-01-14 17:04:19,2024-01-14 17:11:52,0.0,1.5,1.0,N,234,162,1,9.3,2.5,0.5,2.65,0.0,1.0,15.95,2.5,0.0,passagers_invalides;
1,2024-01-10 17:17:51,2024-01-10 17:25:05,0.0,0.4,1.0,N,162,170,1,7.9,5.0,0.5,2.85,0.0,1.0,17.25,2.5,0.0,passagers_invalides;
1,2024-01-26 06:26:11,2024-01-26 06:26:11,4.0,0.0,1.0,Y,178,264,2,17.0,0.0,0.5,0.0,0.0,1.0,18.5,0.0,0.0,distance_invalide;
2,2024-01-16 17:27:37,2024-01-16 18:16:09,1.0,20.35,1.0,N,132,65,4,-78.6,-2.5,-0.5,0.0,0.0,-1.0,-84.35,0.0,-1.75,montant_invalide;
2,2024-01-27 19:42:40,2024-01-27 19:50:03,,1.63,,,142,246,0,14.22,0.0,0.5,0.0,0.0,1.0,18.22,,,passagers_invalides;
1,2024-01-17 11:45:47,2024-01-17 11:50:07,,0.0,,,263,75,0,10.83,0.0,0.5,0.0,0.0,1.0,14.83,,,distance_invalide;passagers_invalides;
1,2024-01-28 11:40:37,2024-01-28 11:52:51,0.0,2.3,1.0,N,50,249,1,12.8,2.5,0.5,2.0,0.0,1.0,18.8,2.5,0.0,passagers_invalides;
2,2024-01-09 11:58:28,2024-01-09 12:24:33,,7.14,,,140,231,0,27.54,0.0,0.5,6.31,0.0,1.0,37.85,,,passagers_invalides;
2,2024-01-13 18:35:31,2024-01-13 18:51:19,2.0,2.42,1.0,N,161,79,4,-15.6,0.0,-0.5,0.0,0.0,-1.0,-19.6,-2.5,0.0,montant_invalide;
1,2024-01-22 09:49:32,2024-01-22 09:53:50,0.0,0.9,1.0,N,249,68,1,6.5,2.5,0.5,3.0,0.0,1.0,13.5,2.5,0.0,passagers_invalides;
1,2024-01-25 13:56:38,2024-01-25 14:03:47,0.0,1.0,1.0,N,231,211,1,8.6,2.5,0.5,2.5,0.0,1.0,15.1,2.5,0.0,passagers_invalides;
2,2024-01-31 21:30:27,2024-01-31 21:40:16,,2.32,,,100,141,0,15.77,0.0,0.5,0.0,0.0,1.0,19.77,,,passagers_invalides;
2,2024-01-25 18:04:45,2024-01-25 18:16:44,,1.19,,,151,239,0,10.46,0.0,0.5,0.0,0.0,1.0,14.46,,,passagers_invalides;
2,2024-01-08 11:56:06,2024-01-08 12:05:12,1.0,0.0,1.0,N,186,164,1,9.3,0.0,0.5,2.66,0.0,1.0,15.96,2.5,0.0,distance_invalide;
2,2024-01-09 19:06:35,2024-01-09 19:08:49,1.0,0.59,1.0,N,138,70,4,-5.1,-7.5,-0.5,0.0,0.0,-1.0,-15.85,0.0,-1.75,montant_invalide;
1,2024-01-21 21:16:52,2024-01-21 21:21:05,0.0,1.2,1.0,N,143,238,1,7.2,3.5,0.5,2.4,0.0,1.0,14.6,2.5,0.0,passagers_invalides;
2,2024-01-15 13:58:06,2024-01-15 14:01:52,,0.59,,,261,88,0,11.74,0.0,0.5,3.15,0.0,1.0,18.89,,,passagers_invalides;
2,2024-01-20 00:44:03,2024-01-20 00:56:58,,2.13,,,231,107,0,15.61,0.0,0.5,0.0,0.0,1.0,19.61,,,passagers_invalides;
1,2024-01-01 11:37:37,2024-01-01 11:57:22,,7.8,,,230,70,0,34.25,0.0,0.5,0.0,6.94,1.0,42.69,,,passagers_invalides;
1,2024-01-25 15:06:16,2024-01-25 15:11:23,0.0,0.9,1.0,N,74,41,1,6.5,0.0,0.5,1.5,0.0,1.0,9.5,0.0,0.0,passagers_invalides;
2,2024-01-25 01:37:46,2024-01-25 01:44:20,,1.07,,,107,113,0,6.92,0.0,0.5,0.0,0.0,1.0,10.92,,,passagers_invalides;
1,2024-01-12 17:49:30,2024-01-12 18:02:57,,1.9,,,161,236,0,12.1,2.5,0.5,3.72,0.0,1.0,22.32,,,passagers_invalides;
1,2024-01-27 12:53:21,2024-01-27 12:56:00,0.0,0.4,1.0,N,142,142,1,5.1,2.5,0.5,2.7,0.0,1.0,11.8,2.5,0.0,passagers_invalides;
1,2024-01-05 12:11:11,2024-01-05 12:14:23,,0.3,,,230,230,0,10.16,0.0,0.5,0.0,0.0,1.0,14.16,,,passagers_invalides;
2,2024-01-02 18:22:51,2024-01-02 18:22:57,4.0,0.0,1.0,N,132,132,2,-3.0,-2.5,-0.5,0.0,0.0,-1.0,-8.75,0.0,-1.75,distance_invalide;montant_invalide;
2,2024-01-28 03:51:38,2024-01-28 04:26:10,,10.49,,,197,188,0,42.29,0.0,0.5,0.0,0.0,1.0,43.79,,,passagers_invalides;
2,2024-01-19 21:43:43,2024-01-19 21:52:50,1.0,1.24,1.0,N,79,107,4,-10.0,-1.0,-0.5,0.0,0.0,-1.0,-15.0,-2.5,0.0,montant_invalide;
1,2024-01-19 18:41:55,2024-01-19 18:52:21,,2.3,,,262,162,0,12.8,2.5,0.5,3.85,0.0,1.0,23.15,,,passagers_invalides;
1,2024-01-29 08:53:37,2024-01-29 09:03:45,,1.9,,,236,162,0,12.1,0.0,0.5,3.22,0.0,1.0,19.32,,,passagers_invalides;
1,2024-01-11 18:25:46,2024-01-11 18:43:36,0.0,1.7,1.0,N,236,161,1,14.2,5.0,0.5,5.15,0.0,1.0,25.85,2.5,0.0,passagers_invalides;
2,2024-01-08 11:11:48,2024-01-08 11:12:09,1.0,0.0,1.0,N,41,41,3,-3.0,0.0,-0.5,0.0,0.0,-1.0,-4.5,0.0,0.0,distance_invalide;montant_invalide;
1,2024-01-21 15:05:54,2024-01-21 15:14:22,0.0,1.3,1.0,N,234,79,1,9.3,2.5,0.5,2.65,0.0,1.0,15.95,2.5,0.0,passagers_invalides;
2,2024-01-12 21:43:56,2024-01-12 22:20:37,1.0,6.89,1.0,N,230,256,4,-38.0,-1.0,-0.5,0.0,0.0,-1.0,-43.0,-2.5,0.0,montant_invalide;
2,2024-01-09 21:36:00,2024-01-09 21:59:31,,5.18,,,170,166,0,25.28,0.0,0.5,0.0,0.0,1.0,29.28,,,passagers_invalides;
2,2024-01-30 02:10:41,2024-01-30 02:14:45,1.0,1.12,1.0,N,114,113,4,-7.2,-1.0,-0.5,0.0,0.0,-1.0,-12.2,-2.5,0.0,montant_invalide;
1,2024-01-21 15:04:18,2024-01-21 15:19:44,,2.6,,,48,264,0,16.3,0.0,0.5,3.05,0.0,1.0,23.35,,,passagers_invalides;
2,2024-01-31 08:41:09,2024-01-31 08:45:18,,0.62,,,262,263,0,9.58,0.0,0.5,0.0,0.0,1.0,13.58,,,passagers_invalides;
2,2024-01-31 17:56:51,2024-01-31 18:09:30,,2.26,,,231,246,0,15.43,0.0,0.5,0.0,0.0,1.0,19.43,,,passagers_invalides;
2,2024-01-21 12:42:09,2024-01-21 12:55:15,,2.83,,,142,246,0,16.77,0.0,0.5,0.0,0.0,1.0,20.77,,,passagers_invalides;
2,2024-01-11 06:36:13,2024-01-11 06:46:23,,3.31,,,151,48,0,16.6,0.0,0.5,3.09,0.0,1.0,23.69,,,passagers_invalides;
2,2024-01-27 02:14:52,2024-01-27 02:24:09,,1.91,,,249,170,0,10.66,0.0,0.5,0.0,0.0,1.0,14.66,,,passagers_invalides;
1,2024-01-12 22:29:19,2024-01-12 22:51:31,,4.8,,,231,143,0,24.0,1.0,0.5,5.8,0.0,1.0,34.8,,,passagers_invalides;
1,2024-01-14 20:32:04,2024-01-14 20:39:52,0.0,1.8,1.0,N,142,161,1,10.7,3.5,0.5,3.1,0.0,1.0,18.8,2.5,0.0,passagers_invalides;
1,2024-01-01 01:09:30,2024-01-01 01:35:37,,0.0,,,246,238,0,34.18,0.0,0.5,0.0,0.0,1.0,38.18,,,distance_invalide;passagers_invalides;
2,2024-01-01 04:12:30,2024-01-01 04:24:07,,2.35,,,209,113,0,13.05,0.0,0.5,0.0,0.0,1.0,17.05,,,passagers_invalides;
2,2024-01-12 10:11:51,2024-01-12 10:22:03,1.0,1.51,1.0,N,186,249,4,-10.7,0.0,-0.5,0.0,0.0,-1.0,-14.7,-2.5,0.0,montant_invalide;
2,2024-01-05 11:47:12,2024-01-05 12:26:31,,0.0,,,230,264,0,41.07,0.0,0.5,0.0,0.0,1.0,45.07,,,distance_invalide;passagers_invalides;
2,2024-01-20 10:31:07,2024-01-20 10:43:43,1.0,8.2,1.0,N,132,93,4,-31.7,0.0,-0.5,0.0,0.0,-1.0,-34.95,0.0,-1.75,montant_invalide;
2,2024-01-28 15:57:56,2024-01-28 15:58:02,1.0,0.0,5.0,N,65,211,1,84.0,0.0,0.0,10.0,0.0,1.0,95.0,0.0,0.0,distance_invalide;
1,2024-01-11 20:51:46,2024-01-11 20:58:16,,0.0,,,142,163,0,7.05,0.0,0.5,0.0,0.0,1.0,11.05,,,distance_invalide;passagers_invalides;
2,2024-01-10 13:48:44,2024-01-10 14:03:26,,2.07,,,162,239,0,17.04,0.0,0.5,0.0,0.0,1.0,21.04,,,passagers_invalides;
1,2024-01-06 21:31:58,2024-01-06 21:53:36,0.0,4.4,1.0,N,249,239,1,21.2,3.5,0.5,5.2,0.0,1.0,31.4,2.5,0.0,passagers_invalides;
1,2024-01-26 19:16:58,2024-01-26 19:19:08,0.0,0.3,1.0,N,239,238,1,4.4,5.0,0.5,2.15,0.0,1.0,13.05,2.5,0.0,passagers_invalides;
1,2024-01-22 11:31:51,2024-01-22 11:41:03,0.0,1.1,1.0,N,237,262,1,9.3,2.5,0.5,2.0,0.0,1.0,15.3,2.5,0.0,passagers_invalides;
1,2024-01-19 16:22:09,2024-01-19 16:34:58,0.0,1.0,1.0,N,264,264,1,12.1,5.0,0.5,1.0,0.0,1.0,19.6,2.5,0.0,passagers_invalides;
2,2024-01-30 07:29:00,2024-01-30 07:35:37,,1.11,,,237,263,0,12.15,0.0,0.5,0.0,0.0,1.0,16.15,,,passagers_invalides;
2,2024-01-26 16:48:19,2024-01-26 16:56:37,,1.34,,,262,141,0,-3.0,0.0,0.5,0.0,0.0,1.0,1.0,,,montant_invalide;passagers_invalides;
1,2024-01-16 21:01:26,2024-01-16 21:15:09,0.0,2.0,1.0,N,263,239,1,14.9,2.5,0.5,3.75,0.0,1.0,22.65,2.5,0.0,passagers_invalides;
2,2024-01-18 16:14:43,2024-01-18 16:30:05,,1.48,,,100,237,0,18.23,0.0,0.5,0.0,0.0,1.0,22.23,,,passagers_invalides;
2,2024-01-19 15:13:41,2024-01-19 15:29:06,1.0,0.0,1.0,N,41,239,1,13.5,0.0,0.5,3.5,0.0,1.0,21.0,2.5,0.0,distance_invalide;
2,2024-01-27 02:49:18,2024-01-27 03:00:27,,1.88,,,158,148,0,13.71,0.0,0.5,0.0,0.0,1.0,17.71,,,passagers_invalides;
2,2024-01-26 14:02:30,2024-01-26 14:10:53,,0.73,,,161,163,0,6.83,0.0,0.5,0.0,0.0,1.0,10.83,,,passagers_invalides;
2,2024-01-21 12:06:02,2024-01-21 12:19:38,,3.36,,,238,229,0,19.53,0.0,0.5,0.0,0.0,1.0,23.53,,,passagers_invalides;
2,2024-01-22 16:54:23,2024-01-22 17:23:17,1.0,9.1,1.0,N,79,7,2,-39.4,-2.5,-0.5,0.0,-6.94,-1.0,-52.84,-2.5,0.0,montant_invalide;
1,2024-01-30 08:55:44,2024-01-30 09:12:15,0.0,2.3,1.0,N,113,113,1,14.9,2.5,0.5,5.65,0.0,1.0,24.55,2.5,0.0,passagers_invalides;
2,2024-01-06 19:42:08,2024-01-06 19:55:51,,2.06,,,161,246,0,21.34,0.0,0.5,0.0,0.0,1.0,25.34,,,passagers_invalides;
1,2024-01-13 08:42:37,2024-01-13 08:56:23,0.0,3.9,1.0,N,107,145,2,19.1,2.5,0.5,0.0,0.0,1.0,23.1,2.5,0.0,passagers_invalides;
1,2024-01-23 19:01:08,2024-01-23 19:17:42,0.0,1.5,1.0,N,230,143,1,14.2,5.0,0.5,2.0,0.0,1.0,22.7,2.5,0.0,passagers_invalides;
2,2024-01-19 19:08:52,2024-01-19 19:19:14,,2.49,,,143,236,0,19.32,0.0,0.5,2.33,0.0,1.0,25.65,,,passagers_invalides;
2,2024-01-22 06:54:51,2024-01-22 07:02:46,,1.42,,,4,137,0,19.58,0.0,0.5,0.0,0.0,1.0,23.58,,,passagers_invalides;
2,2024-01-29 12:17:34,2024-01-29 12:29:37,,1.65,,,161,90,0,15.56,0.0,0.5,0.0,0.0,1.0,19.56,,,passagers_invalides;
2,2024-01-08 17:47:38,2024-01-08 18:02:54,,1.8,,,164,158,0,13.46,0.0,0.5,3.49,0.0,1.0,20.95,,,passagers_invalides;
2,2024-01-20 23:35:02,2024-01-20 23:42:46,,0.88,,,170,186,0,11.14,0.0,0.5,0.0,0.0,1.0,15.14,,,passagers_invalides;
2,2024-01-22 07:22:42,2024-01-22 07:51:43,,6.4,,,179,262,0,34.3,0.0,0.5,9.05,6.94,1.0,54.29,,,passagers_invalides;
2,2024-01-09 19:54:27,2024-01-09 20:03:54,,1.73,,,236,143,0,11.74,0.0,0.5,3.15,0.0,1.0,18.89,,,passagers_invalides;
2,2024-01-26 06:49:40,2024-01-26 06:52:44,,0.75,,,143,143,0,9.33,0.0,0.5,0.0,0.0,1.0,13.33,,,passagers_invalides;
2,2024-01-16 22:21:49,2024-01-16 22:41:00,1.0,5.36,1.0,N,170,42,4,-24.7,-1.0,-0.5,5.94,0.0,-1.0,-23.76,-2.5,0.0,montant_invalide;
1,2024-01-21 02:47:22,2024-01-21 02:48:32,,0.0,,,249,249,0,12.53,0.0,0.5,0.0,0.0,1.0,16.53,,,distance_invalide;passagers_invalides;
2,2024-01-07 00:00:38,2024-01-07 00:12:44,,2.04,,,114,261,0,-3.0,0.0,0.5,0.0,0.0,1.0,1.0,,,montant_invalide;passagers_invalides;
2,2024-01-01 21:32:07,2024-01-01 21:45:51,,5.62,,,40,80,0,2.39,0.0,0.5,0.0,0.0,1.0,3.89,,,passagers_invalides;
2,2024-01-21 01:43:43,2024-01-21 01:50:22,1.0,1.02,1.0,N,107,186,4,-7.9,-1.0,-0.5,0.0,0.0,-1.0,-12.9,-2.5,0.0,montant_invalide;
1,2024-01-25 17:31:21,2024-01-25 17:39:02,,0.7,,,249,90,0,8.6,2.5,0.5,2.26,0.0,1.0,17.36,,,passagers_invalides;
1,2024-01-02 10:39:46,2024-01-02 10:50:30,,0.0,,,262,164,0,12.98,0.0,0.5,0.0,0.0,1.0,16.98,,,distance_invalide;passagers_invalides;
1,2024-01-23 14:38:26,2024-01-23 14:57:51,0.0,2.1,1.0,N,90,137,2,17.7,2.5,0.5,0.0,0.0,1.0,21.7,2.5,0.0,passagers_invalides;
2,2024-01-06 23:38:55,2024-01-06 23:51:28,,2.53,,,148,170,0,13.78,0.0,0.5,0.0,0.0,1.0,17.78,,,passagers_invalides;
2,2024-01-20 20:41:10,2024-01-20 20:58:19,,2.99,,,143,234,0,19.82,0.0,0.5,0.0,0.0,1.0,23.82,,,passagers_invalides;
1,2024-01-17 08:01:41,2024-01-17 08:18:48,,3.2,,,143,234,0,17.43,0.0,0.5,0.0,0.0,1.0,21.43,,,passagers_invalides;
2,2024-01-13 19:38:09,2024-01-13 20:07:28,1.0,0.0,1.0,N,239,148,1,23.3,0.0,0.5,5.46,0.0,1.0,32.76,2.5,0.0,distance_invalide;
2,2024-01-17 18:19:19,2024-01-17 18:41:03,,1.16,,,162,161,0,13.37,0.0,0.5,0.0,0.0,1.0,17.37,,,passagers_invalides;
2,2024-01-21 06:48:00,2024-01-21 07:02:00,,3.4,,,41,140,0,16.87,0.0,0.5,4.17,0.0,1.0,25.04,,,passagers_invalides;
1,2024-01-16 09:03:35,2024-01-16 09:26:48,0.0,1.5,1.0,N,186,161,1,19.1,2.5,0.5,5.75,0.0,1.0,28.85,2.5,0.0,passagers_invalides;
2,2024-01-22 16:03:19,2024-01-22 16:13:01,1.0,1.0,1.0,N,230,142,4,-10.0,-2.5,-0.5,0.0,0.0,-1.0,-16.5,-2.5,0.0,montant_invalide;
2,2024-01-22 22:53:16,2024-01-22 23:07:42,,3.62,,,246,162,0,18.91,0.0,0.5,0.0,0.0,1.0,22.91,,,passagers_invalides;
1,2024-01-26 06:04:37,2024-01-26 06:12:53,0.0,1.8,1.0,N,239,141,2,10.7,2.5,0.5,0.0,0.0,1.0,14.7,2.5,0.0,passagers_invalides;
2,2024-01-03 21:26:58,2024-01-03 21:27:46,2.0,0.0,1.0,N,151,151,2,-3.0,-1.0,-0.5,0.0,0.0,-1.0,-5.5,0.0,0.0,distance_invalide;montant_invalide;
2,2024-01-21 01:55:49,2024-01-21 02:07:21,1.0,1.58,1.0,N,114,107,3,-12.1,-1.0,-0.5,0.0,0.0,-1.0,-17.1,-2.5,0.0,montant_invalide;
2,2024-01-14 12:27:49,2024-01-14 12:40:34,,2.27,,,161,68,0,16.85,0.0,0.5,4.17,0.0,1.0,25.02,,,passagers_invalides;
1,2024-01-01 00:57:23,2024-01-01 01:25:19,,0.0,,,239,107,0,36.98,0.0,0.5,0.0,0.0,1.0,40.98,,,distance_invalide;passagers_invalides;
1,2024-01-04 16:37:57,2024-01-04 16:57:27,0.0,3.0,1.0,Y,262,74,1,21.2,5.0,0.5,2.0,0.0,1.0,29.7,2.5,0.0,passagers_invalides;
2,2024-01-22 08:03:53,2024-01-22 08:19:21,,2.78,,,42,239,0,18.37,0.0,0.5,0.0,0.0,1.0,22.37,,,passagers_invalides;
1,2024-01-09 12:10:40,2024-01-09 12:32:21,0.0,3.6,1.0,N,230,231,1,21.2,2.5,0.5,2.0,0.0,1.0,27.2,2.5,0.0,passagers_invalides;
1,2024-01-02 14:49:15,2024-01-02 14:49:40,2.0,0.0,1.0,N,145,145,2,3.0,0.0,0.5,0.0,0.0,1.0,4.5,0.0,0.0,distance_invalide;
2,2024-01-17 11:22:36,2024-01-17 11:54:27,,6.67,,,244,237,0,39.43,0.0,0.5,0.0,0.0,1.0,43.43,,,passagers_invalides;
1,2024-01-04 18:54:02,2024-01-04 19:06:32,0.0,1.6,1.0,N,162,90,2,12.8,5.0,0.5,0.0,0.0,1.0,19.3,2.5,0.0,passagers_invalides;
2,2024-01-31 22:18:29,2024-01-31 22:35:06,,6.42,,,66,161,0,27.22,0.0,0.5,0.0,0.0,1.0,31.22,,,passagers_invalides;
2,2024-01-11 08:30:33,2024-01-11 08:45:52,,2.91,,,65,88,0,14.65,0.0,0.5,0.0,0.0,1.0,18.65,,,passagers_invalides;
1,2024-01-02 18:50:26,2024-01-02 18:50:48,1.0,0.0,1.0,N,243,243,4,3.0,2.5,0.5,0.0,0.0,1.0,7.0,0.0,0.0,distance_invalide;
2,2024-01-10 04:07:17,2024-01-10 04:16:31,1.0,1.7,1.0,N,237,262,4,-11.4,-1.0,-0.5,0.0,0.0,-1.0,-16.4,-2.5,0.0,montant_invalide;
2,2024-01-25 19:19:02,2024-01-25 19:43:13,,5.33,,,229,223,0,37.21,0.0,0.5,8.24,0.0,1.0,49.45,,,passagers_invalides;
2,2024-01-10 17:59:00,2024-01-10 18:15:00,,1.08,,,238,237,0,23.49,0.0,0.5,5.5,0.0,1.0,32.99,,,passagers_invalides;
1,2024-01-02 08:32:15,2024-01-02 08:37:12,,1.5,,,143,246,0,13.25,0.0,0.5,0.0,0.0,1.0,14.75,,,passagers_invalides;
2,2024-01-28 01:19:23,2024-01-28 01:33:19,,2.79,,,234,209,0,17.07,0.0,0.5,0.0,0.0,1.0,21.07,,,passagers_invalides;
1,2024-01-04 22:09:54,2024-01-04 22:25:44,0.0,1.7,1.0,N,230,186,2,14.2,3.5,0.5,0.0,0.0,1.0,19.2,2.5,0.0,passagers_invalides;
2,2024-01-02 07:00:09,2024-01-02 07:07:38,,1.18,,,75,75,0,6.93,0.0,0.5,0.0,0.0,1.0,8.43,,,passagers_invalides;
1,2024-01-21 13:02:26,2024-01-21 13:21:32,,3.0,,,140,50,0,19.8,0.0,0.5,4.76,0.0,1.0,28.56,,,passagers_invalides;
2,2024-01-08 12:02:58,2024-01-08 12:03:13,1.0,0.0,1.0,N,162,161,2,3.0,0.0,0.5,0.0,0.0,1.0,7.0,2.5,0.0,distance_invalide;
1,2024-01-29 15:02:17,2024-01-29 15:31:14,0.0,3.1,1.0,N,264,229,1,25.4,2.5,0.5,4.41,0.0,1.0,33.81,2.5,0.0,passagers_invalides;
2,2024-01-23 17:52:00,2024-01-23 18:17:00,,2.66,,,113,230,0,29.22,0.0,0.5,1.0,0.0,1.0,34.22,,,passagers_invalides;
1,2024-01-14 18:09:24,2024-01-14 18:39:47,0.0,7.4,1.0,N,50,66,1,35.9,2.5,0.5,7.95,0.0,1.0,47.85,2.5,0.0,passagers_invalides;
2,2024-01-16 00:35:46,2024-01-16 00:35:56,1.0,0.0,2.0,N,237,237,2,70.0,0.0,0.5,0.0,0.0,1.0,74.0,2.5,0.0,distance_invalide;
1,2024-01-05 09:08:04,2024-01-05 09:16:52,,1.3,,,239,43,0,9.3,0.0,0.5,2.66,0.0,1.0,15.96,,,passagers_invalides;
1,2024-01-09 08:49:40,2024-01-09 08:58:51,,0.9,,,50,230,0,9.3,0.0,0.5,3.33,0.0,1.0,16.63,,,passagers_invalides;
1,2024-01-26 18:56:58,2024-01-26 19:14:00,0.0,1.2,1.0,N,113,68,2,7.2,5.0,0.5,0.0,0.0,1.0,13.7,2.5,0.0,passagers_invalides;
1,2024-01-07 22:05:02,2024-01-07 22:20:13,0.0,0.0,1.0,N,264,236,1,13.5,3.5,0.5,3.7,0.0,1.0,22.2,2.5,0.0,distance_invalide;passagers_invalides;
2,2024-01-11 06:27:26,2024-01-11 06:36:13,,1.37,,,213,208,0,9.97,0.0,0.5,0.0,0.0,1.0,11.47,,,passagers_invalides;
1,2024-01-06 23:21:12,2024-01-06 23:38:29,0.0,3.6,1.0,N,163,7,2,19.8,3.5,0.5,0.0,0.0,1.0,24.8,2.5,0.0,passagers_invalides;
2,2024-01-16 19:56:37,2024-01-16 20:13:32,,4.78,,,7,82,0,22.22,0.0,0.5,0.0,0.0,1.0,23.72,,,passagers_invalides;
2,2024-01-09 22:08:32,2024-01-09 22:21:19,,2.58,,,107,237,0,13.77,0.0,0.5,0.0,0.0,1.0,17.77,,,passagers_invalides;
1,2024-01-01 01:25:17,2024-01-01 01:25:21,,0.0,,,141,141,0,27.8,0.0,0.5,0.0,0.0,1.0,31.8,,,distance_invalide;passagers_invalides;
2,2024-01-09 14:56:10,2024-01-09 15:06:46,2.0,1.43,1.0,N,68,230,3,-11.4,0.0,-0.5,0.0,0.0,-1.0,-15.4,-2.5,0.0,montant_invalide;
1,2024-01-06 14:07:50,2024-01-06 14:22:23,0.0,3.1,1.0,N,237,90,1,17.0,2.5,0.5,4.2,0.0,1.0,25.2,2.5,0.0,passagers_invalides;
2,2024-01-27 12:17:57,2024-01-27 12:20:26,,0.37,,,170,170,0,7.83,0.0,0.5,0.0,0.0,1.0,11.83,,,passagers_invalides;
1,2024-01-24 13:51:15,2024-01-24 13:51:39,1.0,0.0,1.0,N,168,168,2,3.0,0.0,0.5,0.0,0.0,1.0,4.5,0.0,0.0,distance_invalide;
2,2024-01-19 20:25:40,2024-01-19 20:29:15,1.0,1.09,1.0,N,239,238,4,-7.2,-1.0,-0.5,0.0,0.0,-1.0,-12.2,-2.5,0.0,montant_invalide;
1,2024-01-21 20:57:01,2024-01-21 21:07:39,0.0,1.6,1.0,N,90,114,2,11.4,3.5,0.5,0.0,0.0,1.0,16.4,2.5,0.0,passagers_invalides;
1,2024-01-27 12:53:44,2024-01-27 12:57:54,0.0,0.7,1.0,N,170,162,1,6.5,2.5,0.5,2.1,0.0,1.0,12.6,2.5,0.0,passagers_invalides;
2,2024-01-13 01:40:41,2024-01-13 01:52:19,,1.23,,,148,211,0,16.47,0.0,0.5,0.0,0.0,1.0,20.47,,,passagers_invalides;
2,2024-01-14 12:15:24,2024-01-14 12:22:23,,1.13,,,79,211,0,11.74,0.0,0.5,3.15,0.0,1.0,18.89,,,passagers_invalides;
1,2024-01-31 21:25:14,2024-01-31 21:42:52,0.0,2.6,1.0,Y,186,239,1,17.7,3.5,0.5,2.0,0.0,1.0,24.7,2.5,0.0,passagers_invalides;
1,2024-01-09 07:01:53,2024-01-09 07:26:44,1.0,0.0,1.0,N,28,198,1,26.5,0.0,0.5,0.0,0.0,1.0,28.0,0.0,0.0,distance_invalide;
2,2024-01-17 22:42:29,2024-01-17 23:09:04,,4.3,,,230,125,0,32.32,0.0,0.5,7.26,0.0,1.0,43.58,,,passagers_invalides;
1,2024-01-17 17:22:11,2024-01-17 17:48:34,,3.4,,,107,263,0,29.11,0.0,0.5,0.0,0.0,1.0,33.11,,,passagers_invalides;
2,2024-01-17 13:18:26,2024-01-17 13:18:26,1.0,0.0,5.0,N,230,264,1,82.5,0.0,0.0,16.5,0.0,0.0,99.0,0.0,0.0,distance_invalide;
2,2024-01-22 01:44:13,2024-01-22 01:44:26,1.0,0.0,2.0,N,144,144,1,70.0,0.0,0.5,16.19,6.94,1.0,97.13,2.5,0.0,distance_invalide;
2,2024-01-16 11:06:32,2024-01-16 11:28:41,,1.96,,,142,48,0,15.84,0.0,0.5,3.57,0.0,1.0,23.41,,,passagers_invalides;
1,2024-01-19 07:47:10,2024-01-19 07:51:10,,0.5,,,239,239,0,5.1,0.0,0.5,1.37,0.0,1.0,10.47,,,passagers_invalides;
1,2024-01-19 16:41:17,2024-01-19 16:50:16,0.0,1.1,1.0,N,43,141,1,10.0,5.0,0.5,3.3,0.0,1.0,19.8,2.5,0.0,passagers_invalides;
2,2024-01-26 15:15:56,2024-01-26 15:16:03,3.0,0.0,5.0,N,1,1,1,79.0,0.0,0.0,5.0,0.0,1.0,85.0,0.0,0.0,distance_invalide;
1,2024-01-01 05:41:28,2024-01-01 06:18:43,,17.5,,,158,132,0,62.56,0.0,0.5,0.0,0.0,1.0,66.56,,,passagers_invalides;
2,2024-01-09 21:29:44,2024-01-09 21:35:32,,0.91,,,68,249,0,9.33,0.0,0.5,0.0,0.0,1.0,13.33,,,passagers_invalides;
2,2024-01-02 07:08:33,2024-01-02 07:09:10,4.0,0.0,5.0,N,132,132,2,0.82,0.0,0.0,0.0,6.94,1.0,13.01,2.5,1.75,distance_invalide;
1,2024-01-23 09:42:35,2024-01-23 10:01:35,,0.0,,,102,95,0,27.48,0.0,0.5,0.0,0.0,1.0,28.98,,,distance_invalide;passagers_invalides;
2,2024-01-03 12:55:38,2024-01-03 13:11:39,1.0,0.0,1.0,N,234,79,2,13.5,0.0,0.5,0.0,0.0,1.0,17.5,2.5,0.0,distance_invalide;
2,2024-01-27 17:51:19,2024-01-27 18:08:28,1.0,3.67,1.0,N,238,168,4,-19.8,0.0,-0.5,0.0,0.0,-1.0,-23.8,-2.5,0.0,montant_invalide;
2,2024-01-20 23:27:50,2024-01-20 23:46:11,,3.23,,,144,230,0,23.66,0.0,0.5,0.0,0.0,1.0,27.66,,,passagers_invalides;
2,2024-01-23 22:27:08,2024-01-23 22:35:52,,1.83,,,113,231,0,11.22,0.0,0.5,0.0,0.0,1.0,15.22,,,passagers_invalides;
2,2024-01-22 16:45:12,2024-01-22 17:05:32,1.0,4.81,1.0,N,132,205,4,-25.4,-2.5,-0.5,0.0,0.0,-1.0,-31.15,0.0,-1.75,montant_invalide;
2,2024-01-26 10:02:27,2024-01-26 10:21:16,,2.49,,,75,237,0,18.55,0.0,0.5,1.13,0.0,1.0,23.68,,,passagers_invalides;
1,2024-01-24 16:56:18,2024-01-24 17:19:17,,2.2,,,246,79,0,19.1,2.5,0.5,0.0,0.0,1.0,25.6,,,passagers_invalides;
2,2024-01-21 11:16:00,2024-01-21 11:34:00,,2.81,,,140,239,0,16.34,0.0,0.5,4.07,0.0,1.0,24.41,,,passagers_invalides;
2,2024-01-09 14:38:37,2024-01-09 14:50:10,2.0,1.13,1.0,N,161,230,2,-11.4,0.0,-0.5,0.0,0.0,-1.0,-15.4,-2.5,0.0,montant_invalide;
1,2024-01-22 09:11:06,2024-01-22 09:17:16,0.0,0.8,1.0,N,186,234,1,7.9,2.5,0.5,2.35,0.0,1.0,14.25,2.5,0.0,passagers_invalides;
2,2024-01-11 18:15:01,2024-01-11 18:31:57,,1.73,,,68,170,0,15.85,0.0,0.5,0.0,0.0,1.0,19.85,,,passagers_invalides;
1,2024-01-13 19:10:48,2024-01-13 19:15:04,0.0,0.5,1.0,N,237,141,1,5.8,2.5,0.5,2.45,0.0,1.0,12.25,2.5,0.0,passagers_invalides;
1,2024-01-01 10:14:45,2024-01-01 10:19:59,,0.0,,,79,79,0,6.83,0.0,0.5,0.0,0.0,1.0,10.83,,,distance_invalide;passagers_invalides;
2,2024-01-20 20:31:41,2024-01-20 21:06:44,,5.3,,,142,114,0,34.38,0.0,0.5,0.0,0.0,1.0,38.38,,,passagers_invalides;
2,2024-01-31 22:58:58,2024-01-31 23:08:52,,1.91,,,112,37,0,13.43,0.0,0.5,2.0,0.0,1.0,16.93,,,passagers_invalides;
1,2024-01-01 02:50:50,2024-01-01 03:21:21,,0.0,,,231,162,0,35.22,0.0,0.5,0.0,0.0,1.0,39.22,,,distance_invalide;passagers_invalides;
2,2024-01-11 11:51:40,2024-01-11 12:14:03,1.0,0.0,1.0,N,140,162,2,18.4,0.0,0.5,0.0,0.0,1.0,22.4,2.5,0.0,distance_invalide;
2,2024-01-17 18:37:43,2024-01-17 18:46:13,,1.09,,,140,141,0,9.59,0.0,0.5,0.0,0.0,1.0,13.59,,,passagers_invalides;
2,2024-01-02 10:18:45,2024-01-02 10:19:03,1.0,0.0,1.0,N,229,162,1,3.0,0.0,0.5,1.75,0.0,1.0,8.75,2.5,0.0,distance_invalide;
2,2024-01-27 03:00:47,2024-01-27 03:10:37,,1.73,,,211,107,0,8.99,0.0,0.5,0.0,0.0,1.0,12.99,,,passagers_invalides;
1,2024-01-18 10:38:00,2024-01-18 10:51:56,,2.1,,,113,68,0,12.8,0.0,0.5,1.68,0.0,1.0,18.48,,,passagers_invalides;
1,2024-01-01 02:32:36,2024-01-01 02:40:59,,0.0,,,48,151,0,24.57,0.0,0.5,0.0,0.0,1.0,28.57,,,distance_invalide;passagers_invalides;
1,2024-01-01 19:12:01,2024-01-01 19:16:41,,1.1,,,140,236,0,7.2,0.0,0.5,2.24,0.0,1.0,13.44,,,passagers_invalides;
2,2024-01-01 04:06:43,2024-01-01 04:15:22,,1.13,,,79,144,0,9.47,0.0,0.5,0.0,0.0,1.0,13.47,,,passagers_invalides;
1,2024-01-16 06:07:35,2024-01-16 06:16:59,0.0,1.4,1.0,N,162,230,1,10.7,2.5,0.5,2.9,0.0,1.0,17.6,2.5,0.0,passagers_invalides;
1,2024-01-20 22:07:26,2024-01-20 22:14:52,2.0,0.9,1.0,N,113,113,3,0.0,0.0,0.0,0.0,0.0,0.0,0.0,0.0,0.0,montant_invalide;
2,2024-01-23 07:01:08,2024-01-23 07:04:29,1.0,0.0,1.0,N,236,236,2,5.1,0.0,0.5,0.0,0.0,1.0,9.1,2.5,0.0,distance_invalide;
1,2024-01-22 20:11:57,2024-01-22 20:25:01,,2.3,,,237,137,0,13.5,1.0,0.5,2.77,0.0,1.0,21.27,,,passagers_invalides;
1,2024-01-18 18:59:02,2024-01-18 19:17:42,0.0,2.5,1.0,N,163,263,1,15.6,5.0,0.5,4.4,0.0,1.0,26.5,2.5,0.0,passagers_invalides;
1,2024-01-27 16:32:59,2024-01-27 16:39:59,0.0,1.1,1.0,N,236,163,1,8.6,2.5,0.5,2.5,0.0,1.0,15.1,2.5,0.0,passagers_invalides;
2,2024-01-16 06:58:28,2024-01-16 07:19:03,,4.16,,,179,162,0,27.37,0.0,0.5,0.0,0.0,1.0,31.37,,,passagers_invalides;
2,2024-01-17 17:57:01,2024-01-17 18:15:32,,2.29,,,162,236,0,17.01,0.0,0.5,0.0,0.0,1.0,21.01,,,passagers_invalides;
2,2024-01-12 07:23:18,2024-01-12 07:32:03,,1.68,,,225,49,0,10.88,0.0,0.5,0.0,0.0,1.0,12.38,,,passagers_invalides;
2,2024-01-28 10:22:23,2024-01-28 10:34:32,,2.52,,,233,114,0,14.48,0.0,0.5,0.0,0.0,1.0,18.48,,,passagers_invalides;
1,2024-01-29 16:33:35,2024-01-29 16:50:59,,2.4,,,238,161,0,15.6,2.5,0.5,3.31,0.0,1.0,25.41,,,passagers_invalides;
1,2024-01-05 05:37:49,2024-01-05 05:37:57,1.0,0.0,99.0,N,218,218,1,0.0,0.0,0.0,0.0,0.0,0.0,0.0,0.0,0.0,distance_invalide;montant_invalide;
2,2024-01-06 15:01:50,2024-01-06 15:26:55,,3.46,,,113,163,0,27.96,0.0,0.5,6.39,0.0,1.0,38.35,,,passagers_invalides;
2,2024-01-28 00:57:09,2024-01-28 01:07:37,,1.2,,,68,90,0,14.04,0.0,0.5,0.0,0.0,1.0,18.04,,,passagers_invalides;
1,2024-01-06 23:01:49,2024-01-06 23:25:33,,4.4,,,181,249,0,25.66,0.0,0.5,0.0,0.0,1.0,29.66,,,passagers_invalides;
2,2024-01-27 13:27:00,2024-01-27 13:33:00,,0.0,,,41,41,0,36.86,0.0,0.5,5.75,0.0,1.0,44.11,,,distance_invalide;passagers_invalides;
1,2024-01-28 16:00:55,2024-01-28 16:26:37,4.0,0.0,1.0,N,246,141,1,15.6,2.5,0.5,3.92,0.0,1.0,23.52,2.5,0.0,distance_invalide;
1,2024-01-14 01:17:29,2024-01-14 01:28:09,0.0,3.4,1.0,N,79,87,1,15.6,3.5,0.5,0.0,0.0,1.0,20.6,2.5,0.0,passagers_invalides;
1,2024-01-19 21:39:20,2024-01-19 21:52:11,,0.8,,,230,236,0,12.1,1.0,0.5,1.71,0.0,1.0,18.81,,,passagers_invalides;
2,2024-01-11 00:30:50,2024-01-11 00:55:54,1.0,0.0,1.0,N,236,32,1,20.5,1.0,0.5,0.0,0.0,1.0,25.5,2.5,0.0,distance_invalide;
2,2024-01-19 15:34:21,2024-01-19 15:40:24,1.0,0.0,1.0,N,164,170,1,7.2,0.0,0.5,2.24,0.0,1.0,13.44,2.5,0.0,distance_invalide;
2,2024-01-21 12:37:33,2024-01-21 12:44:15,1.0,0.69,1.0,N,107,164,3,-7.9,0.0,-0.5,0.0,0.0,-1.0,-11.9,-2.5,0.0,montant_invalide;
2,2024-01-10 10:04:00,2024-01-10 10:18:00,,5.67,,,164,33,0,28.38,0.0,0.5,6.48,0.0,1.0,38.86,,,passagers_invalides;
2,2024-01-14 01:07:38,2024-01-14 01:22:21,2.0,0.0,1.0,N,114,48,1,12.8,1.0,0.5,3.56,0.0,1.0,21.36,2.5,0.0,distance_invalide;
2,2024-01-31 00:41:23,2024-01-31 00:45:02,2.0,0.0,1.0,N,114,114,1,5.1,1.0,0.5,0.0,0.0,1.0,10.1,2.5,0.0,distance_invalide;
2,2024-01-16 22:07:11,2024-01-16 22:15:45,,1.52,,,148,249,0,4.22,0.0,0.5,2.73,0.0,1.0,10.95,,,passagers_invalides;
1,2024-01-12 16:49:04,2024-01-12 16:49:09,0.0,0.8,1.0,N,164,164,2,7.9,5.0,0.5,0.0,0.0,1.0,14.4,2.5,0.0,passagers_invalides;
1,2024-01-13 20:49:46,2024-01-13 21:03:04,0.0,1.5,1.0,N,211,224,1,12.8,3.5,0.5,3.55,0.0,1.0,21.35,2.5,0.0,passagers_invalides;
2,2024-01-01 03:59:21,2024-01-01 04:04:02,,0.52,,,224,224,0,53.14,0.0,0.5,0.0,0.0,1.0,57.14,,,passagers_invalides;
2,2024-01-10 07:57:35,2024-01-10 08:34:52,,4.61,,,238,137,0,26.91,0.0,0.5,0.0,0.0,1.0,30.91,,,passagers_invalides;
1,2024-01-12 23:15:57,2024-01-12 23:21:31,,0.0,,,79,137,0,11.04,0.0,0.5,0.0,0.0,1.0,15.04,,,distance_invalide;passagers_invalides;
2,2024-01-15 12:29:43,2024-01-15 12:44:42,,2.4,,,75,239,0,14.47,0.0,0.5,0.0,0.0,1.0,18.47,,,passagers_invalides;
2,2024-01-04 19:42:53,2024-01-04 19:43:05,1.0,0.0,1.0,N,161,161,3,3.0,2.5,0.5,0.0,0.0,1.0,9.5,2.5,0.0,distance_invalide;
1,2024-01-11 16:15:59,2024-01-11 17:04:31,0.0,15.0,1.0,N,138,261,2,57.6,11.75,0.5,0.0,6.94,1.0,77.79,2.5,1.75,passagers_invalides;
2,2024-01-07 14:58:07,2024-01-07 15:13:51,,2.03,,,237,186,0,17.4,0.0,0.5,0.0,0.0,1.0,21.4,,,passagers_invalides;
1,2024-01-01 15:00:20,2024-01-01 15:10:00,0.0,1.9,1.0,N,162,79,1,12.1,2.5,0.5,3.2,0.0,1.0,19.3,2.5,0.0,passagers_invalides;
2,2024-01-21 05:55:15,2024-01-21 06:04:28,,3.09,,,238,68,0,13.21,0.0,0.5,0.0,0.0,1.0,17.21,,,passagers_invalides;
2,2024-01-11 19:02:04,2024-01-11 19:42:03,1.0,18.94,2.0,N,132,43,4,-70.0,-5.0,-0.5,0.0,-6.94,-1.0,-85.19,0.0,-1.75,montant_invalide;
2,2024-01-18 17:26:17,2024-01-18 17:53:31,,4.65,,,12,48,0,29.99,0.0,0.5,0.0,0.0,1.0,33.99,,,passagers_invalides;
2,2024-01-29 22:24:33,2024-01-29 22:33:29,1.0,0.0,1.0,N,238,152,1,8.6,1.0,0.5,1.0,0.0,1.0,12.1,0.0,0.0,distance_invalide;
2,2024-01-22 12:57:13,2024-01-22 13:00:31,,0.66,,,234,90,0,11.74,0.0,0.5,3.15,0.0,1.0,18.89,,,passagers_invalides;
2,2024-01-06 19:06:24,2024-01-06 19:15:14,,2.23,,,137,141,0,21.45,0.0,0.5,5.09,0.0,1.0,30.54,,,passagers_invalides;
2,2024-01-09 21:40:20,2024-01-09 21:53:20,,2.68,,,186,237,0,17.23,0.0,0.5,0.0,0.0,1.0,21.23,,,passagers_invalides;
1,2024-01-18 23:08:19,2024-01-18 23:24:14,,0.0,,,107,163,0,18.99,0.0,0.5,0.0,0.0,1.0,22.99,,,distance_invalide;passagers_invalides;
2,2024-01-01 02:18:58,2024-01-01 02:29:45,,0.93,,,107,79,0,36.56,0.0,0.5,0.0,0.0,1.0,40.56,,,passagers_invalides;
1,2024-01-04 17:53:14,2024-01-04 18:31:50,0.0,5.5,1.0,N,211,255,1,37.3,5.0,0.5,10.0,0.0,1.0,53.8,2.5,0.0,passagers_invalides;
2,2024-01-16 14:49:30,2024-01-16 14:49:40,1.0,0.0,1.0,N,193,193,3,3.0,0.0,0.5,0.0,0.0,1.0,4.5,0.0,0.0,distance_invalide;
2,2024-01-28 01:52:00,2024-01-28 02:09:00,,4.77,,,255,25,0,25.62,0.0,0.5,5.42,0.0,1.0,32.54,,,passagers_invalides;
1,2024-01-23 15:20:11,2024-01-23 15:24:14,0.0,0.4,1.0,N,107,107,1,5.8,2.5,0.5,1.95,0.0,1.0,11.75,2.5,0.0,passagers_invalides;
2,2024-01-15 11:15:32,2024-01-15 11:28:49,,3.26,,,262,170,0,20.62,0.0,0.5,2.0,0.0,1.0,26.62,,,passagers_invalides;
1,2024-01-12 11:33:02,2024-01-12 12:15:40,,0.0,,,68,237,0,30.17,0.0,0.5,0.0,0.0,1.0,34.17,,,distance_invalide;passagers_invalides;
1,2024-01-30 17:39:04,2024-01-30 18:01:43,0.0,2.6,1.0,N,234,264,1,21.2,5.0,0.5,5.5,0.0,1.0,33.2,2.5,0.0,passagers_invalides;
1,2024-01-18 08:49:24,2024-01-18 09:41:29,1.0,0.0,1.0,N,220,237,1,37.0,0.0,0.5,0.0,6.94,1.0,45.44,0.0,0.0,distance_invalide;
2,2024-01-17 09:27:37,2024-01-17 09:28:02,4.0,0.0,5.0,N,265,265,1,168.0,0.0,0.0,0.0,0.0,1.0,169.0,0.0,0.0,distance_invalide;
1,2024-01-26 19:23:29,2024-01-26 19:46:35,0.0,5.0,1.0,N,230,88,2,27.5,5.0,0.5,0.0,0.0,1.0,34.0,2.5,0.0,passagers_invalides;
1,2024-01-13 15:49:32,2024-01-13 16:39:00,0.0,21.7,2.0,N,48,132,2,70.0,2.5,0.5,0.0,6.94,1.0,80.94,2.5,0.0,passagers_invalides;
2,2024-01-21 18:38:35,2024-01-21 18:45:55,,1.38,,,263,141,0,10.53,0.0,0.5,0.0,0.0,1.0,14.53,,,passagers_invalides;
2,2024-01-17 09:33:18,2024-01-17 09:41:05,,1.44,,,107,170,0,10.87,0.0,0.5,0.0,0.0,1.0,14.87,,,passagers_invalides;
2,2024-01-20 13:07:35,2024-01-20 13:19:08,,1.78,,,95,134,0,11.09,0.0,0.5,0.0,0.0,1.0,12.59,,,passagers_invalides;
1,2024-01-12 10:59:50,2024-01-12 11:27:44,2.0,0.0,5.0,N,48,265,1,70.0,0.0,0.0,0.0,13.38,1.0,84.38,0.0,0.0,distance_invalide;
1,2024-01-29 09:25:17,2024-01-29 09:30:37,0.0,1.4,1.0,N,262,229,2,8.6,2.5,0.5,0.0,0.0,1.0,12.6,2.5,0.0,passagers_invalides;
1,2024-01-31 11:21:00,2024-01-31 11:33:29,,1.3,,,163,170,0,12.8,0.0,0.5,2.52,0.0,1.0,19.32,,,passagers_invalides;
1,2024-01-23 18:25:05,2024-01-23 18:47:39,,2.9,,,114,48,0,23.37,0.0,0.5,0.0,0.0,1.0,27.37,,,passagers_invalides;
1,2024-01-01 03:02:10,2024-01-01 03:12:42,,0.0,,,166,143,0,17.8,0.0,0.5,0.0,0.0,1.0,21.8,,,distance_invalide;passagers_invalides;
1,2024-01-20 12:45:57,2024-01-20 12:48:16,,0.2,,,236,236,0,4.4,0.0,0.5,1.68,0.0,1.0,10.08,,,passagers_invalides;
2,2024-01-17 09:28:28,2024-01-17 09:55:15,,3.92,,,232,161,0,24.27,0.0,0.5,2.83,0.0,1.0,31.1,,,passagers_invalides;
2,2024-01-21 18:08:47,2024-01-21 18:14:37,,0.85,,,237,163,0,6.83,0.0,0.5,0.0,0.0,1.0,10.83,,,passagers_invalides;
1,2024-01-13 10:56:59,2024-01-13 11:03:19,1.0,0.0,1.0,N,234,161,1,7.2,2.5,0.5,1.46,0.0,1.0,12.66,2.5,0.0,distance_invalide;
1,2024-01-07 13:21:52,2024-01-07 13:22:10,1.0,0.0,1.0,N,168,168,2,3.0,0.0,0.5,0.0,0.0,1.0,4.5,0.0,0.0,distance_invalide;
1,2024-01-09 14:35:59,2024-01-09 15:31:03,1.0,0.0,1.0,N,226,92,1,36.5,0.0,0.5,0.0,0.0,1.0,38.0,0.0,0.0,distance_invalide;
1,2024-01-10 18:26:37,2024-01-10 18:39:33,,1.2,,,230,233,0,12.1,2.5,0.5,2.79,0.0,1.0,21.39,,,passagers_invalides;
1,2024-01-19 16:00:54,2024-01-19 16:27:26,,5.0,,,170,24,0,27.5,0.0,0.5,12.0,0.0,1.0,43.5,,,passagers_invalides;
2,2024-01-10 23:32:19,2024-01-10 23:45:15,,2.42,,,246,107,0,1.0,0.0,0.5,0.0,0.0,1.0,5.0,,,passagers_invalides;
1,2024-01-06 13:53:34,2024-01-06 13:53:47,1.0,0.0,1.0,N,132,132,3,3.0,0.0,0.5,0.0,0.0,1.0,4.5,0.0,0.0,distance_invalide;
2,2024-01-07 23:51:51,2024-01-07 23:52:02,2.0,0.0,2.0,N,170,170,1,70.0,0.0,0.5,0.0,6.94,1.0,80.94,2.5,0.0,distance_invalide;
1,2024-01-05 13:14:03,2024-01-05 13:20:36,,0.8,,,100,246,0,7.9,0.0,0.5,2.05,0.0,1.0,13.95,,,passagers_invalides;
2,2024-01-01 03:46:07,2024-01-01 04:01:11,4.0,0.0,1.0,N,186,140,1,13.5,1.0,0.5,3.7,0.0,1.0,22.2,2.5,0.0,distance_invalide;
1,2024-01-11 18:12:34,2024-01-11 18:12:40,1.0,0.0,1.0,N,145,145,2,3.0,2.5,0.5,0.0,0.0,1.0,7.0,0.0,0.0,distance_invalide;
2,2024-01-22 22:07:00,2024-01-22 22:23:31,1.0,9.16,4.0,N,132,265,2,-46.4,-1.0,-0.5,0.0,0.0,-1.0,-50.65,0.0,-1.75,montant_invalide;
1,2024-01-28 15:08:03,2024-01-28 15:48:33,,9.4,,,125,138,0,48.31,0.0,0.5,0.0,0.0,1.0,52.31,,,passagers_invalides;
2,2024-01-17 21:10:35,2024-01-17 21:21:20,,1.14,,,230,162,0,16.16,0.0,0.5,0.0,0.0,1.0,20.16,,,passagers_invalides;
2,2024-01-20 14:06:04,2024-01-20 14:36:16,1.0,5.01,1.0,N,12,230,2,-30.3,0.0,-0.5,0.0,0.0,-1.0,-34.3,-2.5,0.0,montant_invalide;
2,2024-01-06 17:15:17,2024-01-06 17:18:00,1.0,0.0,1.0,N,68,186,2,4.4,0.0,0.5,0.0,0.0,1.0,8.4,2.5,0.0,distance_invalide;
1,2024-01-03 13:46:11,2024-01-03 14:02:06,0.0,2.4,1.0,N,141,264,1,17.0,2.5,0.5,4.2,0.0,1.0,25.2,2.5,0.0,passagers_invalides;
1,2024-01-06 19:44:29,2024-01-06 20:02:25,0.0,3.7,1.0,N,246,151,1,19.8,2.5,0.5,4.75,0.0,1.0,28.55,2.5,0.0,passagers_invalides;
2,2024-01-27 16:53:00,2024-01-27 17:22:00,,3.33,,,239,170,0,22.81,0.0,0.5,5.36,0.0,1.0,32.17,,,passagers_invalides;
1,2024-01-22 14:24:53,2024-01-22 14:25:00,1.0,0.0,1.0,N,264,264,3,3.0,0.0,0.5,0.0,0.0,1.0,4.5,0.0,0.0,distance_invalide;
1,2024-01-01 15:47:10,2024-01-01 16:03:40,,0.0,,,142,137,0,19.82,0.0,0.5,0.0,0.0,1.0,23.82,,,distance_invalide;passagers_invalides;
2,2024-01-14 15:50:17,2024-01-14 16:21:42,1.0,12.54,1.0,N,234,138,2,-50.6,-5.0,-0.5,0.0,-6.94,-1.0,-66.54,-2.5,0.0,montant_invalide;
2,2024-01-16 14:30:04,2024-01-16 14:55:41,2.0,8.28,1.0,N,138,140,2,-35.9,-5.0,-0.5,7.0,0.0,-1.0,-39.65,-2.5,-1.75,montant_invalide;
1,2024-01-26 09:47:55,2024-01-26 09:53:25,0.0,0.5,1.0,N,161,162,1,6.5,2.5,0.5,2.6,0.0,1.0,13.1,2.5,0.0,passagers_invalides;
1,2024-01-02 07:02:06,2024-01-02 07:53:43,0.0,17.3,2.0,N,132,234,1,70.0,2.5,0.5,5.0,6.94,1.0,85.94,2.5,0.0,passagers_invalides;
2,2024-01-04 20:33:33,2024-01-04 20:53:40,1.0,0.0,1.0,N,186,151,1,17.0,1.0,0.5,4.4,0.0,1.0,26.4,2.5,0.0,distance_invalide;
2,2024-01-01 01:14:52,2024-01-01 01:15:01,1.0,0.0,1.0,N,261,261,1,3.0,1.0,0.5,58.0,0.0,1.0,66.0,2.5,0.0,distance_invalide;
2,2024-01-22 16:32:08,2024-01-22 17:26:43,,19.02,,,140,132,0,75.03,0.0,0.5,12.9,6.94,1.0,98.87,,,passagers_invalides;
2,2024-01-13 01:41:00,2024-01-13 01:41:08,2.0,0.0,2.0,N,231,231,2,-70.0,0.0,-0.5,0.0,0.0,-1.0,-74.0,-2.5,0.0,distance_invalide;montant_invalide;
1,2024-01-01 00:10:31,2024-01-01 00:33:51,,5.2,,,79,263,0,20.24,0.0,0.5,0.0,0.0,1.0,24.24,,,passagers_invalides;
1,2024-01-18 10:55:24,2024-01-18 10:59:58,0.0,0.8,1.0,N,151,239,1,7.2,2.5,0.5,1.0,0.0,1.0,12.2,2.5,0.0,passagers_invalides;
2,2024-01-11 07:19:48,2024-01-11 07:25:10,,0.83,,,262,236,0,13.82,0.0,0.5,3.56,0.0,1.0,21.38,,,passagers_invalides;
1,2024-01-25 08:53:52,2024-01-25 09:20:10,,0.0,,,74,144,0,38.47,0.0,0.5,0.0,0.0,1.0,42.47,,,distance_invalide;passagers_invalides;
1,2024-01-19 12:54:04,2024-01-19 13:23:09,0.0,5.2,1.0,N,261,230,2,31.0,2.5,0.5,0.0,0.0,1.0,35.0,2.5,0.0,passagers_invalides;
2,2024-01-14 18:27:28,2024-01-14 18:27:52,1.0,0.03,1.0,N,132,132,4,-3.0,0.0,-0.5,0.0,0.0,-1.0,-6.25,0.0,-1.75,montant_invalide;
2,2024-01-14 20:43:36,2024-01-14 20:43:41,1.0,0.0,2.0,N,140,140,2,70.0,0.0,0.5,0.0,0.0,1.0,74.0,2.5,0.0,distance_invalide;
2,2024-01-29 10:21:09,2024-01-29 10:21:23,1.0,0.0,1.0,N,193,193,3,-3.0,0.0,-0.5,0.0,0.0,-1.0,-4.5,0.0,0.0,distance_invalide;montant_invalide;
1,2024-01-23 21:47:14,2024-01-23 21:59:11,,0.0,,,163,164,0,14.39,0.0,0.5,0.0,0.0,1.0,18.39,,,distance_invalide;passagers_invalides;
1,2024-01-30 21:36:13,2024-01-30 21:47:51,0.0,1.6,1.0,N,234,161,2,12.1,3.5,0.5,0.0,0.0,1.0,17.1,2.5,0.0,passagers_invalides;
1,2024-01-04 12:43:24,2024-01-04 12:50:15,,1.1,,,43,236,0,7.9,0.0,0.5,2.38,0.0,1.0,14.28,,,passagers_invalides;
2,2024-01-16 16:13:21,2024-01-16 16:24:11,,0.98,,,100,246,0,9.36,0.0,0.5,0.0,0.0,1.0,13.36,,,passagers_invalides;
2,2024-01-06 10:22:12,2024-01-06 10:22:18,1.0,0.0,5.0,N,68,68,1,38.0,0.0,0.0,10.38,0.0,1.0,51.88,2.5,0.0,distance_invalide;
2,2024-01-28 01:03:16,2024-01-28 01:17:38,,3.65,,,107,262,0,17.0,0.0,0.5,0.0,0.0,1.0,21.0,,,passagers_invalides;
2,2024-01-02 17:10:09,2024-01-02 17:22:08,,1.41,,,236,161,0,21.3,0.0,0.5,0.0,0.0,1.0,25.3,,,passagers_invalides;
1,2024-01-28 01:21:57,2024-01-28 01:38:33,,0.0,,,144,170,0,17.65,0.0,0.5,0.0,0.0,1.0,21.65,,,distance_invalide;passagers_invalides;
2,2024-01-21 15:07:45,2024-01-21 15:24:48,,3.59,,,72,76,0,20.5,0.0,0.5,0.0,0.0,1.0,22.0,,,passagers_invalides;
2,2024-01-01 05:49:33,2024-01-01 05:53:23,,0.36,,,232,232,0,8.33,0.0,0.5,0.0,0.0,1.0,12.33,,,passagers_invalides;
1,2024-01-31 21:29:22,2024-01-31 21:40:30,,0.0,,,230,186,0,11.55,0.0,0.5,0.0,0.0,1.0,15.55,,,distance_invalide;passagers_invalides;
2,2024-01-18 23:11:11,2024-01-18 23:18:42,,1.06,,,68,100,0,10.03,0.0,0.5,0.0,0.0,1.0,14.03,,,passagers_invalides;
1,2024-01-28 11:21:33,2024-01-28 11:37:27,0.0,2.3,1.0,N,246,229,1,15.6,2.5,0.5,3.0,0.0,1.0,22.6,2.5,0.0,passagers_invalides;
2,2024-01-23 09:02:47,2024-01-23 09:11:13,,2.02,,,209,231,0,26.97,0.0,0.5,0.0,0.0,1.0,30.97,,,passagers_invalides;
2,2024-01-19 22:32:29,2024-01-19 22:32:36,2.0,0.0,2.0,N,246,246,2,70.0,0.0,0.5,0.0,0.0,1.0,74.0,2.5,0.0,distance_invalide;
2,2024-01-01 15:06:55,2024-01-01 15:24:44,,6.72,,,43,244,0,29.0,0.0,0.5,0.0,0.0,1.0,33.0,,,passagers_invalides;
2,2024-01-18 20:36:01,2024-01-18 20:36:11,1.0,0.0,1.0,N,193,193,4,3.0,1.0,0.5,0.0,0.0,1.0,5.5,0.0,0.0,distance_invalide;
2,2024-01-17 09:01:00,2024-01-17 09:28:00,,1.83,,,48,229,0,22.44,0.0,0.5,3.97,0.0,1.0,30.41,,,passagers_invalides;
2,2024-01-03 17:38:49,2024-01-03 17:38:54,2.0,0.0,2.0,N,142,142,4,-70.0,-5.0,-0.5,0.0,0.0,-1.0,-79.0,-2.5,0.0,distance_invalide;montant_invalide;
2,2024-01-05 07:05:08,2024-01-05 07:25:32,,8.49,,,263,138,0,31.87,0.0,0.5,7.71,6.94,1.0,50.52,,,passagers_invalides;
2,2024-01-22 09:52:56,2024-01-22 10:08:17,1.0,1.59,1.0,N,233,48,2,-14.2,0.0,-0.5,0.0,0.0,-1.0,-18.2,-2.5,0.0,montant_invalide;
1,2024-01-03 07:42:24,2024-01-03 08:11:33,1.0,0.0,1.0,N,257,33,1,20.5,0.0,0.5,0.0,0.0,1.0,22.0,0.0,0.0,distance_invalide;
1,2024-01-20 22:06:20,2024-01-20 22:27:16,1.0,0.0,99.0,N,74,3,1,31.5,0.0,0.5,0.0,0.0,1.0,33.0,0.0,0.0,distance_invalide;
2,2024-01-12 16:17:02,2024-01-12 16:25:20,,1.01,,,237,142,0,11.74,0.0,0.5,2.36,0.0,1.0,18.1,,,passagers_invalides;
1,2024-01-31 13:50:13,2024-01-31 14:03:00,,1.9,,,211,234,0,13.5,0.0,0.5,3.5,0.0,1.0,21.0,,,passagers_invalides;
2,2024-01-26 07:23:41,2024-01-26 07:29:53,,0.82,,,263,75,0,8.35,0.0,0.5,0.0,0.0,1.0,12.35,,,passagers_invalides;
2,2024-01-25 23:28:17,2024-01-25 23:36:29,4.0,1.17,1.0,N,234,170,2,-9.3,-1.0,-0.5,0.0,0.0,-1.0,-14.3,-2.5,0.0,montant_invalide;
2,2024-01-18 08:28:56,2024-01-18 08:46:10,,2.1,,,229,234,0,16.06,0.0,0.5,0.0,0.0,1.0,20.06,,,passagers_invalides;
1,2024-01-12 06:37:40,2024-01-12 06:42:29,,0.0,,,68,234,0,8.08,0.0,0.5,0.0,0.0,1.0,12.08,,,distance_invalide;passagers_invalides;
1,2024-01-19 19:10:59,2024-01-19 19:22:31,,0.0,,,224,164,0,17.26,0.0,0.5,0.0,0.0,1.0,21.26,,,distance_invalide;passagers_invalides;
2,2024-01-28 00:40:19,2024-01-28 01:02:02,,9.36,,,164,243,0,35.45,0.0,0.5,0.0,0.0,1.0,39.45,,,passagers_invalides;
2,2024-01-27 21:52:46,2024-01-27 22:28:44,,5.52,,,239,79,0,35.85,0.0,0.5,0.0,0.0,1.0,39.85,,,passagers_invalides;
1,2024-01-20 17:31:21,2024-01-20 18:06:52,,0.0,,,237,249,0,28.34,0.0,0.5,0.0,0.0,1.0,32.34,,,distance_invalide;passagers_invalides;
2,2024-01-01 21:26:40,2024-01-01 21:43:12,1.0,11.44,1.0,N,132,157,2,-42.9,-1.0,-0.5,0.0,0.0,-1.0,-47.15,0.0,-1.75,montant_invalide;
1,2024-01-20 17:19:15,2024-01-20 17:30:16,0.0,1.7,1.0,N,236,163,2,12.8,2.5,0.5,0.0,0.0,1.0,16.8,2.5,0.0,passagers_invalides;
2,2024-01-21 22:55:33,2024-01-21 23:04:44,1.0,7.99,1.0,N,93,145,3,-30.3,-1.0,-0.5,0.0,0.0,-1.0,-32.8,0.0,0.0,montant_invalide;
2,2024-01-10 22:56:41,2024-01-10 23:38:28,,14.53,,,42,61,0,55.76,0.0,0.5,0.0,0.0,1.0,59.76,,,passagers_invalides;
1,2024-01-17 16:03:39,2024-01-17 16:12:01,0.0,0.7,1.0,N,7,7,2,8.6,2.5,0.5,0.0,0.0,1.0,12.6,0.0,0.0,passagers_invalides;
2,2024-01-11 22:06:37,2024-01-11 22:06:48,1.0,0.0,1.0,N,193,193,3,-3.0,-1.0,-0.5,-0.01,0.0,-1.0,-5.51,0.0,0.0,distance_invalide;montant_invalide;
1,2024-01-17 15:32:26,2024-01-17 15:39:00,,0.8,,,236,237,0,7.2,0.0,0.5,1.12,0.0,1.0,12.32,,,passagers_invalides;
1,2024-01-04 12:07:35,2024-01-04 12:23:19,,2.5,,,143,68,0,15.68,0.0,0.5,0.0,0.0,1.0,19.68,,,passagers_invalides;
2,2024-01-27 13:09:06,2024-01-27 13:27:48,,2.69,,,48,234,0,19.3,0.0,0.5,4.66,0.0,1.0,27.96,,,passagers_invalides;
2,2024-01-24 07:44:03,2024-01-24 08:05:39,,2.93,,,151,74,0,25.14,0.0,0.5,5.33,0.0,1.0,31.97,,,passagers_invalides;
2,2024-01-31 08:27:24,2024-01-31 08:53:42,,4.79,,,137,261,0,21.42,0.0,0.5,0.0,0.0,1.0,25.42,,,passagers_invalides;
1,2024-01-05 22:43:27,2024-01-05 22:52:56,0.0,1.7,1.0,N,79,113,1,10.7,3.5,0.5,3.1,0.0,1.0,18.8,2.5,0.0,passagers_invalides;
1,2024-01-06 23:36:24,2024-01-06 23:51:01,,0.0,,,100,231,0,17.09,0.0,0.5,0.0,0.0,1.0,21.09,,,distance_invalide;passagers_invalides;
2,2024-01-13 13:39:58,2024-01-13 13:56:47,1.0,6.29,1.0,N,138,80,4,-26.1,-5.0,-0.5,0.0,0.0,-1.0,-34.35,0.0,-1.75,montant_invalide;
1,2024-01-24 19:41:44,2024-01-24 19:46:51,1.0,0.0,1.0,N,144,144,2,6.5,5.0,0.5,0.0,0.0,1.0,13.0,2.5,0.0,distance_invalide;
1,2024-01-03 00:42:23,2024-01-03 00:49:48,0.0,1.6,1.0,N,79,249,1,9.3,3.5,0.5,2.85,0.0,1.0,17.15,2.5,0.0,passagers_invalides;
2,2024-01-01 03:51:56,2024-01-01 04:11:25,,6.38,,,75,243,0,45.65,0.0,0.5,0.0,0.0,1.0,47.15,,,passagers_invalides;
1,2024-01-23 19:04:13,2024-01-23 19:48:26,,0.0,,,188,68,0,45.26,0.0,0.5,0.0,0.0,1.0,49.26,,,distance_invalide;passagers_invalides;
1,2024-01-26 15:40:46,2024-01-26 15:43:48,0.0,0.4,1.0,N,164,170,1,4.4,2.5,0.5,1.65,0.0,1.0,10.05,2.5,0.0,passagers_invalides;
1,2024-01-05 18:00:40,2024-01-05 18:19:25,,2.5,,,234,142,0,17.0,2.5,0.5,4.7,0.0,1.0,28.2,,,passagers_invalides;
1,2024-01-03 17:03:26,2024-01-03 17:19:16,,1.6,,,50,162,0,10.99,0.0,0.5,0.0,0.0,1.0,14.99,,,passagers_invalides;
1,2024-01-10 14:34:44,2024-01-10 14:40:07,0.0,1.4,1.0,N,226,260,2,8.6,0.0,0.5,0.0,0.0,1.0,10.1,0.0,0.0,passagers_invalides;
2,2024-01-03 22:53:47,2024-01-03 23:08:06,,1.37,,,48,170,0,14.22,0.0,0.5,2.73,0.0,1.0,20.95,,,passagers_invalides;
2,2024-01-01 00:35:58,2024-01-01 01:07:21,,9.42,,,231,74,0,35.64,0.0,0.5,0.0,0.0,1.0,39.64,,,passagers_invalides;
2,2024-01-30 12:38:46,2024-01-30 13:09:45,,3.43,,,41,140,0,25.07,0.0,0.5,5.81,0.0,1.0,34.88,,,passagers_invalides;
1,2024-01-10 18:36:33,2024-01-10 18:42:36,,0.8,,,137,107,0,7.9,2.5,0.5,2.16,0.0,1.0,16.56,,,passagers_invalides;
2,2024-01-23 03:58:50,2024-01-23 03:58:57,1.0,0.0,5.0,N,246,48,1,80.0,0.0,0.0,0.0,0.0,1.0,83.5,2.5,0.0,distance_invalide;
2,2024-01-01 03:54:04,2024-01-01 03:58:10,,0.62,,,79,4,0,10.08,0.0,0.5,0.0,0.0,1.0,14.08,,,passagers_invalides;
2,2024-01-06 17:26:18,2024-01-06 17:45:27,,3.88,,,143,42,0,22.36,0.0,0.5,0.0,0.0,1.0,26.36,,,passagers_invalides;
2,2024-01-09 21:03:12,2024-01-09 21:06:17,,0.43,,,162,170,0,9.58,0.0,0.5,0.0,0.0,1.0,13.58,,,passagers_invalides;
1,2024-01-28 17:06:20,2024-01-28 17:17:38,,1.0,,,158,211,0,11.36,0.0,0.5,0.0,0.0,1.0,15.36,,,passagers_invalides;
2,2024-01-23 13:34:06,2024-01-23 14:11:23,,10.7,,,230,138,0,41.98,0.0,0.5,4.4,11.94,1.0,62.32,,,passagers_invalides;
2,2024-01-12 22:46:31,2024-01-12 23:13:42,1.0,0.0,1.0,N,79,49,1,21.9,1.0,0.5,10.0,0.0,1.0,36.9,2.5,0.0,distance_invalide;
2,2024-01-10 07:45:30,2024-01-10 08:12:20,,4.1,,,62,39,0,23.5,0.0,0.5,0.0,0.0,1.0,25.0,,,passagers_invalides;
2,2024-01-14 18:30:49,2024-01-14 18:44:12,1.0,1.65,1.0,N,79,90,4,-12.8,0.0,-0.5,0.0,0.0,-1.0,-16.8,-2.5,0.0,montant_invalide;
2,2024-01-09 00:57:10,2024-01-09 01:01:16,,1.33,,,163,48,0,11.74,0.0,0.5,3.15,0.0,1.0,18.89,,,passagers_invalides;
1,2024-01-04 15:52:18,2024-01-04 16:04:25,0.0,1.9,1.0,N,236,237,1,14.2,2.5,0.5,3.6,0.0,1.0,21.8,2.5,0.0,passagers_invalides;
2,2024-01-09 06:31:00,2024-01-09 06:45:00,,3.77,,,262,137,0,17.92,0.0,0.5,5.48,0.0,1.0,27.4,,,passagers_invalides;
2,2024-01-14 19:29:17,2024-01-14 19:46:59,,3.57,,,143,107,0,23.14,0.0,0.5,0.0,0.0,1.0,27.14,,,passagers_invalides;
1,2024-01-03 07:38:31,2024-01-03 08:02:40,,4.3,,,238,234,0,22.74,0.0,0.5,0.0,0.0,1.0,24.24,,,passagers_invalides;
2,2024-01-13 02:13:03,2024-01-13 02:22:53,,1.22,,,79,249,0,12.45,0.0,0.5,0.0,0.0,1.0,16.45,,,passagers_invalides;
2,2024-01-03 21:43:37,2024-01-03 21:51:03,5.0,0.83,1.0,N,230,48,4,-8.6,-1.0,-0.5,0.0,0.0,-1.0,-13.6,-2.5,0.0,montant_invalide;
2,2024-01-16 19:24:06,2024-01-16 19:31:23,,1.11,,,161,229,0,10.65,0.0,0.5,0.0,0.0,1.0,14.65,,,passagers_invalides;
2,2024-01-11 18:36:58,2024-01-11 18:47:04,2.0,1.55,1.0,N,230,68,4,-10.7,-2.5,-0.5,0.0,0.0,-1.0,-17.2,-2.5,0.0,montant_invalide;
1,2024-01-07 16:08:39,2024-01-07 16:26:31,,1.7,,,142,230,0,12.45,0.0,0.5,0.0,0.0,1.0,16.45,,,passagers_invalides;
1,2024-01-14 14:11:41,2024-01-14 14:15:00,,0.4,,,249,158,0,5.1,0.0,0.5,1.37,0.0,1.0,10.47,,,passagers_invalides;
1,2024-01-16 16:38:29,2024-01-16 16:50:18,,2.0,,,236,239,0,12.1,2.5,0.5,2.79,0.0,1.0,21.39,,,passagers_invalides;
2,2024-01-26 06:54:01,2024-01-26 07:06:04,,1.41,,,166,42,0,10.13,0.0,0.5,0.0,0.0,1.0,11.63,,,passagers_invalides;
2,2024-01-30 08:49:48,2024-01-30 09:11:55,1.0,2.6,1.0,N,141,238,2,-21.2,0.0,-0.5,0.0,0.0,-1.0,-25.2,-2.5,0.0,montant_invalide;
1,2024-01-15 07:38:09,2024-01-15 07:41:58,0.0,1.1,1.0,N,234,100,1,7.2,2.5,0.5,2.2,0.0,1.0,13.4,2.5,0.0,passagers_invalides;
2,2024-01-27 20:26:37,2024-01-27 20:31:51,1.0,0.0,5.0,N,255,255,2,26.8,0.0,0.0,0.0,0.0,1.0,30.3,2.5,0.0,distance_invalide;
2,2024-01-17 15:50:12,2024-01-17 15:58:52,,0.76,,,48,161,0,9.93,0.0,0.5,0.0,0.0,1.0,13.93,,,passagers_invalides;
2,2024-01-06 08:43:17,2024-01-06 08:43:25,1.0,0.0,5.0,N,1,1,1,21.0,0.0,0.0,0.0,0.0,1.0,22.0,0.0,0.0,distance_invalide;
2,2024-01-19 18:56:24,2024-01-19 19:05:09,,1.18,,,234,249,0,8.12,0.0,0.5,0.0,0.0,1.0,12.12,,,passagers_invalides;
2,2024-01-23 19:10:50,2024-01-23 19:28:45,,4.73,,,4,13,0,0.64,0.0,0.5,0.0,0.0,1.0,4.64,,,passagers_invalides;
1,2024-01-30 07:28:35,2024-01-30 07:46:08,,0.0,,,238,74,0,16.32,0.0,0.5,0.0,0.0,1.0,20.32,,,distance_invalide;passagers_invalides;
1,2024-01-24 23:30:39,2024-01-24 23:43:44,,0.0,,,75,238,0,13.72,0.0,0.5,0.0,0.0,1.0,17.72,,,distance_invalide;passagers_invalides;
2,2024-01-27 21:47:24,2024-01-27 22:01:47,,4.49,,,41,50,0,21.79,0.0,0.5,0.0,0.0,1.0,25.79,,,passagers_invalides;
2,2024-01-28 00:16:50,2024-01-28 00:32:52,,2.27,,,249,87,0,21.71,0.0,0.5,0.0,0.0,1.0,25.71,,,passagers_invalides;
2,2024-01-05 14:35:10,2024-01-05 14:51:42,,2.17,,,263,142,0,19.96,0.0,0.5,0.0,0.0,1.0,23.96,,,passagers_invalides;
2,2024-01-18 16:54:28,2024-01-18 17:20:56,,2.82,,,164,236,0,0.77,0.0,0.5,0.0,0.0,1.0,4.77,,,passagers_invalides;
1,2024-01-25 11:55:39,2024-01-25 12:05:31,,2.0,,,142,151,0,12.1,0.0,0.5,3.22,0.0,1.0,19.32,,,passagers_invalides;
2,2024-01-04 19:55:20,2024-01-04 19:55:26,2.0,0.01,2.0,N,114,114,2,-70.0,-5.0,-0.5,0.0,0.0,-1.0,-79.0,-2.5,0.0,montant_invalide;
1,2024-01-07 13:43:24,2024-01-07 14:03:28,,3.0,,,229,239,0,20.08,0.0,0.5,0.0,0.0,1.0,24.08,,,passagers_invalides;
2,2024-01-01 03:37:15,2024-01-01 04:01:00,,6.64,,,79,238,0,47.13,0.0,0.5,0.0,0.0,1.0,51.13,,,passagers_invalides;
2,2024-01-01 01:22:00,2024-01-01 01:30:00,,1.18,,,256,255,0,11.58,0.0,0.5,2.35,0.0,1.0,15.43,,,passagers_invalides;
1,2024-01-06 16:59:44,2024-01-06 17:12:56,0.0,1.3,1.0,N,230,236,1,12.1,2.5,0.5,3.22,0.0,1.0,19.32,2.5,0.0,passagers_invalides;
1,2024-01-20 16:22:53,2024-01-20 16:29:54,0.0,0.7,1.0,N,90,234,1,7.9,2.5,0.5,2.35,0.0,1.0,14.25,2.5,0.0,passagers_invalides;
2,2024-01-23 16:17:36,2024-01-23 16:45:47,1.0,3.72,1.0,N,90,239,4,-25.4,-2.5,-0.5,0.0,0.0,-1.0,-31.9,-2.5,0.0,montant_invalide;
1,2024-01-28 09:01:11,2024-01-28 09:39:19,1.0,0.0,1.0,N,223,165,1,48.5,0.0,0.5,0.0,0.0,1.0,50.0,0.0,0.0,distance_invalide;
1,2024-01-10 16:59:52,2024-01-10 17:10:20,,1.3,,,236,141,0,10.7,2.5,0.5,0.0,0.0,1.0,17.2,,,passagers_invalides;
1,2024-01-28 17:41:21,2024-01-28 17:46:40,,0.9,,,142,48,0,6.5,0.0,0.5,1.57,0.0,1.0,12.07,,,passagers_invalides;
2,2024-01-20 08:36:00,2024-01-20 08:48:53,,4.22,,,239,234,0,18.23,0.0,0.5,0.0,0.0,1.0,22.23,,,passagers_invalides;
2,2024-01-19 08:32:32,2024-01-19 08:59:12,,3.64,,,61,37,0,28.54,0.0,0.5,0.0,0.0,1.0,30.04,,,passagers_invalides;
2,2024-01-26 17:33:45,2024-01-26 17:41:21,1.0,1.18,1.0,N,25,66,4,-9.3,-2.5,-0.5,0.0,0.0,-1.0,-13.3,0.0,0.0,montant_invalide;
1,2024-01-17 02:52:24,2024-01-17 03:02:28,0.0,2.9,1.0,N,237,238,1,14.9,3.5,0.5,3.95,0.0,1.0,23.85,2.5,0.0,passagers_invalides;
1,2024-01-09 18:15:50,2024-01-09 18:27:35,,0.0,,,234,79,0,11.92,0.0,0.5,0.0,0.0,1.0,15.92,,,distance_invalide;passagers_invalides;
1,2024-01-12 22:30:59,2024-01-12 22:53:12,,4.8,,,13,48,0,23.3,1.0,0.5,2.83,0.0,1.0,31.13,,,passagers_invalides;
2,2024-01-26 23:21:48,2024-01-26 23:27:23,,1.25,,,141,262,0,6.83,0.0,0.5,0.0,0.0,1.0,10.83,,,passagers_invalides;
1,2024-01-05 19:22:15,2024-01-05 19:39:06,,2.6,,,48,263,0,17.0,2.5,0.5,2.35,0.0,1.0,25.85,,,passagers_invalides;
2,2024-01-16 06:30:05,2024-01-16 06:50:38,,6.25,,,143,244,0,22.33,0.0,0.5,0.0,0.0,1.0,26.33,,,passagers_invalides;
2,2024-01-02 13:14:58,2024-01-02 13:15:07,1.0,0.0,1.0,N,193,193,2,3.0,0.0,0.5,0.0,0.0,1.0,4.5,0.0,0.0,distance_invalide;
2,2024-01-01 08:27:21,2024-01-01 08:50:58,,8.52,,,158,181,0,38.78,0.0,0.5,9.94,6.94,1.0,59.66,,,passagers_invalides;
1,2024-01-06 08:24:57,2024-01-06 08:30:29,0.0,2.1,1.0,N,237,238,1,10.0,2.5,0.5,3.0,0.0,1.0,17.0,2.5,0.0,passagers_invalides;
1,2024-01-11 12:59:55,2024-01-11 13:00:19,1.0,0.0,1.0,N,145,145,2,3.0,0.0,0.5,0.0,0.0,1.0,4.5,0.0,0.0,distance_invalide;
1,2024-01-30 16:39:17,2024-01-30 16:43:05,,0.5,,,263,236,0,5.1,2.5,0.5,2.32,0.0,1.0,13.92,,,passagers_invalides;
2,2024-01-18 15:33:46,2024-01-18 15:33:48,1.0,0.0,5.0,N,264,264,1,87.0,0.0,0.5,22.12,0.0,1.0,110.62,0.0,0.0,distance_invalide;
1,2024-01-22 07:29:54,2024-01-22 07:46:44,,0.0,,,143,141,0,17.44,0.0,0.5,0.0,0.0,1.0,21.44,,,distance_invalide;passagers_invalides;
1,2024-01-23 06:46:23,2024-01-23 06:55:13,,1.6,,,230,233,0,10.7,0.0,0.5,0.74,0.0,1.0,15.44,,,passagers_invalides;
2,2024-01-05 23:49:01,2024-01-05 23:49:17,3.0,0.0,2.0,N,263,263,4,70.0,0.0,0.5,0.0,0.0,1.0,74.0,2.5,0.0,distance_invalide;
1,2024-01-13 14:01:50,2024-01-13 14:34:29,0.0,5.4,1.0,N,148,142,1,31.7,2.5,0.5,7.1,0.0,1.0,42.8,2.5,0.0,passagers_invalides;
1,2024-01-18 07:02:58,2024-01-18 07:03:23,1.0,0.0,1.0,N,145,145,2,3.0,0.0,0.5,0.0,0.0,1.0,4.5,0.0,0.0,distance_invalide;
2,2024-01-04 15:32:30,2024-01-04 15:39:22,1.0,0.0,1.0,N,161,162,1,7.2,0.0,0.5,0.0,0.0,1.0,11.2,2.5,0.0,distance_invalide;
2,2024-01-07 09:20:13,2024-01-07 09:28:42,1.0,0.0,1.0,N,142,236,1,8.6,0.0,0.5,2.52,0.0,1.0,15.12,2.5,0.0,distance_invalide;
1,2024-01-20 16:13:43,2024-01-20 16:18:56,0.0,0.8,1.0,N,142,239,1,7.2,2.5,0.5,2.0,0.0,1.0,13.2,2.5,0.0,passagers_invalides;
2,2024-01-21 18:54:05,2024-01-21 19:09:21,1.0,6.77,1.0,N,138,95,3,-28.2,-5.0,-0.5,0.0,0.0,-1.0,-36.45,0.0,-1.75,montant_invalide;
1,2024-01-02 10:10:56,2024-01-02 10:23:56,0.0,1.9,1.0,N,170,68,1,13.5,3.5,0.5,4.6,0.0,1.0,23.1,2.5,0.0,passagers_invalides;
1,2024-01-23 22:16:56,2024-01-23 22:21:52,0.0,1.3,1.0,N,249,231,1,7.9,3.5,0.5,1.0,0.0,1.0,13.9,2.5,0.0,passagers_invalides;
2,2024-01-14 00:28:40,2024-01-14 00:46:08,,3.22,,,211,48,0,16.16,0.0,0.5,0.0,0.0,1.0,20.16,,,passagers_invalides;
1,2024-01-13 18:19:33,2024-01-13 18:27:19,0.0,0.8,1.0,N,68,246,1,8.6,2.5,0.5,1.89,0.0,1.0,14.49,2.5,0.0,passagers_invalides;
2,2024-01-09 15:01:03,2024-01-09 15:20:45,1.0,3.07,1.0,N,230,239,4,-20.5,0.0,-0.5,0.0,0.0,-1.0,-24.5,-2.5,0.0,montant_invalide;
2,2024-01-31 21:23:23,2024-01-31 21:31:12,1.0,1.38,1.0,N,186,107,4,-9.3,-1.0,-0.5,0.0,0.0,-1.0,-14.3,-2.5,0.0,montant_invalide;
2,2024-01-12 19:37:50,2024-01-12 19:50:55,1.0,1.56,1.0,N,114,186,3,-13.5,-2.5,-0.5,0.0,0.0,-1.0,-20.0,-2.5,0.0,montant_invalide;
1,2024-01-17 11:59:23,2024-01-17 12:14:11,,0.0,,,140,137,0,37.51,0.0,0.5,0.0,0.0,1.0,41.51,,,distance_invalide;passagers_invalides;
2,2024-01-15 18:01:20,2024-01-15 18:05:38,,0.54,,,50,48,0,11.74,0.0,0.5,2.0,0.0,1.0,17.74,,,passagers_invalides;
2,2024-01-02 08:16:31,2024-01-02 08:21:46,1.0,0.68,1.0,N,163,163,4,-6.5,0.0,-0.5,0.0,0.0,-1.0,-10.5,-2.5,0.0,montant_invalide;
2,2024-01-11 08:22:01,2024-01-11 08:37:47,1.0,0.0,1.0,N,43,164,1,13.5,0.0,0.5,2.0,0.0,1.0,19.5,2.5,0.0,distance_invalide;
1,2024-01-05 12:59:24,2024-01-05 13:11:22,0.0,1.4,1.0,N,229,161,2,11.4,2.5,0.5,0.0,0.0,1.0,15.4,2.5,0.0,passagers_invalides;
2,2024-01-01 06:37:21,2024-01-01 06:41:26,,0.74,,,142,142,0,6.83,0.0,0.5,0.0,0.0,1.0,10.83,,,passagers_invalides;
2,2024-01-18 21:58:14,2024-01-18 22:10:06,,1.49,,,161,140,0,12.63,0.0,0.5,0.0,0.0,1.0,16.63,,,passagers_invalides;
1,2024-01-23 18:46:31,2024-01-23 18:57:03,,1.5,,,238,239,0,12.1,2.5,0.5,1.86,0.0,1.0,20.46,,,passagers_invalides;
2,2024-01-20 19:40:58,2024-01-20 20:08:19,,2.38,,,114,161,0,21.84,0.0,0.5,0.0,0.0,1.0,25.84,,,passagers_invalides;
1,2024-01-09 02:19:33,2024-01-09 02:27:05,,1.9,,,137,114,0,10.7,1.0,0.5,2.36,0.0,1.0,18.06,,,passagers_invalides;
2,2024-01-27 15:59:14,2024-01-27 16:17:50,1.0,1.75,1.0,N,68,113,4,-17.0,0.0,-0.5,0.0,0.0,-1.0,-21.0,-2.5,0.0,montant_invalide;
2,2024-01-20 19:57:57,2024-01-20 20:17:33,,7.29,,,13,237,0,26.68,0.0,0.5,0.0,0.0,1.0,30.68,,,passagers_invalides;
2,2024-01-01 07:06:21,2024-01-01 07:25:28,,11.4,,,7,131,0,36.93,0.0,0.5,0.0,0.0,1.0,38.43,,,passagers_invalides;
1,2024-01-05 14:46:03,2024-01-05 14:56:25,0.0,2.0,1.0,N,161,114,1,12.1,2.5,0.5,3.2,0.0,1.0,19.3,2.5,0.0,passagers_invalides;
2,2024-01-14 22:53:45,2024-01-14 23:14:39,,4.63,,,232,62,0,23.44,0.0,0.5,5.49,0.0,1.0,32.93,,,passagers_invalides;
2,2024-01-13 00:03:51,2024-01-13 00:17:53,,3.57,,,234,140,0,24.5,0.0,0.5,0.0,0.0,1.0,28.5,,,passagers_invalides;
2,2024-01-15 19:08:05,2024-01-15 19:10:49,1.0,0.0,1.0,N,193,193,3,4.4,0.0,0.5,0.0,0.0,1.0,5.9,0.0,0.0,distance_invalide;
2,2024-01-21 05:47:41,2024-01-21 06:02:29,,4.35,,,89,181,0,18.38,0.0,0.5,0.0,0.0,1.0,19.88,,,passagers_invalides;
1,2024-01-08 15:43:24,2024-01-08 15:51:50,,1.5,,,162,236,0,10.7,0.0,0.5,2.2,0.0,1.0,16.9,,,passagers_invalides;
1,2024-01-27 15:41:36,2024-01-27 15:47:08,0.0,0.6,1.0,N,238,239,2,6.5,2.5,0.5,0.0,0.0,1.0,10.5,2.5,0.0,passagers_invalides;
1,2024-01-09 18:05:50,2024-01-09 18:17:53,,0.0,,,48,234,0,12.67,0.0,0.5,0.0,0.0,1.0,16.67,,,distance_invalide;passagers_invalides;
1,2024-01-26 07:19:16,2024-01-26 07:23:46,,0.9,,,263,141,0,6.5,0.0,0.5,1.58,0.0,1.0,12.08,,,passagers_invalides;
2,2024-01-25 17:56:12,2024-01-25 18:14:30,,2.84,,,143,234,0,19.09,0.0,0.5,0.0,0.0,1.0,23.09,,,passagers_invalides;
1,2024-01-09 21:08:00,2024-01-09 21:10:47,0.0,0.5,1.0,N,79,113,2,5.1,3.5,0.5,0.0,0.0,1.0,10.1,2.5,0.0,passagers_invalides;
2,2024-01-31 19:29:32,2024-01-31 19:29:40,1.0,0.0,5.0,N,68,68,1,85.0,0.0,0.0,0.0,0.0,1.0,88.5,2.5,0.0,distance_invalide;
1,2024-01-12 22:31:18,2024-01-12 22:31:56,1.0,0.0,1.0,N,13,13,3,3.0,3.5,0.5,0.0,0.0,1.0,8.0,2.5,0.0,distance_invalide;
2,2024-01-09 17:48:40,2024-01-09 19:00:09,,17.65,,,145,139,0,79.81,0.0,0.5,0.0,0.0,1.0,81.31,,,passagers_invalides;
1,2024-01-08 11:33:35,2024-01-08 11:41:04,,1.4,,,186,113,0,8.6,0.0,0.5,0.0,0.0,1.0,12.6,,,passagers_invalides;
1,2024-01-31 09:18:23,2024-01-31 09:41:18,1.0,0.0,1.0,N,162,237,1,14.9,2.5,0.5,2.0,0.0,1.0,20.9,2.5,0.0,distance_invalide;
1,2024-01-27 21:33:39,2024-01-27 21:50:44,0.0,3.0,1.0,N,90,142,1,17.7,3.5,0.5,4.5,0.0,1.0,27.2,2.5,0.0,passagers_invalides;
1,2024-01-12 22:02:38,2024-01-12 22:05:33,,0.9,,,236,239,0,5.8,1.0,0.5,2.16,0.0,1.0,12.96,,,passagers_invalides;
1,2024-01-16 07:11:18,2024-01-16 07:42:47,,3.4,,,263,161,0,27.5,0.0,0.5,4.73,0.0,1.0,36.23,,,passagers_invalides;
1,2024-01-07 13:02:40,2024-01-07 13:17:04,,1.4,,,161,186,0,11.39,0.0,0.5,0.0,0.0,1.0,15.39,,,passagers_invalides;
2,2024-01-09 22:14:08,2024-01-09 22:20:23,,0.84,,,161,48,0,12.52,0.0,0.5,0.0,0.0,1.0,16.52,,,passagers_invalides;
2,2024-01-30 09:04:29,2024-01-30 09:38:39,,10.1,,,80,159,0,55.6,0.0,0.5,1.0,6.94,1.0,65.04,,,passagers_invalides;
2,2024-01-18 13:24:27,2024-01-18 13:43:15,1.0,1.56,1.0,N,141,230,4,-17.0,0.0,-0.5,0.0,0.0,-1.0,-21.0,-2.5,0.0,montant_invalide;
2,2024-01-17 22:09:05,2024-01-17 22:13:37,,0.65,,,249,68,0,8.58,0.0,0.5,0.0,0.0,1.0,12.58,,,passagers_invalides;
2,2024-01-19 13:27:03,2024-01-19 13:34:10,1.0,0.88,1.0,N,236,237,4,-8.6,0.0,-0.5,2.52,0.0,-1.0,-10.08,-2.5,0.0,montant_invalide;
2,2024-01-24 08:07:51,2024-01-24 08:14:13,1.0,0.79,1.0,N,113,79,4,-7.2,0.0,-0.5,0.0,0.0,-1.0,-11.2,-2.5,0.0,montant_invalide;
1,2024-01-25 15:12:51,2024-01-25 16:02:17,0.0,4.3,1.0,N,238,229,1,40.1,2.5,0.5,2.0,0.0,1.0,46.1,2.5,0.0,passagers_invalides;
2,2024-01-12 12:25:42,2024-01-12 12:26:40,1.0,0.0,5.0,N,132,132,1,85.0,0.0,0.5,17.65,0.0,1.0,105.9,0.0,1.75,distance_invalide;
2,2024-01-08 21:18:18,2024-01-08 21:24:32,1.0,0.74,1.0,N,170,164,3,-7.2,-1.0,-0.5,0.0,0.0,-1.0,-12.2,-2.5,0.0,montant_invalide;
2,2024-01-18 14:53:46,2024-01-18 14:57:25,1.0,0.78,1.0,N,226,260,3,-5.8,0.0,-0.5,0.0,0.0,-1.0,-7.3,0.0,0.0,montant_invalide;
2,2024-01-17 21:42:25,2024-01-17 21:53:46,,1.84,,,164,142,0,14.11,0.0,0.5,0.0,0.0,1.0,18.11,,,passagers_invalides;
2,2024-01-16 23:07:55,2024-01-16 23:31:50,1.0,15.04,1.0,N,132,175,4,-58.3,-1.0,-0.5,0.0,0.0,-1.0,-62.55,0.0,-1.75,montant_invalide;
2,2024-01-08 18:43:34,2024-01-08 18:43:39,1.0,0.0,1.0,N,132,132,4,3.0,2.5,0.5,0.0,0.0,1.0,8.75,0.0,1.75,distance_invalide;
2,2024-01-01 15:44:10,2024-01-01 16:05:07,,7.49,,,45,236,0,35.24,0.0,0.5,7.85,0.0,1.0,47.09,,,passagers_invalides;
1,2024-01-12 23:30:52,2024-01-12 23:54:36,,0.0,,,144,161,0,24.36,0.0,0.5,0.0,0.0,1.0,28.36,,,distance_invalide;passagers_invalides;
2,2024-01-24 08:47:31,2024-01-24 08:54:33,,0.96,,,7,193,0,11.02,0.0,0.5,2.5,0.0,1.0,15.02,,,passagers_invalides;
1,2024-01-31 11:38:54,2024-01-31 12:06:29,,0.0,,,107,42,0,34.97,0.0,0.5,0.0,0.0,1.0,38.97,,,distance_invalide;passagers_invalides;
2,2024-01-21 00:06:17,2024-01-21 00:20:33,,2.13,,,170,48,0,17.44,0.0,0.5,0.0,0.0,1.0,21.44,,,passagers_invalides;
1,2024-01-17 16:43:46,2024-01-17 17:22:32,1.0,0.0,1.0,N,61,39,1,26.0,0.0,0.5,0.0,0.0,1.0,27.5,0.0,0.0,distance_invalide;
2,2024-01-25 08:28:15,2024-01-25 08:45:15,,6.07,,,140,209,0,-0.32,0.0,0.5,0.0,0.0,1.0,3.68,,,montant_invalide;passagers_invalides;
2,2024-01-25 19:39:26,2024-01-25 20:02:06,1.0,4.11,1.0,N,144,142,2,-22.6,-2.5,-0.5,0.0,0.0,-1.0,-29.1,-2.5,0.0,montant_invalide;
2,2024-01-31 23:29:02,2024-01-31 23:29:13,1.0,0.0,2.0,N,68,68,1,70.0,0.0,0.5,10.0,6.94,1.0,90.94,2.5,0.0,distance_invalide;
2,2024-01-05 06:16:40,2024-01-05 06:20:01,1.0,0.62,1.0,N,186,90,4,-5.8,0.0,-0.5,0.0,0.0,-1.0,-9.8,-2.5,0.0,montant_invalide;
1,2024-01-11 19:29:58,2024-01-11 19:38:17,0.0,1.0,1.0,N,163,237,1,9.3,5.0,0.5,1.5,0.0,1.0,17.3,2.5,0.0,passagers_invalides;
2,2024-01-04 21:58:34,2024-01-04 22:25:40,1.0,0.0,1.0,N,24,90,1,21.9,1.0,0.5,5.38,0.0,1.0,32.28,2.5,0.0,distance_invalide;
2,2024-01-18 12:06:52,2024-01-18 12:11:05,1.0,1.88,1.0,N,132,132,4,-10.0,0.0,-0.5,0.0,0.0,-1.0,-13.25,0.0,-1.75,montant_invalide;
1,2024-01-15 15:26:37,2024-01-15 15:42:32,0.0,2.7,1.0,N,113,163,1,14.9,2.5,0.5,3.75,0.0,1.0,22.65,2.5,0.0,passagers_invalides;
2,2024-01-18 08:56:52,2024-01-18 09:13:32,,2.66,,,238,162,0,23.9,0.0,0.5,2.79,0.0,1.0,30.69,,,passagers_invalides;
2,2024-01-21 05:56:57,2024-01-21 06:18:58,,11.6,,,193,131,0,34.57,0.0,0.5,0.0,0.0,1.0,36.07,,,passagers_invalides;
1,2024-01-22 14:11:18,2024-01-22 14:16:22,,0.5,,,236,75,0,10.16,0.0,0.5,0.0,0.0,1.0,14.16,,,passagers_invalides;
1,2024-01-02 06:49:49,2024-01-02 06:55:24,,1.0,,,263,140,0,10.16,0.0,0.5,0.0,0.0,1.0,14.16,,,passagers_invalides;
2,2024-01-17 10:22:03,2024-01-17 10:22:17,1.0,0.0,1.0,N,193,193,3,3.0,0.0,0.5,0.0,0.0,1.0,4.5,0.0,0.0,distance_invalide;
2,2024-01-15 20:23:05,2024-01-15 20:27:51,,1.91,,,143,151,0,11.74,0.0,0.5,3.15,0.0,1.0,18.89,,,passagers_invalides;
2,2024-01-13 00:32:32,2024-01-13 00:32:51,1.0,0.0,1.0,N,148,148,2,3.0,1.0,0.5,0.0,0.0,1.0,8.0,2.5,0.0,distance_invalide;
2,2024-01-25 05:08:26,2024-01-25 05:30:01,,11.94,,,209,138,0,31.47,0.0,0.5,2.0,0.0,1.0,37.47,,,passagers_invalides;
2,2024-01-03 15:23:44,2024-01-03 16:23:38,,16.6,,,229,132,0,71.16,0.0,0.5,7.52,0.0,1.0,82.68,,,passagers_invalides;
2,2024-01-16 14:25:18,2024-01-16 14:39:15,,1.97,,,100,50,0,-0.56,0.0,0.5,0.0,0.0,1.0,3.44,,,montant_invalide;passagers_invalides;
1,2024-01-01 07:50:28,2024-01-01 07:54:45,,0.0,,,142,143,0,6.83,0.0,0.5,0.0,0.0,1.0,10.83,,,distance_invalide;passagers_invalides;
2,2024-01-15 06:27:20,2024-01-15 06:36:02,,2.89,,,141,186,0,16.29,0.0,0.5,0.2,0.0,1.0,20.49,,,passagers_invalides;
2,2024-01-01 14:54:58,2024-01-01 15:07:36,,2.25,,,236,143,0,18.68,0.0,0.5,0.0,0.0,1.0,22.68,,,passagers_invalides;
1,2024-01-19 23:14:38,2024-01-19 23:42:52,,5.7,,,90,97,0,31.84,0.0,0.5,0.0,0.0,1.0,35.84,,,passagers_invalides;
2,2024-01-01 06:41:50,2024-01-01 06:59:30,,3.5,,,37,79,0,23.87,0.0,0.5,0.0,0.0,1.0,27.87,,,passagers_invalides;
1,2024-01-28 00:14:44,2024-01-28 00:29:37,,0.0,,,79,75,0,26.09,0.0,0.5,0.0,0.0,1.0,30.09,,,distance_invalide;passagers_invalides;
1,2024-01-20 19:26:45,2024-01-20 19:47:31,,0.0,,,162,50,0,23.13,0.0,0.5,0.0,0.0,1.0,27.13,,,distance_invalide;passagers_invalides;
2,2024-01-20 16:36:52,2024-01-20 16:41:34,1.0,0.77,1.0,N,239,238,4,-7.2,0.0,-0.5,0.0,0.0,-1.0,-11.2,-2.5,0.0,montant_invalide;
2,2024-01-03 07:39:43,2024-01-03 07:47:42,1.0,1.75,1.0,N,42,74,4,-10.0,0.0,-0.5,0.0,0.0,-1.0,-11.5,0.0,0.0,montant_invalide;
1,2024-01-31 17:49:22,2024-01-31 18:06:17,0.0,2.1,1.0,N,246,249,1,16.3,5.0,0.5,6.8,0.0,1.0,29.6,2.5,0.0,passagers_invalides;
2,2024-01-10 12:15:00,2024-01-10 12:26:00,,1.77,,,143,237,0,14.69,0.0,0.5,1.87,0.0,1.0,20.56,,,passagers_invalides;
2,2024-01-30 21:08:09,2024-01-30 21:31:58,1.0,6.7,1.0,N,162,33,4,-30.3,-1.0,-0.5,0.0,0.0,-1.0,-35.3,-2.5,0.0,montant_invalide;
1,2024-01-05 16:05:21,2024-01-05 16:06:04,1.0,0.0,1.0,N,74,74,3,3.0,2.5,0.5,0.0,0.0,1.0,7.0,0.0,0.0,distance_invalide;
2,2024-01-22 23:25:06,2024-01-22 23:32:07,,0.92,,,107,90,0,6.83,0.0,0.5,0.0,0.0,1.0,10.83,,,passagers_invalides;
2,2024-01-11 11:38:24,2024-01-11 11:56:54,1.0,0.0,1.0,N,234,141,1,15.6,0.0,0.5,3.92,0.0,1.0,23.52,2.5,0.0,distance_invalide;
2,2024-01-14 00:10:55,2024-01-14 00:20:53,,1.09,,,249,79,0,10.46,0.0,0.5,0.0,0.0,1.0,14.46,,,passagers_invalides;
1,2024-01-01 15:36:56,2024-01-01 15:43:52,,0.0,,,262,233,0,10.02,0.0,0.5,0.0,0.0,1.0,14.02,,,distance_invalide;passagers_invalides;
2,2024-01-02 21:13:14,2024-01-02 21:13:26,1.0,0.0,1.0,N,68,68,3,3.0,1.0,0.5,0.0,0.0,1.0,5.5,0.0,0.0,distance_invalide;
2,2024-01-13 22:22:39,2024-01-13 22:39:38,,5.0,,,32,119,0,21.56,0.0,0.5,0.0,0.0,1.0,23.06,,,passagers_invalides;
1,2024-01-09 19:11:02,2024-01-09 19:21:51,0.0,0.4,1.0,N,164,137,1,10.0,5.0,0.5,3.3,0.0,1.0,19.8,2.5,0.0,passagers_invalides;
1,2024-01-01 20:20:50,2024-01-01 20:36:05,0.0,8.7,1.0,N,138,137,1,34.5,10.25,0.5,10.6,6.94,1.0,63.79,2.5,1.75,passagers_invalides;
2,2024-01-31 22:00:22,2024-01-31 22:12:38,,2.69,,,163,75,0,15.39,0.0,0.5,3.88,0.0,1.0,23.27,,,passagers_invalides;
2,2024-01-04 17:00:47,2024-01-04 17:00:53,2.0,0.0,2.0,N,138,138,4,-70.0,-5.0,-0.5,0.0,0.0,-1.0,-78.25,0.0,-1.75,distance_invalide;montant_invalide;
2,2024-01-16 06:27:20,2024-01-16 06:57:10,,10.65,,,143,138,0,35.68,0.0,0.5,9.32,6.94,1.0,55.94,,,passagers_invalides;
2,2024-01-12 10:43:53,2024-01-12 11:00:21,1.0,0.0,1.0,N,75,164,1,14.2,0.0,0.5,3.0,0.0,1.0,21.2,2.5,0.0,distance_invalide;
2,2024-01-08 08:31:15,2024-01-08 08:38:09,,0.95,,,211,231,0,13.82,0.0,0.5,3.56,0.0,1.0,21.38,,,passagers_invalides;
1,2024-01-17 13:43:20,2024-01-17 13:54:15,0.0,1.5,1.0,N,43,41,1,10.7,2.5,0.5,1.4,0.0,1.0,16.1,2.5,0.0,passagers_invalides;
1,2024-01-17 08:48:47,2024-01-17 08:49:41,1.0,0.0,5.0,N,238,238,1,19.0,0.0,0.0,2.0,0.0,1.0,22.0,0.0,0.0,distance_invalide;
2,2024-01-09 18:09:17,2024-01-09 18:21:16,,1.47,,,161,170,0,14.16,0.0,0.5,0.0,0.0,1.0,18.16,,,passagers_invalides;
2,2024-01-09 11:47:11,2024-01-09 12:07:47,,2.53,,,238,162,0,22.62,0.0,0.5,3.99,0.0,1.0,30.61,,,passagers_invalides;
2,2024-01-06 18:33:43,2024-01-06 19:03:19,,4.24,,,144,230,0,42.22,0.0,0.5,9.24,0.0,1.0,55.46,,,passagers_invalides;
2,2024-01-04 04:55:01,2024-01-04 05:15:11,,11.06,,,113,138,0,35.87,0.0,0.5,7.97,0.0,1.0,47.84,,,passagers_invalides;
1,2024-01-23 21:02:26,2024-01-23 21:18:16,,0.0,,,246,107,0,18.25,0.0,0.5,0.0,0.0,1.0,22.25,,,distance_invalide;passagers_invalides;
1,2024-01-27 19:14:56,2024-01-27 19:49:10,,6.1,,,237,33,0,45.42,0.0,0.5,0.0,0.0,1.0,49.42,,,passagers_invalides;
2,2024-01-26 04:10:27,2024-01-26 04:19:18,,3.34,,,260,129,0,13.48,0.0,0.5,0.0,0.0,1.0,14.98,,,passagers_invalides;
1,2024-01-11 16:45:23,2024-01-11 16:57:21,,0.0,,,239,264,0,16.88,0.0,0.5,0.0,0.0,1.0,20.88,,,distance_invalide;passagers_invalides;
2,2024-01-19 19:46:01,2024-01-19 19:47:01,4.0,0.0,1.0,N,170,170,1,3.0,2.5,0.5,0.0,0.0,1.0,9.5,2.5,0.0,distance_invalide;
1,2024-01-05 15:50:49,2024-01-05 16:00:02,0.0,0.9,1.0,N,238,239,1,10.0,2.5,0.5,2.0,0.0,1.0,16.0,2.5,0.0,passagers_invalides;
1,2024-01-12 13:39:41,2024-01-12 13:40:03,1.0,0.0,5.0,N,170,162,1,83.0,0.0,0.0,10.0,0.0,1.0,94.0,0.0,0.0,distance_invalide;
2,2024-01-01 04:01:50,2024-01-01 04:05:59,1.0,0.0,1.0,N,137,79,1,5.8,1.0,0.5,2.16,0.0,1.0,12.96,2.5,0.0,distance_invalide;
2,2024-01-05 05:17:00,2024-01-05 05:43:38,,17.39,,,148,132,0,48.54,0.0,0.5,12.51,0.0,1.0,65.05,,,passagers_invalides;
2,2024-01-30 18:25:54,2024-01-30 18:42:09,,2.58,,,163,262,0,24.05,0.0,0.5,4.21,0.0,1.0,32.26,,,passagers_invalides;
1,2024-01-21 11:28:02,2024-01-21 11:46:39,,0.0,,,262,234,0,25.82,0.0,0.5,0.0,0.0,1.0,29.82,,,distance_invalide;passagers_invalides;
1,2024-01-26 19:34:14,2024-01-26 19:50:31,,0.0,,,262,4,0,15.38,0.0,0.5,0.0,0.0,1.0,19.38,,,distance_invalide;passagers_invalides;
2,2024-01-27 21:33:19,2024-01-27 21:53:38,3.0,2.19,1.0,N,90,231,4,-19.8,-1.0,-0.5,0.0,0.0,-1.0,-24.8,-2.5,0.0,montant_invalide;
1,2024-01-27 21:40:12,2024-01-27 21:55:55,0.0,2.8,1.0,N,237,238,3,15.6,3.5,0.5,0.0,0.0,1.0,20.6,2.5,0.0,passagers_invalides;
2,2024-01-26 04:39:26,2024-01-26 04:50:29,,2.76,,,232,170,0,12.7,0.0,0.5,0.0,0.0,1.0,16.7,,,passagers_invalides;
2,2024-01-01 15:34:41,2024-01-01 15:48:02,,1.8,,,50,186,0,-3.0,0.0,0.5,0.0,0.0,1.0,1.0,,,montant_invalide;passagers_invalides;
1,2024-01-23 21:29:18,2024-01-23 21:52:13,,6.8,,,144,263,0,31.0,1.0,0.5,7.2,0.0,1.0,43.2,,,passagers_invalides;
2,2024-01-30 23:20:44,2024-01-30 23:28:11,,1.11,,,158,249,0,10.33,0.0,0.5,0.0,0.0,1.0,14.33,,,passagers_invalides;
2,2024-01-20 19:19:35,2024-01-20 19:32:29,,2.03,,,238,163,0,0.38,0.0,0.5,0.0,0.0,1.0,4.38,,,passagers_invalides;
2,2024-01-29 14:19:26,2024-01-29 14:42:25,,10.5,,,141,138,0,37.29,0.0,0.5,9.65,6.94,1.0,57.88,,,passagers_invalides;
2,2024-01-21 17:04:14,2024-01-21 17:04:21,1.0,0.0,2.0,N,230,230,2,70.0,0.0,0.5,0.0,0.0,1.0,74.0,2.5,0.0,distance_invalide;
2,2024-01-22 14:23:00,2024-01-22 14:40:00,,2.0,,,140,163,0,15.52,0.0,0.5,3.9,0.0,1.0,23.42,,,passagers_invalides;
1,2024-01-02 15:15:32,2024-01-02 15:29:22,,4.0,,,75,50,0,19.8,0.0,0.5,3.57,0.0,1.0,27.37,,,passagers_invalides;
2,2024-01-05 09:05:00,2024-01-05 09:40:00,,9.74,,,49,138,0,39.96,0.0,0.5,10.36,0.0,1.0,51.82,,,passagers_invalides;
1,2024-01-24 18:11:46,2024-01-24 18:16:49,,0.6,,,237,237,0,6.5,2.5,0.5,2.6,0.0,1.0,15.6,,,passagers_invalides;
1,2024-01-22 14:05:51,2024-01-22 14:26:30,0.0,1.8,1.0,N,163,140,1,18.4,2.5,0.5,4.48,0.0,1.0,26.88,2.5,0.0,passagers_invalides;
2,2024-01-11 12:51:25,2024-01-11 13:03:55,1.0,1.7,1.0,N,236,75,4,-12.8,0.0,-0.5,0.0,0.0,-1.0,-16.8,-2.5,0.0,montant_invalide;
2,2024-01-08 23:40:29,2024-01-08 23:49:30,,1.57,,,24,75,0,9.46,0.0,0.5,0.0,0.0,1.0,10.96,,,passagers_invalides;
1,2024-01-17 08:38:27,2024-01-17 09:04:40,,2.1,,,236,161,0,21.9,0.0,0.5,3.88,0.0,1.0,29.78,,,passagers_invalides;
2,2024-01-26 23:29:36,2024-01-26 23:34:53,,0.73,,,114,234,0,9.37,0.0,0.5,0.0,0.0,1.0,13.37,,,passagers_invalides;
1,2024-01-16 23:22:31,2024-01-16 23:39:06,,0.0,,,230,158,0,18.37,0.0,0.5,0.0,0.0,1.0,22.37,,,distance_invalide;passagers_invalides;
2,2024-01-15 22:03:00,2024-01-15 22:11:00,,1.63,,,161,170,0,11.74,0.0,0.5,2.36,0.0,1.0,18.1,,,passagers_invalides;
2,2024-01-16 07:36:10,2024-01-16 07:52:01,,3.55,,,236,246,0,27.2,0.0,0.5,4.68,0.0,1.0,35.88,,,passagers_invalides;
2,2024-01-10 03:50:10,2024-01-10 04:20:51,,16.32,,,246,132,0,56.78,0.0,0.5,3.39,6.94,1.0,71.11,,,passagers_invalides;
2,2024-01-14 10:36:55,2024-01-14 10:44:10,3.0,1.16,1.0,N,186,230,4,-9.3,0.0,-0.5,0.0,0.0,-1.0,-13.3,-2.5,0.0,montant_invalide;
2,2024-01-06 23:16:46,2024-01-07 00:14:30,1.0,29.02,1.0,N,132,3,4,-110.1,-1.0,-0.5,0.0,0.0,-1.0,-116.85,-2.5,-1.75,montant_invalide;
1,2024-01-29 13:52:22,2024-01-29 13:57:56,,0.6,,,100,68,0,5.8,0.0,0.5,1.47,0.0,1.0,11.27,,,passagers_invalides;
1,2024-01-16 10:06:07,2024-01-16 10:46:17,,1.5,,,236,237,0,31.0,0.0,0.5,5.25,0.0,1.0,40.25,,,passagers_invalides;
1,2024-01-06 17:36:34,2024-01-06 17:42:06,,0.0,,,75,75,0,6.83,0.0,0.5,0.0,0.0,1.0,8.33,,,distance_invalide;passagers_invalides;
1,2024-01-02 02:03:44,2024-01-02 02:20:50,0.0,5.0,1.0,N,263,249,1,22.6,3.5,0.5,4.5,0.0,1.0,32.1,2.5,0.0,passagers_invalides;
2,2024-01-01 01:34:19,2024-01-01 01:45:16,,3.32,,,263,146,0,17.94,0.0,0.5,0.0,0.0,1.0,21.94,,,passagers_invalides;
2,2024-01-06 10:38:09,2024-01-06 10:48:52,1.0,0.0,1.0,N,68,246,1,10.0,0.0,0.5,2.8,0.0,1.0,16.8,2.5,0.0,distance_invalide;
2,2024-01-08 16:07:32,2024-01-08 16:19:08,,2.63,,,249,48,0,15.96,0.0,0.5,0.0,0.0,1.0,19.96,,,passagers_invalides;
2,2024-01-03 13:43:39,2024-01-03 13:43:47,2.0,0.0,5.0,N,230,230,1,77.75,0.0,0.0,22.05,6.94,1.0,110.24,2.5,0.0,distance_invalide;
1,2024-01-05 19:35:11,2024-01-05 19:44:55,0.0,2.3,1.0,N,142,43,1,12.8,5.0,0.5,4.8,0.0,1.0,24.1,2.5,0.0,passagers_invalides;
2,2024-01-13 18:53:33,2024-01-13 19:15:54,,6.83,,,140,211,0,30.89,0.0,0.5,0.0,0.0,1.0,34.89,,,passagers_invalides;
2,2024-01-09 15:16:22,2024-01-09 15:27:35,,2.0,,,74,42,0,13.57,0.0,0.5,0.0,0.0,1.0,15.07,,,passagers_invalides;
2,2024-01-02 23:06:27,2024-01-02 23:33:45,4.0,5.38,1.0,N,148,231,4,-28.2,-1.0,-0.5,0.0,0.0,-1.0,-33.2,-2.5,0.0,montant_invalide;
2,2024-01-06 23:47:13,2024-01-06 23:56:36,,1.73,,,79,107,0,12.24,0.0,0.5,0.0,0.0,1.0,16.24,,,passagers_invalides;
2,2024-01-23 18:29:14,2024-01-23 18:42:33,,4.02,,,209,107,0,18.5,0.0,0.5,0.0,0.0,1.0,22.5,,,passagers_invalides;
2,2024-01-01 01:30:02,2024-01-01 01:59:14,,8.97,,,229,116,0,48.36,0.0,0.5,0.0,0.0,1.0,52.36,,,passagers_invalides;
1,2024-01-24 16:06:29,2024-01-24 16:14:41,,0.9,,,249,234,0,8.6,2.5,0.5,3.02,0.0,1.0,18.12,,,passagers_invalides;
2,2024-01-19 18:44:23,2024-01-19 19:02:40,,1.82,,,209,148,0,14.6,0.0,0.5,0.0,0.0,1.0,18.6,,,passagers_invalides;
1,2024-01-26 13:27:01,2024-01-26 13:36:05,0.0,1.0,1.0,N,163,142,1,10.0,2.5,0.5,2.8,0.0,1.0,16.8,2.5,0.0,passagers_invalides;
1,2024-01-18 19:50:30,2024-01-18 19:58:13,0.0,1.2,1.0,N,144,249,1,9.3,3.5,0.5,2.85,0.0,1.0,17.15,2.5,0.0,passagers_invalides;
1,2024-01-15 15:20:04,2024-01-15 15:20:38,0.0,0.0,5.0,N,132,132,3,0.01,1.75,0.0,0.0,0.0,1.0,2.76,0.0,1.75,distance_invalide;passagers_invalides;
1,2024-01-17 18:41:25,2024-01-17 19:12:11,,0.0,,,211,238,0,36.4,0.0,0.5,0.0,0.0,1.0,40.4,,,distance_invalide;passagers_invalides;
1,2024-01-07 17:26:31,2024-01-07 17:36:49,,1.7,,,161,236,0,11.4,0.0,0.5,1.54,0.0,1.0,16.94,,,passagers_invalides;
2,2024-01-13 08:21:12,2024-01-13 08:42:10,,4.46,,,107,97,0,21.38,0.0,0.5,5.08,0.0,1.0,30.46,,,passagers_invalides;
2,2024-01-15 22:47:48,2024-01-15 22:54:38,1.0,3.38,1.0,N,132,10,3,-14.9,-1.0,-0.5,0.0,0.0,-1.0,-19.15,0.0,-1.75,montant_invalide;
1,2024-01-16 19:48:56,2024-01-16 20:00:48,,0.0,,,92,121,0,16.8,0.0,0.5,0.0,0.0,1.0,18.3,,,distance_invalide;passagers_invalides;
2,2024-01-21 20:49:17,2024-01-21 21:18:12,2.0,23.79,4.0,N,132,265,4,-103.1,-1.0,-0.5,0.0,-6.94,-1.0,-114.29,0.0,-1.75,montant_invalide;
2,2024-01-05 20:20:46,2024-01-05 20:33:29,,1.21,,,148,113,0,11.74,0.0,0.5,1.57,0.0,1.0,17.31,,,passagers_invalides;
1,2024-01-05 06:41:01,2024-01-05 06:41:13,1.0,0.0,1.0,N,168,168,2,3.0,0.0,0.5,0.0,0.0,1.0,4.5,0.0,0.0,distance_invalide;
1,2024-01-24 15:11:44,2024-01-24 15:26:56,0.0,1.7,1.0,N,100,237,1,14.9,2.5,0.5,3.75,0.0,1.0,22.65,2.5,0.0,passagers_invalides;
1,2024-01-26 19:45:21,2024-01-26 20:01:17,,0.0,,,237,238,0,17.18,0.0,0.5,0.0,0.0,1.0,21.18,,,distance_invalide;passagers_invalides;
2,2024-01-24 21:29:33,2024-01-24 21:41:53,,3.3,,,231,4,0,15.9,0.0,0.5,1.99,0.0,1.0,21.89,,,passagers_invalides;
2,2024-01-28 12:10:16,2024-01-28 12:18:45,1.0,1.68,1.0,N,161,237,4,-10.7,0.0,-0.5,0.0,0.0,-1.0,-14.7,-2.5,0.0,montant_invalide;
2,2024-01-24 05:22:55,2024-01-24 05:23:00,1.0,0.0,5.0,N,263,263,1,82.3,0.0,0.0,10.0,0.0,1.0,95.8,2.5,0.0,distance_invalide;
2,2024-01-09 15:04:47,2024-01-09 15:33:58,,4.42,,,17,145,0,33.21,0.0,0.5,0.0,0.0,1.0,34.71,,,passagers_invalides;
2,2024-01-16 16:54:10,2024-01-16 17:07:45,,4.48,,,137,87,0,23.36,0.0,0.5,0.0,0.0,1.0,27.36,,,passagers_invalides;
2,2024-01-25 16:46:08,2024-01-25 16:46:20,3.0,0.0,5.0,N,48,246,1,87.69,0.0,0.0,18.24,0.0,1.0,109.43,2.5,0.0,distance_invalide;
2,2024-01-09 21:59:57,2024-01-09 22:13:28,,1.51,,,230,164,0,12.06,0.0,0.5,0.0,0.0,1.0,16.06,,,passagers_invalides;
1,2024-01-30 13:36:15,2024-01-30 13:56:50,0.0,1.8,1.0,N,236,161,1,17.7,2.5,0.5,4.3,0.0,1.0,26.0,2.5,0.0,passagers_invalides;
2,2024-01-15 06:12:13,2024-01-15 06:12:19,1.0,0.0,5.0,N,74,74,1,82.0,0.0,0.0,16.6,0.0,1.0,99.6,0.0,0.0,distance_invalide;
2,2024-01-11 12:59:32,2024-01-11 13:40:49,,9.91,,,164,61,0,53.68,0.0,0.5,9.75,0.0,1.0,67.43,,,passagers_invalides;
1,2024-01-13 02:07:48,2024-01-13 02:18:37,,0.0,,,158,186,0,16.42,0.0,0.5,0.0,0.0,1.0,20.42,,,distance_invalide;passagers_invalides;
1,2024-01-11 20:14:06,2024-01-11 20:34:42,,7.2,,,231,162,0,31.7,1.0,0.5,3.0,0.0,1.0,39.7,,,passagers_invalides;
2,2024-01-17 22:02:35,2024-01-17 22:15:12,,2.41,,,170,249,0,15.13,0.0,0.5,0.0,0.0,1.0,19.13,,,passagers_invalides;
2,2024-01-12 08:19:40,2024-01-12 08:33:47,1.0,2.4,1.0,N,163,107,2,-14.9,0.0,-0.5,0.0,0.0,-1.0,-18.9,-2.5,0.0,montant_invalide;
1,2024-01-20 20:02:12,2024-01-20 20:11:11,0.0,3.4,1.0,N,138,179,1,14.9,7.75,0.5,0.0,0.0,1.0,24.15,0.0,1.75,passagers_invalides;
2,2024-01-12 17:33:11,2024-01-12 17:40:36,1.0,1.04,1.0,N,236,237,2,-8.6,-2.5,-0.5,0.0,0.0,-1.0,-15.1,-2.5,0.0,montant_invalide;
2,2024-01-09 22:24:47,2024-01-09 22:38:18,,1.8,,,161,263,0,14.43,0.0,0.5,0.0,0.0,1.0,18.43,,,passagers_invalides;
2,2024-01-25 22:17:39,2024-01-25 22:30:06,,2.28,,,170,249,0,15.14,0.0,0.5,0.0,0.0,1.0,19.14,,,passagers_invalides;
1,2024-01-15 06:27:17,2024-01-15 06:56:03,,0.0,,,188,246,0,45.83,0.0,0.5,0.0,0.0,1.0,49.83,,,distance_invalide;passagers_invalides;
2,2024-01-31 21:59:14,2024-01-31 22:13:47,,7.24,,,48,244,0,22.46,0.0,0.5,0.0,0.0,1.0,26.46,,,passagers_invalides;
2,2024-01-17 22:00:26,2024-01-17 22:24:39,,5.59,,,239,231,0,32.11,0.0,0.5,0.0,0.0,1.0,36.11,,,passagers_invalides;
2,2024-01-01 04:18:08,2024-01-01 04:23:21,,0.99,,,216,216,0,9.08,0.0,0.5,0.0,0.0,1.0,10.58,,,passagers_invalides;
2,2024-01-27 21:19:32,2024-01-27 21:27:00,,2.07,,,143,24,0,11.57,0.0,0.5,0.0,0.0,1.0,15.57,,,passagers_invalides;
2,2024-01-22 20:10:56,2024-01-22 20:23:55,,2.62,,,162,79,0,17.04,0.0,0.5,0.0,0.0,1.0,21.04,,,passagers_invalides;
2,2024-01-23 05:57:00,2024-01-23 06:07:00,,3.26,,,90,246,0,11.58,0.0,0.5,3.12,0.0,1.0,18.7,,,passagers_invalides;
2,2024-01-26 17:51:31,2024-01-26 18:00:57,1.0,0.0,1.0,N,140,233,1,9.3,2.5,0.5,3.16,0.0,1.0,18.96,2.5,0.0,distance_invalide;
1,2024-01-25 13:58:45,2024-01-25 15:25:27,,15.3,,,142,132,0,81.97,0.0,0.5,0.0,0.0,1.0,85.97,,,passagers_invalides;
2,2024-01-14 23:09:04,2024-01-14 23:26:49,,4.12,,,113,143,0,22.24,0.0,0.5,5.25,0.0,1.0,31.49,,,passagers_invalides;
1,2024-01-25 08:40:13,2024-01-25 08:50:50,,0.0,,,79,144,0,19.7,0.0,0.5,0.0,0.0,1.0,23.7,,,distance_invalide;passagers_invalides;
1,2024-01-12 17:06:18,2024-01-12 17:31:05,0.0,5.5,1.0,Y,238,224,1,27.5,5.0,0.5,2.0,0.0,1.0,36.0,2.5,0.0,passagers_invalides;
2,2024-01-01 12:24:51,2024-01-01 12:31:17,,1.28,,,239,237,0,7.62,0.0,0.5,0.0,0.0,1.0,11.62,,,passagers_invalides;
2,2024-01-20 01:28:20,2024-01-20 01:35:46,,1.16,,,79,144,0,8.74,0.0,0.5,0.0,0.0,1.0,12.74,,,passagers_invalides;
1,2024-01-24 09:26:02,2024-01-24 09:39:46,1.0,0.0,1.0,N,114,158,2,11.4,2.5,0.5,0.0,0.0,1.0,15.4,2.5,0.0,distance_invalide;
2,2024-01-11 18:31:38,2024-01-11 19:08:31,,10.7,,,143,138,0,49.89,0.0,0.5,2.0,6.94,1.0,62.83,,,passagers_invalides;
2,2024-01-06 12:58:13,2024-01-06 13:05:39,2.0,1.28,1.0,N,237,142,2,-9.3,0.0,-0.5,0.0,0.0,-1.0,-13.3,-2.5,0.0,montant_invalide;
2,2024-01-06 18:11:48,2024-01-06 18:38:04,,4.31,,,48,144,0,33.68,0.0,0.5,7.54,0.0,1.0,45.22,,,passagers_invalides;
2,2024-01-27 12:01:09,2024-01-27 12:01:36,1.0,0.0,1.0,N,211,211,1,3.0,0.0,0.5,2.1,0.0,1.0,9.1,2.5,0.0,distance_invalide;
1,2024-01-14 20:24:43,2024-01-14 20:29:36,,0.0,,,211,261,0,13.58,0.0,0.5,0.0,0.0,1.0,17.58,,,distance_invalide;passagers_invalides;
1,2024-01-07 00:05:00,2024-01-07 00:11:28,,1.0,,,114,113,0,8.6,1.0,0.5,2.04,0.0,1.0,15.64,,,passagers_invalides;
2,2024-01-01 15:41:33,2024-01-01 16:00:01,,3.71,,,87,68,0,19.35,0.0,0.5,0.0,0.0,1.0,23.35,,,passagers_invalides;
2,2024-01-23 11:30:06,2024-01-23 11:44:21,1.0,1.19,1.0,N,246,186,4,-12.8,0.0,-0.5,0.0,0.0,-1.0,-16.8,-2.5,0.0,montant_invalide;
1,2024-01-14 22:57:43,2024-01-14 23:09:37,,0.0,,,158,79,0,16.18,0.0,0.5,0.0,0.0,1.0,20.18,,,distance_invalide;passagers_invalides;
2,2024-01-17 17:52:14,2024-01-17 18:07:41,,1.75,,,170,107,0,27.95,0.0,0.5,0.0,0.0,1.0,31.95,,,passagers_invalides;
2,2024-01-31 10:25:39,2024-01-31 10:25:41,1.0,0.0,5.0,N,143,264,1,14.7,0.0,0.5,3.24,0.0,1.0,19.44,0.0,0.0,distance_invalide;
1,2024-01-23 08:23:01,2024-01-23 08:34:08,,0.0,,,238,237,0,16.75,0.0,0.5,0.0,0.0,1.0,20.75,,,distance_invalide;passagers_invalides;
2,2024-01-23 12:34:53,2024-01-23 12:35:03,1.0,0.0,1.0,N,163,163,1,3.0,0.0,0.5,5.0,0.0,1.0,12.0,2.5,0.0,distance_invalide;
1,2024-01-25 15:42:09,2024-01-25 15:42:45,0.0,0.0,1.0,N,145,145,3,3.0,0.0,0.5,0.0,0.0,1.0,4.5,0.0,0.0,distance_invalide;passagers_invalides;
1,2024-01-13 23:07:00,2024-01-13 23:20:58,0.0,2.4,1.0,N,142,229,2,14.9,3.5,0.5,0.0,0.0,1.0,19.9,2.5,0.0,passagers_invalides;
2,2024-01-10 12:35:41,2024-01-10 12:38:51,1.0,0.22,1.0,N,231,231,4,-5.1,0.0,-0.5,0.0,0.0,-1.0,-9.1,-2.5,0.0,montant_invalide;
2,2024-01-14 08:42:02,2024-01-14 09:00:12,,5.47,,,107,151,0,26.3,0.0,0.5,6.06,0.0,1.0,36.36,,,passagers_invalides;
2,2024-01-19 18:16:31,2024-01-19 18:16:42,1.0,0.0,5.0,N,164,164,1,17.0,0.0,0.0,6.15,0.0,1.0,26.65,2.5,0.0,distance_invalide;
2,2024-01-20 23:48:54,2024-01-21 00:08:46,,3.38,,,158,229,0,25.47,0.0,0.5,0.0,0.0,1.0,29.47,,,passagers_invalides;
2,2024-01-04 16:57:47,2024-01-04 17:23:43,1.0,0.0,1.0,N,230,238,2,20.5,2.5,0.5,0.0,0.0,1.0,27.0,2.5,0.0,distance_invalide;
2,2024-01-30 09:54:15,2024-01-30 10:09:14,,1.21,,,233,161,0,19.02,0.0,0.5,4.6,0.0,1.0,27.62,,,passagers_invalides;
2,2024-01-28 04:09:00,2024-01-28 04:16:00,,0.48,,,114,114,0,11.74,0.0,0.5,1.57,0.0,1.0,17.31,,,passagers_invalides;
2,2024-01-31 12:14:46,2024-01-31 12:28:52,1.0,0.0,1.0,N,236,162,1,12.8,0.0,0.5,2.0,0.0,1.0,18.8,2.5,0.0,distance_invalide;
2,2024-01-12 23:45:37,2024-01-12 23:54:04,,0.9,,,79,144,0,8.92,0.0,0.5,0.0,0.0,1.0,12.92,,,passagers_invalides;
2,2024-01-09 18:07:58,2024-01-09 18:23:46,,2.61,,,163,158,0,24.39,0.0,0.5,0.0,0.0,1.0,28.39,,,passagers_invalides;
2,2024-01-19 21:29:20,2024-01-19 21:36:49,,1.72,,,41,236,0,11.74,0.0,0.5,3.94,0.0,1.0,19.68,,,passagers_invalides;
2,2024-01-04 12:38:30,2024-01-04 12:56:38,1.0,2.13,1.0,N,141,74,4,-17.7,0.0,-0.5,0.0,0.0,-1.0,-21.7,-2.5,0.0,montant_invalide;
2,2024-01-14 16:38:38,2024-01-14 16:47:17,,1.21,,,144,231,0,13.09,0.0,0.5,0.0,0.0,1.0,17.09,,,passagers_invalides;
1,2024-01-20 16:34:15,2024-01-20 16:37:49,0.0,0.5,1.0,N,141,237,2,5.8,2.5,0.5,0.0,0.0,1.0,9.8,2.5,0.0,passagers_invalides;
1,2024-01-03 09:40:26,2024-01-03 09:47:30,0.0,1.3,1.0,N,230,246,2,9.3,2.5,0.5,0.0,0.0,1.0,13.3,2.5,0.0,passagers_invalides;
1,2024-01-26 00:15:32,2024-01-26 00:24:03,,0.4,,,238,151,0,10.16,0.0,0.5,0.0,0.0,1.0,14.16,,,passagers_invalides;
2,2024-01-11 23:26:47,2024-01-11 23:27:43,1.0,0.13,1.0,N,163,230,2,-3.7,-1.0,-0.5,0.0,0.0,-1.0,-8.7,-2.5,0.0,montant_invalide;
2,2024-01-28 01:22:13,2024-01-28 01:38:45,,3.35,,,211,229,0,23.29,0.0,0.5,0.0,0.0,1.0,27.29,,,passagers_invalides;
2,2024-01-13 00:25:23,2024-01-13 00:54:30,,7.92,,,79,198,0,34.32,0.0,0.5,7.66,0.0,1.0,45.98,,,passagers_invalides;
2,2024-01-07 17:04:39,2024-01-07 17:12:37,,1.67,,,140,137,0,11.74,0.0,0.5,2.0,0.0,1.0,17.74,,,passagers_invalides;
1,2024-01-13 14:45:39,2024-01-13 15:22:43,,5.7,,,144,262,0,35.9,0.0,0.5,5.98,0.0,1.0,45.88,,,passagers_invalides;
1,2024-01-06 20:58:52,2024-01-06 21:28:07,1.0,0.0,99.0,N,229,259,1,43.5,0.0,0.5,0.0,0.0,1.0,45.0,0.0,0.0,distance_invalide;
2,2024-01-13 14:59:21,2024-01-13 15:13:06,1.0,0.0,1.0,N,90,144,1,12.1,0.0,0.5,1.25,0.0,1.0,17.35,2.5,0.0,distance_invalide;
2,2024-01-28 04:28:35,2024-01-28 04:40:48,1.0,2.79,1.0,N,68,87,4,-14.9,-1.0,-0.5,3.98,0.0,-1.0,-15.92,-2.5,0.0,montant_invalide;
1,2024-01-17 15:07:42,2024-01-17 15:17:55,,0.0,,,162,161,0,14.32,0.0,0.5,0.0,0.0,1.0,18.32,,,distance_invalide;passagers_invalides;
1,2024-01-25 20:37:49,2024-01-25 20:43:49,,1.1,,,237,229,0,7.9,1.0,0.5,1.29,0.0,1.0,14.19,,,passagers_invalides;
2,2024-01-05 11:05:00,2024-01-05 11:07:37,1.0,0.33,1.0,N,263,263,3,-4.4,0.0,-0.5,0.0,0.0,-1.0,-8.4,-2.5,0.0,montant_invalide;
2,2024-01-24 07:15:00,2024-01-24 07:38:00,,7.49,,,239,45,0,40.88,0.0,0.5,8.98,0.0,1.0,53.86,,,passagers_invalides;
2,2024-01-05 14:33:05,2024-01-05 14:33:27,1.0,0.0,1.0,N,162,162,4,3.0,0.0,0.5,0.0,6.94,1.0,13.94,2.5,0.0,distance_invalide;
2,2024-01-23 23:55:34,2024-01-24 00:08:05,,2.77,,,161,249,0,15.69,0.0,0.5,3.94,0.0,1.0,23.63,,,passagers_invalides;
2,2024-01-12 22:29:57,2024-01-12 22:39:40,,1.79,,,141,233,0,16.41,0.0,0.5,4.08,0.0,1.0,24.49,,,passagers_invalides;
1,2024-01-16 17:39:51,2024-01-16 17:52:24,,1.6,,,166,74,0,12.8,2.5,0.5,2.52,0.0,1.0,19.32,,,passagers_invalides;
1,2024-01-24 22:54:30,2024-01-24 23:05:05,,0.0,,,170,141,0,8.69,0.0,0.5,0.0,0.0,1.0,12.69,,,distance_invalide;passagers_invalides;
1,2024-01-13 01:44:50,2024-01-13 02:00:10,,0.0,,,148,140,0,31.77,0.0,0.5,0.0,0.0,1.0,35.77,,,distance_invalide;passagers_invalides;
2,2024-01-07 17:38:00,2024-01-07 17:43:01,2.0,0.68,1.0,N,43,230,3,-7.2,0.0,-0.5,0.0,0.0,-1.0,-11.2,-2.5,0.0,montant_invalide;
2,2024-01-09 10:40:33,2024-01-09 10:40:37,1.0,0.0,5.0,N,48,48,1,6.0,0.0,0.0,1.4,0.0,1.0,8.4,0.0,0.0,distance_invalide;
2,2024-01-12 23:46:02,2024-01-12 23:53:15,1.0,1.66,1.0,N,162,234,4,-10.0,-1.0,-0.5,0.0,0.0,-1.0,-15.0,-2.5,0.0,montant_invalide;
2,2024-01-05 20:48:44,2024-01-05 21:00:33,1.0,2.39,1.0,N,43,163,4,-14.2,-1.0,-0.5,0.0,0.0,-1.0,-19.2,-2.5,0.0,montant_invalide;
2,2024-01-06 01:01:12,2024-01-06 01:08:59,1.0,1.29,1.0,N,107,114,4,-9.3,-1.0,-0.5,0.0,0.0,-1.0,-14.3,-2.5,0.0,montant_invalide;
2,2024-01-20 12:45:36,2024-01-20 13:02:29,1.0,2.77,1.0,N,48,238,4,-17.7,0.0,-0.5,0.0,0.0,-1.0,-21.7,-2.5,0.0,montant_invalide;
2,2024-01-18 07:31:06,2024-01-18 07:51:04,,3.96,,,74,161,0,23.84,0.0,0.5,0.0,0.0,1.0,27.84,,,passagers_invalides;
2,2024-01-20 01:09:07,2024-01-20 01:16:27,,0.97,,,231,148,0,13.04,0.0,0.5,0.0,0.0,1.0,17.04,,,passagers_invalides;
2,2024-01-22 03:55:43,2024-01-22 04:13:48,,3.19,,,170,143,0,16.6,0.0,0.5,6.18,0.0,1.0,26.78,,,passagers_invalides;
1,2024-01-21 19:56:14,2024-01-21 19:56:34,1.0,0.0,1.0,N,132,132,3,3.0,0.0,0.5,0.0,0.0,1.0,4.5,0.0,0.0,distance_invalide;
2,2024-01-11 14:46:30,2024-01-11 14:55:07,,3.24,,,7,138,0,22.72,0.0,0.5,2.91,0.0,1.0,27.13,,,passagers_invalides;
2,2024-01-25 17:57:20,2024-01-25 18:03:31,1.0,0.56,1.0,N,170,162,4,-7.2,-2.5,-0.5,0.0,0.0,-1.0,-13.7,-2.5,0.0,montant_invalide;
1,2024-01-12 08:59:03,2024-01-12 09:07:36,,1.5,,,238,142,0,10.5,0.0,0.5,0.0,0.0,1.0,14.5,,,passagers_invalides;
2,2024-01-01 12:20:53,2024-01-01 12:37:38,,7.57,,,232,74,0,26.9,0.0,0.5,0.0,0.0,1.0,30.9,,,passagers_invalides;
2,2024-01-12 23:48:54,2024-01-12 23:56:13,,0.86,,,113,4,0,8.33,0.0,0.5,0.0,0.0,1.0,12.33,,,passagers_invalides;
2,2024-01-18 23:48:51,2024-01-18 23:55:02,1.0,0.53,1.0,N,162,233,4,-7.2,-1.0,-0.5,0.0,0.0,-1.0,-12.2,-2.5,0.0,montant_invalide;
1,2024-01-14 02:11:34,2024-01-14 02:16:52,0.0,1.2,1.0,N,90,125,1,7.9,3.5,0.5,1.0,0.0,1.0,13.9,2.5,0.0,passagers_invalides;
2,2024-01-17 09:30:24,2024-01-17 09:35:22,,0.9,,,239,239,0,21.94,0.0,0.5,0.0,0.0,1.0,25.94,,,passagers_invalides;
2,2024-01-01 01:54:26,2024-01-01 02:29:26,,13.26,,,49,152,0,76.32,0.0,0.5,0.0,6.94,1.0,84.76,,,passagers_invalides;
2,2024-01-01 07:47:15,2024-01-01 07:47:40,1.0,0.0,5.0,N,144,144,2,65.0,0.0,0.0,0.0,0.0,1.0,68.5,2.5,0.0,distance_invalide;
2,2024-01-01 04:15:01,2024-01-01 04:21:44,,1.0,,,126,60,0,6.87,0.0,0.5,0.0,0.0,1.0,8.37,,,passagers_invalides;
1,2024-01-25 14:44:40,2024-01-25 14:57:32,0.0,1.2,1.0,N,161,50,1,12.1,2.5,0.5,1.0,0.0,1.0,17.1,2.5,0.0,passagers_invalides;
2,2024-01-27 02:07:32,2024-01-27 02:16:31,1.0,1.49,1.0,N,107,246,4,-10.7,-1.0,-0.5,0.0,0.0,-1.0,-15.7,-2.5,0.0,montant_invalide;
1,2024-01-26 09:38:45,2024-01-26 10:07:51,1.0,0.0,1.0,N,137,74,1,25.5,0.0,0.5,0.0,0.0,1.0,27.0,0.0,0.0,distance_invalide;
2,2024-01-31 16:49:15,2024-01-31 17:04:56,1.0,1.33,1.0,N,186,163,4,-14.2,-2.5,-0.5,0.0,0.0,-1.0,-20.7,-2.5,0.0,montant_invalide;
2,2024-01-01 06:12:18,2024-01-01 06:43:54,,11.34,,,225,205,0,44.82,0.0,0.5,0.0,0.0,1.0,46.32,,,passagers_invalides;
2,2024-01-01 04:29:18,2024-01-01 04:45:23,,2.09,,,70,83,0,13.22,0.0,0.5,0.0,0.0,1.0,14.72,,,passagers_invalides;
2,2024-01-29 13:54:04,2024-01-29 14:07:06,,1.85,,,238,237,0,12.51,0.0,0.5,3.3,0.0,1.0,19.81,,,passagers_invalides;
2,2024-01-13 02:58:33,2024-01-13 03:08:44,,1.55,,,249,79,0,12.96,0.0,0.5,0.0,0.0,1.0,16.96,,,passagers_invalides;
2,2024-01-06 00:36:39,2024-01-06 00:51:55,,3.97,,,148,141,0,18.6,0.0,0.5,0.0,0.0,1.0,22.6,,,passagers_invalides;
2,2024-01-07 00:38:16,2024-01-07 00:38:22,1.0,0.0,5.0,N,13,13,4,-18.9,0.0,0.0,0.0,0.0,-1.0,-22.4,-2.5,0.0,distance_invalide;montant_invalide;
2,2024-01-14 20:24:04,2024-01-14 20:35:10,1.0,5.45,1.0,N,132,28,2,-21.9,-1.0,-0.5,0.0,0.0,-1.0,-26.15,0.0,-1.75,montant_invalide;
2,2024-01-21 03:25:21,2024-01-21 03:36:34,,2.12,,,148,90,0,17.49,0.0,0.5,1.72,0.0,1.0,23.21,,,passagers_invalides;
1,2024-01-05 22:44:04,2024-01-05 22:58:31,,2.1,,,262,239,0,14.4,0.0,0.5,0.0,0.0,1.0,18.4,,,passagers_invalides;
1,2024-01-26 21:24:55,2024-01-26 21:33:04,0.0,1.3,1.0,N,114,209,1,9.3,3.5,0.5,2.85,0.0,1.0,17.15,2.5,0.0,passagers_invalides;
2,2024-01-26 07:13:27,2024-01-26 07:36:14,,4.94,,,116,48,0,28.85,0.0,0.5,0.0,0.0,1.0,32.85,,,passagers_invalides;
1,2024-01-31 14:24:54,2024-01-31 14:25:16,1.0,0.0,1.0,N,144,211,4,3.0,2.5,0.5,0.0,0.0,1.0,7.0,2.5,0.0,distance_invalide;
1,2024-01-25 10:47:13,2024-01-25 11:41:00,0.0,16.2,2.0,Y,170,132,1,70.0,2.5,0.5,5.0,6.94,1.0,85.94,2.5,0.0,passagers_invalides;
2,2024-01-21 12:22:17,2024-01-21 12:45:05,,3.18,,,140,186,0,24.11,0.0,0.5,0.0,0.0,1.0,28.11,,,passagers_invalides;
2,2024-01-27 22:39:16,2024-01-27 22:43:55,1.0,0.65,1.0,N,79,107,4,-6.5,-1.0,-0.5,0.0,0.0,-1.0,-11.5,-2.5,0.0,montant_invalide;
1,2024-01-02 08:48:47,2024-01-02 08:56:27,0.0,1.0,1.0,N,236,262,1,7.9,2.5,0.5,5.0,0.0,1.0,16.9,2.5,0.0,passagers_invalides;
2,2024-01-14 18:11:51,2024-01-14 18:32:07,1.0,4.2,1.0,N,236,226,3,-22.6,0.0,-0.5,0.0,0.0,-1.0,-26.6,-2.5,0.0,montant_invalide;
2,2024-01-15 22:19:03,2024-01-15 22:25:09,,1.01,,,48,230,0,8.08,0.0,0.5,0.0,0.0,1.0,12.08,,,passagers_invalides;
2,2024-01-01 00:46:14,2024-01-01 01:07:35,,2.82,,,68,261,0,24.68,0.0,0.5,0.0,0.0,1.0,28.68,,,passagers_invalides;
1,2024-01-01 02:33:53,2024-01-01 02:56:45,,0.0,,,246,238,0,37.12,0.0,0.5,0.0,0.0,1.0,41.12,,,distance_invalide;passagers_invalides;
2,2024-01-02 19:11:28,2024-01-02 19:11:34,2.0,0.0,5.0,N,68,90,1,33.0,0.0,0.0,10.95,0.0,1.0,47.45,2.5,0.0,distance_invalide;
1,2024-01-17 08:21:03,2024-01-17 08:29:36,,0.0,,,125,13,0,20.57,0.0,0.5,0.0,0.0,1.0,24.57,,,distance_invalide;passagers_invalides;
1,2024-01-09 10:19:55,2024-01-09 10:30:55,0.0,1.9,1.0,N,236,264,1,12.8,2.5,0.5,3.35,0.0,1.0,20.15,2.5,0.0,passagers_invalides;
1,2024-01-25 23:15:43,2024-01-25 23:22:51,,1.3,,,13,158,0,10.16,0.0,0.5,0.0,0.0,1.0,14.16,,,passagers_invalides;
2,2024-01-28 03:51:05,2024-01-28 04:07:53,,4.42,,,25,255,0,24.3,0.0,0.5,0.0,0.0,1.0,25.8,,,passagers_invalides;
2,2024-01-06 14:32:51,2024-01-06 14:40:59,,1.1,,,114,79,0,11.74,0.0,0.5,2.36,0.0,1.0,18.1,,,passagers_invalides;
2,2024-01-23 12:45:21,2024-01-23 13:19:29,,12.74,,,95,87,0,59.42,0.0,0.5,0.0,6.94,1.0,70.36,,,passagers_invalides;
2,2024-01-17 18:42:48,2024-01-17 18:57:10,,2.94,,,143,158,0,16.74,0.0,0.5,0.0,0.0,1.0,20.74,,,passagers_invalides;
2,2024-01-29 14:48:50,2024-01-29 14:48:50,6.0,0.0,5.0,N,137,264,1,81.6,0.0,0.0,16.32,0.0,0.0,97.92,0.0,0.0,distance_invalide;
2,2024-01-06 20:03:23,2024-01-06 20:03:31,1.0,0.0,5.0,N,132,132,1,98.0,0.0,0.0,19.8,0.0,1.0,120.55,0.0,1.75,distance_invalide;
2,2024-01-22 08:05:00,2024-01-22 08:19:00,,3.17,,,224,45,0,21.58,0.0,0.5,5.12,0.0,1.0,30.7,,,passagers_invalides;
2,2024-01-16 11:02:44,2024-01-16 11:02:48,1.0,0.0,1.0,N,264,264,1,0.0,0.0,0.0,0.01,0.0,0.0,0.01,0.0,0.0,distance_invalide;montant_invalide;
1,2024-01-05 11:15:17,2024-01-05 11:19:41,0.0,0.8,1.0,N,24,151,1,6.5,0.0,0.5,2.35,0.0,1.0,10.35,0.0,0.0,passagers_invalides;
1,2024-01-02 07:15:12,2024-01-02 07:29:34,,3.7,,,113,140,0,20.54,0.0,0.5,0.0,0.0,1.0,24.54,,,passagers_invalides;
1,2024-01-18 21:28:47,2024-01-18 21:37:02,,1.4,,,237,236,0,10.7,1.0,0.5,3.14,0.0,1.0,18.84,,,passagers_invalides;
2,2024-01-05 17:17:56,2024-01-05 17:28:02,1.0,0.0,1.0,N,170,48,1,10.0,2.5,0.5,3.3,0.0,1.0,19.8,2.5,0.0,distance_invalide;
1,2024-01-11 07:28:08,2024-01-11 07:47:09,0.0,2.7,1.0,N,68,237,1,18.4,2.5,0.5,4.45,0.0,1.0,26.85,2.5,0.0,passagers_invalides;
2,2024-01-30 07:58:15,2024-01-30 08:08:51,1.0,1.6,1.0,N,170,79,2,-12.1,0.0,-0.5,0.0,0.0,-1.0,-16.1,-2.5,0.0,montant_invalide;
2,2024-01-09 23:00:00,2024-01-09 23:23:00,,9.43,,,127,48,0,42.03,0.0,0.5,9.21,0.0,1.0,55.24,,,passagers_invalides;
1,2024-01-08 10:22:54,2024-01-08 10:34:59,,0.0,,,164,229,0,11.4,0.0,0.5,0.0,0.0,1.0,15.4,,,distance_invalide;passagers_invalides;
2,2024-01-17 14:32:00,2024-01-17 14:40:00,,0.69,,,143,143,0,11.74,0.0,0.5,3.15,0.0,1.0,18.89,,,passagers_invalides;
2,2024-01-06 17:06:43,2024-01-06 17:21:05,,1.89,,,229,263,0,16.16,0.0,0.5,0.0,0.0,1.0,20.16,,,passagers_invalides;
1,2024-01-14 08:11:36,2024-01-14 08:21:14,0.0,1.5,1.0,N,162,246,1,9.3,2.5,0.5,3.0,0.0,1.0,16.3,2.5,0.0,passagers_invalides;
2,2024-01-06 23:53:02,2024-01-07 00:03:31,,1.85,,,79,231,0,15.37,0.0,0.5,3.87,0.0,1.0,23.24,,,passagers_invalides;
2,2024-01-05 06:00:30,2024-01-05 06:37:52,,17.18,,,230,132,0,62.54,0.0,0.5,6.65,0.0,1.0,73.19,,,passagers_invalides;
2,2024-01-13 00:33:13,2024-01-13 00:39:15,2.0,1.08,1.0,N,148,232,2,-7.9,-1.0,-0.5,0.0,0.0,-1.0,-12.9,-2.5,0.0,montant_invalide;
2,2024-01-11 07:36:17,2024-01-11 07:56:08,,4.9,,,244,238,0,30.79,0.0,0.5,5.22,0.0,1.0,40.01,,,passagers_invalides;
1,2024-01-04 06:42:25,2024-01-04 06:53:39,,2.0,,,141,163,0,11.4,0.0,0.5,2.31,0.0,1.0,17.71,,,passagers_invalides;
2,2024-01-01 04:03:03,2024-01-01 04:18:08,,3.33,,,114,68,0,18.87,0.0,0.5,0.0,0.0,1.0,22.87,,,passagers_invalides;
2,2024-01-03 02:33:51,2024-01-03 02:38:11,,0.87,,,173,93,0,6.83,0.0,0.5,0.0,0.0,1.0,8.33,,,passagers_invalides;
2,2024-01-11 11:38:59,2024-01-11 12:03:12,1.0,0.0,1.0,N,140,170,1,19.8,0.0,0.5,4.76,0.0,1.0,28.56,2.5,0.0,distance_invalide;
2,2024-01-01 01:44:48,2024-01-01 01:57:30,,4.25,,,75,4,0,29.54,0.0,0.5,0.0,0.0,1.0,33.54,,,passagers_invalides;
2,2024-01-10 17:48:00,2024-01-10 18:07:00,,4.81,,,65,4,0,22.7,0.0,0.5,5.34,0.0,1.0,32.04,,,passagers_invalides;
1,2024-01-01 15:19:18,2024-01-01 15:35:43,,0.0,,,114,141,0,26.97,0.0,0.5,0.0,0.0,1.0,30.97,,,distance_invalide;passagers_invalides;
2,2024-01-22 17:42:50,2024-01-22 17:43:11,,0.0,,,74,74,0,11.74,0.0,0.5,2.65,0.0,1.0,15.89,,,distance_invalide;passagers_invalides;
1,2024-01-23 18:59:59,2024-01-23 19:17:07,,0.0,,,164,141,0,25.39,0.0,0.5,0.0,0.0,1.0,29.39,,,distance_invalide;passagers_invalides;
2,2024-01-25 14:09:40,2024-01-25 14:09:47,1.0,0.0,1.0,N,161,161,4,-3.0,0.0,-0.5,0.0,0.0,-1.0,-7.0,-2.5,0.0,distance_invalide;montant_invalide;
2,2024-01-19 18:47:21,2024-01-19 18:59:35,2.0,0.15,1.0,N,234,234,4,-11.4,-2.5,-0.5,0.0,0.0,-1.0,-17.9,-2.5,0.0,montant_invalide;
1,2024-01-09 22:03:42,2024-01-09 22:10:01,,0.0,,,90,246,0,9.8,0.0,0.5,0.0,0.0,1.0,13.8,,,distance_invalide;passagers_invalides;
2,2024-01-13 16:09:52,2024-01-13 16:38:38,,5.47,,,159,140,0,27.13,0.0,0.5,6.23,0.0,1.0,37.36,,,passagers_invalides;
2,2024-01-30 02:05:16,2024-01-30 02:28:47,1.0,10.05,3.0,N,219,258,3,-63.6,-1.0,0.0,0.0,0.0,-1.0,-65.6,0.0,0.0,montant_invalide;
2,2024-01-25 09:08:29,2024-01-25 09:08:35,1.0,0.0,1.0,N,237,237,3,-3.0,0.0,-0.5,0.0,0.0,-1.0,-7.0,-2.5,0.0,distance_invalide;montant_invalide;
1,2024-01-26 19:38:55,2024-01-26 19:44:31,,1.0,,,43,142,0,7.2,2.5,0.5,3.43,0.0,1.0,17.13,,,passagers_invalides;
2,2024-01-24 18:09:17,2024-01-24 18:28:04,,1.35,,,170,186,0,16.72,0.0,0.5,1.0,0.0,1.0,21.72,,,passagers_invalides;
1,2024-01-25 08:54:32,2024-01-25 09:08:51,,0.0,,,137,45,0,23.46,0.0,0.5,0.0,0.0,1.0,27.46,,,distance_invalide;passagers_invalides;
2,2024-01-11 09:42:09,2024-01-11 09:43:09,1.0,0.0,1.0,N,193,193,1,3.0,0.0,0.5,0.0,0.0,1.0,4.5,0.0,0.0,distance_invalide;
1,2024-01-31 17:59:58,2024-01-31 18:05:38,,0.7,,,263,236,0,7.2,2.5,0.5,2.05,0.0,1.0,15.75,,,passagers_invalides;
1,2024-01-17 07:35:36,2024-01-17 07:41:59,,1.0,,,161,237,0,7.2,0.0,0.5,1.68,0.0,1.0,12.88,,,passagers_invalides;
2,2024-01-03 01:26:30,2024-01-03 01:29:45,1.0,0.6,1.0,N,137,170,3,-5.8,-1.0,-0.5,0.0,0.0,-1.0,-10.8,-2.5,0.0,montant_invalide;
1,2024-01-28 13:52:38,2024-01-28 13:59:09,0.0,1.3,1.0,N,246,68,1,8.6,2.5,0.5,2.5,0.0,1.0,15.1,2.5,0.0,passagers_invalides;
1,2024-01-20 19:18:48,2024-01-20 19:45:35,,0.0,,,141,144,0,34.99,0.0,0.5,0.0,0.0,1.0,38.99,,,distance_invalide;passagers_invalides;
2,2024-01-28 01:05:00,2024-01-28 01:23:00,,4.12,,,158,237,0,27.79,0.0,0.5,6.36,0.0,1.0,38.15,,,passagers_invalides;
2,2024-01-16 08:01:04,2024-01-16 08:18:51,,3.03,,,144,161,0,27.32,0.0,0.5,3.13,0.0,1.0,34.45,,,passagers_invalides;
1,2024-01-01 15:33:43,2024-01-01 15:55:11,,5.8,,,158,262,0,29.31,0.0,0.5,0.0,0.0,1.0,33.31,,,passagers_invalides;
1,2024-01-05 11:12:46,2024-01-05 11:22:18,,1.0,,,236,237,0,9.3,0.0,0.5,2.0,0.0,1.0,15.3,,,passagers_invalides;
2,2024-01-19 21:40:53,2024-01-19 21:48:54,,1.2,,,237,43,0,8.11,0.0,0.5,0.0,0.0,1.0,12.11,,,passagers_invalides;
1,2024-01-25 19:11:32,2024-01-25 19:29:43,0.0,2.3,1.0,N,68,230,1,17.7,5.0,0.5,4.8,0.0,1.0,29.0,2.5,0.0,passagers_invalides;
2,2024-01-22 13:40:15,2024-01-22 13:57:35,1.0,1.16,1.0,N,140,237,4,-15.6,0.0,-0.5,0.0,0.0,-1.0,-19.6,-2.5,0.0,montant_invalide;
1,2024-01-29 16:49:51,2024-01-29 17:01:50,0.0,3.2,1.0,N,170,264,1,17.0,5.0,0.5,4.7,0.0,1.0,28.2,2.5,0.0,passagers_invalides;
2,2024-01-31 05:14:35,2024-01-31 05:49:54,,20.0,,,151,132,0,80.29,0.0,0.5,13.31,6.94,1.0,102.04,,,passagers_invalides;
1,2024-01-27 18:45:43,2024-01-27 18:46:04,1.0,0.0,1.0,N,70,70,4,3.0,0.0,0.5,0.0,0.0,1.0,4.5,0.0,0.0,distance_invalide;
1,2024-01-17 13:19:04,2024-01-17 13:34:25,0.0,1.3,1.0,N,229,163,1,14.2,2.5,0.5,3.6,0.0,1.0,21.8,2.5,0.0,passagers_invalides;
2,2024-01-10 17:13:11,2024-01-10 17:22:44,1.0,1.39,1.0,N,234,114,2,-10.7,-2.5,-0.5,0.0,0.0,-1.0,-17.2,-2.5,0.0,montant_invalide;
2,2024-01-24 10:01:44,2024-01-24 10:20:44,,2.32,,,263,161,0,15.93,0.0,0.5,3.99,0.0,1.0,23.92,,,passagers_invalides;
1,2024-01-28 14:08:04,2024-01-28 14:21:16,,0.0,,,170,4,0,25.61,0.0,0.5,0.0,0.0,1.0,29.61,,,distance_invalide;passagers_invalides;
1,2024-01-13 13:00:29,2024-01-13 13:16:26,,2.9,,,229,90,0,17.0,0.0,0.5,3.15,0.0,1.0,24.15,,,passagers_invalides;
1,2024-01-09 18:31:19,2024-01-09 18:43:14,0.0,2.7,1.0,Y,48,238,1,14.9,5.0,0.5,4.25,0.0,1.0,25.65,2.5,0.0,passagers_invalides;
1,2024-01-09 17:56:08,2024-01-09 18:09:26,,0.0,,,249,186,0,12.48,0.0,0.5,0.0,0.0,1.0,16.48,,,distance_invalide;passagers_invalides;
1,2024-01-17 10:27:17,2024-01-17 10:32:27,0.0,0.9,1.0,Y,249,68,1,6.5,2.5,0.5,2.1,0.0,1.0,12.6,2.5,0.0,passagers_invalides;
1,2024-01-11 21:09:51,2024-01-11 21:23:05,0.0,2.7,1.0,N,249,170,1,14.9,3.5,0.5,4.95,0.0,1.0,24.85,2.5,0.0,passagers_invalides;
2,2024-01-13 07:00:21,2024-01-13 07:16:12,,3.37,,,140,68,0,19.05,0.0,0.5,4.61,0.0,1.0,27.66,,,passagers_invalides;
2,2024-01-04 17:01:29,2024-01-04 17:13:13,1.0,3.8,1.0,N,140,74,4,-18.4,-2.5,-0.5,0.0,0.0,-1.0,-24.9,-2.5,0.0,montant_invalide;
2,2024-01-16 12:49:16,2024-01-16 12:49:38,1.0,0.0,1.0,N,70,138,4,3.0,0.0,0.5,0.0,0.0,1.0,7.0,2.5,0.0,distance_invalide;
2,2024-01-28 03:29:09,2024-01-28 03:46:51,,2.1,,,80,37,0,29.42,0.0,0.5,0.0,0.0,1.0,30.92,,,passagers_invalides;
2,2024-01-24 19:28:25,2024-01-24 19:35:30,,1.42,,,233,4,0,15.54,0.0,0.5,0.0,0.0,1.0,19.54,,,passagers_invalides;
1,2024-01-20 11:07:20,2024-01-20 11:10:53,0.0,0.7,1.0,N,146,7,2,5.8,0.0,0.5,0.0,0.0,1.0,7.3,0.0,0.0,passagers_invalides;
2,2024-01-06 20:06:15,2024-01-06 20:13:30,1.0,2.25,1.0,N,13,45,4,-12.1,-1.0,-0.5,0.0,0.0,-1.0,-17.1,-2.5,0.0,montant_invalide;
2,2024-01-01 07:21:26,2024-01-01 07:22:14,1.0,0.0,2.0,N,87,87,1,70.0,0.0,0.5,0.0,14.75,1.0,88.75,2.5,0.0,distance_invalide;
2,2024-01-24 20:21:21,2024-01-24 20:21:35,4.0,0.0,5.0,N,161,161,1,60.0,0.0,0.0,0.08,0.0,1.0,63.58,2.5,0.0,distance_invalide;
2,2024-01-28 18:34:43,2024-01-28 18:34:55,1.0,0.04,1.0,N,107,107,4,-3.0,0.0,-0.5,0.0,0.0,-1.0,-7.0,-2.5,0.0,montant_invalide;
2,2024-01-10 15:31:45,2024-01-10 15:40:04,1.0,1.73,1.0,N,90,50,4,-10.7,0.0,-0.5,0.0,0.0,-1.0,-14.7,-2.5,0.0,montant_invalide;
1,2024-01-21 00:18:31,2024-01-21 00:18:49,1.0,0.0,1.0,N,68,68,1,3.0,3.5,0.5,0.16,0.0,1.0,8.16,2.5,0.0,distance_invalide;
1,2024-01-30 18:05:51,2024-01-30 18:11:59,,0.9,,,263,141,0,7.2,2.5,0.5,2.05,0.0,1.0,15.75,,,passagers_invalides;
1,2024-01-30 10:07:50,2024-01-30 10:41:28,1.0,0.0,1.0,N,97,78,1,47.0,0.0,0.5,0.0,6.94,1.0,55.44,0.0,0.0,distance_invalide;
2,2024-01-09 09:00:04,2024-01-09 09:10:33,1.0,0.89,1.0,N,161,230,4,-10.7,0.0,-0.5,0.0,0.0,-1.0,-14.7,-2.5,0.0,montant_invalide;
1,2024-01-07 11:30:49,2024-01-07 11:42:10,,0.0,,,137,234,0,6.83,0.0,0.5,0.0,0.0,1.0,10.83,,,distance_invalide;passagers_invalides;
2,2024-01-16 13:13:46,2024-01-16 13:36:10,1.0,5.07,1.0,N,161,231,4,-27.5,0.0,-0.5,0.0,0.0,-1.0,-31.5,-2.5,0.0,montant_invalide;
2,2024-01-24 20:14:01,2024-01-24 20:23:03,,1.13,,,161,100,0,12.71,0.0,0.5,0.0,0.0,1.0,16.71,,,passagers_invalides;
2,2024-01-06 05:11:54,2024-01-06 05:12:04,1.0,0.0,5.0,N,117,117,4,-50.0,0.0,0.0,0.0,0.0,-1.0,-51.0,0.0,0.0,distance_invalide;montant_invalide;
1,2024-01-26 10:44:09,2024-01-26 10:55:04,0.0,0.8,1.0,N,186,230,1,10.7,2.5,0.5,0.0,0.0,1.0,14.7,2.5,0.0,passagers_invalides;
2,2024-01-27 21:41:22,2024-01-27 21:59:08,,4.38,,,166,48,0,23.4,0.0,0.5,0.0,0.0,1.0,27.4,,,passagers_invalides;
2,2024-01-12 23:52:18,2024-01-12 23:56:55,1.0,0.63,1.0,N,230,100,3,-6.5,-1.0,-0.5,0.0,0.0,-1.0,-11.5,-2.5,0.0,montant_invalide;
2,2024-01-09 14:31:24,2024-01-09 14:57:42,1.0,0.0,1.0,N,239,90,1,21.2,0.0,0.5,5.04,0.0,1.0,30.24,2.5,0.0,distance_invalide;
2,2024-01-22 10:09:45,2024-01-22 10:57:37,3.0,10.54,1.0,N,186,138,4,-57.6,-5.0,-0.5,0.0,-6.94,-1.0,-73.54,-2.5,0.0,montant_invalide;
2,2024-01-01 15:15:11,2024-01-01 15:39:33,,4.47,,,163,88,0,0.6,0.0,0.5,0.0,0.0,1.0,4.6,,,passagers_invalides;
1,2024-01-10 19:11:30,2024-01-10 19:17:49,,1.1,,,158,90,0,8.6,2.5,0.5,2.26,0.0,1.0,17.36,,,passagers_invalides;
2,2024-01-17 21:13:00,2024-01-17 21:31:57,,3.44,,,48,107,0,22.24,0.0,0.5,0.0,0.0,1.0,26.24,,,passagers_invalides;
2,2024-01-18 01:58:57,2024-01-18 02:22:09,,4.98,,,125,181,0,21.79,0.0,0.5,0.0,0.0,1.0,25.79,,,passagers_invalides;
1,2024-01-07 02:43:19,2024-01-07 02:49:34,0.0,1.7,1.0,N,48,90,1,9.3,3.5,0.5,2.85,0.0,1.0,17.15,2.5,0.0,passagers_invalides;
1,2024-01-20 23:12:58,2024-01-20 23:24:49,,0.0,,,143,24,0,17.48,0.0,0.5,0.0,0.0,1.0,21.48,,,distance_invalide;passagers_invalides;
1,2024-01-01 19:22:15,2024-01-01 19:28:23,,0.9,,,79,232,0,7.9,0.0,0.5,1.19,0.0,1.0,13.09,,,passagers_invalides;
2,2024-01-05 18:32:25,2024-01-05 18:40:42,,1.4,,,33,25,0,14.73,0.0,0.5,0.0,0.0,1.0,16.23,,,passagers_invalides;
1,2024-01-30 18:51:24,2024-01-30 19:40:09,1.0,0.0,99.0,N,41,61,1,41.5,0.0,0.5,0.0,0.0,1.0,43.0,0.0,0.0,distance_invalide;
1,2024-01-31 22:09:17,2024-01-31 22:19:57,,1.9,,,237,263,0,11.4,1.0,0.5,2.46,0.0,1.0,18.86,,,passagers_invalides;
2,2024-01-13 23:35:39,2024-01-13 23:45:56,,2.25,,,158,50,0,17.91,0.0,0.5,4.38,0.0,1.0,26.29,,,passagers_invalides;
2,2024-01-25 08:39:34,2024-01-25 08:55:16,,3.85,,,79,87,0,21.95,0.0,0.5,0.0,0.0,1.0,25.95,,,passagers_invalides;
2,2024-01-18 23:13:48,2024-01-18 23:26:08,,3.61,,,234,262,0,20.74,0.0,0.5,0.0,0.0,1.0,24.74,,,passagers_invalides;
2,2024-01-11 01:11:24,2024-01-11 01:22:38,,3.06,,,65,80,0,15.89,0.0,0.5,0.0,0.0,1.0,17.39,,,passagers_invalides;
1,2024-01-04 22:13:38,2024-01-04 22:14:02,1.0,0.0,1.0,N,265,265,3,3.0,1.0,0.5,0.0,0.0,1.0,5.5,0.0,0.0,distance_invalide;
1,2024-01-10 20:48:19,2024-01-10 20:55:32,2.0,0.0,1.0,N,161,164,2,7.9,3.5,0.5,0.0,0.0,1.0,12.9,2.5,0.0,distance_invalide;
2,2024-01-18 08:01:59,2024-01-18 08:17:28,,5.46,,,239,244,0,28.47,0.0,0.5,0.0,0.0,1.0,32.47,,,passagers_invalides;
1,2024-01-08 13:20:07,2024-01-08 13:53:20,,2.3,,,43,140,0,21.9,0.0,0.5,2.59,0.0,1.0,28.49,,,passagers_invalides;
2,2024-01-13 00:02:12,2024-01-13 00:14:51,,1.86,,,158,186,0,14.6,0.0,0.5,0.0,0.0,1.0,18.6,,,passagers_invalides;
1,2024-01-12 14:45:09,2024-01-12 14:54:50,,1.4,,,162,237,0,10.0,0.0,0.5,0.0,0.0,1.0,14.0,,,passagers_invalides;
2,2024-01-26 16:42:01,2024-01-26 16:50:11,,1.13,,,263,151,0,13.64,0.0,0.5,5.29,0.0,1.0,22.93,,,passagers_invalides;
2,2024-01-21 11:49:09,2024-01-21 11:55:48,,0.97,,,238,239,0,6.83,0.0,0.5,0.0,0.0,1.0,10.83,,,passagers_invalides;
1,2024-01-02 11:41:42,2024-01-02 11:49:44,,5.1,,,262,232,0,19.88,0.0,0.5,0.0,0.0,1.0,23.88,,,passagers_invalides;
2,2024-01-04 16:03:16,2024-01-04 16:05:49,1.0,0.38,1.0,N,141,141,4,-4.4,-2.5,-0.5,0.0,0.0,-1.0,-10.9,-2.5,0.0,montant_invalide;
2,2024-01-29 18:05:34,2024-01-29 18:25:41,,2.18,,,159,213,0,22.75,0.0,0.5,0.0,0.0,1.0,24.25,,,passagers_invalides;
1,2024-01-24 10:18:18,2024-01-24 10:26:43,,0.7,,,234,164,0,9.3,0.0,0.5,1.33,0.0,1.0,14.63,,,passagers_invalides;
1,2024-01-05 07:25:07,2024-01-05 07:37:11,1.0,0.0,1.0,N,116,74,1,18.5,0.0,0.5,0.0,0.0,1.0,20.0,0.0,0.0,distance_invalide;
1,2024-01-20 23:50:38,2024-01-21 00:03:53,0.0,1.7,1.0,N,137,148,1,13.5,3.5,0.5,3.7,0.0,1.0,22.2,2.5,0.0,passagers_invalides;
2,2024-01-28 23:18:41,2024-01-28 23:32:04,,2.52,,,225,62,0,16.14,0.0,0.5,0.0,0.0,1.0,17.64,,,passagers_invalides;
2,2024-01-17 17:50:08,2024-01-17 17:56:51,,1.2,,,231,249,0,18.96,0.0,0.5,0.0,0.0,1.0,22.96,,,passagers_invalides;
2,2024-01-09 19:11:50,2024-01-09 19:35:16,,1.61,,,164,246,0,11.39,0.0,0.5,0.0,0.0,1.0,15.39,,,passagers_invalides;
2,2024-01-20 11:11:41,2024-01-20 11:25:14,1.0,2.58,1.0,N,113,237,4,-16.3,0.0,-0.5,0.0,0.0,-1.0,-20.3,-2.5,0.0,montant_invalide;
2,2024-01-05 07:48:00,2024-01-05 07:59:00,,2.33,,,238,140,0,18.09,0.0,0.5,4.42,0.0,1.0,26.51,,,passagers_invalides;
1,2024-01-29 17:28:32,2024-01-29 17:50:49,,8.7,,,138,263,0,35.2,9.25,0.5,11.07,6.94,1.0,66.46,,,passagers_invalides;
2,2024-01-21 18:20:11,2024-01-21 18:33:21,1.0,1.24,1.0,N,230,164,4,-12.1,0.0,-0.5,0.0,0.0,-1.0,-16.1,-2.5,0.0,montant_invalide;
2,2024-01-16 09:46:32,2024-01-16 09:53:14,,0.95,,,236,263,0,15.18,0.0,0.5,0.0,0.0,1.0,19.18,,,passagers_invalides;
1,2024-01-28 02:31:28,2024-01-28 02:57:05,,4.5,,,114,236,0,24.95,0.0,0.5,0.0,0.0,1.0,28.95,,,passagers_invalides;
2,2024-01-24 11:57:00,2024-01-24 11:57:09,1.0,0.0,1.0,N,239,239,3,-3.0,0.0,-0.5,0.0,0.0,-1.0,-7.0,-2.5,0.0,distance_invalide;montant_invalide;
2,2024-01-26 19:55:45,2024-01-26 19:55:54,2.0,0.0,2.0,N,79,79,3,-70.0,-5.0,-0.5,0.0,0.0,-1.0,-79.0,-2.5,0.0,distance_invalide;montant_invalide;
2,2024-01-19 09:30:51,2024-01-19 09:44:18,,5.04,,,166,143,0,24.62,0.0,0.5,0.0,0.0,1.0,28.62,,,passagers_invalides;
1,2024-01-25 08:33:26,2024-01-25 08:43:02,,0.0,,,152,24,0,12.67,0.0,0.5,0.0,0.0,1.0,14.17,,,distance_invalide;passagers_invalides;
1,2024-01-30 16:45:07,2024-01-30 16:49:05,0.0,0.5,1.0,N,142,142,2,5.8,5.0,0.5,0.0,0.0,1.0,12.3,2.5,0.0,passagers_invalides;
1,2024-01-04 17:20:23,2024-01-04 17:45:26,,3.4,,,113,237,0,24.0,2.5,0.5,3.05,0.0,1.0,33.55,,,passagers_invalides;
2,2024-01-08 23:06:20,2024-01-08 23:13:05,,1.28,,,79,4,0,7.53,0.0,0.5,0.0,0.0,1.0,11.53,,,passagers_invalides;
2,2024-01-18 19:43:27,2024-01-18 19:57:38,,1.98,,,170,163,0,16.82,0.0,0.5,3.12,0.0,1.0,23.94,,,passagers_invalides;
2,2024-01-24 07:14:00,2024-01-24 07:27:00,,2.15,,,144,170,0,16.17,0.0,0.5,0.0,0.0,1.0,20.17,,,passagers_invalides;
1,2024-01-13 00:48:05,2024-01-13 00:51:58,,0.2,,,144,144,0,5.8,1.0,0.5,0.54,0.0,1.0,11.34,,,passagers_invalides;
2,2024-01-28 00:47:40,2024-01-28 00:56:34,,1.41,,,144,79,0,17.07,0.0,0.5,0.0,0.0,1.0,21.07,,,passagers_invalides;
1,2024-01-31 07:03:41,2024-01-31 07:05:56,,0.5,,,161,163,0,5.1,0.0,0.5,0.91,0.0,1.0,10.01,,,passagers_invalides;
2,2024-01-26 13:45:17,2024-01-26 13:51:40,1.0,0.76,1.0,N,90,90,4,-7.9,0.0,-0.5,0.0,0.0,-1.0,-11.9,-2.5,0.0,montant_invalide;
1,2024-01-28 16:58:11,2024-01-28 17:11:36,,0.0,,,262,237,0,11.42,0.0,0.5,0.0,0.0,1.0,15.42,,,distance_invalide;passagers_invalides;
1,2024-01-07 13:54:53,2024-01-07 14:04:10,,2.0,,,140,263,0,11.4,0.0,0.5,1.54,0.0,1.0,16.94,,,passagers_invalides;
1,2024-01-09 17:43:36,2024-01-09 17:57:37,,0.0,,,234,114,0,15.82,0.0,0.5,0.0,0.0,1.0,19.82,,,distance_invalide;passagers_invalides;
2,2024-01-06 22:32:33,2024-01-06 22:40:48,,0.81,,,114,249,0,8.58,0.0,0.5,0.0,0.0,1.0,12.58,,,passagers_invalides;
2,2024-01-05 12:06:22,2024-01-05 12:06:27,1.0,0.0,1.0,N,143,143,2,3.0,0.0,0.5,0.0,0.0,1.0,7.0,2.5,0.0,distance_invalide;
1,2024-01-19 20:32:47,2024-01-19 20:43:20,,1.0,,,90,107,0,10.0,1.0,0.5,3.0,0.0,1.0,18.0,,,passagers_invalides;
1,2024-01-30 20:50:58,2024-01-30 21:11:29,,0.0,,,262,143,0,16.96,0.0,0.5,0.0,0.0,1.0,20.96,,,distance_invalide;passagers_invalides;
2,2024-01-20 19:30:35,2024-01-20 19:56:59,,3.36,,,114,161,0,25.45,0.0,0.5,0.0,0.0,1.0,29.45,,,passagers_invalides;
2,2024-01-17 14:33:27,2024-01-17 14:35:57,,0.55,,,142,239,0,11.74,0.0,0.5,3.15,0.0,1.0,18.89,,,passagers_invalides;
2,2024-01-06 23:17:03,2024-01-06 23:40:45,,4.66,,,114,143,0,25.52,0.0,0.5,0.0,0.0,1.0,29.52,,,passagers_invalides;
2,2024-01-06 01:42:36,2024-01-06 01:48:32,2.0,0.9,1.0,N,230,246,4,-7.9,-1.0,-0.5,0.0,0.0,-1.0,-12.9,-2.5,0.0,montant_invalide;
1,2024-01-01 02:44:26,2024-01-01 03:25:40,,0.0,,,133,94,0,65.92,0.0,0.5,0.0,6.94,1.0,74.36,,,distance_invalide;passagers_invalides;
2,2024-01-11 18:28:08,2024-01-11 18:56:58,1.0,8.49,1.0,N,114,42,2,-38.0,-2.5,-0.5,0.0,0.0,-1.0,-44.5,-2.5,0.0,montant_invalide;
1,2024-01-23 18:45:34,2024-01-23 18:45:34,1.0,0.0,1.0,Y,233,264,2,5.8,5.0,0.5,0.0,0.0,1.0,12.3,2.5,0.0,distance_invalide;
1,2024-01-06 16:05:51,2024-01-06 16:06:18,3.0,0.0,5.0,N,1,1,1,106.55,0.0,0.0,10.0,0.0,1.0,117.55,0.0,0.0,distance_invalide;
1,2024-01-12 14:24:27,2024-01-12 15:31:44,1.0,0.0,99.0,N,162,219,1,49.5,0.0,0.5,0.0,6.94,1.0,57.94,0.0,0.0,distance_invalide;
1,2024-01-04 12:53:20,2024-01-04 13:05:35,0.0,2.0,1.0,N,161,236,1,12.8,2.5,0.5,3.36,0.0,1.0,20.16,2.5,0.0,passagers_invalides;
2,2024-01-19 09:19:16,2024-01-19 09:19:27,3.0,0.0,1.0,N,100,100,2,3.0,0.0,0.5,0.0,0.0,1.0,7.0,2.5,0.0,distance_invalide;
2,2024-01-25 08:41:34,2024-01-25 09:14:26,,6.99,,,229,45,0,36.47,0.0,0.5,0.0,0.0,1.0,40.47,,,passagers_invalides;
2,2024-01-01 04:42:09,2024-01-01 04:49:28,,1.13,,,48,68,0,38.12,0.0,0.5,0.0,0.0,1.0,42.12,,,passagers_invalides;
2,2024-01-28 16:15:36,2024-01-28 16:15:45,1.0,0.0,5.0,N,125,125,1,77.0,0.0,0.0,10.0,6.94,1.0,97.44,2.5,0.0,distance_invalide;
2,2024-01-09 22:18:12,2024-01-09 22:23:52,,0.0,,,113,107,0,6.83,0.0,0.5,0.0,0.0,1.0,10.83,,,distance_invalide;passagers_invalides;
1,2024-01-17 08:17:58,2024-01-17 08:28:47,,0.0,,,237,141,0,20.9,0.0,0.5,0.0,0.0,1.0,24.9,,,distance_invalide;passagers_invalides;
2,2024-01-08 14:10:05,2024-01-08 14:26:13,1.0,2.09,1.0,N,140,142,4,-15.6,0.0,-0.5,0.0,0.0,-1.0,-19.6,-2.5,0.0,montant_invalide;
1,2024-01-08 09:41:59,2024-01-08 10:03:26,,3.4,,,140,151,0,21.2,0.0,0.5,3.78,0.0,1.0,28.98,,,passagers_invalides;
2,2024-01-21 12:44:04,2024-01-21 12:47:10,,0.42,,,50,50,0,6.83,0.0,0.5,0.0,0.0,1.0,10.83,,,passagers_invalides;
1,2024-01-13 07:12:32,2024-01-13 07:16:03,0.0,0.6,1.0,N,48,50,2,5.8,2.5,0.5,0.0,0.0,1.0,9.8,2.5,0.0,passagers_invalides;
1,2024-01-23 07:04:40,2024-01-23 07:21:59,0.0,3.9,1.0,N,90,237,1,20.5,2.5,0.5,1.5,0.0,1.0,26.0,2.5,0.0,passagers_invalides;
1,2024-01-09 21:29:53,2024-01-09 21:41:11,,0.0,,,158,13,0,15.75,0.0,0.5,0.0,0.0,1.0,19.75,,,distance_invalide;passagers_invalides;
1,2024-01-25 08:58:47,2024-01-25 09:07:51,,0.0,,,236,142,0,15.34,0.0,0.5,0.0,0.0,1.0,19.34,,,distance_invalide;passagers_invalides;
2,2024-01-16 07:58:59,2024-01-16 08:03:58,,0.83,,,262,263,0,10.33,0.0,0.5,0.0,0.0,1.0,14.33,,,passagers_invalides;
2,2024-01-18 22:58:06,2024-01-18 23:12:35,,3.14,,,79,246,0,19.18,0.0,0.5,0.0,0.0,1.0,23.18,,,passagers_invalides;
1,2024-01-22 03:40:10,2024-01-22 04:01:06,,9.8,,,79,223,0,39.4,1.0,0.5,2.22,0.0,1.0,46.62,,,passagers_invalides;
2,2024-01-10 17:51:44,2024-01-10 18:23:33,,3.8,,,107,25,0,35.35,0.0,0.5,7.87,0.0,1.0,47.22,,,passagers_invalides;
1,2024-01-13 02:34:17,2024-01-13 02:34:53,1.0,0.0,5.0,N,234,234,1,15.0,0.0,0.0,0.0,0.0,1.0,16.0,0.0,0.0,distance_invalide;
1,2024-01-27 19:19:32,2024-01-27 19:33:22,0.0,2.0,1.0,N,141,142,1,14.2,2.5,0.5,2.0,0.0,1.0,20.2,2.5,0.0,passagers_invalides;
2,2024-01-31 09:44:01,2024-01-31 09:54:27,1.0,0.0,1.0,N,233,164,1,10.0,0.0,0.5,1.0,0.0,1.0,15.0,2.5,0.0,distance_invalide;
1,2024-01-01 19:48:33,2024-01-01 20:01:05,,3.3,,,264,202,0,16.3,0.0,0.0,2.97,0.0,1.0,22.77,,,passagers_invalides;
2,2024-01-19 14:13:28,2024-01-19 14:31:34,,2.32,,,48,107,0,19.15,0.0,0.5,0.0,0.0,1.0,23.15,,,passagers_invalides;
2,2024-01-23 12:33:06,2024-01-23 12:37:30,1.0,0.84,1.0,N,249,158,4,-6.5,0.0,-0.5,0.0,0.0,-1.0,-10.5,-2.5,0.0,montant_invalide;
2,2024-01-27 16:45:35,2024-01-27 17:02:57,,2.34,,,113,233,0,19.12,0.0,0.5,3.0,0.0,1.0,26.12,,,passagers_invalides;
1,2024-01-05 21:24:26,2024-01-05 21:42:06,,3.9,,,234,52,0,19.1,1.0,0.5,4.82,0.0,1.0,28.92,,,passagers_invalides;
2,2024-01-17 08:09:37,2024-01-17 08:13:59,,0.62,,,137,107,0,17.83,0.0,0.5,0.0,0.0,1.0,21.83,,,passagers_invalides;
2,2024-01-29 08:12:54,2024-01-29 08:13:27,1.0,0.05,2.0,N,170,170,4,-70.0,0.0,-0.5,0.0,0.0,-1.0,-74.0,-2.5,0.0,montant_invalide;
2,2024-01-25 08:00:00,2024-01-25 08:17:22,,2.7,,,262,170,0,20.29,0.0,0.5,2.0,0.0,1.0,26.29,,,passagers_invalides;
2,2024-01-28 14:07:33,2024-01-28 14:18:50,,1.94,,,77,37,0,12.7,0.0,0.5,0.0,0.0,1.0,14.2,,,passagers_invalides;
2,2024-01-22 23:16:04,2024-01-22 23:31:37,,7.08,,,19,121,0,22.54,0.0,0.5,0.0,0.0,1.0,24.04,,,passagers_invalides;
2,2024-01-29 19:19:06,2024-01-29 19:29:28,,1.37,,,37,112,0,11.58,0.0,0.5,2.0,0.0,1.0,15.08,,,passagers_invalides;
2,2024-01-17 10:21:27,2024-01-17 10:38:10,,2.99,,,231,246,0,19.81,0.0,0.5,0.0,0.0,1.0,23.81,,,passagers_invalides;
2,2024-01-01 12:10:28,2024-01-01 12:10:38,1.0,0.0,1.0,N,138,138,4,-3.0,-5.0,-0.5,0.0,0.0,-1.0,-11.25,0.0,-1.75,distance_invalide;montant_invalide;
2,2024-01-12 07:51:48,2024-01-12 08:03:09,1.0,1.75,1.0,N,43,236,4,-12.8,0.0,-0.5,0.0,0.0,-1.0,-16.8,-2.5,0.0,montant_invalide;
1,2024-01-26 13:25:21,2024-01-26 13:25:21,1.0,0.0,1.0,N,164,264,2,3.0,2.5,0.5,0.0,0.0,1.0,7.0,2.5,0.0,distance_invalide;
1,2024-01-20 13:37:30,2024-01-20 13:37:47,1.0,0.0,5.0,N,170,170,1,86.0,0.0,0.0,17.4,0.0,1.0,104.4,0.0,0.0,distance_invalide;
1,2024-01-16 06:51:46,2024-01-16 06:55:21,0.0,0.8,1.0,N,162,141,2,6.5,2.5,0.5,0.0,0.0,1.0,10.5,2.5,0.0,passagers_invalides;
2,2024-01-13 13:53:52,2024-01-13 14:13:33,,3.04,,,238,162,0,20.39,0.0,0.5,3.66,0.0,1.0,28.05,,,passagers_invalides;
2,2024-01-28 00:48:30,2024-01-28 01:11:28,,4.35,,,113,239,0,28.48,0.0,0.5,0.0,0.0,1.0,32.48,,,passagers_invalides;
2,2024-01-24 16:11:52,2024-01-24 16:17:17,1.0,0.47,1.0,N,138,138,4,-6.5,-7.5,-0.5,0.0,0.0,-1.0,-17.25,0.0,-1.75,montant_invalide;
1,2024-01-04 08:52:40,2024-01-04 08:53:21,1.0,0.0,1.0,N,145,145,2,3.0,0.0,0.5,0.0,0.0,1.0,4.5,0.0,0.0,distance_invalide;
2,2024-01-30 10:21:36,2024-01-30 10:21:47,1.0,0.0,1.0,N,7,193,1,3.0,0.0,0.5,0.0,0.0,1.0,4.5,0.0,0.0,distance_invalide;
2,2024-01-30 16:08:21,2024-01-30 16:28:32,,2.63,,,234,232,0,12.68,0.0,0.5,0.0,0.0,1.0,16.68,,,passagers_invalides;
2,2024-01-21 08:51:11,2024-01-21 08:52:46,1.0,0.28,1.0,N,230,230,4,-3.7,0.0,-0.5,0.0,0.0,-1.0,-7.7,-2.5,0.0,montant_invalide;
2,2024-01-10 10:30:53,2024-01-10 10:51:59,,6.67,,,231,161,0,32.69,0.0,0.5,0.0,0.0,1.0,36.69,,,passagers_invalides;
2,2024-01-27 21:33:07,2024-01-27 21:33:27,2.0,0.0,1.0,N,137,137,2,3.0,1.0,0.5,0.0,0.0,1.0,8.0,2.5,0.0,distance_invalide;
1,2024-01-23 09:13:19,2024-01-23 09:31:03,0.0,2.0,1.0,N,162,262,1,14.9,2.5,0.5,3.75,0.0,1.0,22.65,2.5,0.0,passagers_invalides;
1,2024-01-25 22:08:04,2024-01-25 22:20:34,,0.0,,,234,148,0,11.85,0.0,0.5,0.0,0.0,1.0,15.85,,,distance_invalide;passagers_invalides;
1,2024-01-14 18:19:55,2024-01-14 18:24:37,0.0,0.9,1.0,N,140,263,1,6.5,2.5,0.5,5.0,0.0,1.0,15.5,2.5,0.0,passagers_invalides;
1,2024-01-27 12:49:27,2024-01-27 13:04:50,0.0,2.1,1.0,N,43,230,1,15.6,2.5,0.5,3.9,0.0,1.0,23.5,2.5,0.0,passagers_invalides;
1,2024-01-26 21:31:42,2024-01-26 21:39:47,0.0,0.8,1.0,N,90,164,1,8.6,3.5,0.5,2.7,0.0,1.0,16.3,2.5,0.0,passagers_invalides;
1,2024-01-23 10:49:35,2024-01-23 11:00:27,0.0,1.2,1.0,N,230,48,1,11.4,2.5,0.5,3.05,0.0,1.0,18.45,2.5,0.0,passagers_invalides;
2,2024-01-05 17:26:26,2024-01-05 17:26:42,1.0,0.0,1.0,N,229,229,4,3.0,2.5,0.5,0.0,0.0,1.0,9.5,2.5,0.0,distance_invalide;
2,2024-01-02 11:55:03,2024-01-02 12:27:38,,16.89,,,161,265,0,70.0,0.0,0.0,19.05,22.0,1.0,112.05,,,passagers_invalides;
1,2024-01-06 11:15:13,2024-01-06 11:23:08,,1.6,,,170,249,0,10.0,0.0,0.5,1.4,0.0,1.0,15.4,,,passagers_invalides;
2,2024-01-30 23:58:28,2024-01-31 00:27:51,2.0,8.21,1.0,N,132,216,4,-39.4,-1.0,-0.5,0.0,0.0,-1.0,-43.65,0.0,-1.75,montant_invalide;
2,2024-01-11 08:44:48,2024-01-11 08:53:11,,1.06,,,249,113,0,10.11,0.0,0.5,0.0,0.0,1.0,14.11,,,passagers_invalides;
1,2024-01-15 09:48:28,2024-01-15 09:56:00,1.0,0.0,1.0,N,140,229,1,7.9,2.5,0.5,2.38,0.0,1.0,14.28,2.5,0.0,distance_invalide;
2,2024-01-06 01:25:02,2024-01-06 01:37:23,,1.77,,,148,249,0,15.03,0.0,0.5,0.0,0.0,1.0,19.03,,,passagers_invalides;
2,2024-01-17 17:59:36,2024-01-17 18:08:31,,1.92,,,163,75,0,12.48,0.0,0.5,0.0,0.0,1.0,16.48,,,passagers_invalides;
2,2024-01-20 09:14:40,2024-01-20 09:30:01,,2.92,,,68,237,0,18.73,0.0,0.5,3.41,0.0,1.0,26.14,,,passagers_invalides;
1,2024-01-04 12:14:39,2024-01-04 12:40:24,0.0,3.8,1.0,N,236,246,2,25.4,2.5,0.5,0.0,0.0,1.0,29.4,2.5,0.0,passagers_invalides;
2,2024-01-12 17:20:33,2024-01-12 17:24:03,2.0,0.74,1.0,N,148,144,2,-5.8,-2.5,-0.5,0.0,0.0,-1.0,-12.3,-2.5,0.0,montant_invalide;
2,2024-01-23 21:07:33,2024-01-23 21:20:12,1.0,1.87,1.0,N,162,107,4,-13.5,-1.0,-0.5,0.0,0.0,-1.0,-18.5,-2.5,0.0,montant_invalide;
2,2024-01-24 22:43:28,2024-01-24 22:56:51,,3.18,,,90,142,0,16.85,0.0,0.5,0.0,0.0,1.0,20.85,,,passagers_invalides;
1,2024-01-04 19:04:46,2024-01-04 19:22:55,0.0,5.7,1.0,N,162,87,1,25.4,5.0,0.5,6.35,0.0,1.0,38.25,2.5,0.0,passagers_invalides;
2,2024-01-22 14:00:09,2024-01-22 14:34:06,,9.77,,,231,236,0,44.49,0.0,0.5,9.7,0.0,1.0,58.19,,,passagers_invalides;
2,2024-01-19 12:03:00,2024-01-19 12:11:00,,1.01,,,166,41,0,6.83,0.0,0.5,0.0,0.0,1.0,8.33,,,passagers_invalides;
2,2024-01-22 07:43:24,2024-01-22 07:54:53,,3.66,,,238,163,0,14.95,0.0,0.5,0.0,0.0,1.0,18.95,,,passagers_invalides;
2,2024-01-10 14:33:00,2024-01-10 14:47:00,,1.94,,,246,230,0,15.36,0.0,0.5,3.87,0.0,1.0,23.23,,,passagers_invalides;
2,2024-01-31 18:48:07,2024-01-31 18:48:28,1.0,0.0,5.0,N,140,140,1,85.0,0.0,0.0,19.09,6.94,1.0,114.53,2.5,0.0,distance_invalide;
2,2024-01-17 16:01:03,2024-01-17 16:11:13,,1.0,,,137,186,0,14.15,0.0,0.5,0.0,0.0,1.0,18.15,,,passagers_invalides;
2,2024-01-17 22:18:41,2024-01-17 22:37:30,,5.42,,,161,87,0,24.48,0.0,0.5,0.0,0.0,1.0,28.48,,,passagers_invalides;
2,2024-01-30 14:36:34,2024-01-30 14:36:42,1.0,0.0,5.0,N,132,132,1,80.94,0.0,0.0,0.0,0.0,1.0,83.69,0.0,1.75,distance_invalide;
2,2024-01-23 18:24:04,2024-01-23 18:28:06,,0.6,,,114,79,0,14.22,0.0,0.5,3.0,0.0,1.0,21.22,,,passagers_invalides;
2,2024-01-25 15:21:51,2024-01-25 15:30:25,1.0,1.27,1.0,N,236,142,4,-10.0,0.0,-0.5,0.0,0.0,-1.0,-14.0,-2.5,0.0,montant_invalide;
2,2024-01-22 22:23:42,2024-01-22 22:41:57,,4.82,,,79,189,0,26.79,0.0,0.5,6.16,0.0,1.0,36.95,,,passagers_invalides;
2,2024-01-17 08:44:51,2024-01-17 08:51:32,,0.96,,,90,234,0,16.32,0.0,0.5,0.0,0.0,1.0,20.32,,,passagers_invalides;
1,2024-01-20 22:04:59,2024-01-20 22:19:31,,1.6,,,186,249,0,14.2,1.0,0.5,2.88,0.0,1.0,22.08,,,passagers_invalides;
2,2024-01-20 12:48:49,2024-01-20 13:03:01,,1.97,,,74,42,0,11.74,0.0,0.5,0.0,0.0,1.0,13.24,,,passagers_invalides;
2,2024-01-28 01:09:21,2024-01-28 01:25:44,,6.04,,,209,237,0,26.39,0.0,0.5,0.0,0.0,1.0,30.39,,,passagers_invalides;
2,2024-01-27 02:08:10,2024-01-27 02:24:36,,3.63,,,211,163,0,19.81,0.0,0.5,0.0,0.0,1.0,23.81,,,passagers_invalides;
2,2024-01-08 21:34:11,2024-01-08 21:57:56,,3.85,,,234,238,0,26.26,0.0,0.5,4.54,0.0,1.0,34.8,,,passagers_invalides;
1,2024-01-30 08:47:51,2024-01-30 09:07:34,,1.8,,,229,186,0,16.3,0.0,0.5,4.06,0.0,1.0,24.36,,,passagers_invalides;
2,2024-01-31 01:23:33,2024-01-31 01:32:39,1.0,1.47,1.0,N,90,79,2,-10.7,-1.0,-0.5,0.0,0.0,-1.0,-15.7,-2.5,0.0,montant_invalide;
2,2024-01-15 18:11:57,2024-01-15 18:21:49,,1.99,,,238,143,0,11.74,0.0,0.5,0.0,0.0,1.0,15.74,,,passagers_invalides;
2,2024-01-01 07:22:53,2024-01-01 07:27:54,,1.02,,,114,4,0,6.83,0.0,0.5,0.0,0.0,1.0,10.83,,,passagers_invalides;
2,2024-01-04 22:42:00,2024-01-04 22:54:00,,1.9,,,143,141,0,15.91,0.0,0.5,2.0,0.0,1.0,21.91,,,passagers_invalides;
1,2024-01-06 21:57:07,2024-01-06 22:08:18,,1.6,,,249,186,0,11.38,0.0,0.5,0.0,0.0,1.0,15.38,,,passagers_invalides;
2,2024-01-28 11:05:03,2024-01-28 11:17:36,,1.95,,,140,170,0,15.13,0.0,0.5,0.0,0.0,1.0,19.13,,,passagers_invalides;
1,2024-01-12 06:50:04,2024-01-12 07:05:19,,0.0,,,262,164,0,20.89,0.0,0.5,0.0,0.0,1.0,24.89,,,distance_invalide;passagers_invalides;
2,2024-01-17 18:07:47,2024-01-17 18:36:54,,4.24,,,88,186,0,29.33,0.0,0.5,0.0,0.0,1.0,33.33,,,passagers_invalides;
2,2024-01-19 21:40:11,2024-01-19 21:48:54,,2.81,,,140,137,0,11.16,0.0,0.5,0.0,0.0,1.0,15.16,,,passagers_invalides;
2,2024-01-12 18:13:43,2024-01-12 18:23:51,1.0,0.95,1.0,N,162,186,3,-10.0,-2.5,-0.5,0.0,0.0,-1.0,-16.5,-2.5,0.0,montant_invalide;
2,2024-01-13 22:21:52,2024-01-13 22:37:53,,5.68,,,236,244,0,30.45,0.0,0.5,6.89,0.0,1.0,41.34,,,passagers_invalides;
2,2024-01-04 16:10:22,2024-01-04 16:23:29,,1.61,,,186,68,0,12.86,0.0,0.5,3.37,0.0,1.0,20.23,,,passagers_invalides;
2,2024-01-27 10:41:51,2024-01-27 10:53:29,,4.81,,,229,232,0,22.69,0.0,0.5,5.34,0.0,1.0,32.03,,,passagers_invalides;
2,2024-01-07 15:45:07,2024-01-07 15:52:13,1.0,1.08,1.0,N,239,151,4,-9.3,0.0,-0.5,0.0,0.0,-1.0,-13.3,-2.5,0.0,montant_invalide;
2,2024-01-12 16:28:42,2024-01-12 16:40:31,1.0,1.31,1.0,N,161,237,2,-12.1,-2.5,-0.5,0.0,0.0,-1.0,-18.6,-2.5,0.0,montant_invalide;
1,2024-01-04 16:06:09,2024-01-04 16:07:22,1.0,0.0,1.0,N,145,145,2,3.0,2.5,0.5,0.0,0.0,1.0,7.0,0.0,0.0,distance_invalide;
1,2024-01-20 16:54:18,2024-01-20 17:03:52,0.0,1.9,1.0,N,43,264,1,12.1,2.5,0.5,4.0,0.0,1.0,20.1,2.5,0.0,passagers_invalides;
1,2024-01-03 10:30:09,2024-01-03 10:53:28,,6.8,,,13,161,0,31.0,0.0,0.5,5.25,0.0,1.0,40.25,,,passagers_invalides;
1,2024-01-22 22:44:06,2024-01-22 23:01:21,,3.1,,,148,186,0,19.1,1.0,0.5,4.82,0.0,1.0,28.92,,,passagers_invalides;
2,2024-01-18 17:26:01,2024-01-18 17:55:51,,6.1,,,239,13,0,37.38,0.0,0.5,0.0,0.0,1.0,41.38,,,passagers_invalides;
1,2024-01-06 20:06:29,2024-01-06 20:11:05,,0.5,,,229,237,0,5.1,1.0,0.5,2.02,0.0,1.0,12.12,,,passagers_invalides;
2,2024-01-25 18:05:12,2024-01-25 18:28:44,,2.82,,,246,79,0,23.81,0.0,0.5,0.0,0.0,1.0,27.81,,,passagers_invalides;
2,2024-01-14 17:01:34,2024-01-14 17:08:14,,0.56,,,230,161,0,13.86,0.0,0.5,2.0,0.0,1.0,19.86,,,passagers_invalides;
1,2024-01-16 12:49:20,2024-01-16 12:58:08,,1.5,,,236,41,0,10.0,0.0,0.5,2.8,0.0,1.0,16.8,,,passagers_invalides;
2,2024-01-16 19:20:46,2024-01-16 19:26:14,,1.02,,,162,233,0,8.8,0.0,0.5,0.0,0.0,1.0,12.8,,,passagers_invalides;
1,2024-01-03 12:54:07,2024-01-03 13:17:09,,6.3,,,65,162,0,29.35,0.0,0.5,0.0,0.0,1.0,33.35,,,passagers_invalides;
2,2024-01-12 15:01:32,2024-01-12 15:15:17,,1.75,,,158,144,0,15.79,0.0,0.5,3.96,0.0,1.0,23.75,,,passagers_invalides;
1,2024-01-01 07:41:53,2024-01-01 07:41:57,1.0,0.0,1.0,N,68,68,3,3.0,2.5,0.5,0.0,0.0,1.0,7.0,2.5,0.0,distance_invalide;
2,2024-01-25 23:03:14,2024-01-25 23:28:52,1.0,10.94,1.0,N,231,95,3,-44.3,-1.0,-0.5,0.0,0.0,-1.0,-49.3,-2.5,0.0,montant_invalide;
2,2024-01-19 18:43:45,2024-01-19 18:59:29,,2.35,,,229,79,0,14.99,0.0,0.5,0.0,0.0,1.0,18.99,,,passagers_invalides;
2,2024-01-19 10:46:01,2024-01-19 10:46:05,2.0,0.0,2.0,N,141,141,4,70.0,0.0,0.5,0.0,0.0,1.0,74.0,2.5,0.0,distance_invalide;
2,2024-01-12 06:19:14,2024-01-12 06:24:06,1.0,1.02,1.0,N,262,263,4,-7.2,0.0,-0.5,0.0,0.0,-1.0,-11.2,-2.5,0.0,montant_invalide;
2,2024-01-16 09:01:55,2024-01-16 09:21:05,,1.37,,,263,141,0,13.82,0.0,0.5,3.56,0.0,1.0,21.38,,,passagers_invalides;
1,2024-01-16 15:28:42,2024-01-16 16:02:33,0.0,4.3,1.0,N,249,237,1,30.3,2.5,0.5,6.85,0.0,1.0,41.15,2.5,0.0,passagers_invalides;
2,2024-01-08 19:20:50,2024-01-08 19:46:30,,10.3,,,90,69,0,42.98,0.0,0.5,2.0,0.0,1.0,48.98,,,passagers_invalides;
2,2024-01-02 13:45:00,2024-01-02 13:49:00,,0.76,,,236,236,0,11.74,0.0,0.5,1.0,0.0,1.0,16.74,,,passagers_invalides;
2,2024-01-02 08:11:28,2024-01-02 08:17:43,,0.91,,,141,237,0,13.82,0.0,0.5,3.56,0.0,1.0,21.38,,,passagers_invalides;
2,2024-01-13 01:42:22,2024-01-13 01:53:01,,2.09,,,158,170,0,15.96,0.0,0.5,0.0,0.0,1.0,19.96,,,passagers_invalides;
2,2024-01-24 16:53:05,2024-01-24 17:17:49,,3.15,,,163,24,0,20.77,0.0,0.5,2.48,0.0,1.0,27.25,,,passagers_invalides;
1,2024-01-16 10:53:19,2024-01-16 11:12:56,0.0,3.8,1.0,N,261,246,1,21.2,2.5,0.5,5.0,0.0,1.0,30.2,2.5,0.0,passagers_invalides;
2,2024-01-01 01:44:20,2024-01-01 01:47:42,2.0,0.5,1.0,N,236,262,2,-5.8,-1.0,-0.5,0.0,0.0,-1.0,-10.8,-2.5,0.0,montant_invalide;
1,2024-01-24 21:46:08,2024-01-24 22:06:33,0.0,3.7,1.0,N,142,152,1,21.9,3.5,0.5,5.35,0.0,1.0,32.25,2.5,0.0,passagers_invalides;
2,2024-01-20 23:42:56,2024-01-20 23:43:10,2.0,0.0,2.0,N,230,100,4,70.0,0.0,0.5,0.0,0.0,1.0,74.0,2.5,0.0,distance_invalide;
2,2024-01-02 20:03:14,2024-01-02 20:03:27,1.0,0.0,1.0,N,193,193,3,3.0,2.5,0.5,0.0,0.0,1.0,7.0,0.0,0.0,distance_invalide;
1,2024-01-01 15:36:12,2024-01-01 15:45:48,0.0,1.5,1.0,N,113,164,1,10.0,2.5,0.5,0.0,0.0,1.0,14.0,2.5,0.0,passagers_invalides;
2,2024-01-01 11:48:19,2024-01-01 11:54:31,,1.17,,,234,161,0,9.53,0.0,0.5,0.0,0.0,1.0,13.53,,,passagers_invalides;
1,2024-01-19 16:02:26,2024-01-19 16:27:59,,0.0,,,87,249,0,16.82,0.0,0.5,0.0,0.0,1.0,20.82,,,distance_invalide;passagers_invalides;
2,2024-01-28 00:47:40,2024-01-28 01:00:20,,2.64,,,164,141,0,15.71,0.0,0.5,0.0,0.0,1.0,19.71,,,passagers_invalides;
2,2024-01-26 21:38:46,2024-01-26 22:04:05,4.0,2.01,1.0,N,186,142,4,-21.9,-1.0,-0.5,0.0,0.0,-1.0,-26.9,-2.5,0.0,montant_invalide;
2,2024-01-06 15:53:00,2024-01-06 15:53:09,2.0,0.0,5.0,N,265,265,1,150.0,0.0,0.0,0.0,0.0,1.0,151.0,0.0,0.0,distance_invalide;
2,2024-01-03 21:58:45,2024-01-03 22:00:33,1.0,0.34,1.0,N,107,107,4,-4.4,-1.0,-0.5,0.0,0.0,-1.0,-9.4,-2.5,0.0,montant_invalide;
1,2024-01-04 10:50:16,2024-01-04 11:06:32,,3.3,,,237,246,0,19.1,0.0,0.5,3.47,0.0,1.0,26.57,,,passagers_invalides;
2,2024-01-13 00:04:36,2024-01-13 00:24:04,,3.84,,,144,141,0,24.3,0.0,0.5,0.0,0.0,1.0,28.3,,,passagers_invalides;
2,2024-01-07 12:41:54,2024-01-07 12:57:25,1.0,2.74,1.0,N,43,186,4,-16.3,0.0,-0.5,0.0,0.0,-1.0,-20.3,-2.5,0.0,montant_invalide;
1,2024-01-13 02:27:33,2024-01-13 02:48:07,,0.0,,,48,244,0,30.4,0.0,0.5,0.0,0.0,1.0,34.4,,,distance_invalide;passagers_invalides;
2,2024-01-16 07:58:41,2024-01-16 08:13:43,,1.73,,,238,75,0,21.56,0.0,0.5,0.0,0.0,1.0,25.56,,,passagers_invalides;
2,2024-01-17 18:57:55,2024-01-17 19:13:15,,2.59,,,230,107,0,18.22,0.0,0.5,0.0,0.0,1.0,22.22,,,passagers_invalides;
2,2024-01-20 09:44:39,2024-01-20 10:00:17,2.0,10.68,1.0,N,132,157,2,-40.8,0.0,-0.5,0.0,0.0,-1.0,-44.05,0.0,-1.75,montant_invalide;
1,2024-01-12 13:40:29,2024-01-12 13:55:47,0.0,1.6,1.0,N,237,48,1,14.2,2.5,0.5,4.5,0.0,1.0,22.7,2.5,0.0,passagers_invalides;
2,2024-01-09 13:04:16,2024-01-09 13:09:33,1.0,0.5,1.0,N,142,142,4,-6.5,0.0,-0.5,0.0,0.0,-1.0,-10.5,-2.5,0.0,montant_invalide;
1,2024-01-11 06:33:49,2024-01-11 06:43:44,0.0,2.0,1.0,N,186,224,1,12.1,2.5,0.5,2.9,0.0,1.0,19.0,2.5,0.0,passagers_invalides;
1,2024-01-27 01:55:04,2024-01-27 01:55:58,1.0,0.0,5.0,N,40,40,1,45.0,0.0,0.0,5.0,0.0,1.0,51.0,0.0,0.0,distance_invalide;
2,2024-01-12 14:58:22,2024-01-12 15:16:53,2.0,2.72,1.0,N,142,236,2,-19.1,0.0,-0.5,0.0,0.0,-1.0,-23.1,-2.5,0.0,montant_invalide;
2,2024-01-20 16:56:11,2024-01-20 17:04:11,1.0,0.86,1.0,N,162,48,2,-9.3,0.0,-0.5,0.0,0.0,-1.0,-13.3,-2.5,0.0,montant_invalide;
1,2024-01-14 13:14:43,2024-01-14 13:35:03,0.0,1.4,1.0,N,233,161,1,17.7,2.5,0.0,4.2,0.0,1.0,25.4,2.5,0.0,passagers_invalides;
2,2024-01-20 20:25:52,2024-01-20 20:49:20,,7.93,,,244,246,0,-2.0,0.0,0.5,0.0,0.0,1.0,2.0,,,montant_invalide;passagers_invalides;
1,2024-01-17 15:37:32,2024-01-17 15:47:19,,0.0,,,236,238,0,9.58,0.0,0.5,0.0,0.0,1.0,13.58,,,distance_invalide;passagers_invalides;
1,2024-01-27 11:05:36,2024-01-27 11:14:50,0.0,1.2,1.0,N,79,249,1,10.7,2.5,0.5,2.9,0.0,1.0,17.6,2.5,0.0,passagers_invalides;
2,2024-01-20 19:50:39,2024-01-20 20:11:48,,1.7,,,170,114,0,18.72,0.0,0.5,0.0,0.0,1.0,22.72,,,passagers_invalides;
1,2024-01-06 10:41:38,2024-01-06 10:45:38,,0.7,,,239,142,0,6.5,0.0,0.5,1.58,0.0,1.0,12.08,,,passagers_invalides;
2,2024-01-29 15:31:00,2024-01-29 15:37:00,,0.72,,,75,75,0,11.74,0.0,0.5,2.0,0.0,1.0,15.24,,,passagers_invalides;
1,2024-01-04 21:41:41,2024-01-04 21:56:10,0.0,2.2,1.0,N,68,143,1,14.9,3.5,0.5,3.0,0.0,1.0,22.9,2.5,0.0,passagers_invalides;
2,2024-01-27 18:04:36,2024-01-27 18:12:48,1.0,0.88,1.0,N,161,233,4,-8.6,0.0,-0.5,0.0,0.0,-1.0,-12.6,-2.5,0.0,montant_invalide;
2,2024-01-25 12:35:11,2024-01-25 12:45:25,,1.18,,,236,237,0,18.98,0.0,0.5,4.6,0.0,1.0,27.58,,,passagers_invalides;
1,2024-01-17 11:46:01,2024-01-17 12:01:37,,2.4,,,237,75,0,17.0,0.0,0.5,4.2,0.0,1.0,25.2,,,passagers_invalides;
1,2024-01-16 19:40:44,2024-01-16 19:46:27,0.0,1.0,1.0,N,142,239,1,7.2,5.0,0.5,3.4,0.0,1.0,17.1,2.5,0.0,passagers_invalides;
2,2024-01-29 01:08:11,2024-01-29 01:15:11,1.0,2.55,1.0,N,239,152,4,-12.1,-1.0,-0.5,0.0,0.0,-1.0,-17.1,-2.5,0.0,montant_invalide;
2,2024-01-17 09:22:31,2024-01-17 09:57:03,,4.75,,,17,79,0,38.0,0.0,0.5,0.0,0.0,1.0,42.0,,,passagers_invalides;
2,2024-01-05 16:27:36,2024-01-05 16:37:55,2.0,1.56,1.0,N,142,238,4,-12.1,-2.5,-0.5,0.0,0.0,-1.0,-18.6,-2.5,0.0,montant_invalide;
2,2024-01-20 19:31:56,2024-01-20 19:47:23,,2.85,,,263,162,0,18.47,0.0,0.5,0.0,0.0,1.0,22.47,,,passagers_invalides;
2,2024-01-13 19:00:56,2024-01-13 19:05:10,,0.71,,,239,142,0,14.22,0.0,0.5,3.64,0.0,1.0,21.86,,,passagers_invalides;
1,2024-01-28 01:24:07,2024-01-28 01:36:49,,0.0,,,79,232,0,11.97,0.0,0.5,0.0,0.0,1.0,15.97,,,distance_invalide;passagers_invalides;
1,2024-01-06 22:35:48,2024-01-06 22:43:09,,0.0,,,79,107,0,6.83,0.0,0.5,0.0,0.0,1.0,10.83,,,distance_invalide;passagers_invalides;
1,2024-01-05 13:57:57,2024-01-05 14:10:31,0.0,1.0,1.0,N,230,162,2,11.4,2.5,0.5,0.0,0.0,1.0,15.4,2.5,0.0,passagers_invalides;
1,2024-01-09 05:59:00,2024-01-09 06:08:44,,2.4,,,262,161,0,14.96,0.0,0.5,0.0,0.0,1.0,18.96,,,passagers_invalides;
2,2024-01-12 22:35:03,2024-01-12 22:36:38,,0.0,,,144,144,0,26.48,0.0,0.5,0.0,0.0,1.0,30.48,,,distance_invalide;passagers_invalides;
2,2024-01-29 21:59:51,2024-01-29 22:12:52,1.0,3.12,1.0,N,238,237,4,-16.3,-1.0,-0.5,0.0,0.0,-1.0,-21.3,-2.5,0.0,montant_invalide;
2,2024-01-25 09:25:11,2024-01-25 09:36:08,,1.87,,,262,137,0,20.3,0.0,0.5,0.0,0.0,1.0,24.3,,,passagers_invalides;
1,2024-01-17 18:30:10,2024-01-17 18:35:42,0.0,0.7,1.0,N,158,249,1,7.2,5.0,0.5,2.7,0.0,1.0,16.4,2.5,0.0,passagers_invalides;
2,2024-01-15 17:57:49,2024-01-15 17:57:52,2.0,0.0,5.0,N,264,264,1,85.0,0.0,0.0,0.0,0.0,1.0,86.0,0.0,0.0,distance_invalide;
2,2024-01-09 21:01:07,2024-01-09 21:04:47,,0.4,,,229,229,0,8.83,0.0,0.5,0.0,0.0,1.0,12.83,,,passagers_invalides;
2,2024-01-20 19:51:17,2024-01-20 20:10:44,,1.67,,,234,158,0,15.7,0.0,0.5,0.0,0.0,1.0,19.7,,,passagers_invalides;
2,2024-01-27 19:49:14,2024-01-27 20:10:32,1.0,1.51,1.0,N,231,114,1,-9.3,0.0,-0.5,-1.0,0.0,-1.0,-14.3,-2.5,0.0,montant_invalide;
2,2024-01-12 01:05:28,2024-01-12 01:15:42,1.0,5.52,1.0,N,132,124,2,-22.6,-1.0,-0.5,0.0,0.0,-1.0,-26.85,0.0,-1.75,montant_invalide;
2,2024-01-10 05:37:58,2024-01-10 06:02:15,,14.92,,,170,132,0,58.61,0.0,0.5,13.91,6.94,1.0,83.46,,,passagers_invalides;
2,2024-01-06 00:04:52,2024-01-06 00:11:06,,0.93,,,142,143,0,8.33,0.0,0.5,0.0,0.0,1.0,12.33,,,passagers_invalides;
2,2024-01-01 01:20:14,2024-01-01 01:24:35,3.0,0.59,1.0,N,43,141,3,-5.8,-1.0,-0.5,0.0,0.0,-1.0,-10.8,-2.5,0.0,montant_invalide;
2,2024-01-27 17:36:45,2024-01-27 17:57:16,1.0,1.59,1.0,N,142,68,4,-17.7,0.0,-0.5,0.0,0.0,-1.0,-21.7,-2.5,0.0,montant_invalide;
2,2024-01-13 11:34:53,2024-01-13 11:35:38,1.0,0.0,1.0,N,230,230,4,3.0,0.0,0.5,0.0,0.0,1.0,7.0,2.5,0.0,distance_invalide;
2,2024-01-20 12:42:06,2024-01-20 12:46:51,1.0,0.73,1.0,N,90,249,4,-6.5,0.0,-0.5,0.0,0.0,-1.0,-10.5,-2.5,0.0,montant_invalide;
2,2024-01-25 08:42:33,2024-01-25 08:47:48,,0.6,,,262,236,0,11.83,0.0,0.5,0.0,0.0,1.0,15.83,,,passagers_invalides;
1,2024-01-18 22:16:48,2024-01-18 22:24:52,0.0,2.3,1.0,N,88,66,1,12.1,3.5,0.5,1.9,0.0,1.0,19.0,2.5,0.0,passagers_invalides;
2,2024-01-18 16:48:53,2024-01-18 16:49:28,2.0,0.0,2.0,N,138,138,4,-70.0,-5.0,-0.5,0.0,0.0,-1.0,-78.25,0.0,-1.75,distance_invalide;montant_invalide;
2,2024-01-17 18:06:00,2024-01-17 18:24:43,,3.3,,,262,166,0,20.7,0.0,0.5,0.0,0.0,1.0,24.7,,,passagers_invalides;
1,2024-01-28 15:15:37,2024-01-28 15:26:15,,1.6,,,144,249,0,10.0,0.0,0.5,2.1,0.0,1.0,16.1,,,passagers_invalides;
2,2024-01-23 17:31:35,2024-01-23 17:50:44,1.0,0.96,1.0,N,107,162,4,-17.0,-2.5,-0.5,0.0,0.0,-1.0,-23.5,-2.5,0.0,montant_invalide;
1,2024-01-26 08:03:25,2024-01-26 08:15:30,,0.0,,,107,161,0,10.36,0.0,0.5,0.0,0.0,1.0,14.36,,,distance_invalide;passagers_invalides;
2,2024-01-01 00:28:42,2024-01-01 00:36:20,3.0,0.65,1.0,N,107,234,4,-7.9,-1.0,-0.5,0.0,0.0,-1.0,-12.9,-2.5,0.0,montant_invalide;
1,2024-01-01 03:58:46,2024-01-01 04:13:17,,2.5,,,107,48,0,15.96,0.0,0.5,0.0,0.0,1.0,19.96,,,passagers_invalides;
1,2024-01-01 01:13:34,2024-01-01 01:29:12,,0.0,,,238,243,0,32.93,0.0,0.5,0.0,0.0,1.0,36.93,,,distance_invalide;passagers_invalides;
2,2024-01-29 06:52:07,2024-01-29 07:11:01,,5.4,,,239,231,0,32.19,0.0,0.5,7.24,0.0,1.0,43.43,,,passagers_invalides;
2,2024-01-15 19:06:49,2024-01-15 19:09:05,1.0,0.44,1.0,N,229,140,4,-4.4,0.0,-0.5,0.0,0.0,-1.0,-8.4,-2.5,0.0,montant_invalide;
2,2024-01-10 08:42:28,2024-01-10 08:50:52,1.0,0.95,1.0,N,142,163,2,-9.3,0.0,-0.5,0.0,0.0,-1.0,-13.3,-2.5,0.0,montant_invalide;
2,2024-01-20 15:39:07,2024-01-20 15:56:49,,4.2,,,159,244,0,23.72,0.0,0.5,3.78,0.0,1.0,29.0,,,passagers_invalides;
2,2024-01-09 18:11:53,2024-01-09 18:26:52,,6.04,,,261,141,0,33.02,0.0,0.5,0.0,0.0,1.0,37.02,,,passagers_invalides;
1,2024-01-16 23:59:48,2024-01-17 00:12:15,,0.0,,,79,163,0,21.84,0.0,0.5,0.0,0.0,1.0,25.84,,,distance_invalide;passagers_invalides;
2,2024-01-29 10:26:14,2024-01-29 10:45:37,,3.56,,,224,48,0,22.06,0.0,0.5,0.0,0.0,1.0,26.06,,,passagers_invalides;
2,2024-01-22 13:40:00,2024-01-22 13:52:00,,2.26,,,142,141,0,17.02,0.0,0.5,2.1,0.0,1.0,23.12,,,passagers_invalides;
1,2024-01-19 10:06:27,2024-01-19 10:12:49,,0.9,,,79,113,0,10.16,0.0,0.5,0.0,0.0,1.0,14.16,,,passagers_invalides;
2,2024-01-15 16:27:44,2024-01-15 16:47:47,1.0,3.34,1.0,N,238,162,4,-20.5,0.0,-0.5,0.0,0.0,-1.0,-24.5,-2.5,0.0,montant_invalide;
1,2024-01-30 20:01:51,2024-01-30 20:12:39,1.0,0.0,1.0,N,236,236,3,10.0,3.5,0.5,0.0,0.0,1.0,15.0,2.5,0.0,distance_invalide;
1,2024-01-25 18:35:59,2024-01-25 18:51:54,,0.0,,,234,79,0,14.14,0.0,0.5,0.0,0.0,1.0,18.14,,,distance_invalide;passagers_invalides;
2,2024-01-27 19:14:33,2024-01-27 19:42:25,,2.23,,,68,114,0,20.57,0.0,0.5,0.0,0.0,1.0,24.57,,,passagers_invalides;
1,2024-01-04 16:26:52,2024-01-04 16:39:26,0.0,1.6,1.0,N,143,238,1,13.5,5.0,0.5,4.0,0.0,1.0,24.0,2.5,0.0,passagers_invalides;
2,2024-01-24 22:35:58,2024-01-24 23:04:02,1.0,9.38,1.0,N,231,42,2,-41.5,-1.0,-0.5,0.0,0.0,-1.0,-46.5,-2.5,0.0,montant_invalide;
2,2024-01-31 13:07:49,2024-01-31 13:14:43,1.0,0.47,1.0,N,161,164,4,-7.9,0.0,-0.5,0.0,0.0,-1.0,-11.9,-2.5,0.0,montant_invalide;
2,2024-01-24 09:06:15,2024-01-24 09:06:22,2.0,0.0,1.0,N,265,265,2,3.0,0.0,0.5,0.0,0.0,1.0,4.5,0.0,0.0,distance_invalide;
2,2024-01-06 19:37:17,2024-01-06 19:40:24,,0.57,,,229,162,0,8.58,0.0,0.5,0.0,0.0,1.0,12.58,,,passagers_invalides;
1,2024-01-28 13:23:24,2024-01-28 13:28:59,,0.0,,,141,233,0,10.34,0.0,0.5,0.0,0.0,1.0,14.34,,,distance_invalide;passagers_invalides;
1,2024-01-28 15:23:42,2024-01-28 15:33:34,,0.3,,,68,164,0,10.16,0.0,0.5,0.0,0.0,1.0,14.16,,,passagers_invalides;
2,2024-01-30 00:49:12,2024-01-30 01:00:01,,2.02,,,186,79,0,11.46,0.0,0.5,0.0,0.0,1.0,15.46,,,passagers_invalides;
1,2024-01-27 02:23:07,2024-01-27 02:24:37,1.0,0.0,5.0,N,161,161,1,5.0,0.0,0.0,1.0,0.0,1.0,7.0,0.0,0.0,distance_invalide;
1,2024-01-07 23:42:37,2024-01-07 23:58:38,,4.3,,,48,13,0,21.2,1.0,0.5,3.93,0.0,1.0,30.13,,,passagers_invalides;
2,2024-01-16 22:52:04,2024-01-16 23:02:35,,2.02,,,234,230,0,10.85,0.0,0.5,0.0,0.0,1.0,14.85,,,passagers_invalides;
1,2024-01-03 17:09:19,2024-01-03 17:17:03,0.0,1.0,1.0,N,137,162,1,8.6,5.0,0.5,3.02,0.0,1.0,18.12,2.5,0.0,passagers_invalides;
2,2024-01-17 14:29:11,2024-01-17 14:46:24,,3.15,,,238,48,0,25.49,0.0,0.5,0.0,0.0,1.0,29.49,,,passagers_invalides;
1,2024-01-23 16:40:11,2024-01-23 17:01:03,,3.3,,,137,142,0,19.1,2.5,0.5,3.84,0.0,1.0,29.44,,,passagers_invalides;
1,2024-01-10 19:32:21,2024-01-10 19:46:42,0.0,1.6,1.0,N,249,79,1,13.5,5.0,0.5,4.0,0.0,1.0,24.0,2.5,0.0,passagers_invalides;
2,2024-01-13 20:43:08,2024-01-13 21:03:55,1.0,0.0,1.0,N,170,107,1,17.0,1.0,0.5,3.96,0.0,1.0,25.96,2.5,0.0,distance_invalide;
1,2024-01-18 16:03:40,2024-01-18 16:24:48,,4.2,,,239,158,0,23.3,0.0,0.5,4.1,0.0,1.0,31.4,,,passagers_invalides;
2,2024-01-21 03:07:47,2024-01-21 03:18:11,,1.68,,,79,68,0,10.72,0.0,0.5,0.0,0.0,1.0,14.72,,,passagers_invalides;
1,2024-01-20 18:55:14,2024-01-20 19:19:32,0.0,4.0,1.0,N,79,142,2,24.0,2.5,0.5,0.0,0.0,1.0,28.0,2.5,0.0,passagers_invalides;
1,2024-01-15 19:18:44,2024-01-15 19:23:59,,0.8,,,90,90,0,6.5,0.0,0.5,1.57,0.0,1.0,12.07,,,passagers_invalides;
2,2024-01-20 01:39:31,2024-01-20 01:43:01,5.0,0.11,1.0,N,164,186,3,-4.4,-1.0,-0.5,0.0,0.0,-1.0,-9.4,-2.5,0.0,montant_invalide;
1,2024-01-02 02:17:02,2024-01-02 02:36:32,,7.2,,,249,166,0,30.24,0.0,0.5,0.0,0.0,1.0,34.24,,,passagers_invalides;
1,2024-01-25 07:07:54,2024-01-25 07:22:17,0.0,3.5,1.0,N,264,162,1,18.4,2.5,0.5,4.45,0.0,1.0,26.85,2.5,0.0,passagers_invalides;
1,2024-01-26 13:20:28,2024-01-26 13:36:43,0.0,3.5,1.0,N,75,100,2,19.1,2.5,0.5,0.0,0.0,1.0,23.1,2.5,0.0,passagers_invalides;
2,2024-01-25 11:39:54,2024-01-25 12:03:36,1.0,2.14,1.0,N,234,230,4,-20.5,0.0,-0.5,0.0,0.0,-1.0,-24.5,-2.5,0.0,montant_invalide;
2,2024-01-28 00:20:49,2024-01-28 00:42:18,,4.78,,,249,141,0,29.2,0.0,0.5,0.0,0.0,1.0,33.2,,,passagers_invalides;
2,2024-01-27 18:33:20,2024-01-27 18:54:30,,2.05,,,141,230,0,1.99,0.0,0.5,0.0,0.0,1.0,5.99,,,passagers_invalides;
1,2024-01-24 06:31:04,2024-01-24 06:44:56,,3.0,,,236,230,0,17.37,0.0,0.5,0.0,0.0,1.0,21.37,,,passagers_invalides;
1,2024-01-01 12:14:05,2024-01-01 12:20:01,,0.0,,,238,143,0,7.83,0.0,0.5,0.0,0.0,1.0,11.83,,,distance_invalide;passagers_invalides;
2,2024-01-04 22:07:29,2024-01-04 22:16:17,,1.71,,,230,90,0,15.94,0.0,0.5,3.99,0.0,1.0,23.93,,,passagers_invalides;
2,2024-01-16 20:41:27,2024-01-16 20:48:52,1.0,1.8,1.0,N,230,68,4,-10.0,-1.0,-0.5,0.0,0.0,-1.0,-15.0,-2.5,0.0,montant_invalide;
2,2024-01-27 22:11:34,2024-01-27 22:24:18,,1.32,,,142,48,0,0.98,0.0,0.5,0.0,0.0,1.0,4.98,,,passagers_invalides;
2,2024-01-10 21:28:22,2024-01-10 21:35:39,1.0,5.58,1.0,N,132,130,4,-21.9,-1.0,-0.5,0.0,0.0,-1.0,-26.15,0.0,-1.75,montant_invalide;
2,2024-01-13 21:46:20,2024-01-13 21:57:15,,1.32,,,234,79,0,11.74,0.0,0.5,3.15,0.0,1.0,18.89,,,passagers_invalides;
2,2024-01-01 02:13:24,2024-01-01 02:13:42,1.0,0.0,5.0,N,80,80,3,-60.0,0.0,0.0,0.0,0.0,-1.0,-61.0,0.0,0.0,distance_invalide;montant_invalide;
1,2024-01-06 19:20:04,2024-01-06 19:41:50,,0.0,,,234,239,0,25.92,0.0,0.5,0.0,0.0,1.0,29.92,,,distance_invalide;passagers_invalides;
2,2024-01-26 21:50:07,2024-01-26 22:08:44,2.0,2.02,1.0,N,142,164,2,-17.0,-1.0,-0.5,0.0,0.0,-1.0,-22.0,-2.5,0.0,montant_invalide;
2,2024-01-17 14:22:54,2024-01-17 14:47:07,,3.7,,,90,232,0,11.78,0.0,0.5,6.44,0.0,1.0,22.22,,,passagers_invalides;
2,2024-01-25 09:11:30,2024-01-25 09:20:47,,1.31,,,4,114,0,13.68,0.0,0.5,3.54,0.0,1.0,21.22,,,passagers_invalides;
2,2024-01-20 20:30:46,2024-01-20 20:30:52,1.0,0.0,5.0,N,249,249,1,85.0,0.0,0.0,17.7,0.0,1.0,106.2,2.5,0.0,distance_invalide;
2,2024-01-17 07:20:09,2024-01-17 07:38:19,,2.47,,,177,225,0,7.02,0.0,0.5,0.0,0.0,1.0,8.52,,,passagers_invalides;
2,2024-01-16 13:07:20,2024-01-16 13:08:02,1.0,0.0,1.0,N,237,237,1,3.0,0.0,0.5,6.93,0.0,1.0,13.93,2.5,0.0,distance_invalide;
2,2024-01-21 18:16:16,2024-01-21 18:28:57,,2.8,,,231,48,0,18.76,0.0,0.5,0.0,0.0,1.0,22.76,,,passagers_invalides;
2,2024-01-30 15:26:32,2024-01-30 15:26:39,,0.0,,,236,236,0,23.08,0.0,0.5,5.42,0.0,1.0,32.5,,,distance_invalide;passagers_invalides;
2,2024-01-10 17:48:35,2024-01-10 17:59:05,,1.6,,,142,237,0,14.62,0.0,0.5,3.72,0.0,1.0,22.34,,,passagers_invalides;
2,2024-01-16 19:05:15,2024-01-16 19:12:55,1.0,1.18,1.0,N,262,141,4,-9.3,-2.5,-0.5,0.0,0.0,-1.0,-15.8,-2.5,0.0,montant_invalide;
2,2024-01-25 19:19:08,2024-01-25 19:31:31,1.0,1.05,1.0,N,90,164,2,-12.1,-2.5,-0.5,0.0,0.0,-1.0,-18.6,-2.5,0.0,montant_invalide;
2,2024-01-28 00:17:39,2024-01-28 00:28:26,,3.1,,,87,79,0,18.55,0.0,0.5,0.0,0.0,1.0,22.55,,,passagers_invalides;
2,2024-01-30 14:39:00,2024-01-30 15:06:17,1.0,5.65,1.0,N,140,249,4,-32.4,0.0,-0.5,0.0,0.0,-1.0,-36.4,-2.5,0.0,montant_invalide;
2,2024-01-09 08:56:25,2024-01-09 09:00:10,,0.74,,,239,143,0,10.08,0.0,0.5,0.0,0.0,1.0,14.08,,,passagers_invalides;
2,2024-01-06 22:46:57,2024-01-06 23:18:15,,9.14,,,66,239,0,36.0,0.0,0.5,0.0,0.0,1.0,40.0,,,passagers_invalides;
1,2024-01-04 19:30:17,2024-01-04 20:00:15,,0.0,,,125,151,0,25.32,0.0,0.5,0.0,0.0,1.0,29.32,,,distance_invalide;passagers_invalides;
2,2024-01-10 21:15:42,2024-01-10 21:15:52,1.0,0.0,5.0,N,79,79,1,20.0,0.0,0.0,0.0,0.0,1.0,23.5,2.5,0.0,distance_invalide;
2,2024-01-26 08:53:19,2024-01-26 08:59:11,,0.71,,,238,151,0,6.74,0.0,0.5,3.15,0.0,1.0,13.89,,,passagers_invalides;
2,2024-01-03 11:13:04,2024-01-03 11:13:39,1.0,0.0,1.0,N,207,207,2,3.0,0.0,0.5,0.0,0.0,1.0,4.5,0.0,0.0,distance_invalide;
1,2024-01-03 13:47:06,2024-01-03 14:09:41,,3.2,,,170,43,0,21.2,0.0,0.5,3.78,0.0,1.0,28.98,,,passagers_invalides;
2,2024-01-21 02:39:45,2024-01-21 02:41:19,1.0,0.15,1.0,N,249,113,4,-3.7,-1.0,-0.5,0.0,0.0,-1.0,-8.7,-2.5,0.0,montant_invalide;
1,2024-01-10 13:00:51,2024-01-10 13:12:36,,1.0,,,43,230,0,11.4,0.0,0.5,3.08,0.0,1.0,18.48,,,passagers_invalides;
2,2024-01-09 15:13:44,2024-01-09 15:40:56,,5.96,,,238,90,0,27.86,0.0,0.5,0.0,0.0,1.0,31.86,,,passagers_invalides;
2,2024-01-13 19:12:39,2024-01-13 19:34:50,,3.78,,,7,112,0,21.16,0.0,0.5,4.53,0.0,1.0,27.19,,,passagers_invalides;
2,2024-01-19 22:55:32,2024-01-19 22:55:36,1.0,0.0,5.0,N,10,10,1,25.0,0.0,0.0,0.0,0.0,1.0,26.0,0.0,0.0,distance_invalide;
1,2024-01-02 08:32:34,2024-01-02 09:03:28,1.0,0.0,99.0,N,247,170,1,32.5,0.0,0.5,0.0,0.0,1.0,34.0,0.0,0.0,distance_invalide;
2,2024-01-18 21:09:57,2024-01-18 21:16:05,1.0,0.0,1.0,N,161,163,1,7.2,1.0,0.5,2.44,0.0,1.0,14.64,2.5,0.0,distance_invalide;
2,2024-01-24 18:36:17,2024-01-24 18:41:46,1.0,0.43,1.0,N,236,236,4,-6.5,-2.5,-0.5,3.1,0.0,-1.0,-12.4,-2.5,0.0,montant_invalide;
2,2024-01-20 17:23:26,2024-01-20 17:39:34,,1.66,,,231,249,0,13.9,0.0,0.5,3.58,0.0,1.0,21.48,,,passagers_invalides;
1,2024-01-26 22:30:06,2024-01-26 22:43:22,,0.0,,,143,90,0,15.7,0.0,0.5,0.0,0.0,1.0,19.7,,,distance_invalide;passagers_invalides;
2,2024-01-02 13:41:38,2024-01-02 13:58:21,,7.19,,,74,138,0,26.62,0.0,0.5,7.01,6.94,1.0,42.07,,,passagers_invalides;
2,2024-01-14 01:05:22,2024-01-14 01:21:48,,3.98,,,114,142,0,22.16,0.0,0.5,0.0,0.0,1.0,26.16,,,passagers_invalides;
2,2024-01-09 17:03:46,2024-01-09 17:33:53,,5.73,,,231,238,0,42.06,0.0,0.5,9.21,0.0,1.0,55.27,,,passagers_invalides;
1,2024-01-05 15:09:02,2024-01-05 15:16:58,0.0,0.4,1.0,N,161,141,2,7.9,2.5,0.5,0.0,0.0,1.0,11.9,2.5,0.0,passagers_invalides;
2,2024-01-16 15:57:30,2024-01-16 15:57:38,2.0,0.0,5.0,N,132,132,1,93.0,0.0,0.0,0.0,0.0,1.0,95.75,0.0,1.75,distance_invalide;
1,2024-01-24 14:35:53,2024-01-24 14:54:59,1.0,0.0,1.0,N,188,71,1,20.0,0.0,0.5,0.0,0.0,1.0,21.5,0.0,0.0,distance_invalide;
1,2024-01-20 13:22:52,2024-01-20 13:31:26,,0.0,,,262,236,0,11.76,0.0,0.5,0.0,0.0,1.0,15.76,,,distance_invalide;passagers_invalides;
1,2024-01-24 14:02:23,2024-01-24 14:08:34,0.0,0.6,1.0,N,163,162,1,7.2,2.5,0.5,2.2,0.0,1.0,13.4,2.5,0.0,passagers_invalides;
2,2024-01-26 00:57:02,2024-01-26 00:57:06,4.0,0.0,1.0,N,132,132,2,-3.0,-1.0,-0.5,0.0,0.0,-1.0,-7.25,0.0,-1.75,distance_invalide;montant_invalide;
1,2024-01-11 09:06:01,2024-01-11 09:14:03,0.0,1.1,1.0,N,162,140,1,8.6,2.5,0.5,1.0,0.0,1.0,13.6,2.5,0.0,passagers_invalides;
2,2024-01-01 05:29:39,2024-01-01 05:43:37,,2.88,,,247,41,0,27.84,0.0,0.5,0.0,0.0,1.0,29.34,,,passagers_invalides;
1,2024-01-05 15:53:10,2024-01-05 16:02:17,,0.0,,,146,7,0,9.26,0.0,0.5,0.0,0.0,1.0,10.76,,,distance_invalide;passagers_invalides;
1,2024-01-23 00:44:48,2024-01-23 00:56:05,,0.0,,,186,142,0,14.16,0.0,0.5,0.0,0.0,1.0,18.16,,,distance_invalide;passagers_invalides;
2,2024-01-13 15:38:37,2024-01-13 15:38:45,2.0,0.02,2.0,N,138,138,4,-70.0,0.0,-0.5,0.0,0.0,-1.0,-73.25,0.0,-1.75,montant_invalide;
1,2024-01-07 09:08:32,2024-01-07 09:39:49,,16.0,,,114,132,0,57.65,0.0,0.5,0.0,0.0,1.0,61.65,,,passagers_invalides;
2,2024-01-26 13:52:08,2024-01-26 14:05:46,1.0,1.48,1.0,N,161,186,2,-12.8,0.0,-0.5,0.0,0.0,-1.0,-16.8,-2.5,0.0,montant_invalide;
2,2024-01-17 11:43:25,2024-01-17 11:56:47,,4.86,,,48,166,0,20.2,0.0,0.5,0.0,0.0,1.0,24.2,,,passagers_invalides;
2,2024-01-21 19:11:10,2024-01-21 19:31:58,,4.24,,,256,106,0,24.01,0.0,0.5,0.0,0.0,1.0,25.51,,,passagers_invalides;
2,2024-01-08 13:34:50,2024-01-08 13:34:59,1.0,0.0,1.0,N,132,132,2,3.0,0.0,0.5,0.0,0.0,1.0,6.25,0.0,1.75,distance_invalide;
2,2024-01-19 07:44:47,2024-01-19 08:02:32,,4.26,,,39,85,0,26.56,0.0,0.5,0.0,0.0,1.0,28.06,,,passagers_invalides;
2,2024-01-09 18:32:09,2024-01-09 18:37:40,,0.6,,,230,164,0,9.81,0.0,0.5,0.0,0.0,1.0,13.81,,,passagers_invalides;
1,2024-01-27 00:30:40,2024-01-27 00:39:52,,1.9,,,162,107,0,11.4,1.0,0.5,2.46,0.0,1.0,18.86,,,passagers_invalides;
2,2024-01-01 00:15:48,2024-01-01 00:33:38,,10.77,,,134,226,0,27.02,0.0,0.5,0.0,0.0,1.0,28.52,,,passagers_invalides;
2,2024-01-06 23:08:40,2024-01-06 23:19:04,,1.4,,,234,246,0,11.35,0.0,0.5,0.0,0.0,1.0,15.35,,,passagers_invalides;
2,2024-01-02 15:35:41,2024-01-02 15:56:19,,2.28,,,43,100,0,18.86,0.0,0.5,4.57,0.0,1.0,27.43,,,passagers_invalides;
2,2024-01-26 23:08:29,2024-01-26 23:16:53,,1.57,,,48,143,0,12.21,0.0,0.5,0.0,0.0,1.0,16.21,,,passagers_invalides;
1,2024-01-13 00:01:16,2024-01-13 00:09:17,,0.0,,,249,144,0,14.39,0.0,0.5,0.0,0.0,1.0,18.39,,,distance_invalide;passagers_invalides;
2,2024-01-13 02:24:16,2024-01-13 02:30:03,,0.64,,,144,148,0,-1.0,0.0,0.5,0.0,0.0,1.0,3.0,,,montant_invalide;passagers_invalides;
2,2024-01-14 10:49:12,2024-01-14 11:04:59,,2.92,,,186,140,0,26.11,0.0,0.5,6.02,0.0,1.0,36.13,,,passagers_invalides;
2,2024-01-11 05:45:12,2024-01-11 06:19:11,,18.84,,,262,1,0,73.75,0.0,0.0,19.92,22.38,1.0,117.05,,,passagers_invalides;
1,2024-01-09 23:34:32,2024-01-09 23:44:29,,2.7,,,48,236,0,14.9,1.0,0.5,2.99,0.0,1.0,22.89,,,passagers_invalides;
2,2024-01-11 23:18:24,2024-01-11 23:42:57,,6.11,,,249,166,0,30.76,0.0,0.5,0.0,0.0,1.0,34.76,,,passagers_invalides;
2,2024-01-21 02:46:51,2024-01-21 03:04:26,,3.63,,,226,161,0,22.63,0.0,0.5,5.33,0.0,1.0,31.96,,,passagers_invalides;
2,2024-01-28 10:29:45,2024-01-28 10:29:52,4.0,0.0,5.0,N,163,163,4,-18.0,0.0,0.0,0.0,0.0,-1.0,-21.5,-2.5,0.0,distance_invalide;montant_invalide;
2,2024-01-30 21:05:56,2024-01-30 21:46:28,2.0,7.83,1.0,N,161,236,4,-40.8,-1.0,-0.5,0.0,0.0,-1.0,-45.8,-2.5,0.0,montant_invalide;
2,2024-01-27 22:02:44,2024-01-27 22:13:57,2.0,0.0,1.0,N,249,79,1,10.7,1.0,0.5,3.92,0.0,1.0,19.62,2.5,0.0,distance_invalide;
1,2024-01-24 09:31:30,2024-01-24 09:32:15,1.0,0.0,1.0,N,161,161,2,3.0,2.5,0.5,0.0,0.0,1.0,7.0,2.5,0.0,distance_invalide;
1,2024-01-12 22:42:25,2024-01-12 22:49:57,0.0,2.3,1.0,N,142,24,2,11.4,3.5,0.5,0.0,0.0,1.0,16.4,2.5,0.0,passagers_invalides;
2,2024-01-24 19:32:58,2024-01-24 19:33:13,1.0,0.0,1.0,N,234,234,2,3.0,2.5,0.5,0.0,0.0,1.0,9.5,2.5,0.0,distance_invalide;
2,2024-01-14 16:08:08,2024-01-14 16:08:12,2.0,0.0,5.0,N,132,132,1,87.5,0.0,0.0,0.0,0.0,1.0,90.25,0.0,1.75,distance_invalide;
2,2024-01-18 10:32:15,2024-01-18 11:26:50,4.0,18.12,1.0,N,70,186,4,-78.6,0.0,-0.5,0.0,-6.94,-1.0,-89.54,-2.5,0.0,montant_invalide;
2,2024-01-06 00:45:23,2024-01-06 00:45:29,2.0,0.0,5.0,N,246,246,1,85.0,0.0,0.0,10.0,0.0,1.0,98.5,2.5,0.0,distance_invalide;
2,2024-01-25 21:40:31,2024-01-25 21:47:55,,2.67,,,140,137,0,12.94,0.0,0.5,0.0,0.0,1.0,16.94,,,passagers_invalides;
2,2024-01-20 23:05:05,2024-01-20 23:13:06,,0.88,,,79,79,0,14.58,0.0,0.5,0.0,0.0,1.0,18.58,,,passagers_invalides;
2,2024-01-29 19:12:25,2024-01-29 19:19:57,,0.75,,,137,170,0,6.83,0.0,0.5,0.0,0.0,1.0,10.83,,,passagers_invalides;
1,2024-01-08 13:53:19,2024-01-08 14:16:28,0.0,9.9,1.0,N,161,138,1,40.8,7.5,0.5,10.0,6.94,1.0,66.74,2.5,0.0,passagers_invalides;
1,2024-01-08 08:06:30,2024-01-08 08:24:39,,2.7,,,237,186,0,18.95,0.0,0.5,0.0,0.0,1.0,22.95,,,passagers_invalides;
2,2024-01-17 18:22:23,2024-01-17 18:27:49,,0.47,,,163,161,0,6.83,0.0,0.5,0.0,0.0,1.0,10.83,,,passagers_invalides;
2,2024-01-10 18:05:15,2024-01-10 18:14:45,2.0,0.72,1.0,N,161,161,4,-9.3,-2.5,-0.5,0.0,0.0,-1.0,-15.8,-2.5,0.0,montant_invalide;
1,2024-01-06 13:47:57,2024-01-06 14:00:53,0.0,1.3,1.0,N,249,164,1,12.8,2.5,0.5,3.35,0.0,1.0,20.15,2.5,0.0,passagers_invalides;
2,2024-01-28 03:31:26,2024-01-28 03:31:32,,0.0,,,249,249,0,16.33,0.0,0.5,0.0,0.0,1.0,20.33,,,distance_invalide;passagers_invalides;
1,2024-01-05 08:27:27,2024-01-05 08:49:42,,0.0,,,231,163,0,25.24,0.0,0.5,0.0,0.0,1.0,29.24,,,distance_invalide;passagers_invalides;
2,2024-01-20 23:08:35,2024-01-20 23:34:53,,4.36,,,114,236,0,29.4,0.0,0.5,0.0,0.0,1.0,33.4,,,passagers_invalides;
1,2024-01-27 02:09:07,2024-01-27 02:24:10,,0.0,,,144,162,0,17.45,0.0,0.5,0.0,0.0,1.0,21.45,,,distance_invalide;passagers_invalides;
2,2024-01-01 02:09:16,2024-01-01 02:15:00,1.0,0.0,5.0,N,137,170,1,80.0,0.0,0.0,0.0,0.0,1.0,83.5,2.5,0.0,distance_invalide;
2,2024-01-01 01:27:27,2024-01-01 01:42:08,,2.29,,,142,229,0,26.3,0.0,0.5,0.0,0.0,1.0,30.3,,,passagers_invalides;
1,2024-01-03 16:02:33,2024-01-03 16:10:37,0.0,0.9,1.0,N,141,236,1,9.3,5.0,0.5,3.15,0.0,1.0,18.95,2.5,0.0,passagers_invalides;
1,2024-01-12 06:55:35,2024-01-12 07:03:05,,0.0,,,236,140,0,13.52,0.0,0.5,0.0,0.0,1.0,17.52,,,distance_invalide;passagers_invalides;
1,2024-01-28 21:00:09,2024-01-28 21:29:16,0.0,18.9,2.0,N,132,262,1,70.0,2.5,0.5,12.14,6.94,1.0,93.08,2.5,0.0,passagers_invalides;
2,2024-01-05 20:08:58,2024-01-05 20:12:24,1.0,0.5,1.0,N,236,141,4,-5.8,-1.0,-0.5,0.0,0.0,-1.0,-10.8,-2.5,0.0,montant_invalide;
2,2024-01-20 13:55:23,2024-01-20 14:13:54,,2.38,,,230,43,0,21.56,0.0,0.5,5.11,0.0,1.0,30.67,,,passagers_invalides;
2,2024-01-26 07:10:58,2024-01-26 07:23:33,,2.2,,,143,161,0,15.79,0.0,0.5,0.0,0.0,1.0,19.79,,,passagers_invalides;
2,2024-01-09 21:23:11,2024-01-09 21:33:29,,1.79,,,68,164,0,13.49,0.0,0.5,0.0,0.0,1.0,17.49,,,passagers_invalides;
1,2024-01-21 15:50:06,2024-01-21 16:13:07,0.0,3.5,1.0,N,90,141,1,21.9,2.5,0.5,5.15,0.0,1.0,31.05,2.5,0.0,passagers_invalides;
1,2024-01-05 12:30:45,2024-01-05 12:37:14,0.0,1.0,1.0,N,234,158,1,8.6,2.5,0.5,2.5,0.0,1.0,15.1,2.5,0.0,passagers_invalides;
2,2024-01-06 23:56:36,2024-01-07 00:12:59,,4.34,,,234,87,0,-1.61,0.0,0.5,0.0,0.0,1.0,2.39,,,montant_invalide;passagers_invalides;
2,2024-01-09 05:11:00,2024-01-09 05:27:00,,3.53,,,151,140,0,20.74,0.0,0.5,3.0,0.0,1.0,27.74,,,passagers_invalides;
1,2024-01-21 00:40:09,2024-01-21 00:54:56,,4.0,,,163,179,0,19.8,1.0,0.5,3.72,0.0,1.0,28.52,,,passagers_invalides;
1,2024-01-13 21:14:21,2024-01-13 21:33:44,0.0,2.3,1.0,N,142,164,1,15.6,3.5,0.5,5.0,0.0,1.0,25.6,2.5,0.0,passagers_invalides;
2,2024-01-18 09:09:11,2024-01-18 09:13:08,1.0,0.49,1.0,N,137,137,4,-5.8,0.0,-0.5,0.0,0.0,-1.0,-9.8,-2.5,0.0,montant_invalide;
1,2024-01-03 14:19:10,2024-01-03 14:35:59,,0.0,,,151,161,0,20.0,0.0,0.5,4.8,0.0,1.0,30.8,,,distance_invalide;passagers_invalides;
2,2024-01-07 22:52:53,2024-01-07 22:53:03,3.0,0.0,5.0,N,238,238,1,87.0,0.0,0.0,7.0,0.0,1.0,95.0,0.0,0.0,distance_invalide;
1,2024-01-02 13:46:10,2024-01-02 13:47:03,1.0,0.0,1.0,N,50,50,2,3.0,2.5,0.5,0.0,0.0,1.0,7.0,2.5,0.0,distance_invalide;
2,2024-01-20 00:39:14,2024-01-20 01:05:33,,5.96,,,255,82,0,24.41,0.0,0.5,0.0,0.0,1.0,25.91,,,passagers_invalides;
2,2024-01-14 01:22:56,2024-01-14 01:43:08,,9.86,,,125,262,0,32.97,0.0,0.5,0.0,0.0,1.0,36.97,,,passagers_invalides;
2,2024-01-13 02:29:08,2024-01-13 02:42:23,,2.99,,,158,142,0,21.37,0.0,0.5,0.0,0.0,1.0,25.37,,,passagers_invalides;
2,2024-01-30 11:45:30,2024-01-30 11:55:43,1.0,0.98,1.0,N,229,161,3,-10.7,0.0,-0.5,0.0,0.0,-1.0,-14.7,-2.5,0.0,montant_invalide;
2,2024-01-08 15:34:55,2024-01-08 15:45:53,1.0,0.0,1.0,N,249,107,1,10.0,0.0,0.5,2.8,0.0,1.0,16.8,2.5,0.0,distance_invalide;
2,2024-01-21 18:53:20,2024-01-21 19:03:34,,1.42,,,246,249,0,11.15,0.0,0.5,0.0,0.0,1.0,15.15,,,passagers_invalides;
1,2024-01-17 22:08:51,2024-01-17 22:13:28,0.0,0.9,1.0,N,224,79,1,7.2,3.5,0.5,1.0,0.0,1.0,13.2,2.5,0.0,passagers_invalides;
2,2024-01-11 10:25:23,2024-01-11 10:36:56,,1.19,,,236,237,0,11.74,0.0,0.5,3.15,0.0,1.0,18.89,,,passagers_invalides;
1,2024-01-09 18:11:20,2024-01-09 18:24:40,,0.0,,,164,246,0,11.06,0.0,0.5,0.0,0.0,1.0,15.06,,,distance_invalide;passagers_invalides;
2,2024-01-23 23:53:35,2024-01-23 23:59:31,1.0,1.77,1.0,N,114,137,2,-9.3,-1.0,-0.5,0.0,0.0,-1.0,-14.3,-2.5,0.0,montant_invalide;
2,2024-01-14 01:32:57,2024-01-14 01:44:48,,1.39,,,148,107,0,12.91,0.0,0.5,0.0,0.0,1.0,16.91,,,passagers_invalides;
2,2024-01-20 22:09:58,2024-01-20 22:18:17,2.0,6.24,1.0,N,226,93,4,-24.7,-1.0,-0.5,0.0,0.0,-1.0,-27.2,0.0,0.0,montant_invalide;
2,2024-01-05 19:44:36,2024-01-05 19:44:42,3.0,0.0,3.0,N,70,70,4,23.0,7.5,0.0,0.0,0.0,1.0,33.25,0.0,1.75,distance_invalide;
1,2024-01-10 06:49:13,2024-01-10 07:06:06,,0.0,,,140,90,0,19.54,0.0,0.5,0.0,0.0,1.0,23.54,,,distance_invalide;passagers_invalides;
2,2024-01-21 16:32:03,2024-01-21 17:18:48,,20.61,,,209,132,0,74.09,0.0,0.5,15.62,0.0,1.0,93.71,,,passagers_invalides;
2,2024-01-23 21:05:36,2024-01-23 21:17:49,,2.24,,,231,234,0,13.33,0.0,0.5,0.0,0.0,1.0,17.33,,,passagers_invalides;
2,2024-01-06 10:57:40,2024-01-06 11:12:04,4.0,2.54,1.0,N,239,100,4,-14.9,0.0,-0.5,0.0,0.0,-1.0,-18.9,-2.5,0.0,montant_invalide;
1,2024-01-09 21:36:28,2024-01-09 22:02:33,,0.0,,,113,236,0,21.48,0.0,0.5,0.0,0.0,1.0,25.48,,,distance_invalide;passagers_invalides;
2,2024-01-03 08:16:41,2024-01-03 08:23:28,,1.38,,,238,239,0,13.82,0.0,0.5,3.56,0.0,1.0,21.38,,,passagers_invalides;
2,2024-01-01 18:51:45,2024-01-01 18:52:21,1.0,0.0,1.0,N,152,152,3,3.0,0.0,0.5,0.0,0.0,1.0,4.5,0.0,0.0,distance_invalide;
2,2024-01-31 07:50:56,2024-01-31 08:00:38,2.0,0.0,1.0,N,87,137,1,9.3,0.0,0.5,2.66,0.0,1.0,15.96,2.5,0.0,distance_invalide;
1,2024-01-24 12:46:22,2024-01-24 13:00:49,,2.5,,,236,170,0,14.9,0.0,0.5,4.73,0.0,1.0,23.63,,,passagers_invalides;
2,2024-01-12 20:53:55,2024-01-12 21:01:10,1.0,1.29,1.0,N,142,161,2,-8.6,-1.0,-0.5,0.0,0.0,-1.0,-13.6,-2.5,0.0,montant_invalide;
2,2024-01-17 09:27:20,2024-01-17 10:08:32,1.0,12.61,1.0,N,138,113,4,-58.3,-5.0,-0.5,0.0,-6.94,-1.0,-75.99,-2.5,-1.75,montant_invalide;
1,2024-01-20 10:20:55,2024-01-20 10:27:14,,0.8,,,137,170,0,7.9,0.0,0.5,2.38,0.0,1.0,14.28,,,passagers_invalides;
1,2024-01-09 18:24:20,2024-01-09 18:38:57,,0.0,,,140,163,0,13.97,0.0,0.5,0.0,0.0,1.0,17.97,,,distance_invalide;passagers_invalides;
2,2024-01-21 21:48:12,2024-01-21 21:48:45,1.0,0.0,1.0,N,132,132,4,3.0,1.0,0.5,0.0,0.0,1.0,7.25,0.0,1.75,distance_invalide;
2,2024-01-24 10:45:23,2024-01-24 10:46:21,1.0,0.0,1.0,N,68,68,2,3.0,0.0,0.5,0.0,0.0,1.0,7.0,2.5,0.0,distance_invalide;
1,2024-01-30 09:56:34,2024-01-30 10:18:30,0.0,2.4,1.0,N,237,68,1,19.8,2.5,0.5,5.95,0.0,1.0,29.75,2.5,0.0,passagers_invalides;
2,2024-01-22 14:19:19,2024-01-22 14:19:37,1.0,0.0,5.0,N,48,48,4,85.0,0.0,0.0,0.0,0.0,1.0,88.5,2.5,0.0,distance_invalide;
2,2024-01-09 18:40:01,2024-01-09 18:56:04,,1.9,,,48,229,0,17.95,0.0,0.5,0.0,0.0,1.0,21.95,,,passagers_invalides;
1,2024-01-01 16:50:01,2024-01-01 16:59:45,0.0,2.1,1.0,N,151,142,1,12.1,2.5,0.5,3.2,0.0,1.0,19.3,2.5,0.0,passagers_invalides;
1,2024-01-30 21:29:58,2024-01-30 21:46:50,,3.5,,,48,263,0,18.68,0.0,0.5,0.0,0.0,1.0,22.68,,,passagers_invalides;
1,2024-01-18 09:16:11,2024-01-18 09:20:25,,0.6,,,141,229,0,6.5,0.0,0.5,2.1,0.0,1.0,12.6,,,passagers_invalides;
1,2024-01-22 10:33:33,2024-01-22 10:56:21,,1.1,,,170,237,0,18.4,0.0,0.5,3.36,0.0,1.0,25.76,,,passagers_invalides;
2,2024-01-24 18:26:59,2024-01-24 18:40:32,1.0,2.13,1.0,N,211,164,4,-14.2,-2.5,-0.5,0.0,0.0,-1.0,-20.7,-2.5,0.0,montant_invalide;
1,2024-01-19 12:02:17,2024-01-19 12:10:21,,0.0,,,141,236,0,12.1,0.0,0.5,0.0,0.0,1.0,16.1,,,distance_invalide;passagers_invalides;
1,2024-01-19 07:59:12,2024-01-19 08:03:00,,0.8,,,237,161,0,6.5,0.0,0.5,2.1,0.0,1.0,12.6,,,passagers_invalides;
2,2024-01-15 15:05:57,2024-01-15 15:32:15,1.0,4.45,1.0,N,186,262,2,-26.8,0.0,-0.5,0.0,0.0,-1.0,-30.8,-2.5,0.0,montant_invalide;
2,2024-01-18 19:11:12,2024-01-18 19:25:13,1.0,1.23,1.0,N,162,100,4,-12.8,-2.5,-0.5,0.0,0.0,-1.0,-19.3,-2.5,0.0,montant_invalide;
2,2024-01-01 03:38:43,2024-01-01 03:45:50,,1.18,,,234,90,0,37.18,0.0,0.5,0.0,0.0,1.0,41.18,,,passagers_invalides;
1,2024-01-18 14:22:37,2024-01-18 14:39:47,,1.5,,,230,141,0,12.59,0.0,0.5,0.0,0.0,1.0,16.59,,,passagers_invalides;
2,2024-01-14 20:01:04,2024-01-14 20:24:05,,7.96,,,254,243,0,34.06,0.0,0.5,0.0,0.0,1.0,35.56,,,passagers_invalides;
2,2024-01-13 12:18:46,2024-01-13 12:38:05,,2.48,,,43,100,0,7.9,0.0,0.5,4.38,0.0,1.0,16.28,,,passagers_invalides;
1,2024-01-21 18:49:20,2024-01-21 19:32:58,0.0,16.5,1.0,N,10,25,1,66.0,0.0,0.5,13.5,0.0,1.0,81.0,0.0,0.0,passagers_invalides;
1,2024-01-22 11:30:07,2024-01-22 11:31:27,2.0,0.0,1.0,N,230,161,1,3.7,2.5,0.5,1.0,0.0,1.0,8.7,2.5,0.0,distance_invalide;
1,2024-01-16 07:53:20,2024-01-16 08:08:52,,0.0,,,239,140,0,29.39,0.0,0.5,0.0,0.0,1.0,33.39,,,distance_invalide;passagers_invalides;
2,2024-01-28 17:33:58,2024-01-28 18:08:42,,9.51,,,113,42,0,36.62,0.0,0.5,0.0,0.0,1.0,40.62,,,passagers_invalides;
2,2024-01-12 21:29:47,2024-01-12 21:46:15,2.0,4.53,1.0,N,100,148,4,-21.9,-1.0,-0.5,0.0,0.0,-1.0,-26.9,-2.5,0.0,montant_invalide;
2,2024-01-21 15:19:15,2024-01-21 15:25:29,,1.12,,,25,106,0,11.58,0.0,0.5,2.62,0.0,1.0,15.7,,,passagers_invalides;
1,2024-01-16 11:53:23,2024-01-16 12:05:04,0.0,2.0,1.0,N,166,236,1,12.8,2.5,0.5,4.2,0.0,1.0,21.0,2.5,0.0,passagers_invalides;
2,2024-01-06 19:28:48,2024-01-06 19:51:27,,3.7,,,249,143,0,25.41,0.0,0.5,0.0,0.0,1.0,29.41,,,passagers_invalides;
1,2024-01-01 01:45:24,2024-01-01 01:55:51,,0.0,,,142,163,0,25.18,0.0,0.5,0.0,0.0,1.0,29.18,,,distance_invalide;passagers_invalides;
1,2024-01-03 18:04:07,2024-01-03 18:27:04,,0.0,,,89,181,0,25.63,0.0,0.5,0.0,0.0,1.0,27.13,,,distance_invalide;passagers_invalides;
2,2024-01-16 17:19:18,2024-01-16 17:40:43,,1.81,,,164,237,0,18.91,0.0,0.5,0.0,0.0,1.0,22.91,,,passagers_invalides;
2,2024-01-26 07:57:34,2024-01-26 08:07:50,,1.34,,,249,144,0,8.54,0.0,0.5,0.0,0.0,1.0,12.54,,,passagers_invalides;
2,2024-01-10 17:18:14,2024-01-10 18:05:38,1.0,14.71,1.0,N,132,123,4,-62.5,-2.5,-0.5,0.0,0.0,-1.0,-68.25,0.0,-1.75,montant_invalide;
2,2024-01-09 18:37:06,2024-01-09 18:50:38,,2.07,,,229,236,0,15.95,0.0,0.5,0.0,0.0,1.0,19.95,,,passagers_invalides;
1,2024-01-14 08:56:49,2024-01-14 09:09:13,1.0,0.0,1.0,N,151,116,1,24.0,0.0,0.5,0.0,0.0,1.0,25.5,0.0,0.0,distance_invalide;
1,2024-01-16 17:06:48,2024-01-16 17:12:13,0.0,0.8,1.0,N,162,107,1,6.5,5.0,0.5,2.6,0.0,1.0,15.6,2.5,0.0,passagers_invalides;
1,2024-01-21 18:25:51,2024-01-21 18:26:27,1.0,0.0,5.0,N,230,163,4,0.01,0.0,0.0,0.0,0.0,1.0,1.01,0.0,0.0,distance_invalide;
2,2024-01-19 18:15:46,2024-01-19 18:22:15,,1.21,,,68,50,0,14.22,0.0,0.5,3.64,0.0,1.0,21.86,,,passagers_invalides;
1,2024-01-03 18:45:01,2024-01-03 18:50:57,1.0,0.0,1.0,N,42,42,1,15.5,0.0,0.5,0.0,0.0,1.0,17.0,0.0,0.0,distance_invalide;
2,2024-01-11 18:33:00,2024-01-11 18:45:00,,1.89,,,181,62,0,8.06,0.0,0.5,2.0,0.0,1.0,11.56,,,passagers_invalides;
2,2024-01-21 12:50:42,2024-01-21 13:00:43,,2.04,,,239,163,0,13.58,0.0,0.5,3.16,0.0,1.0,20.74,,,passagers_invalides;
2,2024-01-04 06:47:13,2024-01-04 06:55:48,,1.04,,,79,249,0,-1.5,0.0,0.5,0.0,0.0,1.0,2.5,,,montant_invalide;passagers_invalides;
2,2024-01-09 13:38:00,2024-01-09 14:08:00,,5.43,,,166,161,0,29.15,0.0,0.5,0.0,0.0,1.0,33.15,,,passagers_invalides;
1,2024-01-01 14:36:08,2024-01-01 15:08:01,0.0,3.0,1.0,N,236,186,1,27.5,2.5,0.5,6.3,0.0,1.0,37.8,2.5,0.0,passagers_invalides;
2,2024-01-18 21:22:00,2024-01-18 21:48:00,,4.89,,,234,49,0,29.05,0.0,0.5,6.61,0.0,1.0,39.66,,,passagers_invalides;
1,2024-01-02 15:05:16,2024-01-02 15:20:40,,2.9,,,79,237,0,17.0,0.0,0.5,3.15,0.0,1.0,24.15,,,passagers_invalides;
2,2024-01-13 10:29:43,2024-01-13 10:37:01,1.0,0.0,1.0,N,162,48,1,7.9,0.0,0.5,2.38,0.0,1.0,14.28,2.5,0.0,distance_invalide;
1,2024-01-10 23:11:31,2024-01-10 23:12:00,0.0,0.1,5.0,N,132,132,4,150.0,0.0,0.0,0.0,0.0,1.0,151.0,0.0,0.0,passagers_invalides;
2,2024-01-27 22:23:38,2024-01-27 22:44:19,,6.3,,,239,243,0,23.46,0.0,0.5,0.0,0.0,1.0,27.46,,,passagers_invalides;
2,2024-01-26 18:02:48,2024-01-26 18:23:05,,2.11,,,234,48,0,17.3,0.0,0.5,4.26,0.0,1.0,25.56,,,passagers_invalides;
2,2024-01-29 08:54:09,2024-01-29 09:01:18,,1.21,,,112,112,0,7.84,0.0,0.5,0.0,0.0,1.0,9.34,,,passagers_invalides;
1,2024-01-09 21:13:12,2024-01-09 21:22:33,,0.0,,,164,237,0,11.96,0.0,0.5,0.0,0.0,1.0,15.96,,,distance_invalide;passagers_invalides;
2,2024-01-24 18:20:32,2024-01-24 18:49:09,1.0,5.16,1.0,N,87,48,4,-30.3,-2.5,-0.5,0.0,0.0,-1.0,-36.8,-2.5,0.0,montant_invalide;
2,2024-01-22 20:15:41,2024-01-22 20:20:21,,0.4,,,140,140,0,11.08,0.0,0.5,0.0,0.0,1.0,15.08,,,passagers_invalides;
2,2024-01-30 19:11:32,2024-01-30 19:14:37,1.0,0.0,1.0,N,140,263,1,5.1,2.5,0.5,3.0,0.0,1.0,14.6,2.5,0.0,distance_invalide;
1,2024-01-29 15:01:24,2024-01-29 15:01:54,1.0,0.0,1.0,N,137,137,3,3.0,2.5,0.5,0.0,0.0,1.0,7.0,2.5,0.0,distance_invalide;
2,2024-01-11 18:26:02,2024-01-11 18:47:30,,3.2,,,164,261,0,23.15,0.0,0.5,0.0,0.0,1.0,27.15,,,passagers_invalides;
2,2024-01-06 20:02:48,2024-01-06 20:38:30,,4.59,,,237,249,0,27.34,0.0,0.5,0.0,0.0,1.0,31.34,,,passagers_invalides;
2,2024-01-31 18:04:42,2024-01-31 18:29:52,,3.28,,,170,262,0,0.6,0.0,0.5,0.0,0.0,1.0,4.6,,,passagers_invalides;
2,2024-01-02 22:33:49,2024-01-02 22:59:26,,6.85,,,24,79,0,31.97,0.0,0.5,0.0,0.0,1.0,35.97,,,passagers_invalides;
2,2024-01-08 05:27:46,2024-01-08 05:34:37,,1.32,,,239,237,0,11.58,0.0,0.5,2.34,0.0,1.0,17.92,,,passagers_invalides;
2,2024-01-06 05:51:27,2024-01-06 05:51:34,3.0,0.0,5.0,N,166,166,1,88.0,0.0,0.0,19.19,6.94,1.0,115.13,0.0,0.0,distance_invalide;
2,2024-01-21 03:40:40,2024-01-21 04:03:12,1.0,5.66,1.0,N,114,7,4,-27.5,-1.0,-0.5,0.0,0.0,-1.0,-32.5,-2.5,0.0,montant_invalide;
2,2024-01-20 12:59:04,2024-01-20 13:13:19,,2.55,,,140,161,0,11.68,0.0,0.5,0.0,0.0,1.0,15.68,,,passagers_invalides;
2,2024-01-11 00:19:34,2024-01-11 00:19:40,1.0,0.0,5.0,N,26,26,1,50.0,0.0,0.0,5.0,0.0,1.0,56.0,0.0,0.0,distance_invalide;
2,2024-01-19 18:51:07,2024-01-19 19:07:46,,6.21,,,231,141,0,0.19,0.0,0.5,0.0,0.0,1.0,4.19,,,passagers_invalides;
2,2024-01-28 14:06:06,2024-01-28 14:26:23,,3.7,,,231,50,0,21.95,0.0,0.5,0.0,0.0,1.0,25.95,,,passagers_invalides;
2,2024-01-06 01:37:46,2024-01-06 01:50:48,,2.72,,,158,233,0,14.08,0.0,0.5,0.0,0.0,1.0,18.08,,,passagers_invalides;
2,2024-01-06 19:57:33,2024-01-06 20:07:30,,2.04,,,43,238,0,13.78,0.0,0.5,0.0,0.0,1.0,17.78,,,passagers_invalides;
2,2024-01-15 21:57:53,2024-01-15 21:57:57,1.0,0.0,2.0,N,132,132,2,-70.0,0.0,-0.5,0.0,0.0,-1.0,-73.25,0.0,-1.75,distance_invalide;montant_invalide;
1,2024-01-09 17:16:42,2024-01-09 17:36:49,,1.7,,,170,141,0,17.7,2.5,0.5,3.63,0.0,1.0,27.83,,,passagers_invalides;
2,2024-01-15 18:26:18,2024-01-15 18:36:20,,2.23,,,48,246,0,14.33,0.0,0.5,0.0,0.0,1.0,18.33,,,passagers_invalides;
2,2024-01-01 19:03:44,2024-01-01 19:31:46,,5.59,,,45,161,0,33.21,0.0,0.5,0.0,0.0,1.0,37.21,,,passagers_invalides;
2,2024-01-27 02:16:44,2024-01-27 02:17:50,1.0,0.0,1.0,N,249,249,4,-3.7,-1.0,-0.5,0.0,0.0,-1.0,-8.7,-2.5,0.0,distance_invalide;montant_invalide;
2,2024-01-12 10:45:11,2024-01-12 11:21:11,3.0,0.0,3.0,N,186,1,1,47.5,0.0,0.0,12.38,13.38,1.0,74.26,0.0,0.0,distance_invalide;
2,2024-01-20 13:56:50,2024-01-20 14:01:23,,1.04,,,141,262,0,6.83,0.0,0.5,0.0,0.0,1.0,10.83,,,passagers_invalides;
1,2024-01-12 07:44:33,2024-01-12 07:55:50,,0.0,,,238,237,0,14.66,0.0,0.5,0.0,0.0,1.0,18.66,,,distance_invalide;passagers_invalides;
2,2024-01-29 17:37:37,2024-01-29 17:37:41,1.0,0.0,5.0,N,161,161,1,82.0,0.0,0.0,16.6,0.0,1.0,99.6,0.0,0.0,distance_invalide;
2,2024-01-23 18:28:01,2024-01-23 18:46:31,,3.64,,,261,246,0,19.91,0.0,0.5,0.0,0.0,1.0,23.91,,,passagers_invalides;
1,2024-01-20 10:50:47,2024-01-20 10:58:07,,0.0,,,262,236,0,8.08,0.0,0.5,0.0,0.0,1.0,12.08,,,distance_invalide;passagers_invalides;
2,2024-01-12 13:56:50,2024-01-12 14:10:51,,1.1,,,230,163,0,11.74,0.0,0.5,3.15,0.0,1.0,18.89,,,passagers_invalides;
1,2024-01-05 23:10:06,2024-01-05 23:43:23,,4.3,,,50,226,0,29.49,0.0,0.5,0.0,0.0,1.0,33.49,,,passagers_invalides;
2,2024-01-28 01:36:12,2024-01-28 01:46:51,,2.34,,,79,229,0,16.02,0.0,0.5,0.0,0.0,1.0,20.02,,,passagers_invalides;
1,2024-01-13 21:04:10,2024-01-13 21:04:32,2.0,0.0,5.0,N,137,137,1,13.0,0.0,0.0,0.0,0.0,1.0,14.0,0.0,0.0,distance_invalide;
2,2024-01-18 17:43:13,2024-01-18 17:58:32,,2.5,,,75,142,0,19.86,0.0,0.5,4.77,0.0,1.0,28.63,,,passagers_invalides;
1,2024-01-15 14:54:59,2024-01-15 14:55:49,2.0,0.0,1.0,N,246,246,1,3.0,5.0,0.5,0.0,0.0,1.0,9.5,2.5,0.0,distance_invalide;
2,2024-01-01 11:37:20,2024-01-01 11:43:21,,1.11,,,79,148,0,10.92,0.0,0.5,0.0,0.0,1.0,14.92,,,passagers_invalides;
1,2024-01-31 12:24:01,2024-01-31 12:50:35,,0.0,,,140,238,0,21.19,0.0,0.5,0.0,0.0,1.0,25.19,,,distance_invalide;passagers_invalides;
1,2024-01-29 09:35:05,2024-01-29 10:03:11,0.0,2.9,1.0,N,143,162,1,25.4,2.5,0.5,5.85,0.0,1.0,35.25,2.5,0.0,passagers_invalides;
2,2024-01-01 02:19:19,2024-01-01 02:31:41,,2.12,,,263,151,0,27.84,0.0,0.5,0.0,0.0,1.0,31.84,,,passagers_invalides;
1,2024-01-08 20:14:27,2024-01-08 20:31:39,0.0,3.6,1.0,N,125,97,1,19.8,3.5,0.5,4.95,0.0,1.0,29.75,2.5,0.0,passagers_invalides;
2,2024-01-25 23:13:04,2024-01-25 23:28:54,,2.75,,,49,33,0,5.12,0.0,0.5,3.32,0.0,1.0,9.94,,,passagers_invalides;
2,2024-01-24 16:25:11,2024-01-24 16:43:18,,4.24,,,140,79,0,24.41,0.0,0.5,0.0,0.0,1.0,28.41,,,passagers_invalides;
2,2024-01-09 21:05:33,2024-01-09 21:16:08,,2.62,,,66,148,0,15.36,0.0,0.5,0.0,0.0,1.0,19.36,,,passagers_invalides;
2,2024-01-11 17:23:00,2024-01-11 17:28:00,,0.78,,,143,142,0,14.22,0.0,0.5,2.73,0.0,1.0,20.95,,,passagers_invalides;
2,2024-01-12 23:22:42,2024-01-12 23:39:50,,3.56,,,107,262,0,21.7,0.0,0.5,0.0,0.0,1.0,25.7,,,passagers_invalides;
2,2024-01-19 02:08:29,2024-01-19 02:32:33,1.0,7.04,1.0,N,249,61,4,-31.7,-1.0,-0.5,0.0,0.0,-1.0,-36.7,-2.5,0.0,montant_invalide;
1,2024-01-20 19:38:21,2024-01-20 19:57:06,0.0,1.9,1.0,N,161,100,1,17.0,2.5,0.5,4.2,0.0,1.0,25.2,2.5,0.0,passagers_invalides;
1,2024-01-31 07:19:08,2024-01-31 07:37:54,,2.6,,,186,141,0,16.3,0.0,0.5,3.04,0.0,1.0,23.34,,,passagers_invalides;
2,2024-01-13 09:48:39,2024-01-13 09:53:07,4.0,0.75,1.0,N,161,170,2,-6.5,0.0,-0.5,0.0,0.0,-1.0,-10.5,-2.5,0.0,montant_invalide;
1,2024-01-24 18:31:15,2024-01-24 18:47:59,0.0,3.4,1.0,N,87,79,3,18.4,5.0,0.5,0.0,0.0,1.0,24.9,2.5,0.0,passagers_invalides;
2,2024-01-01 06:33:00,2024-01-01 06:40:00,,1.56,,,163,170,0,11.74,0.0,0.5,3.15,0.0,1.0,18.89,,,passagers_invalides;
2,2024-01-22 17:13:59,2024-01-22 17:40:07,1.0,8.36,1.0,N,164,129,4,-36.6,-2.5,-0.5,0.0,-6.94,-1.0,-50.04,-2.5,0.0,montant_invalide;
2,2024-01-01 04:21:43,2024-01-01 04:26:07,,0.9,,,107,170,0,35.83,0.0,0.5,0.0,0.0,1.0,39.83,,,passagers_invalides;
2,2024-01-27 01:56:06,2024-01-27 02:18:43,,4.34,,,255,246,0,26.89,0.0,0.5,0.0,6.94,1.0,37.83,,,passagers_invalides;
1,2024-01-01 13:13:32,2024-01-01 13:21:56,,0.5,,,186,68,0,10.16,0.0,0.5,0.0,0.0,1.0,11.66,,,passagers_invalides;
1,2024-01-04 16:32:36,2024-01-04 16:50:36,,0.0,,,151,142,0,16.76,0.0,0.5,0.0,0.0,1.0,20.76,,,distance_invalide;passagers_invalides;
2,2024-01-01 11:43:22,2024-01-01 11:55:07,,3.15,,,116,74,0,14.98,0.0,0.5,0.0,0.0,1.0,16.48,,,passagers_invalides;
2,2024-01-30 22:58:05,2024-01-30 22:58:11,1.0,0.0,5.0,N,239,239,1,85.0,0.0,0.0,22.12,0.0,1.0,110.62,2.5,0.0,distance_invalide;
2,2024-01-19 18:25:45,2024-01-19 18:41:04,,5.07,,,13,79,0,19.05,0.0,0.5,0.0,0.0,1.0,23.05,,,passagers_invalides;
2,2024-01-28 15:07:41,2024-01-28 15:29:08,2.0,2.59,1.0,N,113,237,2,-19.8,0.0,-0.5,0.0,0.0,-1.0,-23.8,-2.5,0.0,montant_invalide;
2,2024-01-14 00:42:14,2024-01-14 00:53:01,,1.04,,,158,114,0,10.36,0.0,0.5,0.0,0.0,1.0,14.36,,,passagers_invalides;
2,2024-01-20 12:22:55,2024-01-20 12:45:47,,5.08,,,211,140,0,31.62,0.0,0.5,2.0,0.0,1.0,37.62,,,passagers_invalides;
1,2024-01-22 10:27:40,2024-01-22 11:06:02,,3.5,,,249,237,0,30.92,0.0,0.5,0.0,0.0,1.0,34.92,,,passagers_invalides;
2,2024-01-13 22:29:06,2024-01-13 22:45:54,3.0,0.61,1.0,N,230,230,4,-14.2,-1.0,-0.5,0.0,0.0,-1.0,-19.2,-2.5,0.0,montant_invalide;
1,2024-01-01 02:51:31,2024-01-01 03:09:24,,0.0,,,50,41,0,37.77,0.0,0.5,0.0,0.0,1.0,41.77,,,distance_invalide;passagers_invalides;
2,2024-01-14 14:35:00,2024-01-14 14:50:07,,2.53,,,230,43,0,17.45,0.0,0.5,4.29,0.0,1.0,25.74,,,passagers_invalides;
1,2024-01-02 16:31:23,2024-01-02 16:33:25,1.0,0.0,5.0,N,132,132,1,88.0,0.0,0.0,17.8,0.0,1.0,106.8,0.0,0.0,distance_invalide;
2,2024-01-20 23:48:00,2024-01-21 00:03:00,,2.51,,,114,87,0,21.83,0.0,0.5,1.29,0.0,1.0,27.12,,,passagers_invalides;
1,2024-01-09 20:13:23,2024-01-09 20:26:14,0.0,2.4,1.0,N,239,166,1,14.9,3.5,0.5,3.95,0.0,1.0,23.85,2.5,0.0,passagers_invalides;
2,2024-01-21 18:22:22,2024-01-21 18:32:08,,1.68,,,238,143,0,11.24,0.0,0.5,0.0,0.0,1.0,15.24,,,passagers_invalides;
2,2024-01-16 18:49:11,2024-01-16 18:55:17,,0.56,,,236,237,0,14.22,0.0,0.5,2.73,0.0,1.0,20.95,,,passagers_invalides;
1,2024-01-07 10:23:44,2024-01-07 10:27:08,0.0,1.0,1.0,N,113,90,1,6.5,2.5,0.5,2.1,0.0,1.0,12.6,2.5,0.0,passagers_invalides;
2,2024-01-16 16:21:05,2024-01-16 16:32:38,,1.41,,,230,50,0,11.42,0.0,0.5,0.0,0.0,1.0,15.42,,,passagers_invalides;
2,2024-01-03 10:30:03,2024-01-03 10:30:16,4.0,0.0,5.0,N,132,132,1,40.0,0.0,0.0,8.2,0.0,1.0,49.2,0.0,0.0,distance_invalide;
2,2024-01-25 06:25:16,2024-01-25 06:32:33,,2.34,,,263,162,0,13.9,0.0,0.5,0.0,0.0,1.0,17.9,,,passagers_invalides;
2,2024-01-30 19:54:32,2024-01-30 20:02:04,1.0,0.65,1.0,N,234,186,4,-8.6,-2.5,-0.5,0.0,0.0,-1.0,-15.1,-2.5,0.0,montant_invalide;
2,2024-01-11 18:28:46,2024-01-11 18:45:40,,1.12,,,170,186,0,18.0,0.0,0.5,0.0,0.0,1.0,22.0,,,passagers_invalides;
2,2024-01-28 00:46:01,2024-01-28 00:55:57,,2.02,,,148,170,0,18.52,0.0,0.5,0.0,0.0,1.0,22.52,,,passagers_invalides;
2,2024-01-16 17:02:11,2024-01-16 17:58:41,1.0,28.5,2.0,N,132,13,2,0.0,0.0,0.5,0.0,0.0,1.0,5.75,2.5,1.75,montant_invalide;
2,2024-01-17 12:49:19,2024-01-17 13:09:05,,0.95,,,186,230,0,14.86,0.0,0.5,3.39,0.0,1.0,22.25,,,passagers_invalides;
2,2024-01-21 15:47:35,2024-01-21 16:11:06,1.0,8.03,1.0,N,244,68,4,-36.6,0.0,-0.5,0.0,0.0,-1.0,-40.6,-2.5,0.0,montant_invalide;
2,2024-01-14 08:06:58,2024-01-14 08:29:36,2.0,10.41,1.0,N,230,138,4,-41.5,-5.0,-0.5,0.0,-6.94,-1.0,-57.44,-2.5,0.0,montant_invalide;
2,2024-01-17 06:57:25,2024-01-17 07:15:28,,4.05,,,238,170,0,25.43,0.0,0.5,5.3,0.0,1.0,34.73,,,passagers_invalides;
2,2024-01-26 21:12:00,2024-01-26 21:37:00,,9.08,,,144,14,0,34.58,0.0,0.5,9.1,6.94,1.0,54.62,,,passagers_invalides;
2,2024-01-03 18:24:16,2024-01-03 18:34:40,1.0,2.11,1.0,N,140,75,4,-12.8,-2.5,-0.5,0.0,0.0,-1.0,-19.3,-2.5,0.0,montant_invalide;
2,2024-01-22 13:24:48,2024-01-22 13:24:52,2.0,0.0,5.0,N,132,132,1,85.0,0.0,0.0,5.0,0.0,1.0,92.75,0.0,1.75,distance_invalide;
1,2024-01-30 23:22:02,2024-01-30 23:35:59,,0.0,,,158,148,0,13.97,0.0,0.5,0.0,0.0,1.0,17.97,,,distance_invalide;passagers_invalides;
2,2024-01-28 00:30:55,2024-01-28 00:46:49,,2.65,,,231,186,0,23.21,0.0,0.5,0.0,0.0,1.0,27.21,,,passagers_invalides;
2,2024-01-12 16:38:19,2024-01-12 16:55:18,,2.63,,,263,74,0,18.93,0.0,0.5,4.59,0.0,1.0,27.52,,,passagers_invalides;
1,2024-01-13 21:38:39,2024-01-13 21:45:41,,0.0,,,140,263,0,12.58,0.0,0.5,0.0,0.0,1.0,16.58,,,distance_invalide;passagers_invalides;
2,2024-01-18 20:41:21,2024-01-18 20:42:21,1.0,0.03,1.0,N,144,144,4,-3.0,-1.0,-0.5,0.0,0.0,-1.0,-8.0,-2.5,0.0,montant_invalide;
2,2024-01-19 10:08:37,2024-01-19 10:09:37,1.0,0.0,1.0,N,161,161,1,3.0,0.0,0.5,12.0,0.0,1.0,19.0,2.5,0.0,distance_invalide;
1,2024-01-11 18:05:51,2024-01-11 18:12:07,,0.8,,,162,233,0,6.5,2.5,0.5,2.0,0.0,1.0,15.0,,,passagers_invalides;
2,2024-01-11 14:30:50,2024-01-11 14:34:58,1.0,0.35,1.0,N,100,100,4,-5.8,0.0,-0.5,0.0,0.0,-1.0,-9.8,-2.5,0.0,montant_invalide;
2,2024-01-18 05:59:49,2024-01-18 06:21:39,,9.89,,,238,138,0,34.44,0.0,0.5,5.0,6.94,1.0,50.38,,,passagers_invalides;
2,2024-01-19 08:55:18,2024-01-19 09:10:07,,2.61,,,262,137,0,17.26,0.0,0.5,0.0,0.0,1.0,21.26,,,passagers_invalides;
1,2024-01-14 19:30:39,2024-01-14 20:06:08,0.0,19.8,2.0,N,132,151,1,70.0,1.75,0.5,16.0,6.94,1.0,96.19,0.0,1.75,passagers_invalides;
2,2024-01-18 18:02:20,2024-01-18 18:17:25,1.0,1.12,1.0,N,162,186,3,-14.2,-2.5,-0.5,0.0,0.0,-1.0,-20.7,-2.5,0.0,montant_invalide;
1,2024-01-21 10:59:03,2024-01-21 10:59:11,0.0,0.0,1.0,N,70,138,3,3.0,5.0,0.5,0.0,0.0,1.0,9.5,0.0,0.0,distance_invalide;passagers_invalides;
2,2024-01-08 14:28:54,2024-01-08 14:38:02,1.0,1.63,1.0,N,113,170,4,-11.4,0.0,-0.5,0.0,0.0,-1.0,-15.4,-2.5,0.0,montant_invalide;
1,2024-01-01 12:48:26,2024-01-01 12:58:54,,0.0,,,229,143,0,17.74,0.0,0.5,0.0,0.0,1.0,21.74,,,distance_invalide;passagers_invalides;
2,2024-01-02 20:05:13,2024-01-02 20:09:45,,0.75,,,48,230,0,11.74,0.0,0.5,3.15,0.0,1.0,18.89,,,passagers_invalides;
2,2024-01-28 06:45:00,2024-01-28 07:19:00,,17.79,,,230,132,0,40.75,0.0,0.5,10.34,6.94,1.0,62.03,,,passagers_invalides;
1,2024-01-01 02:30:17,2024-01-01 02:41:39,0.0,1.8,1.0,N,144,90,2,12.8,3.5,0.5,0.0,0.0,1.0,17.8,2.5,0.0,passagers_invalides;
1,2024-01-26 20:47:39,2024-01-26 21:09:49,0.0,2.6,1.0,N,158,170,1,20.5,3.5,0.5,5.0,0.0,1.0,30.5,2.5,0.0,passagers_invalides;
2,2024-01-16 14:46:00,2024-01-16 14:59:00,,2.43,,,236,163,0,15.92,0.0,0.5,3.98,0.0,1.0,23.9,,,passagers_invalides;
2,2024-01-11 09:23:42,2024-01-11 09:36:17,,2.93,,,238,246,0,17.99,0.0,0.5,4.4,0.0,1.0,26.39,,,passagers_invalides;
1,2024-01-20 16:16:05,2024-01-20 16:33:43,0.0,3.0,1.0,N,211,25,1,17.7,2.5,0.5,4.3,0.0,1.0,26.0,2.5,0.0,passagers_invalides;
2,2024-01-02 12:53:53,2024-01-02 12:57:46,1.0,0.68,1.0,N,75,43,2,-6.5,0.0,-0.5,0.0,0.0,-1.0,-8.0,0.0,0.0,montant_invalide;
1,2024-01-24 07:42:12,2024-01-24 07:51:33,,0.0,,,239,236,0,15.8,0.0,0.5,0.0,0.0,1.0,21.8,,,distance_invalide;passagers_invalides;
1,2024-01-24 18:02:27,2024-01-24 18:10:51,,0.7,,,234,100,0,8.6,2.5,0.5,2.26,0.0,1.0,17.36,,,passagers_invalides;
1,2024-01-25 20:03:13,2024-01-25 20:26:00,0.0,3.9,1.0,N,249,142,1,23.3,3.5,0.5,2.0,0.0,1.0,30.3,2.5,0.0,passagers_invalides;
2,2024-01-01 03:37:54,2024-01-01 03:42:20,,0.75,,,48,142,0,19.83,0.0,0.5,0.0,0.0,1.0,23.83,,,passagers_invalides;
2,2024-01-16 22:55:13,2024-01-16 23:05:20,,1.56,,,230,137,0,12.56,0.0,0.5,0.0,0.0,1.0,16.56,,,passagers_invalides;
1,2024-01-17 19:05:19,2024-01-17 19:27:37,,0.0,,,163,148,0,32.25,0.0,0.5,0.0,0.0,1.0,36.25,,,distance_invalide;passagers_invalides;
2,2024-01-09 06:27:10,2024-01-09 06:27:16,1.0,0.0,1.0,N,226,226,3,3.0,0.0,0.5,0.0,0.0,1.0,4.5,0.0,0.0,distance_invalide;
2,2024-01-07 11:51:26,2024-01-07 12:00:54,,2.18,,,224,229,0,9.81,0.0,0.5,0.0,0.0,1.0,13.81,,,passagers_invalides;
2,2024-01-14 14:46:42,2024-01-14 15:03:53,,2.32,,,238,50,0,14.26,0.0,0.5,2.74,0.0,1.0,21.0,,,passagers_invalides;
1,2024-01-29 10:52:22,2024-01-29 10:52:47,1.0,0.0,1.0,N,145,145,2,3.0,0.0,0.5,0.0,0.0,1.0,4.5,0.0,0.0,distance_invalide;
1,2024-01-25 16:01:13,2024-01-25 17:01:57,0.0,18.1,2.0,N,132,163,2,70.0,4.25,0.5,0.0,6.94,1.0,82.69,2.5,1.75,passagers_invalides;
2,2024-01-17 18:42:52,2024-01-17 18:50:32,,1.48,,,151,239,0,10.16,0.0,0.5,0.0,0.0,1.0,14.16,,,passagers_invalides;
1,2024-01-30 20:21:00,2024-01-30 20:29:44,,1.4,,,163,143,0,10.7,1.0,0.5,1.57,0.0,1.0,17.27,,,passagers_invalides;
2,2024-01-23 18:28:00,2024-01-23 18:39:07,,3.06,,,87,79,0,13.96,0.0,0.5,0.0,0.0,1.0,17.96,,,passagers_invalides;
1,2024-01-11 06:30:59,2024-01-11 06:52:45,,4.7,,,216,132,0,30.0,0.0,0.5,0.0,0.0,1.0,31.5,,,passagers_invalides;
1,2024-01-20 19:23:40,2024-01-20 19:43:41,,0.0,,,41,48,0,32.67,0.0,0.5,0.0,0.0,1.0,36.67,,,distance_invalide;passagers_invalides;
2,2024-01-27 21:55:12,2024-01-27 22:13:24,,3.32,,,238,162,0,20.59,0.0,0.5,0.0,0.0,1.0,24.59,,,passagers_invalides;
1,2024-01-19 18:12:53,2024-01-19 18:23:41,,0.0,,,164,246,0,13.99,0.0,0.5,0.0,0.0,1.0,17.99,,,distance_invalide;passagers_invalides;
1,2024-01-04 15:44:56,2024-01-04 15:58:32,0.0,2.3,1.0,N,230,43,1,14.2,5.0,0.5,4.1,0.0,1.0,24.8,2.5,0.0,passagers_invalides;
1,2024-01-24 08:19:46,2024-01-24 08:24:30,1.0,0.0,1.0,N,71,188,1,17.0,0.0,0.5,0.0,0.0,1.0,18.5,0.0,0.0,distance_invalide;
1,2024-01-25 18:15:16,2024-01-25 18:38:56,0.0,2.6,1.0,N,161,236,1,21.9,5.0,0.5,3.0,0.0,1.0,31.4,2.5,0.0,passagers_invalides;
2,2024-01-29 08:01:12,2024-01-29 08:22:21,,5.43,,,41,50,0,29.7,0.0,0.5,6.74,0.0,1.0,40.44,,,passagers_invalides;
2,2024-01-13 18:02:11,2024-01-13 18:18:22,,2.36,,,13,148,0,16.12,0.0,0.5,0.0,0.0,1.0,20.12,,,passagers_invalides;
2,2024-01-23 23:39:00,2024-01-23 23:52:00,,1.77,,,107,68,0,11.74,0.0,0.5,1.73,0.0,1.0,17.47,,,passagers_invalides;
2,2024-01-10 19:44:29,2024-01-10 20:17:22,1.0,18.73,2.0,N,132,114,2,-70.0,-5.0,-0.5,0.0,0.0,-1.0,-79.0,-2.5,0.0,montant_invalide;
2,2024-01-20 23:46:41,2024-01-21 00:02:36,,2.83,,,107,48,0,23.08,0.0,0.5,0.0,0.0,1.0,27.08,,,passagers_invalides;
2,2024-01-06 13:56:43,2024-01-06 14:23:17,,2.26,,,107,230,0,11.28,0.0,0.5,5.06,0.0,1.0,20.34,,,passagers_invalides;
2,2024-01-22 15:11:16,2024-01-22 15:20:25,2.0,1.12,1.0,N,236,141,4,-10.7,0.0,-0.5,0.0,0.0,-1.0,-14.7,-2.5,0.0,montant_invalide;
2,2024-01-24 21:51:39,2024-01-24 22:09:25,1.0,8.23,1.0,N,209,74,4,-33.8,-1.0,-0.5,0.0,0.0,-1.0,-38.8,-2.5,0.0,montant_invalide;
2,2024-01-06 13:06:18,2024-01-06 13:07:08,1.0,0.12,2.0,N,125,125,4,-70.0,0.0,-0.5,0.0,0.0,-1.0,-74.0,-2.5,0.0,montant_invalide;
1,2024-01-03 07:09:34,2024-01-03 07:15:44,,1.2,,,142,163,0,7.9,0.0,0.5,1.78,0.0,1.0,13.68,,,passagers_invalides;
1,2024-01-09 13:57:51,2024-01-09 14:10:03,,0.8,,,236,141,0,11.4,0.0,0.5,3.08,0.0,1.0,18.48,,,passagers_invalides;
2,2024-01-20 18:22:26,2024-01-20 18:39:32,1.0,2.43,1.0,N,236,161,4,-17.7,0.0,-0.5,0.0,0.0,-1.0,-21.7,-2.5,0.0,montant_invalide;
2,2024-01-15 09:43:49,2024-01-15 09:54:21,,1.65,,,162,170,0,11.74,0.0,0.5,3.15,0.0,1.0,18.89,,,passagers_invalides;
2,2024-01-20 19:36:14,2024-01-20 20:02:03,,3.1,,,141,79,0,21.12,0.0,0.5,0.0,0.0,1.0,25.12,,,passagers_invalides;
1,2024-01-18 12:23:44,2024-01-18 12:52:52,1.0,0.0,1.0,N,238,264,1,22.0,0.0,0.5,0.0,0.0,1.0,23.5,0.0,0.0,distance_invalide;
2,2024-01-07 17:37:00,2024-01-07 17:54:00,,2.19,,,4,68,0,20.83,0.0,0.5,4.97,0.0,1.0,29.8,,,passagers_invalides;
1,2024-01-31 07:46:13,2024-01-31 08:07:26,,2.2,,,239,140,0,19.8,0.0,0.5,3.57,0.0,1.0,27.37,,,passagers_invalides;
2,2024-01-06 23:28:44,2024-01-06 23:31:15,,0.52,,,68,90,0,6.83,0.0,0.5,0.0,0.0,1.0,10.83,,,passagers_invalides;
2,2024-01-01 01:48:00,2024-01-01 02:06:00,,7.19,,,141,87,0,35.38,0.0,0.5,7.09,0.0,1.0,46.47,,,passagers_invalides;
2,2024-01-26 07:42:45,2024-01-26 07:52:24,,1.66,,,262,239,0,12.72,0.0,0.5,0.0,0.0,1.0,16.72,,,passagers_invalides;
2,2024-01-24 10:25:46,2024-01-24 10:34:00,,1.09,,,234,170,0,12.53,0.0,0.5,2.36,0.0,1.0,18.89,,,passagers_invalides;
1,2024-01-13 20:53:29,2024-01-13 20:58:16,0.0,0.7,1.0,N,239,238,2,6.5,3.5,0.5,0.0,0.0,1.0,11.5,2.5,0.0,passagers_invalides;
2,2024-01-12 20:53:58,2024-01-12 20:54:02,2.0,0.0,2.0,N,43,43,4,70.0,0.0,0.5,0.0,0.0,1.0,74.0,2.5,0.0,distance_invalide;
1,2024-01-20 22:59:27,2024-01-20 23:09:03,0.0,0.9,1.0,N,249,79,1,10.0,3.5,0.5,2.0,0.0,1.0,17.0,2.5,0.0,passagers_invalides;
1,2024-01-30 15:20:35,2024-01-30 15:36:05,,2.2,,,237,170,0,16.3,0.0,0.5,3.05,0.0,1.0,23.35,,,passagers_invalides;
1,2024-01-01 18:53:03,2024-01-01 19:08:59,,0.0,,,45,162,0,21.09,0.0,0.5,0.0,0.0,1.0,25.09,,,distance_invalide;passagers_invalides;
2,2024-01-26 12:26:13,2024-01-26 12:47:57,,2.84,,,238,100,0,23.91,0.0,0.5,2.79,0.0,1.0,30.7,,,passagers_invalides;
2,2024-01-07 00:42:27,2024-01-07 00:48:47,1.0,1.37,1.0,N,68,249,4,-8.6,-1.0,-0.5,0.0,0.0,-1.0,-13.6,-2.5,0.0,montant_invalide;
2,2024-01-24 18:11:27,2024-01-24 18:37:54,,2.94,,,90,145,0,32.16,0.0,0.5,8.62,6.94,1.0,51.72,,,passagers_invalides;
2,2024-01-18 06:33:47,2024-01-18 06:47:34,,2.99,,,4,162,0,18.03,0.0,0.5,0.0,0.0,1.0,22.03,,,passagers_invalides;
1,2024-01-21 14:48:59,2024-01-21 14:57:51,,0.0,,,142,236,0,17.49,0.0,0.5,0.0,0.0,1.0,21.49,,,distance_invalide;passagers_invalides;
2,2024-01-30 23:48:46,2024-01-30 23:53:51,1.0,0.94,1.0,N,107,170,4,-7.9,-1.0,-0.5,0.0,0.0,-1.0,-12.9,-2.5,0.0,montant_invalide;
2,2024-01-05 11:46:10,2024-01-05 12:01:28,1.0,0.0,1.0,N,140,236,2,13.5,0.0,0.5,0.0,0.0,1.0,17.5,2.5,0.0,distance_invalide;
2,2024-01-13 02:14:15,2024-01-13 02:29:51,,2.8,,,68,233,0,16.03,0.0,0.5,0.0,0.0,1.0,20.03,,,passagers_invalides;
2,2024-01-18 23:18:13,2024-01-18 23:45:58,,6.67,,,166,79,0,32.39,0.0,0.5,0.0,0.0,1.0,36.39,,,passagers_invalides;
2,2024-01-30 18:12:18,2024-01-30 18:19:10,1.0,0.58,1.0,N,148,79,4,-7.9,-2.5,-0.5,0.0,0.0,-1.0,-14.4,-2.5,0.0,montant_invalide;
2,2024-01-27 03:54:18,2024-01-27 04:02:03,2.0,1.35,1.0,N,249,107,2,-10.0,-1.0,-0.5,0.0,0.0,-1.0,-15.0,-2.5,0.0,montant_invalide;
1,2024-01-14 23:33:31,2024-01-14 23:50:37,0.0,9.9,1.0,N,138,141,1,38.7,10.25,0.5,11.45,6.94,1.0,68.84,2.5,1.75,passagers_invalides;
1,2024-01-13 17:49:56,2024-01-13 17:49:56,1.0,0.0,1.0,N,75,264,2,3.0,2.5,0.5,0.0,0.0,1.0,7.0,0.0,0.0,distance_invalide;
2,2024-01-23 17:51:00,2024-01-23 18:14:00,,1.94,,,90,163,0,22.03,0.0,0.5,5.21,0.0,1.0,31.24,,,passagers_invalides;
2,2024-01-24 22:53:22,2024-01-24 23:09:05,,3.97,,,170,238,0,22.0,0.0,0.5,0.0,0.0,1.0,26.0,,,passagers_invalides;
2,2024-01-16 16:21:29,2024-01-16 16:38:20,,1.5,,,246,230,0,27.7,0.0,0.5,0.0,0.0,1.0,31.7,,,passagers_invalides;
2,2024-01-18 14:29:52,2024-01-18 14:43:33,1.0,1.73,1.0,N,43,100,4,-13.5,0.0,-0.5,0.0,0.0,-1.0,-17.5,-2.5,0.0,montant_invalide;
2,2024-01-22 08:44:25,2024-01-22 08:44:30,2.0,0.0,2.0,N,186,186,2,70.0,0.0,0.5,0.0,0.0,1.0,74.0,2.5,0.0,distance_invalide;
1,2024-01-25 22:24:26,2024-01-25 22:30:14,0.0,1.0,1.0,N,236,237,2,7.9,3.5,0.5,0.0,0.0,1.0,12.9,2.5,0.0,passagers_invalides;
1,2024-01-12 11:53:08,2024-01-12 11:55:39,0.0,0.6,1.0,N,238,43,1,5.1,0.0,0.5,1.0,0.0,1.0,7.6,0.0,0.0,passagers_invalides;
2,2024-01-05 14:15:26,2024-01-05 14:15:34,2.0,0.0,3.0,N,138,138,2,23.0,5.0,0.0,0.0,0.0,1.0,30.75,0.0,1.75,distance_invalide;
1,2024-01-21 16:12:13,2024-01-21 16:17:12,,0.6,,,230,43,0,6.5,0.0,0.5,2.1,0.0,1.0,12.6,,,passagers_invalides;
2,2024-01-18 13:55:07,2024-01-18 14:10:58,1.0,2.01,1.0,N,237,262,2,-15.6,0.0,-0.5,0.0,0.0,-1.0,-19.6,-2.5,0.0,montant_invalide;
2,2024-01-04 22:13:50,2024-01-04 22:33:23,3.0,4.03,1.0,N,230,231,4,-22.6,-1.0,-0.5,0.0,0.0,-1.0,-27.6,-2.5,0.0,montant_invalide;
2,2024-01-28 00:23:04,2024-01-28 00:49:31,,4.08,,,158,142,0,26.19,0.0,0.5,0.0,0.0,1.0,30.19,,,passagers_invalides;
2,2024-01-01 14:31:35,2024-01-01 15:32:24,2.0,16.52,2.0,N,170,132,4,-70.0,0.0,-0.5,0.0,-6.94,-1.0,-80.94,-2.5,0.0,montant_invalide;
2,2024-01-09 21:46:09,2024-01-09 21:53:21,,1.23,,,230,164,0,10.57,0.0,0.5,0.0,0.0,1.0,14.57,,,passagers_invalides;
1,2024-01-03 13:07:18,2024-01-03 13:29:59,,8.7,,,107,138,0,39.44,0.0,0.5,0.0,6.94,1.0,50.38,,,passagers_invalides;
1,2024-01-08 08:31:37,2024-01-08 08:50:19,,3.2,,,249,162,0,19.8,0.0,0.5,3.57,0.0,1.0,27.37,,,passagers_invalides;
2,2024-01-23 08:14:21,2024-01-23 08:23:06,1.0,1.25,1.0,N,230,164,4,-10.0,0.0,-0.5,0.0,0.0,-1.0,-14.0,-2.5,0.0,montant_invalide;
2,2024-01-09 06:48:46,2024-01-09 06:48:52,1.0,0.0,1.0,N,170,170,3,3.0,0.0,0.5,0.0,0.0,1.0,7.0,2.5,0.0,distance_invalide;
2,2024-01-07 15:04:43,2024-01-07 15:15:18,,1.23,,,230,186,0,11.87,0.0,0.5,2.38,0.0,1.0,18.25,,,passagers_invalides;
2,2024-01-01 18:00:02,2024-01-01 18:00:04,1.0,0.0,5.0,N,132,264,1,87.0,0.0,0.0,0.0,0.0,1.0,88.0,0.0,0.0,distance_invalide;
2,2024-01-28 16:22:25,2024-01-28 16:30:57,,1.5,,,238,262,0,12.23,0.0,0.5,0.0,0.0,1.0,16.23,,,passagers_invalides;
2,2024-01-08 19:00:00,2024-01-08 19:30:00,,3.62,,,41,141,0,12.81,0.0,0.5,3.36,0.0,1.0,20.17,,,passagers_invalides;
1,2024-01-26 09:07:52,2024-01-26 09:08:01,1.0,0.0,1.0,N,237,237,4,3.0,2.5,0.5,0.0,0.0,1.0,7.0,2.5,0.0,distance_invalide;
2,2024-01-03 12:49:40,2024-01-03 12:49:48,2.0,0.0,5.0,N,170,170,1,9.8,0.0,0.0,2.66,0.0,1.0,15.96,2.5,0.0,distance_invalide;
2,2024-01-23 21:57:56,2024-01-23 22:17:39,1.0,6.44,1.0,N,100,65,4,-29.6,-1.0,-0.5,0.0,0.0,-1.0,-34.6,-2.5,0.0,montant_invalide;
2,2024-01-01 04:05:52,2024-01-01 04:28:29,,5.49,,,255,263,0,53.14,0.0,0.5,0.0,0.0,1.0,57.14,,,passagers_invalides;
2,2024-01-13 08:25:50,2024-01-13 08:42:28,1.0,6.42,1.0,N,132,197,4,-27.5,0.0,-0.5,0.0,0.0,-1.0,-30.75,0.0,-1.75,montant_invalide;
2,2024-01-25 09:58:10,2024-01-25 10:23:00,,8.14,,,107,138,0,37.72,0.0,0.5,9.73,6.94,1.0,58.39,,,passagers_invalides;
1,2024-01-01 02:34:07,2024-01-01 03:03:55,,0.0,,,181,92,0,52.95,0.0,0.5,0.0,0.0,1.0,54.45,,,distance_invalide;passagers_invalides;
1,2024-01-28 01:22:28,2024-01-28 01:38:54,,0.0,,,249,148,0,17.98,0.0,0.5,0.0,0.0,1.0,21.98,,,distance_invalide;passagers_invalides;
1,2024-01-27 10:56:47,2024-01-27 11:02:56,0.0,0.8,1.0,N,138,138,2,7.9,6.75,0.5,0.0,0.0,1.0,16.15,0.0,1.75,passagers_invalides;
2,2024-01-18 05:27:47,2024-01-18 05:46:14,,10.34,,,48,138,0,36.65,0.0,0.5,11.9,6.94,1.0,59.49,,,passagers_invalides;
1,2024-01-04 10:53:31,2024-01-04 11:02:51,0.0,0.9,1.0,N,163,141,1,10.0,2.5,0.5,2.8,0.0,1.0,16.8,2.5,0.0,passagers_invalides;
2,2024-01-13 01:58:57,2024-01-13 02:10:47,,3.64,,,158,239,0,20.8,0.0,0.5,0.0,0.0,1.0,24.8,,,passagers_invalides;
2,2024-01-05 13:10:10,2024-01-05 13:10:37,1.0,0.0,1.0,N,193,193,3,-3.0,0.0,-0.5,-0.9,0.0,-1.0,-5.4,0.0,0.0,distance_invalide;montant_invalide;
2,2024-01-14 02:26:17,2024-01-14 02:27:39,1.0,0.0,5.0,N,48,48,1,17.0,0.0,0.0,5.0,0.0,1.0,25.5,2.5,0.0,distance_invalide;
1,2024-01-29 08:39:38,2024-01-29 08:53:31,,0.0,,,232,162,0,18.97,0.0,0.5,0.0,0.0,1.0,22.97,,,distance_invalide;passagers_invalides;
1,2024-01-06 05:32:03,2024-01-06 06:10:24,,17.2,,,143,132,0,71.23,0.0,0.5,0.0,6.94,1.0,82.17,,,passagers_invalides;
2,2024-01-17 18:18:08,2024-01-17 18:36:14,,2.19,,,170,50,0,32.52,0.0,0.5,0.0,0.0,1.0,36.52,,,passagers_invalides;
1,2024-01-06 12:50:24,2024-01-06 13:01:57,,2.0,,,249,107,0,13.5,0.0,0.5,2.63,0.0,1.0,20.13,,,passagers_invalides;
2,2024-01-09 20:56:23,2024-01-09 21:06:47,,1.93,,,48,237,0,13.85,0.0,0.5,0.0,0.0,1.0,17.85,,,passagers_invalides;
2,2024-01-20 09:50:36,2024-01-20 09:50:42,1.0,0.0,1.0,N,170,170,4,3.0,0.0,0.5,0.0,0.0,1.0,7.0,2.5,0.0,distance_invalide;
2,2024-01-16 06:45:15,2024-01-16 07:14:28,,7.08,,,179,125,0,34.75,0.0,0.5,7.75,0.0,1.0,46.5,,,passagers_invalides;
1,2024-01-17 11:47:02,2024-01-17 11:51:08,,0.8,,,24,166,0,6.5,0.0,0.5,2.0,0.0,1.0,10.0,,,passagers_invalides;
2,2024-01-20 18:07:57,2024-01-20 19:00:32,3.0,22.26,2.0,N,132,48,2,-70.0,0.0,-0.5,0.0,-6.94,-1.0,-82.69,-2.5,-1.75,montant_invalide;
2,2024-01-28 18:26:07,2024-01-28 18:40:44,3.0,1.99,1.0,N,48,143,4,-14.9,0.0,-0.5,0.0,0.0,-1.0,-18.9,-2.5,0.0,montant_invalide;
1,2024-01-17 21:09:04,2024-01-17 21:20:22,,0.0,,,163,137,0,18.31,0.0,0.5,0.0,0.0,1.0,22.31,,,distance_invalide;passagers_invalides;
1,2024-01-24 17:13:34,2024-01-24 17:49:45,,5.3,,,231,238,0,35.18,0.0,0.5,0.0,0.0,1.0,39.18,,,passagers_invalides;
2,2024-01-05 02:38:35,2024-01-05 02:44:30,1.0,1.52,1.0,N,143,50,4,-9.3,-1.0,-0.5,0.0,0.0,-1.0,-14.3,-2.5,0.0,montant_invalide;
2,2024-01-18 17:47:47,2024-01-18 18:05:32,,2.17,,,161,246,0,20.54,0.0,0.5,1.0,0.0,1.0,25.54,,,passagers_invalides;
1,2024-01-30 17:08:39,2024-01-30 17:14:31,,0.9,,,164,161,0,7.2,2.5,0.5,2.74,0.0,1.0,16.44,,,passagers_invalides;
2,2024-01-20 19:43:00,2024-01-20 19:49:11,,1.05,,,143,163,0,-1.0,0.0,0.5,0.0,0.0,1.0,3.0,,,montant_invalide;passagers_invalides;
2,2024-01-25 21:16:27,2024-01-25 21:36:03,,5.78,,,236,243,0,25.99,0.0,0.5,0.0,0.0,1.0,29.99,,,passagers_invalides;
1,2024-01-16 15:10:18,2024-01-16 15:18:33,0.0,1.0,1.0,N,43,237,2,9.3,2.5,0.5,0.0,0.0,1.0,13.3,2.5,0.0,passagers_invalides;
1,2024-01-12 21:47:31,2024-01-12 21:57:10,1.0,0.0,1.0,N,107,237,1,9.3,3.5,0.5,2.85,0.0,1.0,17.15,2.5,0.0,distance_invalide;
1,2024-01-02 09:54:15,2024-01-02 09:59:35,,0.9,,,186,234,0,6.5,0.0,0.5,1.57,0.0,1.0,12.07,,,passagers_invalides;
2,2024-01-07 02:42:45,2024-01-07 03:07:37,,17.28,,,148,132,0,53.12,0.0,0.5,11.42,0.0,1.0,68.54,,,passagers_invalides;
1,2024-01-12 23:23:51,2024-01-12 23:32:04,,1.9,,,161,263,0,11.4,1.0,0.5,2.46,0.0,1.0,18.86,,,passagers_invalides;
2,2024-01-17 19:53:46,2024-01-17 19:54:00,1.0,0.0,2.0,N,164,164,1,70.0,5.0,0.5,10.0,6.94,1.0,95.94,2.5,0.0,distance_invalide;
2,2024-01-18 15:43:47,2024-01-18 15:43:52,2.0,0.0,5.0,N,229,229,1,83.0,0.0,0.0,17.3,0.0,1.0,103.8,2.5,0.0,distance_invalide;
2,2024-01-01 19:50:00,2024-01-01 20:03:00,,1.84,,,239,48,0,13.81,0.0,0.5,3.56,0.0,1.0,21.37,,,passagers_invalides;
2,2024-01-12 17:21:01,2024-01-12 17:21:08,2.0,0.0,5.0,N,48,48,1,85.29,0.0,0.0,17.76,0.0,1.0,106.55,2.5,0.0,distance_invalide;
2,2024-01-04 11:43:57,2024-01-04 11:44:02,1.0,0.0,1.0,N,193,193,3,3.0,0.0,0.5,0.0,0.0,1.0,4.5,0.0,0.0,distance_invalide;
2,2024-01-06 19:34:45,2024-01-06 20:03:44,,4.36,,,239,234,0,29.66,0.0,0.5,0.0,0.0,1.0,33.66,,,passagers_invalides;
2,2024-01-29 22:40:15,2024-01-29 22:42:18,1.0,0.36,1.0,N,236,236,4,-4.4,-1.0,-0.5,0.0,0.0,-1.0,-9.4,-2.5,0.0,montant_invalide;
2,2024-01-01 12:15:09,2024-01-01 12:19:19,,0.88,,,7,7,0,11.58,0.0,0.5,2.62,0.0,1.0,15.7,,,passagers_invalides;
1,2024-01-31 14:56:31,2024-01-31 15:18:29,0.0,1.8,1.0,N,161,68,1,19.8,2.5,0.5,4.76,0.0,1.0,28.56,2.5,0.0,passagers_invalides;
2,2024-01-20 08:06:37,2024-01-20 08:06:58,1.0,0.0,2.0,N,261,261,1,70.0,0.0,0.5,24.81,8.69,1.0,107.5,2.5,0.0,distance_invalide;
2,2024-01-04 19:26:11,2024-01-04 19:36:34,,1.24,,,163,164,0,12.54,0.0,0.5,3.31,0.0,1.0,19.85,,,passagers_invalides;
2,2024-01-01 07:34:08,2024-01-01 07:51:28,,5.37,,,25,37,0,23.92,0.0,0.5,0.0,0.0,1.0,25.42,,,passagers_invalides;
1,2024-01-01 01:47:24,2024-01-01 02:07:58,,0.0,,,258,56,0,27.63,0.0,0.5,0.0,0.0,1.0,29.13,,,distance_invalide;passagers_invalides;
2,2024-01-24 22:43:27,2024-01-24 22:46:49,,0.52,,,144,114,0,6.83,0.0,0.5,0.0,0.0,1.0,10.83,,,passagers_invalides;
2,2024-01-10 15:37:01,2024-01-10 15:37:14,1.0,0.05,1.0,N,132,132,3,-3.0,0.0,-0.5,0.0,0.0,-1.0,-6.25,0.0,-1.75,montant_invalide;
1,2024-01-23 11:16:28,2024-01-23 11:37:24,0.0,1.7,1.0,Y,141,142,1,19.1,2.5,0.5,4.6,0.0,1.0,27.7,2.5,0.0,passagers_invalides;
1,2024-01-03 06:50:17,2024-01-03 07:03:10,,2.3,,,239,140,0,13.5,0.0,0.5,3.5,0.0,1.0,21.0,,,passagers_invalides;
1,2024-01-31 08:31:32,2024-01-31 08:44:33,,0.0,,,142,238,0,15.4,0.0,0.5,0.0,0.0,1.0,19.4,,,distance_invalide;passagers_invalides;
1,2024-01-01 02:29:53,2024-01-01 03:00:33,,0.0,,,164,244,0,45.86,0.0,0.5,0.0,0.0,1.0,49.86,,,distance_invalide;passagers_invalides;
2,2024-01-19 21:57:39,2024-01-19 22:09:18,,1.41,,,249,90,0,12.23,0.0,0.5,1.62,0.0,1.0,17.85,,,passagers_invalides;
2,2024-01-15 20:50:10,2024-01-15 20:56:59,,0.62,,,68,68,0,12.03,0.0,0.5,3.21,0.0,1.0,19.24,,,passagers_invalides;
2,2024-01-03 16:12:46,2024-01-03 16:15:49,1.0,0.5,1.0,N,262,236,4,-5.1,-2.5,-0.5,0.0,0.0,-1.0,-11.6,-2.5,0.0,montant_invalide;
2,2024-01-16 07:46:26,2024-01-16 08:01:20,,1.55,,,211,261,0,16.05,0.0,0.5,0.0,0.0,1.0,20.05,,,passagers_invalides;
1,2024-01-27 21:52:25,2024-01-27 21:59:30,0.0,0.7,1.0,N,142,143,1,7.9,3.5,0.5,2.55,0.0,1.0,15.45,2.5,0.0,passagers_invalides;
1,2024-01-13 16:18:35,2024-01-13 16:24:09,0.0,0.6,1.0,N,48,50,1,7.2,2.5,0.5,2.0,0.0,1.0,13.2,2.5,0.0,passagers_invalides;
1,2024-01-24 19:07:01,2024-01-24 19:20:35,,1.0,,,234,170,0,12.1,2.5,0.5,3.72,0.0,1.0,22.32,,,passagers_invalides;
1,2024-01-17 19:00:33,2024-01-17 19:19:33,,0.0,,,148,140,0,25.96,0.0,0.5,0.0,0.0,1.0,29.96,,,distance_invalide;passagers_invalides;
2,2024-01-23 16:01:36,2024-01-23 16:08:06,,0.81,,,239,239,0,11.74,0.0,0.5,3.15,0.0,1.0,18.89,,,passagers_invalides;
1,2024-01-14 13:21:58,2024-01-14 13:27:43,0.0,0.7,1.0,N,162,229,2,7.2,2.5,0.5,0.0,0.0,1.0,11.2,2.5,0.0,passagers_invalides;
1,2024-01-09 21:27:09,2024-01-09 21:35:54,,0.0,,,211,186,0,8.92,0.0,0.5,0.0,0.0,1.0,12.92,,,distance_invalide;passagers_invalides;
2,2024-01-09 21:29:26,2024-01-09 21:36:44,,1.6,,,230,68,0,9.0,0.0,0.5,0.0,0.0,1.0,13.0,,,passagers_invalides;
1,2024-01-25 18:27:38,2024-01-25 18:33:54,0.0,0.6,1.0,N,140,237,1,6.5,5.0,0.5,1.5,0.0,1.0,14.5,2.5,0.0,passagers_invalides;
2,2024-01-23 19:04:58,2024-01-23 19:26:23,,2.02,,,143,48,0,13.08,0.0,0.5,1.71,0.0,1.0,18.79,,,passagers_invalides;
2,2024-01-10 13:35:10,2024-01-10 13:42:13,,1.51,,,125,90,0,10.01,0.0,0.5,0.0,0.0,1.0,14.01,,,passagers_invalides;
1,2024-01-01 02:39:05,2024-01-01 02:43:11,,0.0,,,87,87,0,21.81,0.0,0.5,0.0,0.0,1.0,25.81,,,distance_invalide;passagers_invalides;
1,2024-01-29 08:10:30,2024-01-29 08:16:49,,1.0,,,107,90,0,10.96,0.0,0.5,0.0,0.0,1.0,14.96,,,passagers_invalides;
2,2024-01-17 21:46:58,2024-01-17 22:03:25,,5.25,,,209,161,0,25.91,0.0,0.5,0.0,0.0,1.0,29.91,,,passagers_invalides;
2,2024-01-27 05:53:51,2024-01-27 05:58:39,,1.01,,,75,236,0,11.58,0.0,0.5,0.0,0.0,1.0,15.58,,,passagers_invalides;
1,2024-01-24 12:38:01,2024-01-24 12:44:38,,0.9,,,236,237,0,8.6,0.0,0.5,1.89,0.0,1.0,14.49,,,passagers_invalides;
1,2024-01-23 14:55:52,2024-01-23 14:56:06,1.0,0.0,1.0,N,132,132,3,3.0,1.75,0.5,0.0,0.0,1.0,6.25,0.0,1.75,distance_invalide;
1,2024-01-15 08:26:19,2024-01-15 08:49:27,0.0,11.3,1.0,N,48,138,1,45.0,7.5,0.5,12.15,6.94,1.0,73.09,2.5,0.0,passagers_invalides;
1,2024-01-15 08:43:13,2024-01-15 08:58:40,1.0,0.0,99.0,N,42,263,1,22.5,0.0,0.5,0.0,0.0,1.0,24.0,0.0,0.0,distance_invalide;
2,2024-01-09 18:35:00,2024-01-09 18:47:41,,3.4,,,233,79,0,18.64,0.0,0.5,0.0,0.0,1.0,22.64,,,passagers_invalides;
2,2024-01-09 14:48:54,2024-01-09 14:58:54,,1.05,,,164,246,0,15.33,0.0,0.5,0.0,0.0,1.0,19.33,,,passagers_invalides;
2,2024-01-16 16:52:53,2024-01-16 16:57:46,,0.76,,,43,43,0,14.27,0.0,0.5,0.0,0.0,1.0,18.27,,,passagers_invalides;
2,2024-01-20 23:58:25,2024-01-21 00:11:06,,1.02,,,79,232,0,12.02,0.0,0.5,0.0,0.0,1.0,16.02,,,passagers_invalides;
2,2024-01-02 18:36:27,2024-01-02 19:01:30,,5.16,,,166,233,0,40.26,0.0,0.5,8.85,0.0,1.0,53.11,,,passagers_invalides;
2,2024-01-19 18:02:57,2024-01-19 18:14:35,,1.21,,,162,234,0,9.45,0.0,0.5,0.0,0.0,1.0,13.45,,,passagers_invalides;
2,2024-01-24 14:13:25,2024-01-24 14:14:30,1.0,0.0,1.0,N,144,144,4,3.0,0.0,0.5,0.0,0.0,1.0,7.0,2.5,0.0,distance_invalide;
1,2024-01-01 15:55:05,2024-01-01 16:38:18,0.0,12.0,1.0,N,79,243,1,55.5,2.5,0.5,14.85,0.0,1.0,74.35,2.5,0.0,passagers_invalides;
2,2024-01-19 18:42:54,2024-01-19 18:43:00,3.0,0.0,2.0,N,13,13,2,70.0,5.0,0.5,0.0,0.0,1.0,79.0,2.5,0.0,distance_invalide;
2,2024-01-09 15:15:19,2024-01-09 15:22:53,,0.75,,,236,75,0,6.83,0.0,0.5,0.0,0.0,1.0,10.83,,,passagers_invalides;
2,2024-01-05 06:52:57,2024-01-05 07:11:00,,3.92,,,239,234,0,22.38,0.0,0.5,5.28,0.0,1.0,31.66,,,passagers_invalides;
2,2024-01-28 19:52:55,2024-01-28 19:56:22,2.0,0.47,1.0,N,158,68,4,-5.1,0.0,-0.5,0.0,0.0,-1.0,-9.1,-2.5,0.0,montant_invalide;
1,2024-01-10 16:02:35,2024-01-10 16:11:01,0.0,1.4,1.0,N,229,262,1,9.3,5.0,0.5,3.15,0.0,1.0,18.95,2.5,0.0,passagers_invalides;
1,2024-01-04 20:56:45,2024-01-04 21:09:36,,1.8,,,141,233,0,12.07,0.0,0.5,0.0,0.0,1.0,13.57,,,passagers_invalides;
1,2024-01-06 16:04:39,2024-01-06 16:15:55,0.0,1.3,1.0,N,143,237,1,12.1,2.5,0.5,3.2,0.0,1.0,19.3,2.5,0.0,passagers_invalides;
1,2024-01-01 11:36:47,2024-01-01 12:14:30,,0.0,,,239,1,0,70.19,0.0,0.0,0.0,12.75,1.0,83.94,,,distance_invalide;passagers_invalides;
1,2024-01-19 17:24:45,2024-01-19 17:25:17,1.0,0.0,1.0,N,168,168,2,3.0,2.5,0.5,0.0,0.0,1.0,7.0,0.0,0.0,distance_invalide;
1,2024-01-08 18:46:09,2024-01-08 18:55:37,0.0,1.4,1.0,N,24,239,1,10.0,5.0,0.5,3.3,0.0,1.0,19.8,2.5,0.0,passagers_invalides;
2,2024-01-27 21:10:33,2024-01-27 21:25:05,,1.45,,,90,107,0,11.27,0.0,0.5,0.0,0.0,1.0,15.27,,,passagers_invalides;
2,2024-01-13 17:14:39,2024-01-13 17:32:40,1.0,0.0,1.0,N,238,246,1,14.9,0.0,0.5,3.78,0.0,1.0,22.68,2.5,0.0,distance_invalide;
2,2024-01-18 23:42:00,2024-01-18 23:56:25,,2.3,,,230,79,0,-1.5,0.0,0.5,0.0,0.0,1.0,2.5,,,montant_invalide;passagers_invalides;
1,2024-01-19 21:39:38,2024-01-19 21:57:45,0.0,3.8,1.0,N,237,114,1,18.4,3.5,0.5,5.8,0.0,1.0,29.2,2.5,0.0,passagers_invalides;
1,2024-01-01 13:49:30,2024-01-01 14:17:13,,4.1,,,261,48,0,21.35,0.0,0.5,0.0,0.0,1.0,25.35,,,passagers_invalides;
1,2024-01-29 20:51:48,2024-01-29 21:19:50,,25.2,,,132,211,0,70.0,1.75,0.5,11.36,0.0,1.0,87.11,,,passagers_invalides;
1,2024-01-21 21:12:33,2024-01-21 21:33:14,0.0,5.2,1.0,N,125,263,1,24.0,3.5,0.5,5.8,0.0,1.0,34.8,2.5,0.0,passagers_invalides;
1,2024-01-14 18:52:54,2024-01-14 18:57:34,,0.9,,,236,236,0,6.5,0.0,0.5,1.05,0.0,1.0,11.55,,,passagers_invalides;
1,2024-01-29 12:55:23,2024-01-29 12:55:33,0.0,0.0,2.0,N,193,193,2,70.0,0.0,0.5,0.0,0.0,1.0,71.5,0.0,0.0,distance_invalide;passagers_invalides;
1,2024-01-25 14:58:28,2024-01-25 15:07:36,0.0,1.0,1.0,N,246,90,1,10.0,2.5,0.5,2.8,0.0,1.0,16.8,2.5,0.0,passagers_invalides;
2,2024-01-31 22:29:06,2024-01-31 22:55:40,1.0,15.54,1.0,N,132,7,2,-59.7,-1.0,-0.5,0.0,0.0,-1.0,-63.95,0.0,-1.75,montant_invalide;
1,2024-01-27 21:02:09,2024-01-27 21:21:10,0.0,2.0,1.0,N,161,113,1,17.0,3.5,0.5,4.4,0.0,1.0,26.4,2.5,0.0,passagers_invalides;
2,2024-01-13 01:56:59,2024-01-13 02:00:09,,0.24,,,148,148,0,16.99,0.0,0.5,0.0,0.0,1.0,20.99,,,passagers_invalides;
1,2024-01-16 06:49:35,2024-01-16 07:01:59,,0.0,,,146,233,0,20.51,0.0,0.5,0.0,0.0,1.0,24.51,,,distance_invalide;passagers_invalides;
2,2024-01-21 00:03:08,2024-01-21 00:03:51,1.0,0.0,1.0,N,230,230,2,3.0,1.0,0.5,0.0,0.0,1.0,8.0,2.5,0.0,distance_invalide;
1,2024-01-17 21:40:58,2024-01-17 21:46:04,,0.0,,,151,166,0,6.83,0.0,0.5,0.0,0.0,1.0,8.33,,,distance_invalide;passagers_invalides;
2,2024-01-31 15:05:35,2024-01-31 15:18:22,,1.31,,,142,230,0,12.08,0.0,0.5,3.22,0.0,1.0,19.3,,,passagers_invalides;
2,2024-01-05 16:15:40,2024-01-05 16:15:45,1.0,0.0,1.0,N,193,193,3,3.0,2.5,0.5,0.01,0.0,1.0,7.01,0.0,0.0,distance_invalide;
2,2024-01-13 02:04:34,2024-01-13 02:10:52,,0.6,,,114,211,0,12.33,0.0,0.5,0.0,0.0,1.0,16.33,,,passagers_invalides;
1,2024-01-18 23:28:03,2024-01-18 23:29:25,0.0,0.4,1.0,N,144,113,1,4.4,3.5,0.5,0.0,0.0,1.0,9.4,2.5,0.0,passagers_invalides;
1,2024-01-14 12:45:41,2024-01-14 12:59:44,,2.3,,,141,107,0,14.2,0.0,0.5,1.82,0.0,1.0,20.02,,,passagers_invalides;
1,2024-01-12 16:33:37,2024-01-12 16:51:53,0.0,6.3,1.0,N,132,76,2,27.5,4.25,0.5,0.0,0.0,1.0,33.25,0.0,1.75,passagers_invalides;
2,2024-01-27 21:43:25,2024-01-27 22:00:30,,7.96,,,143,243,0,29.62,0.0,0.5,0.0,0.0,1.0,33.62,,,passagers_invalides;
1,2024-01-11 14:23:02,2024-01-11 14:42:23,0.0,1.7,1.0,N,162,234,2,14.2,2.5,0.5,0.0,0.0,1.0,18.2,2.5,0.0,passagers_invalides;
2,2024-01-29 10:39:08,2024-01-29 10:51:45,1.0,1.49,1.0,N,100,43,3,-12.8,0.0,-0.5,0.0,0.0,-1.0,-16.8,-2.5,0.0,montant_invalide;
2,2024-01-13 18:42:00,2024-01-13 19:01:00,,1.43,,,209,107,0,28.17,0.0,0.5,4.83,0.0,1.0,37.0,,,passagers_invalides;
2,2024-01-07 21:18:48,2024-01-07 21:18:54,1.0,0.0,5.0,N,142,142,1,85.0,0.0,0.0,10.0,0.0,1.0,98.5,2.5,0.0,distance_invalide;
2,2024-01-27 22:12:41,2024-01-27 22:12:44,1.0,0.0,2.0,N,237,237,2,70.0,0.0,0.5,0.0,0.0,1.0,74.0,2.5,0.0,distance_invalide;
2,2024-01-24 21:14:32,2024-01-24 21:14:40,1.0,0.0,1.0,N,132,132,4,3.0,1.0,0.5,0.0,0.0,1.0,7.25,0.0,1.75,distance_invalide;
2,2024-01-22 17:41:19,2024-01-22 17:48:51,1.0,0.83,1.0,N,107,164,4,-8.6,-2.5,-0.5,0.0,0.0,-1.0,-15.1,-2.5,0.0,montant_invalide;
1,2024-01-06 19:54:49,2024-01-06 20:01:41,,0.0,,,229,141,0,8.39,0.0,0.5,0.0,0.0,1.0,12.39,,,distance_invalide;passagers_invalides;
2,2024-01-05 11:53:37,2024-01-05 12:26:43,,10.79,,,90,138,0,39.98,0.0,0.5,10.18,6.94,1.0,61.1,,,passagers_invalides;
2,2024-01-30 13:43:59,2024-01-30 13:56:32,1.0,0.94,1.0,N,186,48,2,-10.7,0.0,-0.5,0.0,0.0,-1.0,-14.7,-2.5,0.0,montant_invalide;
2,2024-01-16 19:14:56,2024-01-16 19:21:49,,1.14,,,151,41,0,9.36,0.0,0.5,0.0,0.0,1.0,10.86,,,passagers_invalides;
2,2024-01-03 08:17:08,2024-01-03 08:22:41,1.0,0.0,1.0,N,186,90,2,6.5,0.0,0.5,0.0,0.0,1.0,10.5,2.5,0.0,distance_invalide;
2,2024-01-02 01:37:51,2024-01-02 01:46:48,,1.62,,,258,197,0,9.32,0.0,0.5,0.0,0.0,1.0,10.82,,,passagers_invalides;
2,2024-01-09 10:01:12,2024-01-09 10:41:47,2.0,0.0,1.0,N,132,132,2,31.0,0.0,0.5,0.0,0.0,1.0,34.25,0.0,1.75,distance_invalide;
2,2024-01-22 20:23:48,2024-01-22 20:23:53,1.0,0.0,2.0,N,193,193,2,70.0,0.0,0.5,0.0,0.0,1.0,71.5,0.0,0.0,distance_invalide;
2,2024-01-28 07:15:04,2024-01-28 07:26:26,,2.89,,,225,80,0,15.23,0.0,0.5,0.0,0.0,1.0,16.73,,,passagers_invalides;
1,2024-01-09 10:06:37,2024-01-09 10:06:50,1.0,0.0,5.0,N,137,137,1,86.0,0.0,0.0,5.0,0.0,1.0,92.0,0.0,0.0,distance_invalide;
2,2024-01-10 12:51:14,2024-01-10 13:03:28,1.0,1.36,1.0,N,48,163,2,-12.1,0.0,-0.5,0.0,0.0,-1.0,-16.1,-2.5,0.0,montant_invalide;
2,2024-01-07 21:35:00,2024-01-07 21:49:00,,4.01,,,141,113,0,16.63,0.0,0.5,5.13,0.0,1.0,25.76,,,passagers_invalides;
1,2024-01-30 20:47:04,2024-01-30 20:53:22,,0.0,,,186,48,0,6.86,0.0,0.5,0.0,0.0,1.0,10.86,,,distance_invalide;passagers_invalides;
1,2024-01-16 11:55:25,2024-01-16 12:09:06,0.0,3.1,1.0,N,141,75,1,17.7,2.5,0.5,6.5,0.0,1.0,28.2,2.5,0.0,passagers_invalides;
1,2024-01-01 05:11:42,2024-01-01 05:27:15,,12.4,,,226,132,0,62.23,0.0,0.5,0.0,0.0,1.0,66.23,,,passagers_invalides;
2,2024-01-06 09:31:00,2024-01-06 10:01:00,,17.3,,,186,132,0,59.05,0.0,0.5,10.5,6.94,1.0,80.49,,,passagers_invalides;
2,2024-01-18 17:30:08,2024-01-18 17:41:37,,1.54,,,75,141,0,12.99,0.0,0.5,0.0,0.0,1.0,16.99,,,passagers_invalides;
2,2024-01-14 00:37:12,2024-01-14 00:37:19,1.0,0.0,5.0,N,159,159,2,112.0,0.0,0.5,0.0,0.0,1.0,113.5,0.0,0.0,distance_invalide;
2,2024-01-01 00:30:47,2024-01-01 00:55:40,,3.6,,,87,68,0,25.23,0.0,0.5,0.0,0.0,1.0,29.23,,,passagers_invalides;
2,2024-01-15 09:36:16,2024-01-15 09:49:47,,2.27,,,140,161,0,14.8,0.0,0.5,0.0,0.0,1.0,18.8,,,passagers_invalides;
2,2024-01-03 18:00:01,2024-01-03 18:07:58,1.0,0.0,1.0,N,48,48,2,7.9,2.5,0.5,0.0,0.0,1.0,14.4,2.5,0.0,distance_invalide;
2,2024-01-27 01:42:44,2024-01-27 02:06:12,,5.25,,,125,140,0,27.58,0.0,0.5,0.0,0.0,1.0,31.58,,,passagers_invalides;
2,2024-01-31 13:51:05,2024-01-31 14:04:36,1.0,1.29,1.0,N,161,50,4,-12.8,0.0,-0.5,0.0,0.0,-1.0,-16.8,-2.5,0.0,montant_invalide;
2,2024-01-29 12:56:50,2024-01-29 13:08:48,1.0,1.21,1.0,N,237,100,2,-12.1,0.0,-0.5,0.0,0.0,-1.0,-16.1,-2.5,0.0,montant_invalide;
1,2024-01-02 13:52:47,2024-01-02 14:30:48,1.0,0.0,1.0,N,147,76,1,49.5,0.0,0.5,0.0,6.94,1.0,57.94,0.0,0.0,distance_invalide;
1,2024-01-28 09:22:39,2024-01-28 09:23:10,1.0,0.0,1.0,N,237,237,4,3.0,2.5,0.5,0.0,0.0,1.0,7.0,2.5,0.0,distance_invalide;
1,2024-01-26 12:53:25,2024-01-26 12:54:43,2.0,0.0,5.0,N,163,163,1,88.96,0.0,0.0,15.0,0.0,1.0,104.96,0.0,0.0,distance_invalide;
2,2024-01-25 09:04:46,2024-01-25 09:21:25,,1.4,,,262,229,0,28.98,0.0,0.5,0.0,0.0,1.0,32.98,,,passagers_invalides;
1,2024-01-14 03:53:09,2024-01-14 03:58:03,,0.0,,,249,224,0,13.52,0.0,0.5,0.0,0.0,1.0,17.52,,,distance_invalide;passagers_invalides;
2,2024-01-31 00:00:18,2024-01-31 00:00:22,1.0,0.0,1.0,N,132,132,2,3.0,1.0,0.5,0.0,0.0,1.0,7.25,0.0,1.75,distance_invalide;
2,2024-01-24 16:12:34,2024-01-24 16:23:07,1.0,0.84,1.0,N,237,230,3,-10.0,-2.5,-0.5,0.0,-6.94,-1.0,-23.44,-2.5,0.0,montant_invalide;
2,2024-01-09 17:47:22,2024-01-09 18:01:51,,1.56,,,68,170,0,18.74,0.0,0.5,0.0,0.0,1.0,22.74,,,passagers_invalides;
2,2024-01-04 16:18:58,2024-01-04 16:42:51,,4.48,,,151,243,0,1.49,0.0,0.5,0.0,0.0,1.0,2.99,,,passagers_invalides;
2,2024-01-18 17:54:25,2024-01-18 18:44:19,,15.36,,,261,138,0,68.3,0.0,0.5,15.85,6.94,1.0,95.09,,,passagers_invalides;
1,2024-01-03 18:58:38,2024-01-03 19:07:00,,0.8,,,163,48,0,11.36,0.0,0.5,0.0,0.0,1.0,12.86,,,passagers_invalides;
2,2024-01-26 08:18:44,2024-01-26 08:22:19,1.0,0.92,1.0,N,186,90,3,-6.5,0.0,-0.5,0.0,0.0,-1.0,-10.5,-2.5,0.0,montant_invalide;
2,2024-01-20 14:07:03,2024-01-20 14:16:38,1.0,3.43,1.0,N,132,216,4,-17.0,0.0,-0.5,0.0,0.0,-1.0,-20.25,0.0,-1.75,montant_invalide;
2,2024-01-04 04:16:20,2024-01-04 04:16:27,4.0,0.0,5.0,N,132,132,1,85.0,0.0,0.0,17.2,0.0,1.0,104.95,0.0,1.75,distance_invalide;
2,2024-01-16 08:26:51,2024-01-16 08:52:54,,1.32,,,90,230,0,18.98,0.0,0.5,4.6,0.0,1.0,27.58,,,passagers_invalides;
1,2024-01-26 10:24:42,2024-01-26 10:43:52,,2.3,,,137,211,0,17.0,0.0,0.5,4.2,0.0,1.0,25.2,,,passagers_invalides;
2,2024-01-19 17:00:11,2024-01-19 17:00:21,1.0,0.0,5.0,N,138,138,1,60.24,5.0,0.0,0.0,0.0,1.0,70.49,2.5,1.75,distance_invalide;
2,2024-01-20 08:25:30,2024-01-20 08:25:58,1.0,0.05,1.0,N,79,79,3,-3.0,0.0,-0.5,0.0,0.0,-1.0,-7.0,-2.5,0.0,montant_invalide;
1,2024-01-07 12:34:49,2024-01-07 12:46:50,,1.8,,,246,90,0,10.16,0.0,0.5,0.0,0.0,1.0,14.16,,,passagers_invalides;
2,2024-01-17 05:41:00,2024-01-17 05:41:06,1.0,0.0,5.0,N,265,265,1,44.0,0.0,0.0,0.0,0.0,1.0,45.0,0.0,0.0,distance_invalide;
2,2024-01-30 11:07:23,2024-01-30 11:17:00,1.0,0.91,1.0,N,237,140,2,-10.0,0.0,-0.5,0.0,0.0,-1.0,-14.0,-2.5,0.0,montant_invalide;
2,2024-01-06 19:26:53,2024-01-06 19:32:27,,0.78,,,164,234,0,7.83,0.0,0.5,0.0,0.0,1.0,11.83,,,passagers_invalides;
2,2024-01-11 12:42:36,2024-01-11 12:56:53,1.0,2.65,1.0,N,151,42,3,-17.0,0.0,-0.5,0.0,0.0,-1.0,-18.5,0.0,0.0,montant_invalide;
2,2024-01-27 18:07:56,2024-01-27 18:08:07,1.0,0.0,1.0,N,161,161,4,3.0,0.0,0.5,0.0,0.0,1.0,7.0,2.5,0.0,distance_invalide;
1,2024-01-13 13:29:07,2024-01-13 13:50:09,,2.8,,,246,148,0,18.4,0.0,0.5,4.48,0.0,1.0,26.88,,,passagers_invalides;
1,2024-01-25 20:27:04,2024-01-25 20:47:27,0.0,3.6,1.0,N,158,239,1,18.4,3.5,0.5,4.65,0.0,1.0,28.05,2.5,0.0,passagers_invalides;
1,2024-01-24 17:34:54,2024-01-24 17:56:39,,0.0,,,140,170,0,16.73,0.0,0.5,0.0,0.0,1.0,20.73,,,distance_invalide;passagers_invalides;
2,2024-01-13 13:57:54,2024-01-13 14:11:56,1.0,0.0,1.0,N,186,170,1,12.1,0.0,0.5,3.22,0.0,1.0,19.32,2.5,0.0,distance_invalide;
2,2024-01-13 09:30:29,2024-01-13 09:30:45,,0.0,,,138,138,0,32.05,0.0,0.5,0.0,0.0,1.0,33.55,,,distance_invalide;passagers_invalides;
2,2024-01-11 08:50:37,2024-01-11 09:19:52,,6.38,,,41,186,0,32.83,0.0,0.5,0.0,0.0,1.0,36.83,,,passagers_invalides;
1,2024-01-01 00:54:41,2024-01-01 01:14:49,,0.0,,,166,50,0,36.09,0.0,0.5,0.0,0.0,1.0,40.09,,,distance_invalide;passagers_invalides;
1,2024-01-25 19:59:08,2024-01-25 20:03:32,0.0,0.7,1.0,N,238,236,1,6.5,3.5,0.5,1.0,0.0,1.0,12.5,2.5,0.0,passagers_invalides;
2,2024-01-16 22:58:51,2024-01-16 22:58:55,1.0,0.0,5.0,N,142,142,1,79.56,0.0,0.0,14.0,0.0,1.0,97.06,2.5,0.0,distance_invalide;
1,2024-01-19 11:10:13,2024-01-19 11:10:32,1.0,0.0,1.0,N,261,261,4,3.0,2.5,0.5,0.0,0.0,1.0,7.0,2.5,0.0,distance_invalide;
2,2024-01-06 08:06:14,2024-01-06 08:28:07,,11.07,,,170,228,0,34.79,0.0,0.5,6.34,0.0,1.0,45.13,,,passagers_invalides;
1,2024-01-30 18:22:50,2024-01-30 18:37:36,0.0,2.3,1.0,N,234,229,1,15.6,5.0,0.5,4.4,0.0,1.0,26.5,2.5,0.0,passagers_invalides;
2,2024-01-10 14:06:27,2024-01-10 14:26:08,,2.17,,,236,229,0,16.77,0.0,0.5,2.08,0.0,1.0,22.85,,,passagers_invalides;
1,2024-01-01 15:46:44,2024-01-01 16:08:39,,0.0,,,45,263,0,27.33,0.0,0.5,0.0,0.0,1.0,31.33,,,distance_invalide;passagers_invalides;
2,2024-01-02 19:39:47,2024-01-02 19:46:03,1.0,0.88,1.0,N,100,186,4,-7.9,-2.5,-0.5,0.0,0.0,-1.0,-14.4,-2.5,0.0,montant_invalide;
2,2024-01-05 22:09:53,2024-01-05 22:17:43,,1.01,,,141,140,0,7.83,0.0,0.5,0.0,0.0,1.0,11.83,,,passagers_invalides;
1,2024-01-29 20:38:37,2024-01-29 21:00:57,,3.2,,,262,143,0,19.8,1.0,0.5,3.72,0.0,1.0,28.52,,,passagers_invalides;
2,2024-01-01 01:29:29,2024-01-01 01:35:05,,0.99,,,234,79,0,21.75,0.0,0.5,0.0,0.0,1.0,25.75,,,passagers_invalides;
1,2024-01-18 16:47:52,2024-01-18 16:56:47,0.0,1.5,1.0,N,229,262,1,10.7,5.0,0.5,3.0,0.0,1.0,20.2,2.5,0.0,passagers_invalides;
2,2024-01-01 02:22:03,2024-01-01 02:22:06,1.0,0.0,5.0,N,265,265,1,64.0,0.0,0.0,13.0,0.0,1.0,78.0,0.0,0.0,distance_invalide;
2,2024-01-08 22:01:07,2024-01-08 22:24:50,1.0,16.01,1.0,N,132,213,2,-60.4,-1.0,-0.5,0.0,-6.94,-1.0,-71.59,0.0,-1.75,montant_invalide;
2,2024-01-03 16:00:02,2024-01-03 16:00:16,1.0,0.0,1.0,N,193,193,3,-3.0,-2.5,-0.5,0.0,0.0,-1.0,-7.0,0.0,0.0,distance_invalide;montant_invalide;
1,2024-01-26 20:24:07,2024-01-26 20:33:03,0.0,1.7,1.0,N,68,234,1,10.7,3.5,0.5,2.0,0.0,1.0,17.7,2.5,0.0,passagers_invalides;
2,2024-01-14 22:24:40,2024-01-14 22:32:16,1.0,1.0,1.0,N,231,211,2,-8.6,-1.0,-0.5,0.0,0.0,-1.0,-13.6,-2.5,0.0,montant_invalide;
2,2024-01-10 18:28:55,2024-01-10 18:33:56,,0.0,,,262,141,0,14.22,0.0,0.5,3.64,0.0,1.0,21.86,,,distance_invalide;passagers_invalides;
2,2024-01-08 10:47:15,2024-01-08 11:15:24,3.0,10.44,1.0,N,230,138,2,-45.0,-5.0,-0.5,0.0,-6.94,-1.0,-60.94,-2.5,0.0,montant_invalide;
2,2024-01-01 05:15:53,2024-01-01 05:29:54,1.0,2.75,1.0,N,68,148,4,-16.3,-1.0,-0.5,0.0,0.0,-1.0,-21.3,-2.5,0.0,montant_invalide;
2,2024-01-22 08:35:53,2024-01-22 09:34:48,1.0,16.83,2.0,N,132,163,4,-70.0,0.0,-0.5,0.0,0.0,-1.0,-75.75,-2.5,-1.75,montant_invalide;
1,2024-01-12 12:39:13,2024-01-12 12:49:05,,1.4,,,239,237,0,10.0,0.0,0.5,2.1,0.0,1.0,16.1,,,passagers_invalides;
2,2024-01-11 12:52:33,2024-01-11 13:00:55,,0.9,,,262,236,0,9.12,0.0,0.5,0.0,0.0,1.0,13.12,,,passagers_invalides;
1,2024-01-21 15:41:08,2024-01-21 15:47:58,,0.8,,,236,263,0,7.2,0.0,0.5,1.68,0.0,1.0,12.88,,,passagers_invalides;
1,2024-01-14 18:48:06,2024-01-14 18:58:21,0.0,1.5,1.0,N,161,234,2,10.7,2.5,0.5,0.0,0.0,1.0,14.7,2.5,0.0,passagers_invalides;
1,2024-01-18 19:31:02,2024-01-18 19:40:27,,1.4,,,263,237,0,10.7,2.5,0.5,3.44,0.0,1.0,20.64,,,passagers_invalides;
2,2024-01-27 03:12:00,2024-01-27 03:29:00,,4.4,,,148,237,0,21.63,0.0,0.5,5.13,0.0,1.0,30.76,,,passagers_invalides;
2,2024-01-28 04:27:00,2024-01-28 04:37:06,,1.58,,,90,230,0,9.21,0.0,0.5,0.0,0.0,1.0,13.21,,,passagers_invalides;
2,2024-01-01 18:42:32,2024-01-01 19:03:11,1.0,8.2,1.0,N,132,95,2,-33.8,0.0,-0.5,0.0,0.0,-1.0,-37.05,0.0,-1.75,montant_invalide;
2,2024-01-04 14:51:10,2024-01-04 15:01:20,1.0,3.98,1.0,N,138,56,4,-17.7,-5.0,-0.5,0.0,0.0,-1.0,-25.95,0.0,-1.75,montant_invalide;
2,2024-01-31 22:07:43,2024-01-31 22:17:49,,2.76,,,137,263,0,-0.72,0.0,0.5,0.0,0.0,1.0,3.28,,,montant_invalide;passagers_invalides;
2,2024-01-13 18:35:18,2024-01-13 18:41:28,,0.79,,,143,239,0,6.83,0.0,0.5,0.0,0.0,1.0,10.83,,,passagers_invalides;
1,2024-01-24 00:18:09,2024-01-24 00:24:31,,2.3,,,239,68,0,11.4,1.0,0.5,2.46,0.0,1.0,18.86,,,passagers_invalides;
2,2024-01-25 08:30:16,2024-01-25 08:38:02,,1.32,,,239,143,0,-3.0,0.0,0.5,0.0,0.0,1.0,1.0,,,montant_invalide;passagers_invalides;
1,2024-01-17 08:50:46,2024-01-17 09:17:20,,4.2,,,263,68,0,27.63,0.0,0.5,0.0,0.0,1.0,31.63,,,passagers_invalides;
1,2024-01-29 09:24:27,2024-01-29 09:29:28,0.0,0.7,1.0,N,170,234,1,7.2,2.5,0.5,1.0,0.0,1.0,12.2,2.5,0.0,passagers_invalides;
2,2024-01-30 06:49:36,2024-01-30 06:59:48,1.0,0.94,1.0,N,48,246,4,-10.7,0.0,-0.5,0.0,0.0,-1.0,-14.7,-2.5,0.0,montant_invalide;
1,2024-01-09 15:39:22,2024-01-09 15:50:10,0.0,1.2,1.0,N,236,237,2,11.4,2.5,0.5,0.0,0.0,1.0,15.4,2.5,0.0,passagers_invalides;
2,2024-01-15 07:45:00,2024-01-15 07:57:00,,2.05,,,48,141,0,13.82,0.0,0.5,3.56,0.0,1.0,21.38,,,passagers_invalides;
2,2024-01-17 09:33:55,2024-01-17 09:34:09,2.0,0.0,2.0,N,163,163,2,70.0,0.0,0.5,0.0,0.0,1.0,74.0,2.5,0.0,distance_invalide;
1,2024-01-01 00:50:03,2024-01-01 01:30:18,,7.8,,,97,238,0,45.02,0.0,0.5,0.0,0.0,1.0,49.02,,,passagers_invalides;
2,2024-01-22 15:58:37,2024-01-22 16:31:51,,3.77,,,90,262,0,27.61,0.0,0.5,7.9,0.0,1.0,39.51,,,passagers_invalides;
2,2024-01-14 16:35:57,2024-01-14 16:45:14,1.0,1.08,1.0,N,236,262,4,-9.3,0.0,-0.5,0.0,0.0,-1.0,-13.3,-2.5,0.0,montant_invalide;
2,2024-01-01 00:31:52,2024-01-01 00:54:47,,2.75,,,79,186,0,22.02,0.0,0.5,0.0,0.0,1.0,26.02,,,passagers_invalides;
1,2024-01-28 17:13:07,2024-01-28 17:28:51,0.0,1.5,1.0,N,246,230,1,12.1,2.5,0.5,3.2,0.0,1.0,19.3,2.5,0.0,passagers_invalides;
1,2024-01-16 19:56:53,2024-01-16 20:04:52,,1.0,,,140,237,0,8.6,2.5,0.5,2.26,0.0,1.0,17.36,,,passagers_invalides;
2,2024-01-23 12:57:16,2024-01-23 13:13:36,2.0,1.53,1.0,N,234,161,4,-14.9,0.0,-0.5,0.0,0.0,-1.0,-18.9,-2.5,0.0,montant_invalide;
2,2024-01-24 20:28:07,2024-01-24 20:33:33,2.0,1.42,1.0,N,229,263,4,-8.6,-1.0,-0.5,0.0,0.0,-1.0,-13.6,-2.5,0.0,montant_invalide;
2,2024-01-18 22:47:18,2024-01-18 23:02:09,,2.66,,,234,50,0,14.97,0.0,0.5,0.0,0.0,1.0,18.97,,,passagers_invalides;
2,2024-01-01 16:50:17,2024-01-01 17:27:11,1.0,18.13,2.0,N,161,132,2,-70.0,0.0,-0.5,0.0,-6.94,-1.0,-80.94,-2.5,0.0,montant_invalide;
1,2024-01-28 22:14:54,2024-01-28 22:32:04,0.0,3.9,1.0,N,48,4,1,19.8,3.5,0.5,4.95,0.0,1.0,29.75,2.5,0.0,passagers_invalides;
1,2024-01-06 19:51:51,2024-01-06 20:24:08,,0.0,,,141,158,0,22.0,0.0,0.5,5.2,0.0,1.0,33.2,,,distance_invalide;passagers_invalides;
1,2024-01-27 23:31:05,2024-01-27 23:56:53,0.0,6.8,1.0,N,90,74,1,31.7,3.5,0.5,0.0,0.0,1.0,36.7,2.5,0.0,passagers_invalides;
2,2024-01-02 09:33:28,2024-01-02 09:44:19,,1.92,,,238,163,0,13.16,0.0,0.5,3.43,0.0,1.0,20.59,,,passagers_invalides;
2,2024-01-26 17:01:49,2024-01-26 17:09:27,1.0,0.96,1.0,N,107,170,4,-8.6,-2.5,-0.5,0.0,0.0,-1.0,-15.1,-2.5,0.0,montant_invalide;
2,2024-01-21 21:22:08,2024-01-21 21:42:53,,4.26,,,161,148,0,24.68,0.0,0.5,0.0,0.0,1.0,28.68,,,passagers_invalides;
2,2024-01-07 10:11:53,2024-01-07 10:11:59,3.0,0.0,5.0,N,100,100,1,93.0,0.0,0.0,0.0,0.0,1.0,96.5,2.5,0.0,distance_invalide;
1,2024-01-07 17:28:52,2024-01-07 17:49:54,0.0,3.3,1.0,N,230,144,1,18.4,2.5,0.5,6.7,0.0,1.0,29.1,2.5,0.0,passagers_invalides;
1,2024-01-22 12:11:52,2024-01-22 12:23:24,0.0,1.1,1.0,N,186,170,1,11.4,2.5,0.5,4.6,0.0,1.0,20.0,2.5,0.0,passagers_invalides;
2,2024-01-24 00:29:32,2024-01-24 00:58:19,1.0,8.59,1.0,N,88,263,2,-42.2,-1.0,-0.5,0.0,0.0,-1.0,-47.2,-2.5,0.0,montant_invalide;
1,2024-01-21 11:49:22,2024-01-21 11:59:26,,0.0,,,137,88,0,20.31,0.0,0.5,0.0,0.0,1.0,24.31,,,distance_invalide;passagers_invalides;
1,2024-01-18 18:12:19,2024-01-18 18:37:47,0.0,3.8,1.0,N,163,231,1,24.0,5.0,0.5,6.1,0.0,1.0,36.6,2.5,0.0,passagers_invalides;
2,2024-01-20 16:24:23,2024-01-20 16:25:27,1.0,0.0,1.0,N,48,163,2,3.7,0.0,0.5,0.0,0.0,1.0,7.7,2.5,0.0,distance_invalide;
1,2024-01-19 17:51:25,2024-01-19 18:18:40,,0.0,,,236,90,0,28.0,0.0,0.5,0.0,0.0,1.0,32.0,,,distance_invalide;passagers_invalides;
1,2024-01-24 13:32:12,2024-01-24 13:51:52,0.0,2.5,1.0,N,246,162,1,18.4,2.5,0.5,4.45,0.0,1.0,26.85,2.5,0.0,passagers_invalides;
2,2024-01-27 18:47:21,2024-01-27 19:08:15,,2.55,,,239,161,0,17.66,0.0,0.5,0.0,0.0,1.0,21.66,,,passagers_invalides;
2,2024-01-06 18:19:25,2024-01-06 18:56:11,1.0,5.41,1.0,N,132,219,4,-38.7,0.0,-0.5,0.0,0.0,-1.0,-41.95,0.0,-1.75,montant_invalide;
2,2024-01-22 07:13:44,2024-01-22 07:13:52,,0.01,,,140,140,0,40.29,0.0,0.5,0.0,0.0,1.0,44.29,,,passagers_invalides;
1,2024-01-30 20:43:47,2024-01-30 21:05:10,,0.0,,,161,4,0,19.43,0.0,0.5,0.0,0.0,1.0,23.43,,,distance_invalide;passagers_invalides;
1,2024-01-23 22:10:12,2024-01-23 22:17:26,0.0,1.6,1.0,N,125,68,1,10.0,3.5,0.5,1.0,0.0,1.0,16.0,2.5,0.0,passagers_invalides;
2,2024-01-02 08:56:28,2024-01-02 08:57:08,5.0,0.0,1.0,N,230,230,2,3.0,0.0,0.5,0.0,0.0,1.0,7.0,2.5,0.0,distance_invalide;
2,2024-01-30 20:10:29,2024-01-30 20:10:37,1.0,0.0,2.0,N,186,186,2,70.0,0.0,0.5,0.0,0.0,1.0,74.0,2.5,0.0,distance_invalide;
2,2024-01-03 02:26:52,2024-01-03 02:39:35,,3.86,,,166,142,0,15.25,0.0,0.5,0.0,0.0,1.0,19.25,,,passagers_invalides;
1,2024-01-09 17:43:55,2024-01-09 18:02:02,0.0,1.2,1.0,N,234,232,1,15.6,5.0,0.5,0.0,0.0,1.0,22.1,2.5,0.0,passagers_invalides;
2,2024-01-09 17:51:11,2024-01-09 18:13:27,,2.79,,,161,262,0,25.23,0.0,0.5,5.85,0.0,1.0,35.08,,,passagers_invalides;
1,2024-01-07 15:51:33,2024-01-07 16:00:45,,1.7,,,229,262,0,10.7,0.0,0.5,2.94,0.0,1.0,17.64,,,passagers_invalides;
2,2024-01-20 01:04:59,2024-01-20 01:09:35,1.0,0.0,1.0,N,79,79,1,5.8,1.0,0.5,2.16,0.0,1.0,12.96,2.5,0.0,distance_invalide;
2,2024-01-14 22:51:15,2024-01-14 23:12:57,,8.6,,,68,244,0,33.09,0.0,0.5,0.0,0.0,1.0,37.09,,,passagers_invalides;
2,2024-01-25 21:14:44,2024-01-25 21:43:10,,11.87,,,13,41,0,4.69,0.0,0.5,0.0,0.0,1.0,8.69,,,passagers_invalides;
2,2024-01-21 11:14:59,2024-01-21 11:32:35,1.0,2.19,1.0,N,158,144,4,-16.3,0.0,-0.5,0.0,0.0,-1.0,-20.3,-2.5,0.0,montant_invalide;
2,2024-01-16 08:07:19,2024-01-16 08:16:02,,1.3,,,4,114,0,18.02,0.0,0.5,0.0,0.0,1.0,22.02,,,passagers_invalides;
2,2024-01-21 14:34:01,2024-01-21 14:48:46,,1.83,,,238,163,0,13.79,0.0,0.5,0.0,0.0,1.0,17.79,,,passagers_invalides;
2,2024-01-14 00:37:03,2024-01-14 00:49:05,,1.91,,,41,42,0,14.58,0.0,0.5,0.0,0.0,1.0,16.08,,,passagers_invalides;
2,2024-01-12 18:09:57,2024-01-12 18:28:09,1.0,0.0,1.0,N,68,233,1,15.6,2.5,0.5,5.53,0.0,1.0,27.63,2.5,0.0,distance_invalide;
1,2024-01-24 17:51:05,2024-01-24 17:58:07,0.0,0.8,1.0,N,137,164,1,7.9,5.0,0.5,2.16,0.0,1.0,16.56,2.5,0.0,passagers_invalides;
2,2024-01-08 06:26:52,2024-01-08 06:49:19,,8.76,,,151,138,0,35.03,0.0,0.5,8.69,6.94,1.0,52.16,,,passagers_invalides;
2,2024-01-11 07:10:18,2024-01-11 07:17:27,1.0,0.0,1.0,N,116,166,1,7.9,0.0,0.5,3.0,0.0,1.0,12.4,0.0,0.0,distance_invalide;
1,2024-01-07 09:43:00,2024-01-07 09:45:22,0.0,0.9,1.0,N,229,140,1,5.8,2.5,0.5,1.95,0.0,1.0,11.75,2.5,0.0,passagers_invalides;
2,2024-01-01 19:21:38,2024-01-01 20:06:28,1.0,13.54,1.0,N,132,17,4,-57.6,0.0,-0.5,0.0,0.0,-1.0,-60.85,0.0,-1.75,montant_invalide;
2,2024-01-15 09:29:00,2024-01-15 09:44:00,,1.37,,,164,246,0,12.7,0.0,0.5,3.34,0.0,1.0,20.04,,,passagers_invalides;
2,2024-01-27 21:56:37,2024-01-27 22:13:49,,2.45,,,239,166,0,12.21,0.0,0.5,0.0,0.0,1.0,16.21,,,passagers_invalides;
2,2024-01-26 23:57:12,2024-01-27 00:04:37,,1.33,,,249,125,0,9.63,0.0,0.5,0.0,0.0,1.0,13.63,,,passagers_invalides;
1,2024-01-02 21:47:59,2024-01-02 21:57:49,0.0,1.1,1.0,N,236,143,1,10.0,3.5,0.5,10.0,0.0,1.0,25.0,2.5,0.0,passagers_invalides;
1,2024-01-01 12:34:21,2024-01-01 12:50:04,,0.0,,,164,261,0,22.91,0.0,0.5,0.0,0.0,1.0,26.91,,,distance_invalide;passagers_invalides;
1,2024-01-25 17:14:34,2024-01-25 17:22:09,0.0,0.7,1.0,N,237,163,1,7.9,5.0,0.5,1.0,0.0,1.0,15.4,2.5,0.0,passagers_invalides;
2,2024-01-26 23:29:48,2024-01-26 23:36:49,,1.28,,,113,231,0,9.03,0.0,0.5,0.0,0.0,1.0,13.03,,,passagers_invalides;
1,2024-01-18 12:16:29,2024-01-18 12:34:30,,5.8,,,88,246,0,26.1,0.0,0.5,0.0,0.0,1.0,30.1,,,passagers_invalides;
2,2024-01-17 09:39:19,2024-01-17 09:48:40,,1.39,,,143,163,0,21.77,0.0,0.5,0.0,0.0,1.0,25.77,,,passagers_invalides;
2,2024-01-26 17:31:37,2024-01-26 17:49:51,,3.23,,,140,74,0,21.74,0.0,0.5,0.0,0.0,1.0,25.74,,,passagers_invalides;
1,2024-01-11 19:36:00,2024-01-11 19:36:28,0.0,2.9,1.0,N,234,234,3,3.0,5.0,0.5,0.0,0.0,1.0,9.5,2.5,0.0,passagers_invalides;
2,2024-01-03 11:17:56,2024-01-03 11:31:49,,2.68,,,4,237,0,20.21,0.0,0.5,4.84,0.0,1.0,29.05,,,passagers_invalides;
1,2024-01-18 07:38:05,2024-01-18 08:14:02,,0.0,,,112,246,0,32.89,0.0,0.5,0.0,0.0,1.0,36.89,,,distance_invalide;passagers_invalides;
2,2024-01-28 19:24:52,2024-01-28 19:24:58,1.0,0.0,5.0,N,162,162,1,85.0,0.0,0.0,17.7,0.0,1.0,106.2,2.5,0.0,distance_invalide;
2,2024-01-23 14:32:52,2024-01-23 14:58:21,,6.59,,,220,244,0,25.58,0.0,0.5,0.0,0.0,1.0,27.08,,,passagers_invalides;
2,2024-01-09 12:17:06,2024-01-09 12:29:44,,1.3,,,233,163,0,16.09,0.0,0.5,2.01,0.0,1.0,22.1,,,passagers_invalides;
1,2024-01-26 02:11:57,2024-01-26 02:16:20,0.0,0.7,1.0,N,48,68,1,6.5,3.5,0.5,4.0,0.0,1.0,15.5,2.5,0.0,passagers_invalides;
2,2024-01-03 20:43:00,2024-01-03 21:09:00,,11.49,,,263,106,0,45.63,0.0,0.5,9.93,0.0,1.0,59.56,,,passagers_invalides;
1,2024-01-13 14:27:14,2024-01-13 14:32:13,0.0,1.0,1.0,Y,237,229,2,7.2,2.5,0.5,0.0,0.0,1.0,11.2,2.5,0.0,passagers_invalides;
1,2024-01-20 20:16:20,2024-01-20 20:42:08,,0.0,,,141,79,0,29.51,0.0,0.5,0.0,0.0,1.0,33.51,,,distance_invalide;passagers_invalides;
1,2024-01-18 18:26:15,2024-01-18 18:29:17,0.0,0.3,1.0,N,237,141,2,5.1,5.0,0.5,0.0,0.0,1.0,11.6,2.5,0.0,passagers_invalides;
2,2024-01-04 03:06:16,2024-01-04 03:06:50,1.0,0.0,1.0,N,246,246,2,3.0,1.0,0.5,0.0,0.0,1.0,8.0,2.5,0.0,distance_invalide;
1,2024-01-05 21:02:03,2024-01-05 21:23:32,,4.9,,,211,239,0,26.26,0.0,0.5,0.0,0.0,1.0,30.26,,,passagers_invalides;
2,2024-01-16 18:55:28,2024-01-16 18:59:08,1.0,0.41,1.0,N,237,163,2,-5.1,-2.5,-0.5,0.0,0.0,-1.0,-11.6,-2.5,0.0,montant_invalide;
2,2024-01-06 20:00:53,2024-01-06 20:03:05,1.0,0.47,1.0,N,238,238,3,-4.4,-1.0,-0.5,0.0,0.0,-1.0,-9.4,-2.5,0.0,montant_invalide;
2,2024-01-08 18:49:35,2024-01-08 18:51:00,1.0,0.22,1.0,N,234,113,4,-3.7,-2.5,-0.5,0.0,0.0,-1.0,-10.2,-2.5,0.0,montant_invalide;
2,2024-01-24 22:33:03,2024-01-24 22:44:15,,3.14,,,238,74,0,19.47,0.0,0.5,0.0,0.0,1.0,23.47,,,passagers_invalides;
2,2024-01-28 04:25:28,2024-01-28 04:54:13,,13.4,,,7,63,0,46.02,0.0,0.5,0.0,0.0,1.0,47.52,,,passagers_invalides;
1,2024-01-05 15:12:13,2024-01-05 15:22:07,0.0,2.1,1.0,Y,142,233,1,12.1,2.5,0.5,3.2,0.0,1.0,19.3,2.5,0.0,passagers_invalides;
2,2024-01-29 07:55:38,2024-01-29 07:55:43,1.0,0.0,2.0,N,229,229,3,-70.0,0.0,-0.5,0.0,0.0,-1.0,-74.0,-2.5,0.0,distance_invalide;montant_invalide;
1,2024-01-03 19:32:02,2024-01-03 19:39:48,,2.6,,,137,262,0,12.1,2.5,0.5,2.79,0.0,1.0,21.39,,,passagers_invalides;
1,2024-01-26 19:14:23,2024-01-26 19:32:15,,4.0,,,48,236,0,21.8,0.0,0.5,0.0,0.0,1.0,25.8,,,passagers_invalides;
2,2024-01-01 01:29:52,2024-01-01 01:53:15,,7.17,,,263,87,0,41.85,0.0,0.5,0.0,0.0,1.0,45.85,,,passagers_invalides;
2,2024-01-19 22:38:29,2024-01-19 22:38:38,1.0,0.0,2.0,N,231,231,2,70.0,0.0,0.5,0.0,0.0,1.0,74.0,2.5,0.0,distance_invalide;
2,2024-01-26 21:17:14,2024-01-26 21:34:59,1.0,0.0,1.0,N,114,170,1,14.9,1.0,0.5,2.98,0.0,1.0,22.88,2.5,0.0,distance_invalide;
1,2024-01-09 11:09:50,2024-01-09 11:16:05,0.0,0.6,1.0,N,142,142,1,7.2,2.5,0.5,3.0,0.0,1.0,14.2,2.5,0.0,passagers_invalides;
1,2024-01-10 20:53:37,2024-01-10 21:03:23,,1.7,,,142,141,0,11.4,1.0,0.5,2.46,0.0,1.0,18.86,,,passagers_invalides;
2,2024-01-29 16:32:17,2024-01-29 16:35:34,1.0,0.76,1.0,N,236,75,4,-5.8,-2.5,-0.5,0.0,0.0,-1.0,-12.3,-2.5,0.0,montant_invalide;
1,2024-01-14 18:08:32,2024-01-14 18:25:04,0.0,0.9,1.0,N,161,48,2,14.2,2.5,0.0,0.0,0.0,1.0,17.7,2.5,0.0,passagers_invalides;
2,2024-01-18 00:09:04,2024-01-18 00:32:10,,13.08,,,28,114,0,40.07,0.0,0.5,0.0,0.0,1.0,44.07,,,passagers_invalides;
1,2024-01-26 22:44:37,2024-01-26 23:09:08,,4.9,,,261,163,0,29.65,0.0,0.5,0.0,0.0,1.0,33.65,,,passagers_invalides;
2,2024-01-27 02:39:49,2024-01-27 02:52:57,,4.32,,,79,263,0,27.65,0.0,0.5,6.33,0.0,1.0,37.98,,,passagers_invalides;
2,2024-01-02 16:54:25,2024-01-02 16:54:39,1.0,0.0,1.0,N,193,193,1,3.0,2.5,0.5,0.0,0.0,1.0,7.0,0.0,0.0,distance_invalide;
2,2024-01-17 09:14:42,2024-01-17 09:25:34,,2.27,,,68,13,0,23.54,0.0,0.5,0.0,0.0,1.0,27.54,,,passagers_invalides;
2,2024-01-06 13:16:09,2024-01-06 13:17:40,,0.12,,,210,210,0,30.55,0.0,0.5,0.0,0.0,1.0,32.05,,,passagers_invalides;
2,2024-01-11 12:05:16,2024-01-11 12:11:51,3.0,0.47,1.0,N,237,237,4,-7.2,0.0,-0.5,0.0,0.0,-1.0,-11.2,-2.5,0.0,montant_invalide;
1,2024-01-07 02:14:41,2024-01-07 02:30:12,,1.5,,,107,148,0,16.08,0.0,0.5,0.0,0.0,1.0,20.08,,,passagers_invalides;
1,2024-01-31 21:08:43,2024-01-31 21:14:50,0.0,1.1,1.0,N,90,48,1,8.6,3.5,0.5,1.0,0.0,1.0,14.6,2.5,0.0,passagers_invalides;
1,2024-01-17 16:08:24,2024-01-17 16:10:55,,0.4,,,236,75,0,4.4,2.5,0.5,1.64,0.0,1.0,12.54,,,passagers_invalides;
2,2024-01-24 20:44:00,2024-01-24 20:49:00,,1.21,,,239,236,0,11.74,0.0,0.5,1.57,0.0,1.0,17.31,,,passagers_invalides;
1,2024-01-08 07:52:14,2024-01-08 07:58:07,0.0,0.9,1.0,N,236,238,2,7.9,2.5,0.5,0.0,0.0,1.0,11.9,2.5,0.0,passagers_invalides;
2,2024-01-26 22:08:00,2024-01-26 22:28:00,,3.14,,,163,263,0,20.15,0.0,0.5,2.42,0.0,1.0,26.57,,,passagers_invalides;
2,2024-01-11 00:02:22,2024-01-11 00:06:24,,0.55,,,62,188,0,6.83,0.0,0.5,0.0,0.0,1.0,8.33,,,passagers_invalides;
1,2024-01-14 00:07:07,2024-01-14 00:12:04,,0.0,,,79,79,0,13.83,0.0,0.5,0.0,0.0,1.0,17.83,,,distance_invalide;passagers_invalides;
1,2024-01-30 16:33:36,2024-01-30 16:41:30,,0.8,,,236,262,0,8.6,2.5,0.5,0.76,0.0,1.0,15.86,,,passagers_invalides;
2,2024-01-06 22:44:29,2024-01-06 22:52:51,,1.21,,,79,144,0,9.65,0.0,0.5,0.0,0.0,1.0,13.65,,,passagers_invalides;
2,2024-01-18 17:28:21,2024-01-18 17:39:05,,1.43,,,230,68,0,17.56,0.0,0.5,4.31,0.0,1.0,25.87,,,passagers_invalides;
1,2024-01-21 02:20:50,2024-01-21 02:27:43,,0.0,,,79,170,0,10.83,0.0,0.5,0.0,0.0,1.0,14.83,,,distance_invalide;passagers_invalides;
2,2024-01-20 10:07:05,2024-01-20 10:27:28,,4.35,,,236,90,0,24.77,0.0,0.5,5.75,0.0,1.0,34.52,,,passagers_invalides;
1,2024-01-27 21:07:45,2024-01-27 21:19:38,,2.0,,,50,238,0,12.1,1.0,0.5,2.57,0.0,1.0,19.67,,,passagers_invalides;
2,2024-01-20 23:14:21,2024-01-20 23:51:58,,8.7,,,209,238,0,33.78,0.0,0.5,0.0,0.0,1.0,37.78,,,passagers_invalides;
2,2024-01-17 22:13:18,2024-01-17 22:36:54,,9.86,,,234,243,0,37.73,0.0,0.5,0.0,0.0,1.0,41.73,,,passagers_invalides;
1,2024-01-25 22:13:35,2024-01-25 22:24:58,,1.0,,,48,230,0,9.3,0.0,0.5,3.33,0.0,1.0,16.63,,,passagers_invalides;
2,2024-01-30 22:49:03,2024-01-30 22:56:14,,1.59,,,234,211,0,12.21,0.0,0.5,0.0,0.0,1.0,16.21,,,passagers_invalides;
2,2024-01-05 15:20:55,2024-01-05 15:37:14,,2.88,,,49,148,0,17.84,0.0,0.5,4.37,0.0,1.0,26.21,,,passagers_invalides;
2,2024-01-06 07:11:49,2024-01-06 07:55:12,,10.95,,,228,145,0,43.59,0.0,0.5,7.48,0.0,1.0,52.57,,,passagers_invalides;
1,2024-01-08 19:41:17,2024-01-08 19:51:12,0.0,1.1,1.0,N,163,90,1,10.0,5.0,0.5,3.3,0.0,1.0,19.8,2.5,0.0,passagers_invalides;
2,2024-01-15 13:48:01,2024-01-15 14:03:57,,2.25,,,238,43,0,17.93,0.0,0.5,4.39,0.0,1.0,26.32,,,passagers_invalides;
2,2024-01-28 00:03:30,2024-01-28 00:17:20,,1.79,,,249,107,0,17.29,0.0,0.5,0.0,0.0,1.0,21.29,,,passagers_invalides;
2,2024-01-21 23:02:03,2024-01-21 23:19:30,,4.45,,,164,7,0,21.98,0.0,0.5,6.58,6.94,1.0,39.5,,,passagers_invalides;
1,2024-01-06 17:32:21,2024-01-06 17:41:24,0.0,1.8,1.0,N,236,238,1,11.4,2.5,0.5,3.05,0.0,1.0,18.45,2.5,0.0,passagers_invalides;
2,2024-01-18 00:26:44,2024-01-18 00:46:27,,8.55,,,101,135,0,27.58,0.0,0.5,0.0,0.0,1.0,29.08,,,passagers_invalides;
2,2024-01-25 21:29:52,2024-01-25 21:52:57,,4.66,,,170,13,0,26.45,0.0,0.5,0.0,0.0,1.0,30.45,,,passagers_invalides;
1,2024-01-11 06:10:40,2024-01-11 06:27:55,,0.0,,,239,137,0,26.15,0.0,0.5,0.0,0.0,1.0,30.15,,,distance_invalide;passagers_invalides;
2,2024-01-20 17:23:47,2024-01-20 17:32:44,,0.77,,,148,79,0,11.74,0.0,0.5,3.15,0.0,1.0,18.89,,,passagers_invalides;
2,2024-01-09 15:47:32,2024-01-09 16:30:19,1.0,5.06,1.0,N,186,75,4,-37.3,0.0,-0.5,0.0,0.0,-1.0,-41.3,-2.5,0.0,montant_invalide;
2,2024-01-15 19:09:38,2024-01-15 19:09:45,2.0,0.0,5.0,N,4,4,1,15.0,0.0,0.0,3.0,0.0,1.0,21.5,2.5,0.0,distance_invalide;
2,2024-01-13 11:27:43,2024-01-13 11:32:57,1.0,0.0,1.0,N,107,229,1,6.5,0.0,0.5,2.1,0.0,1.0,12.6,2.5,0.0,distance_invalide;
2,2024-01-16 07:04:44,2024-01-16 07:21:07,,3.29,,,226,140,0,24.33,0.0,0.5,0.0,0.0,1.0,28.33,,,passagers_invalides;
1,2024-01-01 01:11:22,2024-01-01 01:22:19,,0.0,,,37,255,0,28.42,0.0,0.5,0.0,0.0,1.0,29.92,,,distance_invalide;passagers_invalides;
1,2024-01-18 20:25:01,2024-01-18 20:42:28,,0.0,,,161,113,0,21.74,0.0,0.5,0.0,0.0,1.0,25.74,,,distance_invalide;passagers_invalides;
1,2024-01-17 15:31:26,2024-01-17 15:58:23,1.0,0.0,1.0,N,151,224,1,29.0,0.0,0.5,0.0,0.0,1.0,30.5,0.0,0.0,distance_invalide;
2,2024-01-03 09:30:31,2024-01-03 09:30:38,2.0,0.0,5.0,N,48,48,1,67.55,0.0,0.0,5.0,6.94,1.0,82.99,2.5,0.0,distance_invalide;
2,2024-01-28 01:10:42,2024-01-28 01:27:23,,1.9,,,68,137,0,13.93,0.0,0.5,0.0,0.0,1.0,17.93,,,passagers_invalides;
2,2024-01-14 17:32:04,2024-01-14 18:05:27,1.0,11.45,1.0,N,138,37,2,-48.5,-5.0,-0.5,0.0,0.0,-1.0,-56.75,0.0,-1.75,montant_invalide;
2,2024-01-08 23:09:33,2024-01-08 23:14:49,1.0,1.12,1.0,N,234,186,3,-7.9,-1.0,-0.5,0.0,0.0,-1.0,-12.9,-2.5,0.0,montant_invalide;
2,2024-01-04 16:21:55,2024-01-04 16:22:04,1.0,0.0,5.0,N,234,234,1,17.0,0.0,0.0,0.0,0.0,1.0,20.5,2.5,0.0,distance_invalide;
1,2024-01-29 17:09:51,2024-01-29 17:21:46,,1.7,,,239,236,0,13.5,2.5,0.5,4.0,0.0,1.0,24.0,,,passagers_invalides;
2,2024-01-10 11:03:07,2024-01-10 11:27:58,,7.68,,,33,162,0,34.96,0.0,0.5,5.84,0.0,1.0,44.8,,,passagers_invalides;
2,2024-01-24 18:56:36,2024-01-24 18:56:56,1.0,0.0,2.0,N,141,141,4,-70.0,-5.0,-0.5,0.0,0.0,-1.0,-79.0,-2.5,0.0,distance_invalide;montant_invalide;
1,2024-01-21 11:14:20,2024-01-21 11:43:13,0.0,8.1,1.0,N,151,79,1,39.4,2.5,0.5,8.65,0.0,1.0,52.05,2.5,0.0,passagers_invalides;
2,2024-01-20 10:44:39,2024-01-20 11:04:21,1.0,6.97,1.0,N,164,168,4,-31.7,0.0,-0.5,0.0,0.0,-1.0,-35.7,-2.5,0.0,montant_invalide;
2,2024-01-22 11:48:23,2024-01-22 11:48:33,1.0,0.0,1.0,N,236,236,2,3.0,0.0,0.5,0.0,0.0,1.0,7.0,2.5,0.0,distance_invalide;
2,2024-01-14 19:34:24,2024-01-14 19:43:01,,2.84,,,170,4,0,17.5,0.0,0.5,0.0,0.0,1.0,21.5,,,passagers_invalides;
2,2024-01-06 23:53:23,2024-01-07 00:07:26,,3.2,,,164,87,0,19.34,0.0,0.5,0.0,0.0,1.0,23.34,,,passagers_invalides;
2,2024-01-10 08:06:36,2024-01-10 08:12:35,1.0,1.28,1.0,N,100,234,4,-8.6,0.0,-0.5,0.0,0.0,-1.0,-12.6,-2.5,0.0,montant_invalide;
1,2024-01-23 23:52:08,2024-01-24 00:16:32,,9.7,,,79,244,0,38.02,0.0,0.5,0.0,0.0,1.0,42.02,,,passagers_invalides;
1,2024-01-24 16:45:18,2024-01-24 16:58:25,,2.0,,,170,211,0,13.5,2.5,0.5,4.0,0.0,1.0,24.0,,,passagers_invalides;
2,2024-01-28 13:52:01,2024-01-28 13:52:34,2.0,0.0,2.0,N,186,186,2,70.0,0.0,0.5,0.0,0.0,1.0,74.0,2.5,0.0,distance_invalide;
1,2024-01-07 06:41:20,2024-01-07 07:03:51,,6.9,,,140,160,0,30.3,0.0,0.5,6.86,0.0,1.0,41.16,,,passagers_invalides;
2,2024-01-06 05:01:35,2024-01-06 05:08:34,1.0,2.53,1.0,N,24,142,4,-12.1,-1.0,-0.5,0.0,0.0,-1.0,-17.1,-2.5,0.0,montant_invalide;
1,2024-01-28 19:09:27,2024-01-28 19:23:13,0.0,1.6,1.0,N,170,264,1,13.5,2.5,0.5,2.0,0.0,1.0,19.5,2.5,0.0,passagers_invalides;
2,2024-01-28 12:11:23,2024-01-28 12:26:58,,8.41,,,236,138,0,31.9,0.0,0.5,8.57,6.94,1.0,51.41,,,passagers_invalides;
2,2024-01-18 19:07:53,2024-01-18 19:31:17,1.0,0.0,1.0,N,163,234,1,19.1,2.5,0.5,5.12,0.0,1.0,30.72,2.5,0.0,distance_invalide;
1,2024-01-20 01:56:45,2024-01-20 02:14:11,,4.5,,,50,74,0,23.41,0.0,0.5,0.0,0.0,1.0,27.41,,,passagers_invalides;
1,2024-01-22 21:17:52,2024-01-22 21:21:40,0.0,0.8,1.0,N,141,262,1,6.5,3.5,0.5,2.3,0.0,1.0,13.8,2.5,0.0,passagers_invalides;
2,2024-01-29 10:48:29,2024-01-29 10:49:38,1.0,0.04,1.0,N,100,100,4,-3.7,0.0,-0.5,0.0,0.0,-1.0,-7.7,-2.5,0.0,montant_invalide;
1,2024-01-25 01:34:18,2024-01-25 01:43:42,,3.2,,,164,263,0,14.9,1.0,0.5,3.58,0.0,1.0,23.48,,,passagers_invalides;
2,2024-01-17 21:59:52,2024-01-17 22:02:16,1.0,0.33,1.0,N,239,142,4,-4.4,-1.0,-0.5,2.35,0.0,-1.0,-7.05,-2.5,0.0,montant_invalide;
1,2024-01-06 09:41:23,2024-01-06 09:54:59,1.0,2.7,1.0,N,142,234,3,0.0,0.0,0.0,0.0,0.0,0.0,0.0,0.0,0.0,montant_invalide;
2,2024-01-17 06:25:29,2024-01-17 06:33:48,,2.37,,,137,237,0,15.61,0.0,0.5,0.0,0.0,1.0,19.61,,,passagers_invalides;
2,2024-01-28 13:37:44,2024-01-28 13:43:07,1.0,0.72,1.0,N,239,142,2,-7.2,0.0,-0.5,0.0,0.0,-1.0,-11.2,-2.5,0.0,montant_invalide;
2,2024-01-19 09:37:34,2024-01-19 09:42:47,,1.13,,,142,48,0,11.74,0.0,0.5,3.15,0.0,1.0,18.89,,,passagers_invalides;
2,2024-01-23 22:16:49,2024-01-23 22:20:12,,0.45,,,68,246,0,-3.0,0.0,0.5,0.0,0.0,1.0,1.0,,,montant_invalide;passagers_invalides;
1,2024-01-13 23:40:47,2024-01-14 00:12:56,0.0,8.6,1.0,N,48,181,1,38.0,3.5,0.5,2.49,6.94,1.0,52.43,2.5,0.0,passagers_invalides;
1,2024-01-19 05:29:54,2024-01-19 05:36:46,0.0,1.5,1.0,N,186,163,1,10.0,3.5,0.5,0.0,0.0,1.0,15.0,2.5,0.0,passagers_invalides;
2,2024-01-25 18:25:45,2024-01-25 18:37:09,,2.43,,,163,236,0,-0.27,0.0,0.5,0.0,0.0,1.0,3.73,,,montant_invalide;passagers_invalides;
2,2024-01-25 22:35:05,2024-01-25 22:41:18,,1.27,,,144,231,0,14.22,0.0,0.5,3.64,0.0,1.0,21.86,,,passagers_invalides;
2,2024-01-12 06:45:15,2024-01-12 07:04:58,,3.37,,,79,48,0,19.57,0.0,0.5,0.0,0.0,1.0,23.57,,,passagers_invalides;
2,2024-01-03 14:57:51,2024-01-03 15:36:44,3.0,20.52,3.0,N,230,1,2,-99.3,0.0,0.0,0.0,-29.5,-1.0,-129.8,0.0,0.0,montant_invalide;
2,2024-01-01 15:45:28,2024-01-01 15:59:23,,2.92,,,43,48,0,16.09,0.0,0.5,0.0,0.0,1.0,20.09,,,passagers_invalides;
1,2024-01-26 06:16:29,2024-01-26 06:44:40,1.0,0.0,1.0,N,133,186,1,34.0,0.0,0.5,0.0,6.94,1.0,42.44,0.0,0.0,distance_invalide;
1,2024-01-24 15:28:00,2024-01-24 15:40:43,,1.8,,,141,142,0,11.4,0.0,0.5,1.54,0.0,1.0,16.94,,,passagers_invalides;
2,2024-01-23 11:58:34,2024-01-23 12:25:26,,5.72,,,236,113,0,32.29,0.0,0.5,9.07,0.0,1.0,45.36,,,passagers_invalides;
2,2024-01-28 01:04:02,2024-01-28 01:05:16,,0.11,,,255,255,0,19.48,0.0,0.5,0.0,0.0,1.0,20.98,,,passagers_invalides;
2,2024-01-27 12:45:28,2024-01-27 12:53:26,,1.48,,,142,48,0,11.99,0.0,0.5,0.0,0.0,1.0,15.99,,,passagers_invalides;
2,2024-01-18 23:10:21,2024-01-18 23:23:00,,3.51,,,114,229,0,19.46,0.0,0.5,4.69,0.0,1.0,28.15,,,passagers_invalides;
2,2024-01-12 11:09:09,2024-01-12 11:09:16,1.0,0.0,1.0,N,193,193,1,3.0,0.0,0.5,0.0,0.0,1.0,4.5,0.0,0.0,distance_invalide;
2,2024-01-25 06:35:09,2024-01-25 06:49:23,,3.32,,,137,263,0,17.82,0.0,0.5,2.0,0.0,1.0,23.82,,,passagers_invalides;
2,2024-01-05 06:40:19,2024-01-05 07:01:40,,5.28,,,42,164,0,25.76,0.0,0.5,5.95,0.0,1.0,35.71,,,passagers_invalides;
1,2024-01-23 15:00:20,2024-01-23 15:21:10,,0.0,,,236,143,0,23.69,0.0,0.5,0.0,0.0,1.0,27.69,,,distance_invalide;passagers_invalides;
2,2024-01-29 10:23:29,2024-01-29 10:26:29,1.0,0.36,1.0,N,162,233,2,-5.1,0.0,-0.5,0.0,0.0,-1.0,-9.1,-2.5,0.0,montant_invalide;
2,2024-01-25 21:01:02,2024-01-25 21:09:49,,1.34,,,161,143,0,11.64,0.0,0.5,0.0,0.0,1.0,15.64,,,passagers_invalides;
2,2024-01-18 16:48:33,2024-01-18 17:08:34,,1.74,,,68,162,0,14.97,0.0,0.5,0.0,0.0,1.0,18.97,,,passagers_invalides;
2,2024-01-16 00:42:23,2024-01-16 00:56:17,,2.74,,,146,82,0,19.65,0.0,0.5,0.0,0.0,1.0,21.15,,,passagers_invalides;
2,2024-01-03 13:59:27,2024-01-03 14:06:55,1.0,0.92,1.0,N,161,233,4,-7.9,0.0,-0.5,0.0,0.0,-1.0,-11.9,-2.5,0.0,montant_invalide;
2,2024-01-01 10:01:27,2024-01-01 10:16:11,,6.06,,,231,162,0,1.39,0.0,0.5,0.0,0.0,1.0,5.39,,,passagers_invalides;
2,2024-01-12 23:31:25,2024-01-12 23:48:00,,4.31,,,106,255,0,24.32,0.0,0.5,0.0,0.0,1.0,25.82,,,passagers_invalides;
2,2024-01-28 04:47:35,2024-01-28 04:50:39,,0.54,,,113,79,0,9.08,0.0,0.5,0.0,0.0,1.0,13.08,,,passagers_invalides;
1,2024-01-18 09:56:59,2024-01-18 10:31:38,0.0,15.4,3.0,N,107,1,1,83.2,0.0,0.0,19.5,13.38,1.0,117.08,0.0,0.0,passagers_invalides;
2,2024-01-28 15:14:06,2024-01-28 15:27:23,,2.45,,,249,246,0,3.71,0.0,0.5,3.54,0.0,1.0,11.25,,,passagers_invalides;
2,2024-01-15 15:21:02,2024-01-15 15:28:34,1.0,0.0,1.0,N,233,234,1,7.9,0.0,0.5,2.0,0.0,1.0,13.9,2.5,0.0,distance_invalide;
1,2024-01-28 14:55:14,2024-01-28 15:08:40,0.0,2.0,1.0,N,162,249,1,12.1,2.5,0.5,3.0,0.0,1.0,19.1,2.5,0.0,passagers_invalides;
2,2024-01-13 17:34:31,2024-01-13 17:47:04,,1.22,,,246,186,0,11.74,0.0,0.5,3.15,0.0,1.0,18.89,,,passagers_invalides;
2,2024-01-01 01:21:18,2024-01-01 01:38:24,,3.28,,,239,140,0,27.93,0.0,0.5,0.0,0.0,1.0,31.93,,,passagers_invalides;
2,2024-01-03 18:33:23,2024-01-03 18:33:34,1.0,0.0,1.0,N,193,193,3,-3.0,-2.5,-0.5,0.0,0.0,-1.0,-7.0,0.0,0.0,distance_invalide;montant_invalide;
2,2024-01-10 18:36:11,2024-01-10 18:36:16,1.0,0.0,1.0,N,132,132,3,3.0,2.5,0.5,0.0,0.0,1.0,8.75,0.0,1.75,distance_invalide;
2,2024-01-20 19:55:03,2024-01-20 20:17:10,,2.05,,,170,249,0,21.56,0.0,0.5,0.0,0.0,1.0,25.56,,,passagers_invalides;
2,2024-01-01 04:37:54,2024-01-01 04:52:39,,6.95,,,124,130,0,24.23,0.0,0.5,0.0,0.0,1.0,25.73,,,passagers_invalides;
1,2024-01-15 16:41:37,2024-01-15 17:03:24,,2.8,,,246,79,0,19.86,0.0,0.5,0.0,0.0,1.0,23.86,,,passagers_invalides;
2,2024-01-22 07:30:06,2024-01-22 07:34:09,,0.83,,,239,238,0,6.83,0.0,0.5,0.0,0.0,1.0,10.83,,,passagers_invalides;
1,2024-01-14 02:17:11,2024-01-14 02:29:27,0.0,2.8,1.0,Y,114,230,1,15.6,3.5,0.5,4.1,0.0,1.0,24.7,2.5,0.0,passagers_invalides;
2,2024-01-01 01:26:54,2024-01-01 01:41:15,,4.95,,,209,229,0,22.81,0.0,0.5,5.36,0.0,1.0,32.17,,,passagers_invalides;
2,2024-01-21 16:52:49,2024-01-21 16:52:56,1.0,0.0,5.0,N,90,90,1,83.0,0.0,0.0,17.3,0.0,1.0,103.8,2.5,0.0,distance_invalide;
1,2024-01-08 11:49:25,2024-01-08 11:58:55,0.0,1.2,1.0,N,141,262,1,10.7,2.5,0.5,1.3,0.0,1.0,16.0,2.5,0.0,passagers_invalides;
1,2024-01-12 07:27:42,2024-01-12 07:36:06,0.0,1.4,1.0,N,107,137,1,9.3,2.5,0.5,4.0,0.0,1.0,17.3,2.5,0.0,passagers_invalides;
2,2024-01-14 00:52:47,2024-01-14 01:00:41,,1.8,,,107,233,0,12.09,0.0,0.5,0.0,0.0,1.0,16.09,,,passagers_invalides;
2,2024-01-20 23:24:34,2024-01-20 23:49:57,,9.38,,,164,244,0,38.02,0.0,0.5,0.0,0.0,1.0,42.02,,,passagers_invalides;
2,2024-01-09 22:22:30,2024-01-09 22:30:37,,1.94,,,161,140,0,16.37,0.0,0.5,0.0,0.0,1.0,20.37,,,passagers_invalides;
2,2024-01-18 20:29:40,2024-01-18 20:43:48,,2.29,,,170,114,0,18.21,0.0,0.5,0.0,0.0,1.0,22.21,,,passagers_invalides;
2,2024-01-26 07:27:11,2024-01-26 07:55:45,,5.02,,,107,238,0,32.85,0.0,0.5,0.0,0.0,1.0,36.85,,,passagers_invalides;
2,2024-01-21 22:03:55,2024-01-21 22:36:20,,11.2,,,256,155,0,40.42,0.0,0.5,0.0,0.0,1.0,41.92,,,passagers_invalides;
1,2024-01-25 14:15:00,2024-01-25 14:21:08,1.0,0.0,1.0,N,236,236,1,7.2,2.5,0.5,2.24,0.0,1.0,13.44,2.5,0.0,distance_invalide;
2,2024-01-28 03:39:29,2024-01-28 04:02:55,,8.48,,,249,244,0,0.49,0.0,0.5,0.0,0.0,1.0,4.49,,,passagers_invalides;
2,2024-01-18 19:58:18,2024-01-18 20:07:47,1.0,1.52,1.0,N,238,143,2,-11.4,-2.5,-0.5,0.0,0.0,-1.0,-17.9,-2.5,0.0,montant_invalide;
1,2024-01-23 10:41:13,2024-01-23 10:44:26,0.0,0.4,1.0,N,246,68,3,5.1,2.5,0.5,0.0,0.0,1.0,9.1,2.5,0.0,passagers_invalides;
2,2024-01-19 12:12:00,2024-01-19 12:27:00,,4.51,,,141,232,0,23.45,0.0,0.5,5.49,0.0,1.0,32.94,,,passagers_invalides;
2,2024-01-26 23:55:18,2024-01-26 23:55:30,4.0,0.0,2.0,N,239,239,4,-70.0,0.0,-0.5,0.0,0.0,-1.0,-74.0,-2.5,0.0,distance_invalide;montant_invalide;
2,2024-01-18 21:12:53,2024-01-18 21:22:37,,1.84,,,161,262,0,11.74,0.0,0.5,4.72,0.0,1.0,20.46,,,passagers_invalides;
2,2024-01-01 14:40:12,2024-01-01 14:54:20,,1.35,,,163,186,0,18.58,0.0,0.5,0.0,0.0,1.0,22.58,,,passagers_invalides;
1,2024-01-11 08:28:12,2024-01-11 08:30:48,0.0,0.4,1.0,N,140,140,1,4.4,2.5,0.5,1.0,0.0,1.0,9.4,2.5,0.0,passagers_invalides;
2,2024-01-13 18:02:06,2024-01-13 18:24:14,,6.99,,,236,87,0,28.71,0.0,0.5,0.0,0.0,1.0,32.71,,,passagers_invalides;
1,2024-01-18 12:50:33,2024-01-18 13:03:37,,1.9,,,236,162,0,14.2,0.0,0.5,1.82,0.0,1.0,20.02,,,passagers_invalides;
2,2024-01-28 21:44:19,2024-01-28 22:12:34,1.0,7.91,1.0,N,230,42,4,-36.6,-1.0,-0.5,0.0,0.0,-1.0,-41.6,-2.5,0.0,montant_invalide;
2,2024-01-10 19:48:26,2024-01-10 19:48:28,1.0,0.0,5.0,N,264,264,1,88.0,0.0,0.0,10.0,0.0,1.0,99.0,0.0,0.0,distance_invalide;
2,2024-01-10 07:26:59,2024-01-10 08:12:28,,7.37,,,40,163,0,38.82,0.0,0.5,0.0,0.0,1.0,42.82,,,passagers_invalides;
2,2024-01-01 03:37:17,2024-01-01 03:45:47,,1.07,,,79,144,0,38.27,0.0,0.5,0.0,0.0,1.0,42.27,,,passagers_invalides;
1,2024-01-01 02:24:47,2024-01-01 02:30:29,,0.0,,,107,79,0,30.83,0.0,0.5,0.0,0.0,1.0,34.83,,,distance_invalide;passagers_invalides;
2,2024-01-27 18:26:09,2024-01-27 19:01:15,,3.69,,,236,186,0,30.05,0.0,0.5,0.0,0.0,1.0,34.05,,,passagers_invalides;
2,2024-01-24 22:46:58,2024-01-24 23:06:46,,3.48,,,68,140,0,19.62,0.0,0.5,0.0,0.0,1.0,23.62,,,passagers_invalides;
2,2024-01-21 02:37:43,2024-01-21 02:48:11,,2.88,,,4,141,0,12.93,0.0,0.5,0.0,0.0,1.0,16.93,,,passagers_invalides;
1,2024-01-28 01:14:44,2024-01-28 01:30:33,0.0,2.1,1.0,N,148,87,1,16.3,3.5,0.5,5.0,0.0,1.0,26.3,2.5,0.0,passagers_invalides;
1,2024-01-23 13:19:45,2024-01-23 13:31:21,0.0,1.2,1.0,N,264,264,3,11.4,2.5,0.5,0.0,0.0,1.0,15.4,2.5,0.0,passagers_invalides;
2,2024-01-02 17:29:09,2024-01-02 17:39:43,,2.42,,,43,233,0,16.21,0.0,0.5,0.0,0.0,1.0,20.21,,,passagers_invalides;
2,2024-01-11 14:15:09,2024-01-11 14:35:49,1.0,0.0,1.0,N,236,138,1,17.0,5.0,0.5,6.59,6.94,1.0,39.53,2.5,0.0,distance_invalide;
1,2024-01-19 16:57:24,2024-01-19 17:16:06,0.0,3.0,1.0,N,75,143,1,17.0,5.0,0.5,2.0,0.0,1.0,25.5,2.5,0.0,passagers_invalides;
2,2024-01-16 09:50:49,2024-01-16 10:00:42,,1.51,,,170,234,0,23.52,0.0,0.5,0.0,0.0,1.0,27.52,,,passagers_invalides;
2,2024-01-15 12:20:07,2024-01-15 12:25:12,,0.73,,,262,236,0,7.83,0.0,0.5,0.0,0.0,1.0,11.83,,,passagers_invalides;
2,2024-01-15 10:42:09,2024-01-15 10:49:19,1.0,0.0,1.0,N,186,246,1,7.9,0.0,0.5,1.0,0.0,1.0,12.9,2.5,0.0,distance_invalide;
1,2024-01-20 00:28:58,2024-01-20 00:38:39,,0.0,,,79,233,0,8.46,0.0,0.5,0.0,0.0,1.0,12.46,,,distance_invalide;passagers_invalides;
2,2024-01-01 03:40:25,2024-01-01 04:03:52,,5.19,,,80,89,0,53.34,0.0,0.5,0.0,0.0,1.0,54.84,,,passagers_invalides;
2,2024-01-13 12:46:32,2024-01-13 13:05:25,1.0,0.0,1.0,N,142,161,1,15.6,0.0,0.5,3.92,0.0,1.0,23.52,2.5,0.0,distance_invalide;
2,2024-01-04 11:17:54,2024-01-04 11:38:11,4.0,3.13,1.0,N,161,144,2,-20.5,0.0,-0.5,0.0,0.0,-1.0,-24.5,-2.5,0.0,montant_invalide;
1,2024-01-19 09:03:39,2024-01-19 09:12:06,0.0,1.2,1.0,N,48,161,1,8.6,2.5,0.5,1.0,0.0,1.0,13.6,2.5,0.0,passagers_invalides;
2,2024-01-25 00:17:07,2024-01-25 00:20:21,1.0,0.64,1.0,N,230,48,4,-5.8,-1.0,-0.5,0.0,0.0,-1.0,-10.8,-2.5,0.0,montant_invalide;
2,2024-01-01 10:29:18,2024-01-01 10:40:23,1.0,0.0,1.0,N,261,66,1,10.7,0.0,0.5,2.94,0.0,1.0,17.64,2.5,0.0,distance_invalide;
1,2024-01-05 07:32:08,2024-01-05 07:37:50,0.0,1.1,1.0,N,186,161,2,7.9,2.5,0.5,0.0,0.0,1.0,11.9,2.5,0.0,passagers_invalides;
2,2024-01-12 23:27:30,2024-01-12 23:42:43,,3.11,,,263,50,0,17.32,0.0,0.5,0.0,0.0,1.0,21.32,,,passagers_invalides;
2,2024-01-12 10:30:22,2024-01-12 10:49:01,1.0,2.61,1.0,N,141,48,4,-17.7,0.0,-0.5,0.0,0.0,-1.0,-21.7,-2.5,0.0,montant_invalide;
2,2024-01-05 22:17:38,2024-01-05 22:35:37,1.0,3.89,1.0,N,158,143,2,-20.5,-1.0,-0.5,0.0,0.0,-1.0,-25.5,-2.5,0.0,montant_invalide;
1,2024-01-28 11:59:51,2024-01-28 12:08:09,0.0,1.2,1.0,N,68,158,1,10.0,2.5,0.5,2.0,0.0,1.0,16.0,2.5,0.0,passagers_invalides;
1,2024-01-25 13:41:25,2024-01-25 14:01:42,0.0,2.3,1.0,N,161,113,2,19.1,2.5,0.5,0.0,0.0,1.0,23.1,2.5,0.0,passagers_invalides;
1,2024-01-17 19:04:53,2024-01-17 19:17:23,,0.0,,,233,161,0,17.93,0.0,0.5,0.0,0.0,1.0,21.93,,,distance_invalide;passagers_invalides;
2,2024-01-04 18:53:10,2024-01-04 19:11:42,2.0,2.04,1.0,N,233,163,4,-17.0,-2.5,-0.5,0.0,0.0,-1.0,-23.5,-2.5,0.0,montant_invalide;
1,2024-01-31 19:04:44,2024-01-31 19:13:16,,2.6,,,140,224,0,12.53,0.0,0.5,0.0,0.0,1.0,16.53,,,passagers_invalides;
1,2024-01-01 14:12:43,2024-01-01 14:19:07,0.0,1.2,1.0,N,170,170,1,8.6,2.5,0.5,3.1,0.0,1.0,15.7,2.5,0.0,passagers_invalides;
2,2024-01-04 14:12:41,2024-01-04 14:28:02,,2.46,,,218,130,0,14.99,0.0,0.5,0.0,0.0,1.0,16.49,,,passagers_invalides;
2,2024-01-17 08:34:40,2024-01-17 08:47:21,,1.78,,,158,234,0,16.01,0.0,0.5,0.0,0.0,1.0,20.01,,,passagers_invalides;
2,2024-01-28 01:21:47,2024-01-28 01:33:56,,3.22,,,45,246,0,-1.43,0.0,0.5,0.0,0.0,1.0,2.57,,,montant_invalide;passagers_invalides;
1,2024-01-11 19:06:50,2024-01-11 19:28:13,0.0,1.3,1.0,N,237,186,1,17.7,5.0,0.5,4.8,0.0,1.0,29.0,2.5,0.0,passagers_invalides;
1,2024-01-28 00:46:37,2024-01-28 00:57:28,,0.0,,,79,263,0,22.04,0.0,0.5,0.0,0.0,1.0,26.04,,,distance_invalide;passagers_invalides;
2,2024-01-13 16:01:43,2024-01-13 16:19:23,,3.17,,,239,164,0,24.75,0.0,0.5,2.88,0.0,1.0,31.63,,,passagers_invalides;
2,2024-01-26 20:21:34,2024-01-26 20:21:40,,0.0,,,116,116,0,41.16,0.0,0.5,0.0,0.0,1.0,42.66,,,distance_invalide;passagers_invalides;
1,2024-01-20 07:58:09,2024-01-20 08:03:34,0.0,0.8,1.0,N,238,239,1,7.2,2.5,0.5,2.2,0.0,1.0,13.4,2.5,0.0,passagers_invalides;
1,2024-01-18 21:22:40,2024-01-18 21:23:02,1.0,0.0,1.0,N,1,1,3,3.0,1.0,0.5,0.0,0.0,1.0,5.5,0.0,0.0,distance_invalide;
2,2024-01-02 18:12:04,2024-01-02 19:15:33,3.0,18.6,2.0,N,132,230,2,-70.0,-5.0,-0.5,0.0,-6.94,-1.0,-87.69,-2.5,-1.75,montant_invalide;
1,2024-01-07 14:48:15,2024-01-07 14:49:16,1.0,0.0,5.0,N,265,265,1,151.0,0.0,0.0,25.0,0.0,1.0,177.0,0.0,0.0,distance_invalide;
2,2024-01-02 09:50:11,2024-01-02 10:05:18,,1.57,,,233,161,0,11.93,0.0,0.5,3.19,0.0,1.0,19.12,,,passagers_invalides;
1,2024-01-05 15:30:42,2024-01-05 15:46:09,0.0,1.3,1.0,N,163,100,1,14.2,2.5,0.5,3.6,0.0,1.0,21.8,2.5,0.0,passagers_invalides;
2,2024-01-24 23:39:07,2024-01-24 23:39:16,1.0,0.0,5.0,N,265,265,4,577.96,0.0,0.0,0.0,0.0,1.0,578.96,0.0,0.0,distance_invalide;
2,2024-01-05 08:27:05,2024-01-05 08:44:00,,3.31,,,48,107,0,21.65,0.0,0.5,0.0,0.0,1.0,25.65,,,passagers_invalides;
1,2024-01-17 16:16:09,2024-01-17 16:16:20,2.0,0.0,2.0,N,132,132,1,70.0,6.75,0.5,17.0,6.94,1.0,102.19,0.0,1.75,distance_invalide;
1,2024-01-28 16:49:25,2024-01-28 16:58:47,,0.0,,,236,263,0,11.86,0.0,0.5,0.0,0.0,1.0,15.86,,,distance_invalide;passagers_invalides;
2,2024-01-17 08:13:49,2024-01-17 08:23:22,,1.91,,,209,13,0,16.12,0.0,0.5,0.0,0.0,1.0,20.12,,,passagers_invalides;
2,2024-01-17 15:29:04,2024-01-17 15:29:09,1.0,0.0,1.0,N,265,265,4,3.0,0.0,0.5,0.0,0.0,1.0,4.5,0.0,0.0,distance_invalide;
2,2024-01-10 20:05:07,2024-01-10 20:05:31,2.0,0.09,1.0,N,114,144,4,-3.0,-1.0,-0.5,0.0,0.0,-1.0,-8.0,-2.5,0.0,montant_invalide;
1,2024-01-29 00:02:28,2024-01-29 00:16:34,0.0,4.3,1.0,N,141,42,2,19.8,3.5,0.5,0.0,0.0,1.0,24.8,2.5,0.0,passagers_invalides;
1,2024-01-18 13:59:55,2024-01-18 14:27:49,0.0,1.9,1.0,N,186,161,2,22.6,2.5,0.5,0.0,0.0,1.0,26.6,2.5,0.0,passagers_invalides;
2,2024-01-10 20:28:02,2024-01-10 20:35:03,1.0,0.92,1.0,N,170,233,2,-8.6,-1.0,-0.5,0.0,0.0,-1.0,-13.6,-2.5,0.0,montant_invalide;
2,2024-01-02 07:49:15,2024-01-02 07:55:28,,1.36,,,263,74,0,9.24,0.0,0.5,0.0,0.0,1.0,13.24,,,passagers_invalides;
1,2024-01-11 15:43:57,2024-01-11 16:07:19,,3.0,,,239,164,0,21.9,0.0,0.5,3.89,0.0,1.0,29.79,,,passagers_invalides;
2,2024-01-06 20:24:18,2024-01-06 20:39:35,,2.02,,,232,231,0,14.53,0.0,0.5,0.0,0.0,1.0,18.53,,,passagers_invalides;
2,2024-01-14 23:16:23,2024-01-14 23:29:17,,3.22,,,231,50,0,15.95,0.0,0.5,0.0,0.0,1.0,19.95,,,passagers_invalides;
1,2024-01-20 23:01:44,2024-01-20 23:09:16,,0.7,,,79,114,0,8.6,1.0,0.5,0.0,0.0,1.0,13.6,,,passagers_invalides;
2,2024-01-24 08:35:12,2024-01-24 08:48:01,,2.09,,,238,50,0,18.74,0.0,0.5,3.41,0.0,1.0,26.15,,,passagers_invalides;
2,2024-01-26 23:39:55,2024-01-27 00:06:39,,7.21,,,163,228,0,53.69,0.0,0.5,12.93,6.94,1.0,77.56,,,passagers_invalides;
1,2024-01-23 16:45:24,2024-01-23 16:56:43,0.0,1.2,1.0,N,236,237,1,12.1,5.0,0.5,3.0,0.0,1.0,21.6,2.5,0.0,passagers_invalides;
2,2024-01-16 09:26:02,2024-01-16 09:49:25,,2.9,,,114,48,0,22.52,0.0,0.5,5.3,0.0,1.0,31.82,,,passagers_invalides;
2,2024-01-09 15:27:12,2024-01-09 15:39:31,2.0,1.23,1.0,N,90,161,3,-12.1,0.0,-0.5,0.0,0.0,-1.0,-16.1,-2.5,0.0,montant_invalide;
2,2024-01-24 20:40:19,2024-01-24 20:58:26,,6.67,,,261,170,0,27.76,0.0,0.5,0.0,0.0,1.0,31.76,,,passagers_invalides;
1,2024-01-30 22:43:27,2024-01-30 22:55:02,0.0,2.7,1.0,N,237,79,1,14.9,3.5,0.5,3.95,0.0,1.0,23.85,2.5,0.0,passagers_invalides;
2,2024-01-09 21:53:01,2024-01-09 21:56:15,,0.61,,,114,113,0,6.83,0.0,0.5,0.0,0.0,1.0,10.83,,,passagers_invalides;
1,2024-01-22 09:43:08,2024-01-22 09:55:00,,0.9,,,114,231,0,10.16,0.0,0.5,0.0,0.0,1.0,14.16,,,passagers_invalides;
2,2024-01-06 19:32:31,2024-01-06 19:55:59,,4.49,,,142,125,0,29.43,0.0,0.5,0.0,0.0,1.0,33.43,,,passagers_invalides;
2,2024-01-16 07:49:00,2024-01-16 08:15:00,,4.47,,,143,137,0,32.21,0.0,0.5,3.62,0.0,1.0,39.83,,,passagers_invalides;
2,2024-01-26 06:55:28,2024-01-26 07:20:01,,5.73,,,249,75,0,30.95,0.0,0.5,0.0,0.0,1.0,34.95,,,passagers_invalides;
2,2024-01-19 17:36:34,2024-01-19 18:00:22,1.0,0.0,1.0,N,261,161,1,19.1,2.5,0.5,5.12,0.0,1.0,30.72,2.5,0.0,distance_invalide;
2,2024-01-01 01:21:15,2024-01-01 01:42:50,,3.0,,,170,144,0,40.52,0.0,0.5,0.0,0.0,1.0,44.52,,,passagers_invalides;
2,2024-01-10 09:13:23,2024-01-10 09:24:58,,3.4,,,151,48,0,17.97,0.0,0.5,4.39,0.0,1.0,26.36,,,passagers_invalides;
2,2024-01-04 07:37:59,2024-01-04 08:28:58,,17.35,,,48,132,0,80.91,0.0,0.5,13.78,6.94,1.0,105.63,,,passagers_invalides;
1,2024-01-06 20:41:45,2024-01-06 20:57:43,,0.7,,,158,114,0,10.16,0.0,0.5,0.0,0.0,1.0,14.16,,,passagers_invalides;
1,2024-01-18 11:50:22,2024-01-18 11:56:01,,0.6,,,237,161,0,6.5,0.0,0.5,1.58,0.0,1.0,12.08,,,passagers_invalides;
2,2024-01-29 08:54:40,2024-01-29 08:57:23,,0.47,,,42,42,0,7.83,0.0,0.5,0.0,0.0,1.0,9.33,,,passagers_invalides;
1,2024-01-04 20:35:17,2024-01-04 20:50:19,,0.0,,,230,234,0,15.22,0.0,0.5,0.0,0.0,1.0,19.22,,,distance_invalide;passagers_invalides;
2,2024-01-20 19:44:24,2024-01-20 20:07:54,,6.91,,,244,230,0,33.81,0.0,0.5,0.0,0.0,1.0,37.81,,,passagers_invalides;
1,2024-01-30 23:40:22,2024-01-30 23:56:59,0.0,2.3,1.0,N,163,140,2,16.3,3.5,0.5,0.0,0.0,1.0,21.3,2.5,0.0,passagers_invalides;
2,2024-01-24 08:44:36,2024-01-24 08:44:58,3.0,0.0,3.0,N,107,107,2,23.0,0.0,0.0,0.0,0.0,1.0,24.0,0.0,0.0,distance_invalide;
2,2024-01-01 05:40:34,2024-01-01 05:49:33,,2.25,,,256,17,0,14.32,0.0,0.5,0.0,0.0,1.0,15.82,,,passagers_invalides;
1,2024-01-27 18:07:22,2024-01-27 18:17:36,0.0,0.9,1.0,N,234,158,1,10.0,2.5,0.5,2.8,0.0,1.0,16.8,2.5,0.0,passagers_invalides;
2,2024-01-20 14:20:27,2024-01-20 14:57:33,,16.89,,,107,1,0,77.23,0.0,0.0,19.67,21.0,1.0,118.9,,,passagers_invalides;
2,2024-01-16 02:52:04,2024-01-16 02:56:01,,0.82,,,68,164,0,11.58,0.0,0.5,3.12,0.0,1.0,18.7,,,passagers_invalides;
1,2024-01-21 09:04:38,2024-01-21 09:09:24,0.0,1.1,1.0,N,163,143,2,8.6,2.5,0.5,0.0,0.0,1.0,12.6,2.5,0.0,passagers_invalides;
2,2024-01-16 08:45:34,2024-01-16 08:48:27,1.0,0.0,1.0,N,226,226,1,4.4,0.0,0.5,1.0,0.0,1.0,6.9,0.0,0.0,distance_invalide;
1,2024-01-22 21:11:30,2024-01-22 21:17:21,0.0,0.6,1.0,N,237,237,1,7.2,3.5,0.5,2.4,0.0,1.0,14.6,2.5,0.0,passagers_invalides;
2,2024-01-18 17:37:30,2024-01-18 17:45:35,,1.44,,,140,236,0,9.5,0.0,0.5,0.0,0.0,1.0,13.5,,,passagers_invalides;
1,2024-01-12 22:42:17,2024-01-12 22:53:28,,0.0,,,237,48,0,13.21,0.0,0.5,0.0,0.0,1.0,17.21,,,distance_invalide;passagers_invalides;
2,2024-01-01 09:06:07,2024-01-01 09:34:14,,19.35,,,87,132,0,65.59,0.0,0.5,2.0,0.0,1.0,71.59,,,passagers_invalides;
2,2024-01-27 00:55:33,2024-01-27 01:00:52,1.0,1.11,1.0,N,68,68,4,-7.9,-1.0,-0.5,0.0,0.0,-1.0,-12.9,-2.5,0.0,montant_invalide;
2,2024-01-20 12:25:54,2024-01-20 12:38:12,2.0,4.53,2.0,N,260,137,2,-70.0,0.0,-0.5,0.0,-8.94,-1.0,-82.94,-2.5,0.0,montant_invalide;
2,2024-01-21 14:56:07,2024-01-21 15:03:22,1.0,1.2,1.0,N,164,114,4,-8.6,0.0,-0.5,0.0,0.0,-1.0,-12.6,-2.5,0.0,montant_invalide;
2,2024-01-14 22:56:32,2024-01-14 23:16:25,,5.01,,,68,236,0,24.92,0.0,0.5,0.0,0.0,1.0,28.92,,,passagers_invalides;
2,2024-01-10 22:01:19,2024-01-10 22:32:50,,12.89,,,237,242,0,42.28,0.0,0.5,6.94,0.0,1.0,53.22,,,passagers_invalides;
1,2024-01-25 18:35:40,2024-01-25 18:56:08,0.0,2.5,1.0,N,237,48,1,19.1,5.0,0.5,3.0,0.0,1.0,28.6,2.5,0.0,passagers_invalides;
1,2024-01-20 16:56:22,2024-01-20 17:11:30,0.0,1.9,1.0,N,79,186,1,12.8,2.5,0.5,1.0,0.0,1.0,17.8,2.5,0.0,passagers_invalides;
2,2024-01-01 04:34:37,2024-01-01 04:35:27,1.0,0.01,1.0,N,186,186,4,-3.0,-1.0,-0.5,0.0,0.0,-1.0,-8.0,-2.5,0.0,montant_invalide;
2,2024-01-10 22:31:17,2024-01-10 22:40:50,,1.75,,,164,158,0,10.26,0.0,0.5,0.0,0.0,1.0,14.26,,,passagers_invalides;
2,2024-01-27 12:41:36,2024-01-27 12:42:07,1.0,0.0,1.0,N,70,70,2,3.0,0.0,0.5,0.0,0.0,1.0,4.5,0.0,0.0,distance_invalide;
1,2024-01-17 14:40:30,2024-01-17 14:42:07,1.0,0.0,5.0,N,132,132,1,80.0,0.0,0.0,20.25,0.0,1.0,101.25,0.0,0.0,distance_invalide;
1,2024-01-15 06:13:18,2024-01-15 06:27:02,,0.0,,,74,100,0,25.67,0.0,0.5,0.0,0.0,1.0,29.67,,,distance_invalide;passagers_invalides;
2,2024-01-17 17:46:32,2024-01-17 18:07:45,,2.59,,,161,238,0,19.75,0.0,0.5,0.0,0.0,1.0,23.75,,,passagers_invalides;
2,2024-01-06 00:15:56,2024-01-06 00:16:05,2.0,0.01,2.0,N,107,107,2,-70.0,0.0,-0.5,0.0,0.0,-1.0,-74.0,-2.5,0.0,montant_invalide;
2,2024-01-28 01:30:42,2024-01-28 01:50:32,,3.49,,,186,232,0,23.61,0.0,0.5,0.0,0.0,1.0,27.61,,,passagers_invalides;
2,2024-01-08 02:00:36,2024-01-08 02:12:26,,2.38,,,50,141,0,15.07,0.0,0.5,3.81,0.0,1.0,22.88,,,passagers_invalides;
2,2024-01-25 22:29:42,2024-01-25 22:52:16,,4.35,,,249,239,0,32.23,0.0,0.5,1.81,0.0,1.0,38.04,,,passagers_invalides;
1,2024-01-09 07:25:38,2024-01-09 08:28:55,0.0,17.1,2.0,N,132,237,1,70.0,4.25,0.5,10.0,0.0,1.0,85.75,2.5,1.75,passagers_invalides;
1,2024-01-18 17:29:58,2024-01-18 17:50:02,,0.0,,,68,114,0,20.5,0.0,0.5,0.0,0.0,1.0,24.5,,,distance_invalide;passagers_invalides;
1,2024-01-18 20:57:50,2024-01-18 21:04:22,0.0,1.2,1.0,N,48,143,1,7.9,3.5,0.5,3.2,0.0,1.0,16.1,2.5,0.0,passagers_invalides;
2,2024-01-19 04:17:53,2024-01-19 04:17:57,1.0,0.0,1.0,N,132,132,4,3.0,1.0,0.5,0.0,0.0,1.0,5.5,0.0,0.0,distance_invalide;
2,2024-01-14 12:55:08,2024-01-14 13:03:50,,0.89,,,141,161,0,7.5,0.0,0.5,0.0,0.0,1.0,11.5,,,passagers_invalides;
1,2024-01-25 11:44:08,2024-01-25 12:00:50,,0.0,,,170,88,0,26.55,0.0,0.5,0.0,0.0,1.0,30.55,,,distance_invalide;passagers_invalides;
1,2024-01-13 15:42:43,2024-01-13 15:42:58,1.0,0.0,1.0,N,132,132,3,3.0,1.75,0.5,0.0,0.0,1.0,6.25,0.0,1.75,distance_invalide;
1,2024-01-28 13:59:55,2024-01-28 14:15:31,,1.4,,,186,233,0,12.1,0.0,0.5,2.42,0.0,1.0,18.52,,,passagers_invalides;
1,2024-01-30 22:06:29,2024-01-30 22:22:11,0.0,2.0,1.0,N,161,107,1,15.6,3.5,0.5,0.0,0.0,1.0,20.6,2.5,0.0,passagers_invalides;
2,2024-01-28 10:57:57,2024-01-28 11:04:52,,1.56,,,100,142,0,9.9,0.0,0.5,0.0,0.0,1.0,13.9,,,passagers_invalides;
2,2024-01-06 23:33:18,2024-01-06 23:55:43,,7.85,,,114,166,0,32.68,0.0,0.5,0.0,0.0,1.0,36.68,,,passagers_invalides;
2,2024-01-07 18:13:52,2024-01-07 18:45:23,2.0,14.74,1.0,N,132,37,4,-57.6,0.0,-0.5,0.0,0.0,-1.0,-60.85,0.0,-1.75,montant_invalide;
1,2024-01-23 10:49:18,2024-01-23 10:53:40,0.0,0.5,1.0,N,263,236,1,6.5,2.5,0.5,2.1,0.0,1.0,12.6,2.5,0.0,passagers_invalides;
2,2024-01-20 23:50:22,2024-01-21 00:02:09,,1.67,,,234,233,0,16.21,0.0,0.5,0.0,0.0,1.0,20.21,,,passagers_invalides;
1,2024-01-30 18:10:30,2024-01-30 18:21:38,0.0,1.7,1.0,N,158,234,1,12.1,5.0,0.5,3.72,0.0,1.0,22.32,2.5,0.0,passagers_invalides;
1,2024-01-14 16:29:44,2024-01-14 16:35:51,,0.9,,,137,107,0,10.16,0.0,0.5,0.0,0.0,1.0,14.16,,,passagers_invalides;
2,2024-01-01 00:31:58,2024-01-01 00:56:27,,4.34,,,144,237,0,2.99,0.0,0.5,0.0,0.0,1.0,6.99,,,passagers_invalides;
2,2024-01-22 12:51:26,2024-01-22 13:08:16,2.0,3.05,1.0,N,261,164,3,-18.4,0.0,-0.5,0.0,0.0,-1.0,-22.4,-2.5,0.0,montant_invalide;
1,2024-01-06 14:49:10,2024-01-06 14:50:29,2.0,0.0,5.0,N,260,260,2,2.0,0.0,0.0,0.0,0.0,1.0,3.0,0.0,0.0,distance_invalide;
1,2024-01-07 02:13:54,2024-01-07 02:20:08,0.0,1.0,1.0,N,163,229,1,7.9,3.5,0.5,2.55,0.0,1.0,15.45,2.5,0.0,passagers_invalides;
2,2024-01-17 22:13:00,2024-01-17 22:23:55,,1.07,,,48,186,0,11.75,0.0,0.5,0.0,0.0,1.0,15.75,,,passagers_invalides;
2,2024-01-09 21:50:26,2024-01-09 22:02:19,,1.35,,,230,229,0,16.8,0.0,0.5,0.0,0.0,1.0,20.8,,,passagers_invalides;
2,2024-01-24 16:17:14,2024-01-24 16:28:14,1.0,1.12,1.0,N,162,186,4,-10.7,-2.5,-0.5,0.0,0.0,-1.0,-17.2,-2.5,0.0,montant_invalide;
2,2024-01-09 18:14:03,2024-01-09 18:27:03,,1.9,,,231,90,0,15.82,0.0,0.5,0.0,0.0,1.0,19.82,,,passagers_invalides;
2,2024-01-01 03:51:12,2024-01-01 04:15:08,,6.59,,,80,263,0,51.32,0.0,0.5,0.0,0.0,1.0,55.32,,,passagers_invalides;
2,2024-01-20 23:44:10,2024-01-20 23:44:15,1.0,0.0,2.0,N,79,79,4,-70.0,0.0,-0.5,0.0,0.0,-1.0,-74.0,-2.5,0.0,distance_invalide;montant_invalide;
2,2024-01-11 15:08:34,2024-01-11 15:21:53,,1.15,,,238,238,0,-3.0,0.0,0.5,0.0,0.0,1.0,1.0,,,montant_invalide;passagers_invalides;
2,2024-01-01 15:56:31,2024-01-01 16:09:18,,2.02,,,141,161,0,13.33,0.0,0.5,0.0,0.0,1.0,17.33,,,passagers_invalides;
2,2024-01-27 01:52:29,2024-01-27 02:03:05,,1.72,,,113,90,0,10.69,0.0,0.5,0.0,0.0,1.0,14.69,,,passagers_invalides;
2,2024-01-28 14:11:00,2024-01-28 14:32:13,1.0,4.02,1.0,N,249,236,4,-22.6,0.0,-0.5,0.0,0.0,-1.0,-26.6,-2.5,0.0,montant_invalide;
2,2024-01-12 16:58:00,2024-01-12 17:26:00,,4.32,,,125,189,0,34.69,0.0,0.5,9.67,0.0,1.0,48.36,,,passagers_invalides;
2,2024-01-14 23:19:48,2024-01-14 23:27:22,,0.68,,,148,4,0,8.58,0.0,0.5,0.0,0.0,1.0,12.58,,,passagers_invalides;
2,2024-01-08 23:04:06,2024-01-08 23:23:09,,8.1,,,161,95,0,23.64,0.0,0.5,8.02,6.94,1.0,42.6,,,passagers_invalides;
2,2024-01-28 17:47:57,2024-01-28 18:10:12,,2.97,,,113,48,0,27.39,0.0,0.5,6.28,0.0,1.0,37.67,,,passagers_invalides;
2,2024-01-27 15:43:14,2024-01-27 15:43:19,1.0,0.0,2.0,N,186,186,2,70.0,0.0,0.5,0.0,0.0,1.0,74.0,2.5,0.0,distance_invalide;
2,2024-01-20 22:27:12,2024-01-20 22:40:05,,0.54,,,230,48,0,9.08,0.0,0.5,0.0,0.0,1.0,13.08,,,passagers_invalides;
2,2024-01-13 19:08:05,2024-01-13 19:16:44,2.0,0.0,1.0,N,141,262,1,8.6,1.0,0.5,2.72,0.0,1.0,16.32,2.5,0.0,distance_invalide;
2,2024-01-01 05:04:19,2024-01-01 05:26:35,,5.2,,,80,107,0,24.53,0.0,0.5,0.0,0.0,1.0,28.53,,,passagers_invalides;
1,2024-01-16 18:35:22,2024-01-16 18:54:28,0.0,8.7,1.0,N,138,162,1,35.2,11.75,0.5,11.0,6.55,1.0,66.0,2.5,1.75,passagers_invalides;
2,2024-01-14 04:13:56,2024-01-14 04:24:55,,2.41,,,50,249,0,15.54,0.0,0.5,0.0,0.0,1.0,19.54,,,passagers_invalides;
2,2024-01-12 21:57:56,2024-01-12 22:33:30,1.0,19.46,2.0,N,132,263,3,-70.0,0.0,-0.5,0.0,-6.94,-1.0,-82.69,-2.5,-1.75,montant_invalide;
2,2024-01-18 22:31:21,2024-01-18 22:38:23,,1.55,,,41,152,0,11.21,0.0,0.5,0.0,0.0,1.0,12.71,,,passagers_invalides;
2,2024-01-20 23:15:45,2024-01-20 23:35:44,,5.51,,,135,205,0,22.55,0.0,0.5,0.0,0.0,1.0,24.05,,,passagers_invalides;
2,2024-01-17 20:07:57,2024-01-17 20:08:02,1.0,0.0,5.0,N,90,90,1,87.0,0.0,0.0,18.1,0.0,1.0,108.6,2.5,0.0,distance_invalide;
2,2024-01-11 21:17:32,2024-01-11 21:37:57,,4.88,,,13,232,0,16.37,0.0,0.5,0.0,0.0,1.0,20.37,,,passagers_invalides;
1,2024-01-29 21:16:14,2024-01-29 21:24:40,,1.5,,,163,239,0,9.3,1.0,0.5,2.86,0.0,1.0,17.16,,,passagers_invalides;
1,2024-01-17 06:23:58,2024-01-17 06:30:33,,0.0,,,262,140,0,9.82,0.0,0.5,0.0,0.0,1.0,13.82,,,distance_invalide;passagers_invalides;
2,2024-01-20 23:42:41,2024-01-20 23:52:41,,0.84,,,148,114,0,13.69,0.0,0.5,0.0,0.0,1.0,17.69,,,passagers_invalides;
1,2024-01-15 15:45:11,2024-01-15 15:50:31,0.0,1.0,1.0,N,186,50,1,7.2,2.5,0.5,2.75,0.0,1.0,13.95,2.5,0.0,passagers_invalides;
1,2024-01-19 23:42:30,2024-01-19 23:46:37,0.0,0.6,1.0,N,114,79,1,5.8,3.5,0.5,0.0,0.0,1.0,10.8,2.5,0.0,passagers_invalides;
2,2024-01-06 19:22:58,2024-01-06 19:33:36,,1.37,,,142,100,0,13.25,0.0,0.5,0.0,0.0,1.0,17.25,,,passagers_invalides;
1,2024-01-20 14:08:14,2024-01-20 14:11:46,0.0,0.5,1.0,N,236,236,1,5.8,2.5,0.5,1.96,0.0,1.0,11.76,2.5,0.0,passagers_invalides;
1,2024-01-20 22:43:24,2024-01-20 23:09:06,,4.3,,,231,237,0,38.64,0.0,0.5,0.0,0.0,1.0,42.64,,,passagers_invalides;
1,2024-01-25 03:00:12,2024-01-25 03:17:31,,6.8,,,144,228,0,26.83,0.0,0.5,0.0,0.0,1.0,30.83,,,passagers_invalides;
1,2024-01-04 07:12:33,2024-01-04 07:30:12,,0.0,,,248,262,0,33.0,0.0,0.5,1.85,0.0,1.0,40.85,,,distance_invalide;passagers_invalides;
1,2024-01-24 11:40:07,2024-01-24 11:51:07,,1.6,,,143,50,0,10.7,0.0,0.5,2.2,0.0,1.0,16.9,,,passagers_invalides;
2,2024-01-04 16:58:43,2024-01-04 17:40:04,,5.2,,,100,166,0,36.86,0.0,0.5,8.17,0.0,1.0,49.03,,,passagers_invalides;
1,2024-01-13 22:31:30,2024-01-13 22:48:00,,0.0,,,141,211,0,26.96,0.0,0.5,0.0,0.0,1.0,30.96,,,distance_invalide;passagers_invalides;
1,2024-01-10 05:18:56,2024-01-10 05:39:56,1.0,0.0,1.0,N,42,45,1,35.5,0.0,0.5,0.0,0.0,1.0,37.0,0.0,0.0,distance_invalide;
1,2024-01-31 19:53:16,2024-01-31 20:01:31,,1.2,,,151,239,0,10.0,2.5,0.5,3.3,0.0,1.0,19.8,,,passagers_invalides;
1,2024-01-18 23:02:22,2024-01-18 23:05:24,2.0,0.0,1.0,N,140,141,1,5.1,3.5,0.5,2.0,0.0,1.0,12.1,2.5,0.0,distance_invalide;
2,2024-01-14 21:08:49,2024-01-14 21:19:48,,4.0,,,239,166,0,16.36,0.0,0.5,4.07,0.0,1.0,24.43,,,passagers_invalides;
1,2024-01-07 21:00:38,2024-01-07 21:27:19,0.0,4.7,1.0,Y,239,233,1,26.8,3.5,0.5,0.0,0.0,1.0,31.8,2.5,0.0,passagers_invalides;
1,2024-01-26 23:47:03,2024-01-26 23:59:54,,2.2,,,151,142,0,14.9,1.0,0.5,1.99,0.0,1.0,21.89,,,passagers_invalides;
2,2024-01-22 09:31:20,2024-01-22 09:58:12,1.0,3.91,1.0,N,262,41,3,-26.8,0.0,-0.5,6.16,0.0,-1.0,-24.64,-2.5,0.0,montant_invalide;
2,2024-01-11 19:46:39,2024-01-11 19:47:04,1.0,0.08,1.0,N,144,144,4,-3.0,-2.5,-0.5,0.0,0.0,-1.0,-9.5,-2.5,0.0,montant_invalide;
2,2024-01-04 23:23:19,2024-01-04 23:40:07,2.0,2.8,1.0,N,234,50,3,-17.7,-1.0,-0.5,0.0,0.0,-1.0,-22.7,-2.5,0.0,montant_invalide;
2,2024-01-01 00:31:43,2024-01-01 00:56:28,,2.76,,,113,163,0,28.23,0.0,0.5,0.0,0.0,1.0,32.23,,,passagers_invalides;
2,2024-01-16 17:15:20,2024-01-16 17:39:00,,4.61,,,230,231,0,26.3,0.0,0.5,0.0,0.0,1.0,30.3,,,passagers_invalides;
2,2024-01-14 00:09:19,2024-01-14 00:31:01,,3.3,,,158,229,0,22.81,0.0,0.5,0.0,0.0,1.0,26.81,,,passagers_invalides;
2,2024-01-20 20:10:25,2024-01-20 20:21:57,,2.76,,,239,75,0,15.39,0.0,0.5,0.0,0.0,1.0,19.39,,,passagers_invalides;
2,2024-01-13 02:43:05,2024-01-13 02:55:30,,1.42,,,79,45,0,11.49,0.0,0.5,0.0,0.0,1.0,15.49,,,passagers_invalides;
2,2024-01-06 15:37:33,2024-01-06 15:46:46,2.0,0.0,1.0,N,100,68,2,9.3,0.0,0.5,0.0,0.0,1.0,13.3,2.5,0.0,distance_invalide;
2,2024-01-18 08:52:03,2024-01-18 09:27:29,,8.05,,,263,13,0,47.74,0.0,0.5,10.35,0.0,1.0,62.09,,,passagers_invalides;
2,2024-01-23 21:45:35,2024-01-23 22:00:50,,4.89,,,234,87,0,0.79,0.0,0.5,0.0,0.0,1.0,4.79,,,passagers_invalides;
2,2024-01-04 14:49:27,2024-01-04 14:49:35,2.0,0.0,1.0,N,132,132,4,3.0,0.0,0.5,0.0,0.0,1.0,6.25,0.0,1.75,distance_invalide;
2,2024-01-10 07:41:15,2024-01-10 08:21:34,,15.22,,,133,138,0,64.22,0.0,0.5,13.14,0.0,1.0,78.86,,,passagers_invalides;
2,2024-01-22 21:15:48,2024-01-22 21:15:57,3.0,0.0,5.0,N,164,164,1,85.0,0.0,0.0,17.2,0.0,1.0,103.2,0.0,0.0,distance_invalide;
2,2024-01-16 14:09:51,2024-01-16 14:10:00,1.0,0.0,5.0,N,244,244,4,-13.0,0.0,0.0,0.0,0.0,-1.0,-14.0,0.0,0.0,distance_invalide;montant_invalide;
2,2024-01-01 15:37:25,2024-01-01 15:42:56,1.0,0.76,1.0,N,249,158,4,-7.2,0.0,-0.5,0.0,0.0,-1.0,-11.2,-2.5,0.0,montant_invalide;
1,2024-01-26 14:15:35,2024-01-26 14:26:55,,1.0,,,43,237,0,11.4,0.0,0.5,2.31,0.0,1.0,17.71,,,passagers_invalides;
1,2024-01-02 16:59:59,2024-01-02 17:07:00,0.0,1.2,1.0,N,79,234,2,8.6,5.0,0.5,0.0,0.0,1.0,15.1,2.5,0.0,passagers_invalides;
1,2024-01-15 01:30:34,2024-01-15 01:50:07,,5.4,,,74,146,0,21.91,0.0,0.5,0.0,0.0,1.0,25.91,,,passagers_invalides;
1,2024-01-20 15:10:48,2024-01-20 15:18:35,0.0,1.4,1.0,N,239,143,1,9.3,2.5,0.5,2.65,0.0,1.0,15.95,2.5,0.0,passagers_invalides;
2,2024-01-17 00:16:04,2024-01-17 00:16:10,2.0,0.0,2.0,N,142,142,1,70.0,0.0,0.5,14.8,0.0,1.0,88.8,2.5,0.0,distance_invalide;
2,2024-01-04 23:05:33,2024-01-04 23:10:20,1.0,1.73,1.0,N,79,233,4,-8.6,-1.0,-0.5,0.0,0.0,-1.0,-13.6,-2.5,0.0,montant_invalide;
1,2024-01-04 15:37:29,2024-01-04 15:51:53,,1.4,,,90,230,0,10.99,0.0,0.5,0.0,0.0,1.0,14.99,,,passagers_invalides;
2,2024-01-02 09:03:45,2024-01-02 09:03:59,1.0,0.02,2.0,N,132,132,4,-70.0,0.0,-0.5,0.0,0.0,-1.0,-73.25,0.0,-1.75,montant_invalide;
2,2024-01-23 17:12:53,2024-01-23 17:36:41,1.0,6.53,1.0,N,132,130,3,-30.3,-2.5,-0.5,0.0,0.0,-1.0,-36.05,0.0,-1.75,montant_invalide;
1,2024-01-03 13:39:41,2024-01-03 14:26:53,0.0,18.1,2.0,N,230,132,1,70.0,2.5,0.5,5.0,6.94,1.0,85.94,2.5,0.0,passagers_invalides;
1,2024-01-12 21:55:49,2024-01-12 22:26:58,0.0,11.5,1.0,N,138,230,2,48.5,10.25,0.5,0.0,6.94,1.0,67.19,2.5,1.75,passagers_invalides;
2,2024-01-25 17:40:51,2024-01-25 17:48:54,,0.94,,,140,229,0,9.13,0.0,0.5,0.0,0.0,1.0,13.13,,,passagers_invalides;
2,2024-01-26 00:43:43,2024-01-26 00:51:10,1.0,1.08,1.0,N,48,162,4,-8.6,-1.0,-0.5,0.0,0.0,-1.0,-13.6,-2.5,0.0,montant_invalide;
2,2024-01-13 19:14:12,2024-01-13 19:46:21,,5.21,,,263,114,0,28.5,0.0,0.5,0.0,0.0,1.0,32.5,,,passagers_invalides;
1,2024-01-29 19:09:22,2024-01-29 19:15:25,0.0,0.7,1.0,N,162,161,1,6.5,5.0,0.5,3.25,0.0,1.0,16.25,2.5,0.0,passagers_invalides;
2,2024-01-27 22:26:52,2024-01-27 22:42:32,,2.33,,,158,170,0,20.2,0.0,0.5,0.0,0.0,1.0,24.2,,,passagers_invalides;
1,2024-01-24 11:07:41,2024-01-24 11:43:57,,4.1,,,186,140,0,26.8,0.0,0.5,4.62,0.0,1.0,35.42,,,passagers_invalides;
2,2024-01-10 16:26:17,2024-01-10 17:23:02,1.0,15.34,2.0,N,233,132,4,-70.0,-5.0,-0.5,0.0,-6.94,-1.0,-85.94,-2.5,0.0,montant_invalide;
2,2024-01-08 17:51:06,2024-01-08 18:14:42,1.0,10.02,1.0,N,138,162,4,-41.5,-7.5,-0.5,11.99,-6.94,-1.0,-49.7,-2.5,-1.75,montant_invalide;
2,2024-01-08 03:48:37,2024-01-08 04:00:49,1.0,6.3,1.0,N,132,130,3,-26.8,-1.0,-0.5,0.0,0.0,-1.0,-31.05,0.0,-1.75,montant_invalide;
2,2024-01-17 22:15:50,2024-01-17 22:23:52,,1.21,,,230,233,0,0.33,0.0,0.5,0.0,0.0,1.0,4.33,,,passagers_invalides;
2,2024-01-05 09:53:08,2024-01-05 09:53:16,1.0,0.01,1.0,N,143,143,4,-3.0,0.0,-0.5,0.0,0.0,-1.0,-7.0,-2.5,0.0,montant_invalide;
1,2024-01-15 09:03:57,2024-01-15 09:21:51,0.0,5.6,1.0,N,186,87,1,26.1,2.5,0.5,6.0,0.0,1.0,36.1,2.5,0.0,passagers_invalides;
1,2024-01-28 14:22:03,2024-01-28 14:26:52,,0.0,,,142,48,0,6.83,0.0,0.5,0.0,0.0,1.0,10.83,,,distance_invalide;passagers_invalides;
1,2024-01-31 08:29:26,2024-01-31 08:40:15,,0.0,,,234,79,0,11.27,0.0,0.5,0.0,0.0,1.0,15.27,,,distance_invalide;passagers_invalides;
2,2024-01-08 16:13:39,2024-01-08 16:32:31,,3.14,,,112,229,0,22.19,0.0,0.5,8.28,6.94,1.0,41.41,,,passagers_invalides;
2,2024-01-29 11:13:22,2024-01-29 11:27:27,1.0,2.2,1.0,N,161,114,4,-14.2,0.0,-0.5,0.0,0.0,-1.0,-18.2,-2.5,0.0,montant_invalide;
1,2024-01-20 23:23:14,2024-01-20 23:45:24,,7.4,,,70,140,0,31.0,7.75,0.5,5.0,0.0,1.0,47.75,,,passagers_invalides;
2,2024-01-13 23:39:46,2024-01-13 23:53:18,,2.0,,,79,261,0,16.94,0.0,0.5,3.77,0.0,1.0,24.71,,,passagers_invalides;
2,2024-01-14 13:48:17,2024-01-14 13:56:35,,1.23,,,151,239,0,9.55,0.0,0.5,0.0,0.0,1.0,13.55,,,passagers_invalides;
2,2024-01-07 20:06:50,2024-01-07 20:30:02,,5.51,,,7,107,0,33.58,0.0,0.5,5.64,0.0,1.0,43.22,,,passagers_invalides;
2,2024-01-01 06:08:08,2024-01-01 06:17:39,,1.36,,,82,82,0,8.89,0.0,0.5,0.0,0.0,1.0,10.39,,,passagers_invalides;
2,2024-01-23 14:57:48,2024-01-23 15:12:38,1.0,7.13,1.0,N,132,135,4,-28.2,0.0,-0.5,0.0,0.0,-1.0,-31.45,0.0,-1.75,montant_invalide;
2,2024-01-11 22:21:25,2024-01-11 22:26:53,,0.66,,,186,107,0,6.83,0.0,0.5,0.0,0.0,1.0,10.83,,,passagers_invalides;
2,2024-01-19 20:55:38,2024-01-19 21:07:51,1.0,1.24,1.0,N,246,230,4,-12.1,-1.0,-0.5,0.0,0.0,-1.0,-17.1,-2.5,0.0,montant_invalide;
2,2024-01-01 03:58:21,2024-01-01 04:01:48,1.0,1.03,1.0,N,90,230,2,-6.5,-1.0,-0.5,0.0,0.0,-1.0,-11.5,-2.5,0.0,montant_invalide;
1,2024-01-05 17:29:55,2024-01-05 17:36:22,0.0,1.5,1.0,N,237,236,1,10.0,5.0,0.5,3.3,0.0,1.0,19.8,2.5,0.0,passagers_invalides;
1,2024-01-25 08:21:50,2024-01-25 08:30:30,0.0,1.3,1.0,N,234,230,2,10.0,2.5,0.5,0.0,0.0,1.0,14.0,2.5,0.0,passagers_invalides;
2,2024-01-01 07:19:07,2024-01-01 07:29:38,,3.02,,,232,233,0,12.64,0.0,0.5,0.0,0.0,1.0,16.64,,,passagers_invalides;
2,2024-01-01 04:37:53,2024-01-01 04:50:30,,1.88,,,164,163,0,10.89,0.0,0.5,0.0,0.0,1.0,14.89,,,passagers_invalides;
2,2024-01-27 13:35:07,2024-01-27 13:43:41,,1.41,,,143,50,0,12.53,0.0,0.5,3.31,0.0,1.0,19.84,,,passagers_invalides;
2,2024-01-20 19:56:51,2024-01-20 20:36:07,,3.17,,,68,79,0,24.01,0.0,0.5,0.0,0.0,1.0,28.01,,,passagers_invalides;
2,2024-01-25 17:52:23,2024-01-25 18:11:37,,2.53,,,13,79,0,20.13,0.0,0.5,0.0,0.0,1.0,24.13,,,passagers_invalides;
2,2024-01-03 19:16:53,2024-01-03 19:27:10,4.0,2.29,1.0,N,158,186,4,-13.5,-2.5,-0.5,0.0,0.0,-1.0,-20.0,-2.5,0.0,montant_invalide;
2,2024-01-18 20:54:25,2024-01-18 21:09:43,,2.58,,,163,224,0,16.86,0.0,0.5,0.0,0.0,1.0,20.86,,,passagers_invalides;
1,2024-01-29 07:51:55,2024-01-29 08:11:14,,2.8,,,224,237,0,18.81,0.0,0.5,0.0,0.0,1.0,22.81,,,passagers_invalides;
2,2024-01-09 22:07:13,2024-01-09 22:17:56,,1.46,,,48,229,0,-2.0,0.0,0.5,0.0,0.0,1.0,2.0,,,montant_invalide;passagers_invalides;
2,2024-01-31 05:05:10,2024-01-31 05:30:01,,16.15,,,170,132,0,58.43,0.0,0.5,2.0,6.94,1.0,71.37,,,passagers_invalides;
1,2024-01-12 19:19:07,2024-01-12 19:41:49,0.0,2.8,1.0,N,68,163,2,21.2,5.0,0.5,0.0,0.0,1.0,27.7,2.5,0.0,passagers_invalides;
2,2024-01-19 20:01:57,2024-01-19 20:02:03,1.0,0.0,5.0,N,50,50,1,24.4,0.0,0.0,5.58,0.0,1.0,33.48,2.5,0.0,distance_invalide;
2,2024-01-08 15:37:17,2024-01-08 16:13:46,,18.2,,,170,1,0,76.73,0.0,0.0,17.87,15.75,1.0,111.35,,,passagers_invalides;
2,2024-01-21 10:59:24,2024-01-21 11:00:15,1.0,0.0,1.0,N,264,264,2,3.0,0.0,0.5,0.0,0.0,1.0,4.5,0.0,0.0,distance_invalide;
2,2024-01-29 17:52:33,2024-01-29 18:02:43,,1.39,,,162,141,0,11.03,0.0,0.5,0.0,0.0,1.0,15.03,,,passagers_invalides;
1,2024-01-27 13:49:05,2024-01-27 13:53:43,0.0,1.0,1.0,N,236,239,1,7.2,2.5,0.5,2.2,0.0,1.0,13.4,2.5,0.0,passagers_invalides;
2,2024-01-01 11:27:07,2024-01-01 11:31:22,,1.06,,,74,75,0,8.08,0.0,0.5,0.0,0.0,1.0,9.58,,,passagers_invalides;
2,2024-01-09 14:54:00,2024-01-09 15:01:00,,0.85,,,239,239,0,11.74,0.0,0.5,3.15,0.0,1.0,18.89,,,passagers_invalides;
2,2024-01-28 10:09:22,2024-01-28 10:14:02,,0.86,,,231,45,0,16.6,0.0,0.5,2.06,0.0,1.0,22.66,,,passagers_invalides;
2,2024-01-19 12:05:54,2024-01-19 12:28:51,1.0,5.04,1.0,N,140,42,4,-27.5,0.0,-0.5,0.0,0.0,-1.0,-31.5,-2.5,0.0,montant_invalide;
1,2024-01-17 09:12:07,2024-01-17 09:28:32,,3.2,,,186,13,0,19.1,0.0,0.5,3.47,0.0,1.0,26.57,,,passagers_invalides;
2,2024-01-27 14:48:55,2024-01-27 15:09:23,1.0,0.89,1.0,N,164,246,4,-17.0,0.0,-0.5,0.0,0.0,-1.0,-21.0,-2.5,0.0,montant_invalide;
1,2024-01-12 07:38:05,2024-01-12 07:40:45,,0.0,,,14,14,0,11.08,0.0,0.5,0.0,0.0,1.0,12.58,,,distance_invalide;passagers_invalides;
2,2024-01-26 10:54:49,2024-01-26 10:58:54,1.0,0.73,1.0,N,170,107,2,-6.5,0.0,-0.5,0.0,0.0,-1.0,-10.5,-2.5,0.0,montant_invalide;
2,2024-01-28 03:50:15,2024-01-28 03:50:37,1.0,0.0,5.0,N,231,231,1,11.11,0.0,0.0,2.0,0.0,1.0,16.61,2.5,0.0,distance_invalide;
2,2024-01-16 10:36:00,2024-01-16 11:00:00,,2.91,,,140,239,0,22.92,0.0,0.5,2.0,0.0,1.0,28.92,,,passagers_invalides;
1,2024-01-31 21:43:34,2024-01-31 22:03:42,,10.3,,,100,220,0,40.1,1.0,0.5,7.24,3.18,1.0,55.52,,,passagers_invalides;
2,2024-01-09 19:26:37,2024-01-09 19:27:35,,0.13,,,246,246,0,7.2,0.0,0.5,0.0,0.0,1.0,11.2,,,passagers_invalides;
2,2024-01-08 00:39:13,2024-01-08 00:59:14,,7.85,,,121,101,0,22.42,0.0,0.5,0.0,0.0,1.0,23.92,,,passagers_invalides;
2,2024-01-13 16:42:35,2024-01-13 16:50:36,1.0,0.7,1.0,N,162,230,2,-7.9,0.0,-0.5,0.0,0.0,-1.0,-11.9,-2.5,0.0,montant_invalide;
2,2024-01-09 15:20:48,2024-01-09 15:29:42,,1.01,,,263,236,0,8.92,0.0,0.5,0.0,0.0,1.0,12.92,,,passagers_invalides;
2,2024-01-22 04:32:32,2024-01-22 05:01:06,,8.27,,,61,68,0,-2.0,0.0,0.5,0.0,0.0,1.0,2.0,,,montant_invalide;passagers_invalides;
2,2024-01-07 00:47:13,2024-01-07 00:50:51,3.0,0.53,1.0,N,79,79,4,-5.8,-1.0,-0.5,0.0,0.0,-1.0,-10.8,-2.5,0.0,montant_invalide;
2,2024-01-03 08:47:23,2024-01-03 08:55:09,1.0,4.06,1.0,N,132,216,4,-17.7,0.0,-0.5,0.0,0.0,-1.0,-20.95,0.0,-1.75,montant_invalide;
2,2024-01-17 06:28:42,2024-01-17 06:45:01,,2.68,,,50,137,0,15.51,0.0,0.5,0.0,0.0,1.0,19.51,,,passagers_invalides;
1,2024-01-19 18:39:45,2024-01-19 18:59:37,,0.0,,,173,131,0,23.47,0.0,0.5,0.0,0.0,1.0,24.97,,,distance_invalide;passagers_invalides;
2,2024-01-23 18:22:49,2024-01-23 18:38:49,,2.14,,,262,238,0,14.88,0.0,0.5,0.0,0.0,1.0,18.88,,,passagers_invalides;
2,2024-01-21 06:35:22,2024-01-21 06:52:05,,4.87,,,85,76,0,24.21,0.0,0.5,0.0,0.0,1.0,25.71,,,passagers_invalides;
2,2024-01-21 01:07:26,2024-01-21 01:22:24,1.0,2.3,1.0,N,79,246,4,-15.6,-1.0,-0.5,0.0,0.0,-1.0,-20.6,-2.5,0.0,montant_invalide;
2,2024-01-01 02:22:45,2024-01-01 02:47:38,,7.61,,,49,229,0,47.9,0.0,0.5,0.0,6.94,1.0,58.84,,,passagers_invalides;
2,2024-01-18 09:58:54,2024-01-18 10:10:04,1.0,1.22,1.0,N,48,246,4,-11.4,0.0,-0.5,0.0,0.0,-1.0,-15.4,-2.5,0.0,montant_invalide;
1,2024-01-20 15:32:50,2024-01-20 15:46:15,0.0,1.7,1.0,N,239,161,1,12.1,2.5,0.5,3.2,0.0,1.0,19.3,2.5,0.0,passagers_invalides;
2,2024-01-12 15:26:30,2024-01-12 15:30:37,,0.78,,,163,230,0,12.07,0.0,0.5,3.21,0.0,1.0,19.28,,,passagers_invalides;
1,2024-01-19 18:55:46,2024-01-19 19:02:58,0.0,0.9,1.0,N,230,161,3,7.9,5.0,0.5,0.0,0.0,1.0,14.4,2.5,0.0,passagers_invalides;
1,2024-01-30 09:54:59,2024-01-30 10:14:33,0.0,1.7,1.0,N,236,162,2,17.0,2.5,0.5,0.0,0.0,1.0,21.0,2.5,0.0,passagers_invalides;
1,2024-01-01 04:45:46,2024-01-01 04:45:58,1.0,2.9,5.0,N,144,211,2,0.0,0.0,0.0,0.0,0.0,1.0,1.0,0.0,0.0,montant_invalide;
2,2024-01-17 18:41:00,2024-01-17 18:47:51,,0.82,,,170,224,0,6.83,0.0,0.5,0.0,0.0,1.0,10.83,,,passagers_invalides;
2,2024-01-21 15:18:45,2024-01-21 15:31:18,1.0,1.27,1.0,N,186,170,2,-12.8,0.0,-0.5,0.0,0.0,-1.0,-16.8,-2.5,0.0,montant_invalide;
2,2024-01-09 17:00:33,2024-01-09 17:25:12,1.0,3.16,1.0,N,238,162,4,-22.6,-2.5,-0.5,0.0,0.0,-1.0,-29.1,-2.5,0.0,montant_invalide;
2,2024-01-01 12:01:11,2024-01-01 12:41:05,,9.13,,,36,236,0,44.26,0.0,0.5,0.0,0.0,1.0,48.26,,,passagers_invalides;
1,2024-01-28 03:44:43,2024-01-28 03:57:14,,0.0,,,50,158,0,20.3,1.0,0.5,0.0,0.0,1.0,27.3,,,distance_invalide;passagers_invalides;
1,2024-01-05 04:37:41,2024-01-05 05:02:03,1.0,0.0,1.0,N,56,100,1,30.5,0.0,0.5,0.0,6.94,1.0,38.94,0.0,0.0,distance_invalide;
2,2024-01-30 21:41:20,2024-01-30 21:56:01,1.0,11.2,1.0,N,132,157,2,-42.2,-1.0,-0.5,0.0,0.0,-1.0,-46.45,0.0,-1.75,montant_invalide;
2,2024-01-28 02:58:16,2024-01-28 03:07:49,1.0,1.55,1.0,N,230,164,3,-8.6,-1.0,-0.5,0.0,0.0,-1.0,-13.6,-2.5,0.0,montant_invalide;
2,2024-01-17 22:06:59,2024-01-17 22:16:57,,2.02,,,68,170,0,21.69,0.0,0.5,0.0,0.0,1.0,25.69,,,passagers_invalides;
2,2024-01-10 00:21:38,2024-01-10 00:28:28,,1.24,,,161,170,0,13.83,0.0,0.5,0.0,0.0,1.0,17.83,,,passagers_invalides;
2,2024-01-05 15:24:18,2024-01-05 15:45:49,3.0,5.65,1.0,N,164,261,3,-28.2,0.0,-0.5,0.0,0.0,-1.0,-32.2,-2.5,0.0,montant_invalide;
2,2024-01-28 03:50:55,2024-01-28 03:58:23,,1.48,,,249,231,0,16.28,0.0,0.5,0.0,0.0,1.0,20.28,,,passagers_invalides;
1,2024-01-09 12:53:44,2024-01-09 12:54:27,1.0,0.0,1.0,N,262,262,3,3.0,2.5,0.5,0.0,0.0,1.0,7.0,2.5,0.0,distance_invalide;
2,2024-01-11 21:42:39,2024-01-11 22:01:32,,3.43,,,161,238,0,0.49,0.0,0.5,0.0,0.0,1.0,4.49,,,passagers_invalides;
2,2024-01-23 08:30:28,2024-01-23 09:00:24,,5.05,,,160,7,0,25.85,0.0,0.5,0.0,0.0,1.0,27.35,,,passagers_invalides;
1,2024-01-19 15:05:15,2024-01-19 15:16:21,0.0,1.6,1.0,N,161,234,1,12.1,2.5,0.5,3.2,0.0,1.0,19.3,2.5,0.0,passagers_invalides;
2,2024-01-03 11:50:30,2024-01-03 11:50:49,2.0,0.0,2.0,N,163,163,1,70.0,0.0,0.5,14.8,0.0,1.0,88.8,2.5,0.0,distance_invalide;
2,2024-01-13 20:01:48,2024-01-13 20:14:18,4.0,1.52,1.0,N,186,246,4,-12.1,-1.0,-0.5,0.0,0.0,-1.0,-17.1,-2.5,0.0,montant_invalide;
2,2024-01-28 11:27:54,2024-01-28 11:37:42,1.0,3.32,1.0,N,88,4,4,-15.6,0.0,-0.5,0.0,0.0,-1.0,-19.6,-2.5,0.0,montant_invalide;
2,2024-01-26 17:59:07,2024-01-26 17:59:17,1.0,0.0,2.0,N,229,162,4,70.0,5.0,0.5,0.0,0.0,1.0,79.0,2.5,0.0,distance_invalide;
2,2024-01-20 03:57:00,2024-01-20 04:09:19,,3.19,,,80,49,0,16.8,0.0,0.5,0.0,0.0,1.0,18.3,,,passagers_invalides;
2,2024-01-26 13:29:10,2024-01-26 13:50:52,,6.32,,,75,244,0,26.67,0.0,0.5,0.0,0.0,1.0,28.17,,,passagers_invalides;
2,2024-01-14 21:49:17,2024-01-14 21:49:24,1.0,0.0,5.0,N,163,163,1,85.0,0.0,0.5,17.8,0.0,1.0,106.8,2.5,0.0,distance_invalide;
2,2024-01-24 12:07:01,2024-01-24 12:47:25,2.0,16.62,2.0,N,132,162,4,-70.0,0.0,-0.5,0.0,-6.94,-1.0,-82.69,-2.5,-1.75,montant_invalide;
6,2024-01-03 09:01:13,2024-01-03 09:01:45,,12.72,,,265,233,0,60.88,0.0,0.5,0.0,0.0,0.3,61.68,,,passagers_invalides;
2,2024-01-17 18:45:22,2024-01-17 18:53:15,,1.24,,,238,142,0,1.0,0.0,0.5,0.0,0.0,1.0,5.0,,,passagers_invalides;
2,2024-01-25 19:10:13,2024-01-25 19:19:23,,1.35,,,262,140,0,14.13,0.0,0.5,1.81,0.0,1.0,19.94,,,passagers_invalides;
2,2024-01-27 12:55:44,2024-01-27 13:04:29,1.0,1.34,1.0,N,163,164,4,-10.0,0.0,-0.5,0.0,0.0,-1.0,-14.0,-2.5,0.0,montant_invalide;
1,2024-01-06 19:32:06,2024-01-06 19:39:32,,1.1,,,141,262,0,7.9,0.0,0.5,2.97,0.0,1.0,14.87,,,passagers_invalides;
2,2024-01-28 09:15:00,2024-01-28 09:35:00,,4.91,,,148,50,0,24.49,0.0,0.5,0.0,0.0,1.0,28.49,,,passagers_invalides;
2,2024-01-20 23:40:12,2024-01-20 23:52:21,,2.78,,,239,41,0,0.39,0.0,0.5,0.0,0.0,1.0,4.39,,,passagers_invalides;
2,2024-01-20 19:30:16,2024-01-20 19:50:48,,3.92,,,236,137,0,23.49,0.0,0.5,0.0,0.0,1.0,27.49,,,passagers_invalides;
2,2024-01-28 17:55:31,2024-01-28 18:08:01,1.0,1.74,1.0,N,230,90,2,-12.8,0.0,-0.5,0.0,0.0,-1.0,-16.8,-2.5,0.0,montant_invalide;
1,2024-01-27 21:52:13,2024-01-27 21:55:43,,0.9,,,237,236,0,5.8,1.0,0.5,1.62,0.0,1.0,12.42,,,passagers_invalides;
2,2024-01-01 14:14:32,2024-01-01 14:14:42,2.0,0.0,2.0,N,233,233,4,70.0,0.0,0.5,0.0,0.0,1.0,74.0,2.5,0.0,distance_invalide;
2,2024-01-24 08:56:38,2024-01-24 09:10:10,1.0,0.84,1.0,N,162,237,2,-12.8,0.0,-0.5,0.0,0.0,-1.0,-16.8,-2.5,0.0,montant_invalide;
2,2024-01-18 22:17:51,2024-01-18 22:18:10,5.0,0.0,1.0,N,132,132,2,3.0,1.0,0.5,0.0,0.0,1.0,7.25,0.0,1.75,distance_invalide;
2,2024-01-13 19:01:26,2024-01-13 19:27:27,,12.93,,,40,138,0,45.66,0.0,0.5,4.72,0.0,1.0,51.88,,,passagers_invalides;
1,2024-01-13 11:24:32,2024-01-13 11:39:44,,0.0,,,262,74,0,16.18,0.0,0.5,0.0,0.0,1.0,20.18,,,distance_invalide;passagers_invalides;
2,2024-01-26 20:21:57,2024-01-26 20:37:08,1.0,5.25,1.0,N,152,230,4,-24.7,-1.0,-0.5,0.0,0.0,-1.0,-29.7,-2.5,0.0,montant_invalide;
2,2024-01-19 15:28:18,2024-01-19 15:41:40,,3.57,,,262,107,0,21.39,0.0,0.5,0.0,0.0,1.0,25.39,,,passagers_invalides;
2,2024-01-28 13:26:35,2024-01-28 13:43:51,,4.59,,,263,79,0,24.46,0.0,0.5,0.0,0.0,1.0,28.46,,,passagers_invalides;
2,2024-01-18 17:43:29,2024-01-18 17:52:18,1.0,1.11,1.0,N,229,237,4,-10.0,-2.5,-0.5,0.0,0.0,-1.0,-16.5,-2.5,0.0,montant_invalide;
2,2024-01-27 22:44:30,2024-01-27 23:26:17,,5.23,,,256,246,0,35.65,0.0,0.5,9.32,6.94,1.0,55.91,,,passagers_invalides;
2,2024-01-10 21:35:40,2024-01-10 21:59:23,,12.67,,,233,200,0,48.3,0.0,0.5,10.46,0.0,1.0,62.76,,,passagers_invalides;
1,2024-01-11 06:13:43,2024-01-11 06:15:25,,0.4,,,249,234,0,4.4,0.0,0.5,1.26,0.0,1.0,9.66,,,passagers_invalides;
2,2024-01-06 06:40:21,2024-01-06 06:52:42,,3.01,,,238,116,0,14.61,0.0,0.5,0.0,0.0,1.0,18.61,,,passagers_invalides;
1,2024-01-19 13:13:53,2024-01-19 13:20:42,,1.0,,,239,142,0,7.9,0.0,0.5,0.59,0.0,1.0,12.49,,,passagers_invalides;
2,2024-01-02 20:29:47,2024-01-02 20:38:43,1.0,0.0,1.0,N,239,263,1,8.6,1.0,0.5,4.0,0.0,1.0,17.6,2.5,0.0,distance_invalide;
2,2024-01-18 20:21:32,2024-01-18 20:44:33,,5.66,,,161,209,0,27.17,0.0,0.5,0.0,0.0,1.0,31.17,,,passagers_invalides;
1,2024-01-02 13:50:37,2024-01-02 14:04:51,0.0,1.8,1.0,N,239,230,2,14.2,2.5,0.5,0.0,0.0,1.0,18.2,2.5,0.0,passagers_invalides;
1,2024-01-09 18:58:39,2024-01-09 19:09:40,,0.0,,,68,137,0,9.56,0.0,0.5,0.0,0.0,1.0,13.56,,,distance_invalide;passagers_invalides;
1,2024-01-30 06:31:18,2024-01-30 06:57:38,1.0,0.0,1.0,N,75,193,1,25.5,0.0,0.5,0.0,0.0,1.0,27.0,0.0,0.0,distance_invalide;
2,2024-01-18 13:26:00,2024-01-18 13:46:00,,2.4,,,24,143,0,15.86,0.0,0.5,2.98,0.0,1.0,22.84,,,passagers_invalides;
2,2024-01-09 22:53:19,2024-01-09 23:05:39,,2.03,,,158,144,0,15.35,0.0,0.5,3.87,0.0,1.0,23.22,,,passagers_invalides;
1,2024-01-10 22:37:36,2024-01-10 22:53:51,,0.0,,,112,225,0,16.05,0.0,0.5,0.0,0.0,1.0,17.55,,,distance_invalide;passagers_invalides;
2,2024-01-01 06:36:39,2024-01-01 06:58:13,,10.27,,,114,244,0,36.18,0.0,0.5,0.0,0.0,1.0,40.18,,,passagers_invalides;
2,2024-01-27 14:46:44,2024-01-27 15:05:36,1.0,2.83,1.0,N,43,164,4,-18.4,0.0,-0.5,0.0,0.0,-1.0,-22.4,-2.5,0.0,montant_invalide;
2,2024-01-20 20:14:41,2024-01-20 20:37:24,,2.75,,,145,79,0,26.66,0.0,0.5,0.0,6.94,1.0,37.6,,,passagers_invalides;
2,2024-01-19 15:31:00,2024-01-19 15:59:00,,2.97,,,238,162,0,23.89,0.0,0.5,5.58,0.0,1.0,33.47,,,passagers_invalides;
1,2024-01-31 08:38:27,2024-01-31 08:56:42,,0.0,,,236,143,0,25.0,0.0,0.5,0.0,0.0,1.0,29.0,,,distance_invalide;passagers_invalides;
1,2024-01-23 20:56:23,2024-01-23 21:09:33,,0.0,,,161,263,0,19.2,0.0,0.5,0.0,0.0,1.0,23.2,,,distance_invalide;passagers_invalides;
2,2024-01-04 18:25:50,2024-01-04 18:25:56,1.0,0.0,2.0,N,211,211,2,70.0,5.0,0.5,0.0,0.0,1.0,79.0,2.5,0.0,distance_invalide;
2,2024-01-16 20:25:27,2024-01-16 20:42:49,,2.38,,,246,229,0,16.48,0.0,0.5,0.0,0.0,1.0,20.48,,,passagers_invalides;
1,2024-01-09 12:03:32,2024-01-09 12:15:06,0.0,0.9,1.0,N,50,163,1,9.3,2.5,0.5,3.5,0.0,1.0,16.8,2.5,0.0,passagers_invalides;
1,2024-01-27 13:07:40,2024-01-27 13:09:31,0.0,0.5,1.0,N,230,186,1,5.1,2.5,0.5,0.0,0.0,1.0,9.1,2.5,0.0,passagers_invalides;
1,2024-01-11 22:54:54,2024-01-11 23:06:22,,1.8,,,79,137,0,12.8,1.0,0.5,3.56,0.0,1.0,21.36,,,passagers_invalides;
1,2024-01-07 12:20:21,2024-01-07 12:23:22,,0.7,,,233,137,0,5.8,0.0,0.5,1.47,0.0,1.0,11.27,,,passagers_invalides;
1,2024-01-07 01:43:17,2024-01-07 01:51:25,,0.0,,,79,140,0,12.6,0.0,0.5,0.0,0.0,1.0,16.6,,,distance_invalide;passagers_invalides;
1,2024-01-16 20:58:47,2024-01-16 21:10:17,,2.5,,,107,141,0,13.5,1.0,0.5,3.7,0.0,1.0,22.2,,,passagers_invalides;
1,2024-01-30 12:50:16,2024-01-30 13:14:59,,4.7,,,90,151,0,28.9,0.0,0.5,8.23,0.0,1.0,41.13,,,passagers_invalides;
1,2024-01-04 07:03:06,2024-01-04 07:10:58,,1.6,,,263,237,0,9.3,0.0,0.5,2.66,0.0,1.0,15.96,,,passagers_invalides;
2,2024-01-14 10:49:49,2024-01-14 11:10:30,,3.44,,,262,186,0,24.4,0.0,0.5,0.0,0.0,1.0,28.4,,,passagers_invalides;
1,2024-01-06 20:01:08,2024-01-06 20:08:35,,0.0,,,238,142,0,8.19,0.0,0.5,0.0,0.0,1.0,12.19,,,distance_invalide;passagers_invalides;
2,2024-01-24 20:27:08,2024-01-24 20:31:37,1.0,0.59,1.0,N,141,237,4,-6.5,-1.0,-0.5,0.0,0.0,-1.0,-11.5,-2.5,0.0,montant_invalide;
1,2024-01-26 11:40:44,2024-01-26 12:02:32,0.0,4.6,1.0,N,137,256,1,22.6,2.5,0.5,0.4,0.0,1.0,27.0,2.5,0.0,passagers_invalides;
1,2024-01-18 09:24:54,2024-01-18 09:40:27,,1.4,,,90,161,0,13.5,0.0,0.5,2.62,0.0,1.0,20.12,,,passagers_invalides;
1,2024-01-17 14:32:12,2024-01-17 14:52:27,,1.1,,,164,100,0,10.74,0.0,0.5,0.0,0.0,1.0,14.74,,,passagers_invalides;
1,2024-01-20 15:01:29,2024-01-20 15:03:18,2.0,0.0,1.0,N,236,263,3,3.7,2.5,0.5,0.0,0.0,1.0,7.7,2.5,0.0,distance_invalide;
2,2024-01-29 09:20:32,2024-01-29 09:39:22,,2.54,,,161,238,0,19.28,0.0,0.5,2.33,0.0,1.0,25.61,,,passagers_invalides;
2,2024-01-20 20:30:02,2024-01-20 20:56:07,,4.86,,,166,100,0,29.93,0.0,0.5,0.0,0.0,1.0,33.93,,,passagers_invalides;
2,2024-01-18 10:48:54,2024-01-18 11:05:25,,7.53,,,140,33,0,30.43,0.0,0.5,6.89,0.0,1.0,41.32,,,passagers_invalides;
2,2024-01-07 13:14:45,2024-01-07 13:26:41,1.0,2.19,1.0,N,233,234,4,-13.5,0.0,-0.5,0.0,0.0,-1.0,-17.5,-2.5,0.0,montant_invalide;
2,2024-01-19 18:22:14,2024-01-19 18:31:48,4.0,0.93,1.0,N,43,161,3,-10.0,-2.5,-0.5,0.0,0.0,-1.0,-16.5,-2.5,0.0,montant_invalide;
1,2024-01-27 02:35:19,2024-01-27 02:55:55,,0.0,,,79,238,0,25.22,0.0,0.5,0.0,0.0,1.0,29.22,,,distance_invalide;passagers_invalides;
2,2024-01-14 00:42:29,2024-01-14 00:54:34,,5.42,,,223,262,0,22.85,0.0,0.5,6.76,6.94,1.0,40.55,,,passagers_invalides;
2,2024-01-06 23:25:35,2024-01-06 23:42:44,,3.96,,,68,238,0,19.08,0.0,0.5,0.0,0.0,1.0,23.08,,,passagers_invalides;
2,2024-01-28 03:35:50,2024-01-28 03:35:55,1.0,0.0,5.0,N,211,211,1,20.0,0.0,0.0,4.7,0.0,1.0,28.2,2.5,0.0,distance_invalide;
1,2024-01-19 16:32:48,2024-01-19 16:37:06,,0.3,,,140,140,0,5.1,2.5,0.5,1.16,0.0,1.0,12.76,,,passagers_invalides;
1,2024-01-01 02:06:32,2024-01-01 02:27:26,,0.0,,,151,164,0,30.6,0.0,0.5,0.0,0.0,1.0,34.6,,,distance_invalide;passagers_invalides;
1,2024-01-29 10:47:52,2024-01-29 11:00:09,0.0,1.7,1.0,N,264,140,1,12.8,2.5,0.5,1.5,0.0,1.0,18.3,2.5,0.0,passagers_invalides;
2,2024-01-04 17:08:22,2024-01-04 17:27:04,,3.13,,,143,74,0,20.11,0.0,0.5,0.0,0.0,1.0,24.11,,,passagers_invalides;
2,2024-01-17 18:48:50,2024-01-17 19:03:33,1.0,1.09,1.0,N,161,186,2,-13.5,-2.5,-0.5,0.0,0.0,-1.0,-20.0,-2.5,0.0,montant_invalide;
2,2024-01-31 08:37:24,2024-01-31 08:51:17,,3.34,,,148,13,0,19.09,0.0,0.5,0.0,0.0,1.0,23.09,,,passagers_invalides;
2,2024-01-02 16:17:08,2024-01-02 16:24:02,,1.24,,,79,107,0,17.96,0.0,0.5,4.39,0.0,1.0,26.35,,,passagers_invalides;
1,2024-01-09 14:23:23,2024-01-09 14:39:01,0.0,1.4,1.0,N,186,50,1,14.2,2.5,0.5,0.0,0.0,1.0,18.2,2.5,0.0,passagers_invalides;
2,2024-01-06 19:53:01,2024-01-06 19:58:56,,0.88,,,238,151,0,9.08,0.0,0.5,0.0,0.0,1.0,13.08,,,passagers_invalides;
1,2024-01-01 04:45:43,2024-01-01 04:57:21,,0.0,,,145,7,0,13.08,0.0,0.5,0.0,0.0,1.0,14.58,,,distance_invalide;passagers_invalides;
2,2024-01-29 22:17:34,2024-01-29 22:34:04,,2.72,,,158,170,0,17.52,0.0,0.5,2.15,0.0,1.0,23.67,,,passagers_invalides;
2,2024-01-20 19:54:12,2024-01-20 20:08:15,,2.81,,,246,13,0,16.29,0.0,0.5,0.0,0.0,1.0,20.29,,,passagers_invalides;
2,2024-01-20 01:23:29,2024-01-20 01:42:52,,6.95,,,107,42,0,27.5,0.0,0.5,0.0,0.0,1.0,31.5,,,passagers_invalides;
1,2024-01-26 07:55:52,2024-01-26 08:10:27,,1.5,,,236,238,0,12.8,0.0,0.5,2.52,0.0,1.0,19.32,,,passagers_invalides;
1,2024-01-11 11:07:08,2024-01-11 11:13:52,0.0,0.9,1.0,Y,239,142,1,7.9,2.5,0.5,2.0,0.0,1.0,13.9,2.5,0.0,passagers_invalides;
1,2024-01-08 23:23:32,2024-01-08 23:28:51,,0.0,,,263,141,0,8.56,0.0,0.5,0.0,0.0,1.0,12.56,,,distance_invalide;passagers_invalides;
2,2024-01-08 10:23:59,2024-01-08 10:43:28,,9.76,,,142,42,0,34.81,0.0,0.5,7.76,0.0,1.0,46.57,,,passagers_invalides;
1,2024-01-03 08:08:46,2024-01-03 08:09:24,1.0,0.0,5.0,N,170,170,3,31.9,0.0,0.0,0.0,0.0,1.0,32.9,0.0,0.0,distance_invalide;
2,2024-01-01 07:43:18,2024-01-01 07:51:25,1.0,6.1,1.0,N,132,28,2,-24.0,0.0,-0.5,0.0,0.0,-1.0,-27.25,0.0,-1.75,montant_invalide;
1,2024-01-29 18:45:15,2024-01-29 18:52:02,0.0,1.2,1.0,N,239,43,1,9.3,5.0,0.5,3.15,0.0,1.0,18.95,2.5,0.0,passagers_invalides;
2,2024-01-31 21:26:45,2024-01-31 21:38:46,,2.65,,,239,263,0,13.62,0.0,0.5,0.0,0.0,1.0,17.62,,,passagers_invalides;
1,2024-01-21 12:57:42,2024-01-21 13:01:32,,0.3,,,161,230,0,10.16,0.0,0.5,0.0,0.0,1.0,14.16,,,passagers_invalides;
1,2024-01-17 15:26:59,2024-01-17 15:33:43,,0.0,,,263,141,0,17.59,0.0,0.5,0.0,0.0,1.0,21.59,,,distance_invalide;passagers_invalides;
2,2024-01-13 11:20:47,2024-01-13 11:24:34,,0.49,,,140,140,0,6.83,0.0,0.5,0.0,0.0,1.0,10.83,,,passagers_invalides;
2,2024-01-03 12:06:00,2024-01-03 12:24:00,,2.92,,,79,161,0,22.34,0.0,0.5,5.27,0.0,1.0,31.61,,,passagers_invalides;
2,2024-01-15 16:51:36,2024-01-15 17:36:49,1.0,16.39,2.0,N,264,132,2,-70.0,0.0,-0.5,0.0,-6.94,-1.0,-80.94,-2.5,0.0,montant_invalide;
1,2024-01-25 22:24:28,2024-01-25 22:38:22,,0.0,,,161,236,0,14.72,0.0,0.5,0.0,0.0,1.0,18.72,,,distance_invalide;passagers_invalides;
2,2024-01-16 17:10:58,2024-01-16 18:05:56,,12.23,,,61,238,0,73.92,0.0,0.5,15.58,0.0,1.0,93.5,,,passagers_invalides;
1,2024-01-20 23:33:32,2024-01-20 23:50:17,,0.0,,,79,163,0,29.17,0.0,0.5,0.0,0.0,1.0,33.17,,,distance_invalide;passagers_invalides;
1,2024-01-25 21:26:41,2024-01-25 21:26:56,1.0,0.0,5.0,Y,158,158,3,80.0,0.0,0.0,0.0,0.0,1.0,81.0,0.0,0.0,distance_invalide;
2,2024-01-12 23:32:52,2024-01-12 23:39:01,,1.78,,,256,148,0,1.69,0.0,0.5,0.0,0.0,1.0,5.69,,,passagers_invalides;
2,2024-01-31 08:13:45,2024-01-31 08:48:04,,8.34,,,116,137,0,43.1,0.0,0.5,0.0,0.0,1.0,47.1,,,passagers_invalides;
1,2024-01-19 16:53:28,2024-01-19 17:14:48,,2.9,,,140,48,0,20.5,2.5,0.5,4.05,0.0,1.0,31.05,,,passagers_invalides;
2,2024-01-29 17:42:44,2024-01-29 17:58:02,,1.74,,,237,233,0,13.91,0.0,0.5,0.0,0.0,1.0,17.91,,,passagers_invalides;
2,2024-01-18 16:53:55,2024-01-18 17:08:30,1.0,2.1,1.0,N,140,143,4,-14.2,-2.5,-0.5,0.0,0.0,-1.0,-20.7,-2.5,0.0,montant_invalide;
2,2024-01-03 18:32:25,2024-01-03 18:32:27,3.0,0.0,5.0,N,137,264,1,86.0,0.0,0.0,17.4,0.0,1.0,104.4,0.0,0.0,distance_invalide;
2,2024-01-29 08:42:57,2024-01-29 09:01:59,,10.02,,,148,138,0,37.76,0.0,0.5,8.35,0.0,1.0,50.11,,,passagers_invalides;
2,2024-01-01 09:39:55,2024-01-01 09:46:24,,1.94,,,263,74,0,7.78,0.0,0.5,0.0,0.0,1.0,11.78,,,passagers_invalides;
1,2024-01-10 10:34:53,2024-01-10 10:35:13,1.0,0.0,1.0,N,48,48,3,3.0,2.5,0.5,0.0,0.0,1.0,7.0,2.5,0.0,distance_invalide;
2,2024-01-17 14:35:03,2024-01-17 14:52:27,,3.66,,,134,10,0,20.97,0.0,0.5,0.0,0.0,1.0,22.47,,,passagers_invalides;
2,2024-01-14 00:35:06,2024-01-14 00:47:07,,1.26,,,170,186,0,13.82,0.0,0.5,0.0,0.0,1.0,17.82,,,passagers_invalides;
1,2024-01-18 23:02:25,2024-01-18 23:13:39,,0.0,,,161,263,0,19.97,0.0,0.5,0.0,0.0,1.0,23.97,,,distance_invalide;passagers_invalides;
1,2024-01-23 17:15:28,2024-01-23 17:21:34,0.0,1.2,1.0,N,48,246,3,7.9,5.0,0.5,0.0,0.0,1.0,14.4,2.5,0.0,passagers_invalides;
2,2024-01-15 12:36:00,2024-01-15 13:04:00,,10.24,,,230,138,0,29.48,0.0,0.5,10.08,6.94,1.0,50.5,,,passagers_invalides;
2,2024-01-18 06:20:00,2024-01-18 06:35:00,,2.86,,,141,246,0,17.09,0.0,0.5,4.22,0.0,1.0,25.31,,,passagers_invalides;
1,2024-01-09 18:21:36,2024-01-09 18:51:01,,0.0,,,88,100,0,31.43,0.0,0.5,0.0,0.0,1.0,35.43,,,distance_invalide;passagers_invalides;
2,2024-01-18 19:21:28,2024-01-18 19:31:30,,1.82,,,162,107,0,13.24,0.0,0.5,0.0,0.0,1.0,17.24,,,passagers_invalides;
1,2024-01-06 12:05:16,2024-01-06 12:14:51,0.0,1.2,1.0,N,237,238,1,10.0,2.5,0.5,2.0,0.0,1.0,16.0,2.5,0.0,passagers_invalides;
2,2024-01-07 20:10:49,2024-01-07 20:11:05,1.0,0.0,2.0,N,246,246,1,70.0,0.0,0.5,10.08,6.94,1.0,91.02,2.5,0.0,distance_invalide;
2,2024-01-04 00:35:47,2024-01-04 01:01:56,,5.87,,,158,225,0,30.79,0.0,0.5,6.96,0.0,1.0,41.75,,,passagers_invalides;
1,2024-01-17 10:43:54,2024-01-17 10:47:33,0.0,0.5,1.0,N,238,239,1,5.8,2.5,0.5,1.95,0.0,1.0,11.75,2.5,0.0,passagers_invalides;
2,2024-01-23 18:58:10,2024-01-23 19:14:48,,4.26,,,87,114,0,17.07,0.0,0.5,0.0,0.0,1.0,21.07,,,passagers_invalides;
1,2024-01-12 14:14:48,2024-01-12 14:29:23,0.0,1.8,1.0,N,236,142,1,14.9,2.5,0.5,1.0,0.0,1.0,19.9,2.5,0.0,passagers_invalides;
1,2024-01-01 16:01:31,2024-01-01 16:29:43,,0.0,,,211,236,0,33.92,0.0,0.5,0.0,0.0,1.0,37.92,,,distance_invalide;passagers_invalides;
2,2024-01-08 17:26:32,2024-01-08 17:26:39,1.0,0.0,5.0,N,186,186,1,87.69,0.0,0.0,17.74,0.0,1.0,106.43,0.0,0.0,distance_invalide;
1,2024-01-26 06:40:39,2024-01-26 06:55:22,,0.0,,,239,244,0,22.36,0.0,0.5,0.0,0.0,1.0,26.36,,,distance_invalide;passagers_invalides;
2,2024-01-02 01:12:49,2024-01-02 01:22:18,,1.81,,,162,68,0,11.77,0.0,0.5,2.37,0.0,1.0,18.14,,,passagers_invalides;
2,2024-01-16 09:52:53,2024-01-16 10:01:34,,0.08,,,230,230,0,19.55,0.0,0.5,0.0,0.0,1.0,23.55,,,passagers_invalides;
1,2024-01-16 18:53:08,2024-01-16 19:20:24,0.0,9.3,1.0,N,236,129,1,38.7,5.0,0.5,10.4,6.94,1.0,62.54,2.5,0.0,passagers_invalides;
2,2024-01-13 10:30:48,2024-01-13 10:30:51,1.0,0.0,1.0,N,132,132,3,-3.0,0.0,-0.5,0.0,0.0,-1.0,-4.5,0.0,0.0,distance_invalide;montant_invalide;
2,2024-01-28 16:45:21,2024-01-28 16:54:46,,2.47,,,236,42,0,11.91,0.0,0.5,0.0,0.0,1.0,15.91,,,passagers_invalides;
1,2024-01-21 13:04:56,2024-01-21 13:16:33,1.0,0.0,1.0,N,249,246,1,10.7,2.5,0.5,2.95,0.0,1.0,17.65,2.5,0.0,distance_invalide;
1,2024-01-09 15:32:59,2024-01-09 15:36:22,0.0,0.5,1.0,N,170,264,3,5.8,2.5,0.5,0.0,0.0,1.0,9.8,2.5,0.0,passagers_invalides;
1,2024-01-30 07:40:13,2024-01-30 07:47:59,,1.5,,,48,239,0,10.0,0.0,0.5,2.1,0.0,1.0,16.1,,,passagers_invalides;
2,2024-01-21 02:20:35,2024-01-21 02:46:45,,8.81,,,148,166,0,38.35,0.0,0.5,0.0,0.0,1.0,42.35,,,passagers_invalides;
1,2024-01-24 06:37:42,2024-01-24 06:45:06,,0.9,,,68,230,0,8.6,1.0,0.5,1.36,0.0,1.0,14.96,,,passagers_invalides;
1,2024-01-23 13:53:38,2024-01-23 14:09:55,,1.9,,,237,238,0,16.3,0.0,0.5,3.05,0.0,1.0,23.35,,,passagers_invalides;
1,2024-01-31 18:22:11,2024-01-31 18:57:54,,17.4,,,132,263,0,70.0,6.75,0.5,17.03,6.94,1.0,102.22,,,passagers_invalides;
2,2024-01-08 22:09:23,2024-01-08 22:25:05,1.0,7.15,1.0,N,107,129,4,-29.6,-1.0,-0.5,0.0,-6.94,-1.0,-41.54,-2.5,0.0,montant_invalide;
2,2024-01-17 09:06:28,2024-01-17 09:11:21,,1.27,,,42,42,0,11.49,0.0,0.5,0.0,0.0,1.0,12.99,,,passagers_invalides;
2,2024-01-25 16:10:43,2024-01-25 16:25:57,1.0,0.0,1.0,N,87,162,1,13.5,2.5,0.5,4.0,0.0,1.0,24.0,2.5,0.0,distance_invalide;
1,2024-01-29 14:56:21,2024-01-29 15:03:47,,1.0,,,141,262,0,8.6,0.0,0.5,3.15,0.0,1.0,15.75,,,passagers_invalides;
1,2024-01-01 01:55:09,2024-01-01 02:01:11,,0.0,,,236,43,0,12.95,0.0,0.5,0.0,0.0,1.0,16.95,,,distance_invalide;passagers_invalides;
2,2024-01-26 15:48:05,2024-01-26 16:14:06,,8.58,,,83,138,0,41.34,0.0,0.5,9.07,0.0,1.0,54.41,,,passagers_invalides;
1,2024-01-19 12:53:20,2024-01-19 13:06:02,,1.1,,,237,264,0,12.1,0.0,0.5,2.42,0.0,1.0,18.52,,,passagers_invalides;
2,2024-01-21 05:30:43,2024-01-21 05:47:57,,4.26,,,39,225,0,21.76,0.0,0.5,0.0,0.0,1.0,23.26,,,passagers_invalides;
1,2024-01-15 16:19:18,2024-01-15 16:26:39,,0.8,,,162,229,0,7.9,0.0,0.5,1.79,0.0,1.0,13.69,,,passagers_invalides;
1,2024-01-27 22:07:16,2024-01-27 22:18:32,,1.8,,,142,237,0,12.8,1.0,0.5,2.67,0.0,1.0,20.47,,,passagers_invalides;
2,2024-01-13 00:05:06,2024-01-13 00:08:30,1.0,0.61,1.0,N,263,140,3,-5.8,-1.0,-0.5,0.0,0.0,-1.0,-10.8,-2.5,0.0,montant_invalide;
2,2024-01-19 08:01:21,2024-01-19 08:16:10,,2.06,,,166,236,0,19.42,0.0,0.5,4.68,0.0,1.0,28.1,,,passagers_invalides;
2,2024-01-11 16:34:31,2024-01-11 17:02:56,,4.79,,,236,79,0,33.64,0.0,0.5,7.53,0.0,1.0,45.17,,,passagers_invalides;
1,2024-01-15 05:23:03,2024-01-15 05:33:52,0.0,3.5,1.0,Y,141,24,2,16.3,3.5,0.5,0.0,0.0,1.0,21.3,2.5,0.0,passagers_invalides;
2,2024-01-29 08:10:50,2024-01-29 08:27:45,,2.17,,,236,163,0,16.77,0.0,0.5,0.0,0.0,1.0,20.77,,,passagers_invalides;
2,2024-01-23 20:52:52,2024-01-23 21:16:50,,4.79,,,161,13,0,25.81,0.0,0.5,0.0,0.0,1.0,29.81,,,passagers_invalides;
1,2024-01-27 17:26:00,2024-01-27 17:36:40,0.0,1.7,1.0,N,239,140,1,12.1,2.5,0.5,4.8,0.0,1.0,20.9,2.5,0.0,passagers_invalides;
1,2024-01-24 16:18:59,2024-01-24 16:23:15,,0.4,,,162,162,0,5.8,2.5,0.5,1.23,0.0,1.0,13.53,,,passagers_invalides;
2,2024-01-06 12:02:58,2024-01-06 12:16:32,1.0,2.05,1.0,N,236,142,4,-14.9,0.0,-0.5,0.0,0.0,-1.0,-18.9,-2.5,0.0,montant_invalide;
2,2024-01-23 01:05:42,2024-01-23 01:09:44,3.0,0.65,1.0,N,125,249,2,-5.8,-1.0,-0.5,0.0,0.0,-1.0,-10.8,-2.5,0.0,montant_invalide;
1,2024-01-22 19:31:17,2024-01-22 19:39:25,,1.7,,,236,142,0,10.0,2.5,0.5,2.48,0.0,1.0,18.98,,,passagers_invalides;
1,2024-01-18 15:42:12,2024-01-18 15:42:38,1.0,0.0,1.0,N,145,145,2,3.0,0.0,0.5,0.0,0.0,1.0,4.5,0.0,0.0,distance_invalide;
2,2024-01-27 22:03:59,2024-01-27 22:04:05,1.0,0.0,5.0,N,168,168,2,50.0,0.0,0.0,0.0,0.0,1.0,51.0,0.0,0.0,distance_invalide;
2,2024-01-09 15:40:21,2024-01-09 15:40:28,1.0,0.0,1.0,N,193,193,3,-3.0,0.0,-0.5,0.0,0.0,-1.0,-4.5,0.0,0.0,distance_invalide;montant_invalide;
2,2024-01-21 14:55:41,2024-01-21 15:11:48,,1.84,,,141,230,0,14.71,0.0,0.5,3.74,0.0,1.0,22.45,,,passagers_invalides;
1,2024-01-14 21:52:40,2024-01-14 22:08:09,0.0,3.0,1.0,N,148,68,1,17.7,3.5,0.5,3.0,0.0,1.0,25.7,2.5,0.0,passagers_invalides;
1,2024-01-26 16:34:58,2024-01-26 16:44:37,0.0,0.9,1.0,N,236,263,3,10.0,5.0,0.5,0.0,0.0,1.0,16.5,2.5,0.0,passagers_invalides;
2,2024-01-04 15:12:40,2024-01-04 15:21:27,,1.6,,,231,249,0,13.99,0.0,0.5,3.6,0.0,1.0,21.59,,,passagers_invalides;
1,2024-01-17 17:17:35,2024-01-17 17:32:08,,1.8,,,161,246,0,13.5,2.5,0.5,5.0,0.0,1.0,25.0,,,passagers_invalides;
2,2024-01-29 18:04:46,2024-01-29 18:27:08,,3.7,,,79,230,0,22.52,0.0,0.5,0.0,0.0,1.0,26.52,,,passagers_invalides;
2,2024-01-04 19:16:40,2024-01-04 19:34:29,1.0,2.99,1.0,N,142,234,4,-19.1,-2.5,-0.5,0.0,0.0,-1.0,-25.6,-2.5,0.0,montant_invalide;
2,2024-01-12 23:30:17,2024-01-12 23:49:42,,3.46,,,231,68,0,22.99,0.0,0.5,0.0,0.0,1.0,26.99,,,passagers_invalides;
2,2024-01-17 06:54:49,2024-01-17 07:03:53,,2.69,,,142,158,0,16.33,0.0,0.5,3.05,0.0,1.0,23.38,,,passagers_invalides;
2,2024-01-15 15:56:27,2024-01-15 16:05:30,,1.72,,,143,237,0,12.16,0.0,0.5,0.0,0.0,1.0,16.16,,,passagers_invalides;
2,2024-01-13 09:31:39,2024-01-13 09:33:06,1.0,0.04,1.0,N,186,68,2,-3.7,0.0,-0.5,0.0,0.0,-1.0,-7.7,-2.5,0.0,montant_invalide;
2,2024-01-27 18:26:27,2024-01-27 18:41:49,,2.69,,,102,197,0,17.08,0.0,0.5,0.0,0.0,1.0,18.58,,,passagers_invalides;
2,2024-01-04 23:15:26,2024-01-04 23:15:39,1.0,0.0,5.0,N,43,41,1,30.0,0.0,0.0,0.0,0.0,1.0,31.0,0.0,0.0,distance_invalide;
2,2024-01-18 22:30:49,2024-01-18 23:14:26,1.0,11.42,1.0,N,43,102,2,-53.4,-1.0,-0.5,0.0,0.0,-1.0,-58.4,-2.5,0.0,montant_invalide;
2,2024-01-21 21:36:32,2024-01-21 21:44:27,1.0,1.49,1.0,N,163,141,4,-10.0,-1.0,-0.5,0.0,0.0,-1.0,-15.0,-2.5,0.0,montant_invalide;
2,2024-01-25 16:20:11,2024-01-25 16:20:18,1.0,0.0,1.0,N,234,234,2,-3.0,-2.5,-0.5,0.0,0.0,-1.0,-9.5,-2.5,0.0,distance_invalide;montant_invalide;
2,2024-01-07 17:08:44,2024-01-07 17:09:37,1.0,0.07,1.0,N,100,100,4,-3.0,0.0,-0.5,0.0,0.0,-1.0,-7.0,-2.5,0.0,montant_invalide;
2,2024-01-04 15:30:25,2024-01-04 15:30:33,2.0,0.0,5.0,N,68,68,1,24.5,0.0,0.0,5.6,0.0,1.0,33.6,2.5,0.0,distance_invalide;
2,2024-01-22 19:09:44,2024-01-22 19:09:56,1.0,0.0,1.0,N,163,163,1,3.0,2.5,0.5,2.0,0.0,1.0,11.5,2.5,0.0,distance_invalide;
1,2024-01-13 10:44:46,2024-01-13 10:58:21,0.0,2.2,1.0,N,236,161,1,14.9,2.5,0.5,3.75,0.0,1.0,22.65,2.5,0.0,passagers_invalides;
1,2024-01-15 22:05:59,2024-01-15 22:11:38,,0.0,,,249,234,0,11.58,0.0,0.5,0.0,0.0,1.0,15.58,,,distance_invalide;passagers_invalides;
2,2024-01-20 01:20:21,2024-01-20 01:30:27,,2.38,,,158,48,0,11.12,0.0,0.5,0.0,0.0,1.0,15.12,,,passagers_invalides;
2,2024-01-05 19:04:41,2024-01-05 19:14:13,1.0,1.6,1.0,N,263,141,4,-10.7,-2.5,-0.5,0.0,0.0,-1.0,-17.2,-2.5,0.0,montant_invalide;
1,2024-01-17 17:53:06,2024-01-17 18:07:39,,0.0,,,161,142,0,17.21,0.0,0.5,0.0,0.0,1.0,21.21,,,distance_invalide;passagers_invalides;
2,2024-01-26 15:24:56,2024-01-26 15:38:50,2.0,2.89,1.0,N,13,246,2,-16.3,0.0,-0.5,0.0,0.0,-1.0,-20.3,-2.5,0.0,montant_invalide;
2,2024-01-13 15:04:08,2024-01-13 15:38:09,,4.49,,,246,140,0,36.61,0.0,0.5,0.0,0.0,1.0,40.61,,,passagers_invalides;
2,2024-01-13 12:07:44,2024-01-13 12:29:30,,3.82,,,236,246,0,26.1,0.0,0.5,0.0,0.0,1.0,30.1,,,passagers_invalides;
2,2024-01-12 04:08:15,2024-01-12 04:22:48,,8.03,,,262,138,0,31.5,0.0,0.5,8.49,6.94,1.0,50.93,,,passagers_invalides;
2,2024-01-08 17:23:23,2024-01-08 17:33:31,2.0,0.93,1.0,N,141,237,2,-10.0,-2.5,-0.5,0.0,0.0,-1.0,-16.5,-2.5,0.0,montant_invalide;
2,2024-01-26 16:47:11,2024-01-26 16:50:42,,0.88,,,79,107,0,10.51,0.0,0.5,0.0,0.0,1.0,14.51,,,passagers_invalides;
2,2024-01-17 08:39:06,2024-01-17 08:48:23,,1.61,,,263,229,0,20.48,0.0,0.5,0.0,0.0,1.0,24.48,,,passagers_invalides;
2,2024-01-03 11:03:31,2024-01-03 11:08:04,2.0,0.38,1.0,N,161,229,4,-5.8,0.0,-0.5,0.0,0.0,-1.0,-9.8,-2.5,0.0,montant_invalide;
2,2024-01-28 16:39:43,2024-01-28 16:43:01,,0.53,,,216,197,0,6.83,0.0,0.5,0.0,0.0,1.0,8.33,,,passagers_invalides;
2,2024-01-02 07:43:03,2024-01-02 08:11:07,,10.24,,,100,265,0,58.91,0.0,0.0,11.03,17.75,1.0,88.69,,,passagers_invalides;
2,2024-01-25 08:52:03,2024-01-25 09:08:23,,1.74,,,143,161,0,18.16,0.0,0.5,2.88,0.0,1.0,25.04,,,passagers_invalides;
1,2024-01-14 23:14:45,2024-01-14 23:20:15,,0.0,,,142,143,0,10.83,0.0,0.5,0.0,0.0,1.0,14.83,,,distance_invalide;passagers_invalides;
2,2024-01-05 18:27:16,2024-01-05 18:36:02,,1.48,,,142,230,0,12.08,0.0,0.5,0.0,0.0,1.0,16.08,,,passagers_invalides;
2,2024-01-10 17:55:40,2024-01-10 17:56:33,1.0,0.0,1.0,N,68,68,4,-3.0,-2.5,-0.5,0.0,0.0,-1.0,-9.5,-2.5,0.0,distance_invalide;montant_invalide;
2,2024-01-18 10:07:24,2024-01-18 10:08:14,1.0,0.02,1.0,N,13,13,2,-3.0,0.0,-0.5,0.0,0.0,-1.0,-7.0,-2.5,0.0,montant_invalide;
1,2024-01-31 18:54:01,2024-01-31 18:59:23,0.0,1.0,1.0,N,249,68,1,7.9,5.0,0.5,1.0,0.0,1.0,15.4,2.5,0.0,passagers_invalides;
2,2024-01-10 10:30:50,2024-01-10 10:48:49,,6.24,,,7,236,0,27.59,0.0,0.5,3.0,6.94,1.0,41.53,,,passagers_invalides;
1,2024-01-20 16:22:39,2024-01-20 16:51:31,0.0,5.4,1.0,N,246,33,1,28.2,2.5,0.5,1.0,6.94,1.0,40.14,2.5,0.0,passagers_invalides;
2,2024-01-20 00:50:29,2024-01-20 01:10:49,,3.91,,,45,229,0,21.42,0.0,0.5,0.0,0.0,1.0,25.42,,,passagers_invalides;
2,2024-01-01 00:21:16,2024-01-01 00:33:13,,1.72,,,249,79,0,11.54,0.0,0.5,0.0,0.0,1.0,15.54,,,passagers_invalides;
2,2024-01-20 17:53:31,2024-01-20 18:15:20,,0.0,,,231,142,0,28.15,0.0,0.5,6.43,0.0,1.0,38.58,,,distance_invalide;passagers_invalides;
1,2024-01-19 21:49:11,2024-01-19 21:59:02,,1.7,,,143,238,0,12.1,1.0,0.5,3.42,0.0,1.0,20.52,,,passagers_invalides;
1,2024-01-18 10:41:11,2024-01-18 10:41:18,1.0,0.0,1.0,N,145,145,2,3.0,0.0,0.5,0.0,0.0,1.0,4.5,0.0,0.0,distance_invalide;
1,2024-01-08 19:13:06,2024-01-08 19:28:31,,2.8,,,230,238,0,16.3,2.5,0.5,3.42,0.0,1.0,26.22,,,passagers_invalides;
2,2024-01-07 16:50:27,2024-01-07 16:50:36,1.0,0.0,5.0,N,230,230,1,90.0,0.0,0.0,23.38,0.0,1.0,116.88,2.5,0.0,distance_invalide;
2,2024-01-05 12:45:46,2024-01-05 13:06:50,4.0,5.17,1.0,N,186,87,2,-26.8,0.0,-0.5,0.0,0.0,-1.0,-30.8,-2.5,0.0,montant_invalide;
2,2024-01-19 03:25:47,2024-01-19 03:25:55,1.0,0.0,5.0,N,79,79,1,140.0,0.0,0.0,0.0,0.0,1.0,143.5,2.5,0.0,distance_invalide;
2,2024-01-18 13:34:18,2024-01-18 13:34:25,2.0,0.0,2.0,N,162,162,2,70.0,0.0,0.5,0.0,0.0,1.0,74.0,2.5,0.0,distance_invalide;
1,2024-01-20 06:43:34,2024-01-20 06:51:03,,0.0,,,262,42,0,16.9,0.0,0.5,0.0,0.0,1.0,20.9,,,distance_invalide;passagers_invalides;
1,2024-01-17 09:15:45,2024-01-17 09:23:24,,1.1,,,107,68,0,10.16,0.0,0.5,0.0,0.0,1.0,14.16,,,passagers_invalides;
2,2024-01-29 21:41:43,2024-01-29 21:45:11,2.0,0.61,1.0,N,48,48,2,-5.8,-1.0,-0.5,0.0,0.0,-1.0,-10.8,-2.5,0.0,montant_invalide;
1,2024-01-14 03:23:10,2024-01-14 03:30:52,0.0,2.8,1.0,N,256,107,1,13.5,3.5,0.5,3.7,0.0,1.0,22.2,2.5,0.0,passagers_invalides;
2,2024-01-27 16:56:54,2024-01-27 17:22:04,,6.23,,,261,161,0,42.37,0.0,0.5,9.27,0.0,1.0,55.64,,,passagers_invalides;
1,2024-01-26 12:20:26,2024-01-26 12:21:13,1.0,0.0,1.0,N,114,114,3,3.0,2.5,0.5,0.0,0.0,1.0,7.0,2.5,0.0,distance_invalide;
2,2024-01-01 18:41:35,2024-01-01 19:03:30,1.0,4.7,1.0,N,239,114,3,-24.7,0.0,-0.5,0.0,0.0,-1.0,-28.7,-2.5,0.0,montant_invalide;
2,2024-01-30 22:53:52,2024-01-30 23:02:32,,2.29,,,163,238,0,15.75,0.0,0.5,4.94,0.0,1.0,24.69,,,passagers_invalides;
1,2024-01-26 19:55:57,2024-01-26 20:03:15,0.0,1.1,1.0,N,90,68,1,7.9,5.0,0.5,2.85,0.0,1.0,17.25,2.5,0.0,passagers_invalides;
2,2024-01-10 02:11:02,2024-01-10 02:42:32,1.0,12.83,1.0,N,100,76,4,-52.0,-1.0,-0.5,0.0,-6.94,-1.0,-63.94,-2.5,0.0,montant_invalide;
2,2024-01-01 04:27:56,2024-01-01 04:47:49,,5.49,,,249,24,0,29.63,0.0,0.5,0.0,0.0,1.0,33.63,,,passagers_invalides;
2,2024-01-31 21:26:46,2024-01-31 21:33:46,,0.98,,,230,142,0,7.69,0.0,0.5,0.0,0.0,1.0,11.69,,,passagers_invalides;
1,2024-01-06 16:14:02,2024-01-06 16:53:23,,8.1,,,238,138,0,45.33,0.0,0.5,0.0,6.94,1.0,56.27,,,passagers_invalides;
2,2024-01-10 12:31:03,2024-01-10 12:31:17,2.0,0.0,5.0,N,140,140,1,53.1,0.0,0.0,0.0,0.0,1.0,56.6,2.5,0.0,distance_invalide;
1,2024-01-20 23:01:43,2024-01-20 23:28:46,,0.0,,,144,263,0,37.16,0.0,0.5,0.0,0.0,1.0,41.16,,,distance_invalide;passagers_invalides;
2,2024-01-14 08:01:55,2024-01-14 08:13:01,,2.66,,,141,48,0,17.65,0.0,0.5,2.16,0.0,1.0,23.81,,,passagers_invalides;
2,2024-01-24 16:13:00,2024-01-24 17:36:00,,20.69,,,239,132,0,91.25,0.0,0.5,20.44,6.94,1.0,122.63,,,passagers_invalides;
2,2024-01-09 21:37:02,2024-01-09 21:45:29,,1.99,,,13,158,0,9.88,0.0,0.5,0.0,0.0,1.0,13.88,,,passagers_invalides;
2,2024-01-11 12:28:58,2024-01-11 12:55:11,,2.81,,,263,170,0,20.66,0.0,0.5,0.0,0.0,1.0,24.66,,,passagers_invalides;
2,2024-01-20 22:39:46,2024-01-20 23:01:24,,4.48,,,230,231,0,27.26,0.0,0.5,0.0,0.0,1.0,31.26,,,passagers_invalides;
1,2024-01-30 20:37:57,2024-01-30 20:54:23,,0.0,,,246,211,0,14.44,0.0,0.5,0.0,0.0,1.0,18.44,,,distance_invalide;passagers_invalides;
1,2024-01-30 08:40:49,2024-01-30 08:56:00,0.0,2.2,1.0,N,239,163,1,13.5,2.5,0.5,3.5,0.0,1.0,21.0,2.5,0.0,passagers_invalides;
2,2024-01-19 21:12:25,2024-01-19 21:17:40,,0.72,,,230,230,0,8.83,0.0,0.5,0.0,0.0,1.0,12.83,,,passagers_invalides;
1,2024-01-22 16:40:37,2024-01-22 17:06:45,0.0,3.1,1.0,N,264,164,1,23.3,5.0,0.5,0.0,0.0,1.0,29.8,2.5,0.0,passagers_invalides;
1,2024-01-22 13:01:54,2024-01-22 13:02:09,0.0,0.0,1.0,N,112,112,2,3.0,0.0,0.5,0.0,0.0,1.0,4.5,0.0,0.0,distance_invalide;passagers_invalides;
2,2024-01-29 14:47:03,2024-01-29 14:47:22,1.0,0.0,5.0,N,264,264,1,31.0,0.0,0.0,0.0,0.0,1.0,32.0,0.0,0.0,distance_invalide;
2,2024-01-25 22:04:35,2024-01-25 22:20:39,,4.46,,,107,87,0,16.42,0.0,0.5,0.0,0.0,1.0,20.42,,,passagers_invalides;
1,2024-01-30 12:47:26,2024-01-30 13:16:59,,3.3,,,140,246,0,25.51,0.0,0.5,0.0,0.0,1.0,29.51,,,passagers_invalides;
1,2024-01-24 17:41:12,2024-01-24 18:06:21,,0.0,,,50,13,0,28.56,0.0,0.5,0.0,0.0,1.0,32.56,,,distance_invalide;passagers_invalides;
2,2024-01-11 17:44:52,2024-01-11 17:56:32,1.0,0.0,1.0,N,236,239,1,10.7,2.5,0.5,1.72,0.0,1.0,18.92,2.5,0.0,distance_invalide;
1,2024-01-23 10:42:17,2024-01-23 10:42:32,1.0,0.0,1.0,N,239,239,4,3.0,2.5,0.5,0.0,0.0,1.0,7.0,2.5,0.0,distance_invalide;
1,2024-01-08 12:32:12,2024-01-08 12:38:55,0.0,0.8,1.0,N,239,142,1,7.9,2.5,0.5,2.35,0.0,1.0,14.25,2.5,0.0,passagers_invalides;
2,2024-01-14 09:10:00,2024-01-14 09:17:00,,2.46,,,137,229,0,11.58,0.0,0.5,3.12,0.0,1.0,18.7,,,passagers_invalides;
1,2024-01-25 18:45:34,2024-01-25 19:08:01,,0.0,,,246,237,0,22.49,0.0,0.5,0.0,0.0,1.0,26.49,,,distance_invalide;passagers_invalides;
1,2024-01-23 07:51:35,2024-01-23 08:43:18,,10.0,,,138,144,0,50.6,6.75,0.5,9.2,0.0,1.0,70.55,,,passagers_invalides;
2,2024-01-17 08:20:46,2024-01-17 09:05:08,2.0,0.0,1.0,N,230,138,1,33.8,5.0,0.5,9.95,6.94,1.0,59.69,2.5,0.0,distance_invalide;
2,2024-01-29 10:00:05,2024-01-29 10:14:42,4.0,2.08,1.0,N,239,161,4,-14.9,0.0,-0.5,0.0,0.0,-1.0,-18.9,-2.5,0.0,montant_invalide;
2,2024-01-06 23:32:50,2024-01-06 23:49:24,,7.97,,,256,7,0,26.23,0.0,0.5,0.0,0.0,1.0,27.73,,,passagers_invalides;
2,2024-01-11 01:18:43,2024-01-11 01:22:20,1.0,0.77,1.0,N,107,170,4,-6.5,-1.0,-0.5,0.0,0.0,-1.0,-11.5,-2.5,0.0,montant_invalide;
1,2024-01-09 17:51:48,2024-01-09 18:06:54,,0.0,,,161,246,0,15.2,0.0,0.5,0.0,0.0,1.0,19.2,,,distance_invalide;passagers_invalides;
1,2024-01-07 10:45:53,2024-01-07 11:09:28,,5.6,,,164,166,0,29.71,0.0,0.5,0.0,0.0,1.0,33.71,,,passagers_invalides;
1,2024-01-25 09:50:37,2024-01-25 10:04:11,0.0,1.0,1.0,N,161,230,2,12.8,2.5,0.5,0.0,0.0,1.0,16.8,2.5,0.0,passagers_invalides;
2,2024-01-01 01:40:57,2024-01-01 02:19:19,,4.69,,,87,48,0,65.93,0.0,0.5,0.0,0.0,1.0,69.93,,,passagers_invalides;
2,2024-01-22 10:01:04,2024-01-22 10:03:14,1.0,0.2,1.0,N,142,142,3,-4.4,0.0,-0.5,0.0,0.0,-1.0,-8.4,-2.5,0.0,montant_invalide;
1,2024-01-31 10:00:53,2024-01-31 10:04:20,0.0,0.4,1.0,N,79,234,1,5.1,2.5,0.5,2.7,0.0,1.0,11.8,2.5,0.0,passagers_invalides;
1,2024-01-23 18:31:54,2024-01-23 18:32:18,1.0,0.0,1.0,N,145,145,2,3.0,2.5,0.5,0.0,0.0,1.0,7.0,0.0,0.0,distance_invalide;
1,2024-01-20 10:33:15,2024-01-20 10:40:01,,1.1,,,238,236,0,10.16,0.0,0.5,0.0,0.0,1.0,14.16,,,passagers_invalides;
2,2024-01-27 09:47:33,2024-01-27 09:47:44,1.0,0.0,1.0,N,236,236,4,-3.0,0.0,-0.5,0.0,0.0,-1.0,-7.0,-2.5,0.0,distance_invalide;montant_invalide;
2,2024-01-10 19:58:39,2024-01-10 20:05:00,1.0,0.0,1.0,N,170,237,1,7.2,1.0,0.5,2.44,0.0,1.0,14.64,2.5,0.0,distance_invalide;
2,2024-01-01 00:21:47,2024-01-01 00:37:35,,3.13,,,167,41,0,18.58,0.0,0.5,0.0,0.0,1.0,20.08,,,passagers_invalides;
2,2024-01-04 07:52:41,2024-01-04 08:58:49,,19.42,,,38,24,0,82.95,0.0,0.5,0.0,6.94,1.0,91.39,,,passagers_invalides;
1,2024-01-12 08:14:14,2024-01-12 08:24:47,,0.4,,,236,263,0,7.9,0.0,0.5,1.79,0.0,1.0,13.69,,,passagers_invalides;
2,2024-01-20 00:29:46,2024-01-20 00:42:28,1.0,0.0,1.0,N,249,143,1,11.4,1.0,0.5,3.28,0.0,1.0,19.68,2.5,0.0,distance_invalide;
2,2024-01-12 18:26:05,2024-01-12 18:36:17,1.0,0.0,1.0,N,237,161,2,3.0,0.0,0.5,0.0,0.0,1.0,7.0,2.5,0.0,distance_invalide;
2,2024-01-10 13:41:45,2024-01-10 13:58:04,,2.11,,,68,161,0,21.26,0.0,0.5,5.05,0.0,1.0,30.31,,,passagers_invalides;
2,2024-01-03 13:04:44,2024-01-03 13:08:24,3.0,0.51,1.0,N,161,164,2,-5.8,0.0,-0.5,0.0,0.0,-1.0,-9.8,-2.5,0.0,montant_invalide;
1,2024-01-01 18:56:57,2024-01-01 18:56:57,1.0,0.0,1.0,Y,68,264,2,4.4,2.5,0.5,0.0,0.0,1.0,8.4,2.5,0.0,distance_invalide;
1,2024-01-11 21:58:45,2024-01-11 22:20:36,,0.0,,,161,13,0,32.76,0.0,0.5,0.0,0.0,1.0,36.76,,,distance_invalide;passagers_invalides;
1,2024-01-01 03:16:28,2024-01-01 03:31:14,,0.0,,,238,48,0,20.64,0.0,0.5,0.0,0.0,1.0,24.64,,,distance_invalide;passagers_invalides;
2,2024-01-21 20:45:02,2024-01-21 20:46:47,1.0,0.0,5.0,N,138,264,2,58.0,0.0,0.5,0.0,0.0,1.0,59.5,0.0,0.0,distance_invalide;
2,2024-01-16 00:05:35,2024-01-16 00:10:36,,0.92,,,114,158,0,6.83,0.0,0.5,0.0,0.0,1.0,10.83,,,passagers_invalides;
1,2024-01-13 15:14:16,2024-01-13 15:16:27,0.0,0.2,1.0,N,186,186,1,4.4,2.5,0.5,1.65,0.0,1.0,10.05,2.5,0.0,passagers_invalides;
1,2024-01-06 13:39:58,2024-01-06 13:46:22,0.0,0.9,1.0,N,236,141,1,7.9,2.5,0.5,2.35,0.0,1.0,14.25,2.5,0.0,passagers_invalides;
2,2024-01-13 22:24:22,2024-01-13 22:48:11,,5.05,,,255,90,0,29.68,0.0,0.5,0.0,0.0,1.0,33.68,,,passagers_invalides;
2,2024-01-03 12:44:27,2024-01-03 12:59:34,,7.78,,,10,39,0,25.9,0.0,0.5,0.0,0.0,1.0,27.4,,,passagers_invalides;
2,2024-01-19 19:09:00,2024-01-19 19:24:46,2.0,0.0,1.0,N,236,230,2,13.5,2.5,0.5,0.0,0.0,1.0,20.0,2.5,0.0,distance_invalide;
1,2024-01-20 16:44:58,2024-01-20 17:00:43,,3.3,,,48,24,0,18.4,2.5,0.5,6.2,0.0,1.0,31.1,,,passagers_invalides;
2,2024-01-27 15:44:14,2024-01-27 16:03:49,,2.65,,,140,48,0,21.08,0.0,0.5,0.0,0.0,1.0,25.08,,,passagers_invalides;
2,2024-01-31 09:37:22,2024-01-31 09:49:13,4.0,1.64,1.0,N,100,237,4,-12.8,0.0,-0.5,0.0,0.0,-1.0,-16.8,-2.5,0.0,montant_invalide;
2,2024-01-09 17:54:13,2024-01-09 18:14:46,,3.06,,,137,142,0,27.75,0.0,0.5,0.0,0.0,1.0,31.75,,,passagers_invalides;
2,2024-01-24 17:04:21,2024-01-24 17:25:48,,2.34,,,239,161,0,20.43,0.0,0.5,3.66,0.0,1.0,28.09,,,passagers_invalides;
2,2024-01-26 10:01:40,2024-01-26 10:24:02,,6.44,,,229,13,0,30.41,0.0,0.5,0.0,0.0,1.0,34.41,,,passagers_invalides;
2,2024-01-18 23:07:26,2024-01-18 23:07:30,1.0,0.0,5.0,N,148,148,1,23.0,0.0,0.0,5.3,0.0,1.0,31.8,2.5,0.0,distance_invalide;
2,2024-01-19 10:41:17,2024-01-19 10:44:36,,0.32,,,262,263,0,11.74,0.0,0.5,4.72,0.0,1.0,20.46,,,passagers_invalides;
1,2024-01-20 17:53:00,2024-01-20 18:02:48,0.0,0.6,1.0,N,186,234,1,9.3,2.5,0.5,0.04,0.0,1.0,13.34,2.5,0.0,passagers_invalides;
2,2024-01-19 09:09:12,2024-01-19 09:20:22,,2.62,,,143,68,0,18.16,0.0,0.5,0.0,0.0,1.0,22.16,,,passagers_invalides;
2,2024-01-17 22:22:07,2024-01-17 22:34:45,,4.57,,,233,87,0,21.53,0.0,0.5,0.0,0.0,1.0,25.53,,,passagers_invalides;
2,2024-01-27 19:14:23,2024-01-27 19:36:42,,6.61,,,141,13,0,32.2,0.0,0.5,0.0,0.0,1.0,36.2,,,passagers_invalides;
1,2024-01-26 06:39:53,2024-01-26 06:58:23,1.0,0.0,99.0,N,69,69,1,26.5,0.0,0.5,0.0,0.0,1.0,28.0,0.0,0.0,distance_invalide;
2,2024-01-16 19:36:26,2024-01-16 19:45:07,2.0,0.83,1.0,N,48,246,4,-8.6,-2.5,-0.5,0.0,0.0,-1.0,-15.1,-2.5,0.0,montant_invalide;
2,2024-01-05 23:35:11,2024-01-05 23:35:15,1.0,0.0,2.0,N,138,138,4,-70.0,0.0,-0.5,0.0,0.0,-1.0,-73.25,0.0,-1.75,distance_invalide;montant_invalide;
2,2024-01-14 14:05:36,2024-01-14 14:14:04,1.0,1.12,1.0,N,234,211,2,-9.3,0.0,-0.5,0.0,0.0,-1.0,-13.3,-2.5,0.0,montant_invalide;
2,2024-01-24 19:22:26,2024-01-24 19:28:28,1.0,0.7,1.0,N,163,142,2,-7.2,-2.5,-0.5,0.0,0.0,-1.0,-13.7,-2.5,0.0,montant_invalide;
1,2024-01-23 07:21:38,2024-01-23 07:38:02,,6.8,,,237,88,0,29.6,0.0,0.5,3.36,0.0,1.0,36.96,,,passagers_invalides;
2,2024-01-02 00:28:15,2024-01-02 00:33:46,,0.88,,,94,136,0,9.83,0.0,0.5,0.0,0.0,1.0,11.33,,,passagers_invalides;
2,2024-01-07 17:10:57,2024-01-07 17:11:06,2.0,0.0,5.0,N,132,132,1,98.0,0.0,0.0,0.0,0.0,1.0,100.75,0.0,1.75,distance_invalide;
1,2024-01-27 18:20:54,2024-01-27 18:20:54,1.0,0.0,1.0,N,236,264,2,3.0,5.0,0.5,0.0,0.0,1.0,9.5,2.5,0.0,distance_invalide;
2,2024-01-23 22:04:11,2024-01-23 22:12:28,,0.75,,,230,163,0,10.08,0.0,0.5,0.0,0.0,1.0,14.08,,,passagers_invalides;
2,2024-01-14 19:41:00,2024-01-14 19:58:00,,3.43,,,229,144,0,20.69,0.0,0.5,4.94,0.0,1.0,29.63,,,passagers_invalides;
2,2024-01-17 14:21:04,2024-01-17 14:29:06,,0.85,,,229,141,0,11.74,0.0,0.5,0.16,0.0,1.0,15.9,,,passagers_invalides;
2,2024-01-06 18:52:42,2024-01-06 18:58:31,1.0,0.5,1.0,N,162,164,4,-7.2,0.0,-0.5,0.0,0.0,-1.0,-11.2,-2.5,0.0,montant_invalide;
1,2024-01-16 14:27:45,2024-01-16 14:46:41,0.0,1.7,1.0,N,43,170,1,13.5,2.5,0.5,4.35,0.0,1.0,21.85,2.5,0.0,passagers_invalides;
2,2024-01-10 06:42:36,2024-01-10 06:52:01,1.0,1.22,1.0,N,237,238,4,-10.7,0.0,-0.5,0.0,0.0,-1.0,-14.7,-2.5,0.0,montant_invalide;
2,2024-01-31 08:51:43,2024-01-31 09:02:18,,1.6,,,263,140,0,8.79,0.0,0.5,0.0,0.0,1.0,12.79,,,passagers_invalides;
1,2024-01-25 18:24:44,2024-01-25 18:34:17,,0.0,,,263,151,0,14.69,0.0,0.5,0.0,0.0,1.0,18.69,,,distance_invalide;passagers_invalides;
2,2024-01-27 20:25:33,2024-01-27 20:25:50,2.0,0.03,5.0,N,255,255,4,-26.8,0.0,0.0,0.0,0.0,-1.0,-30.3,-2.5,0.0,montant_invalide;
2,2024-01-30 19:51:15,2024-01-30 20:01:58,1.0,0.0,1.0,N,161,236,1,10.0,2.5,0.5,2.48,0.0,1.0,18.98,2.5,0.0,distance_invalide;
1,2024-01-22 20:07:33,2024-01-22 20:31:07,,5.1,,,246,262,0,41.55,0.0,0.5,0.0,0.0,1.0,45.55,,,passagers_invalides;
2,2024-01-06 04:09:47,2024-01-06 04:20:39,1.0,1.68,1.0,N,249,90,4,-12.1,-1.0,-0.5,0.0,0.0,-1.0,-17.1,-2.5,0.0,montant_invalide;
1,2024-01-09 06:00:24,2024-01-09 06:00:24,1.0,0.0,1.0,Y,127,264,2,4.4,0.0,0.5,0.0,0.0,1.0,5.9,0.0,0.0,distance_invalide;
1,2024-01-30 13:17:51,2024-01-30 13:29:45,0.0,1.4,1.0,N,236,140,1,12.1,2.5,0.5,1.0,0.0,1.0,17.1,2.5,0.0,passagers_invalides;
2,2024-01-20 15:43:18,2024-01-20 15:59:13,,3.96,,,164,232,0,21.64,0.0,0.5,5.13,0.0,1.0,30.77,,,passagers_invalides;
2,2024-01-20 12:28:52,2024-01-20 12:43:36,1.0,2.25,1.0,N,164,237,4,-14.9,0.0,-0.5,0.0,0.0,-1.0,-18.9,-2.5,0.0,montant_invalide;
2,2024-01-11 07:40:10,2024-01-11 07:40:15,1.0,0.0,5.0,N,87,87,1,55.0,0.0,0.0,11.7,0.0,1.0,70.2,2.5,0.0,distance_invalide;
2,2024-01-09 17:46:47,2024-01-09 17:55:31,,0.85,,,163,233,0,11.42,0.0,0.5,0.0,0.0,1.0,15.42,,,passagers_invalides;
2,2024-01-16 11:00:52,2024-01-16 11:33:21,,3.97,,,211,181,0,25.09,0.0,0.5,5.82,0.0,1.0,34.91,,,passagers_invalides;
2,2024-01-28 03:40:50,2024-01-28 03:40:58,1.0,0.0,5.0,N,37,37,2,50.0,0.0,0.0,0.0,0.0,1.0,51.0,0.0,0.0,distance_invalide;
2,2024-01-24 19:17:00,2024-01-24 19:36:00,,3.58,,,114,25,0,22.93,0.0,0.5,4.85,0.0,1.0,31.78,,,passagers_invalides;
1,2024-01-21 13:59:07,2024-01-21 14:03:52,,1.0,,,170,107,0,10.16,0.0,0.5,0.0,0.0,1.0,14.16,,,passagers_invalides;
2,2024-01-26 20:06:56,2024-01-26 20:27:30,1.0,2.57,1.0,N,230,211,3,-19.1,-1.0,-0.5,0.0,0.0,-1.0,-24.1,-2.5,0.0,montant_invalide;
2,2024-01-26 23:38:00,2024-01-27 00:06:00,,6.7,,,25,137,0,27.43,0.0,0.5,4.71,0.0,1.0,36.14,,,passagers_invalides;
2,2024-01-28 13:21:58,2024-01-28 13:47:04,,3.08,,,140,186,0,25.64,0.0,0.5,0.0,0.0,1.0,29.64,,,passagers_invalides;
1,2024-01-24 21:13:08,2024-01-24 21:32:24,0.0,9.4,1.0,N,88,41,1,36.6,3.5,0.5,4.0,0.0,1.0,45.6,2.5,0.0,passagers_invalides;
2,2024-01-08 17:17:41,2024-01-08 17:43:30,1.0,0.0,1.0,N,144,230,1,20.5,2.5,0.5,5.0,0.0,1.0,32.0,2.5,0.0,distance_invalide;
1,2024-01-02 08:01:00,2024-01-02 08:13:57,,3.5,,,262,164,0,17.7,0.0,0.5,2.17,0.0,1.0,23.87,,,passagers_invalides;
1,2024-01-21 13:31:46,2024-01-21 13:45:07,0.0,1.6,1.0,N,90,144,1,13.5,2.5,0.5,2.0,0.0,1.0,19.5,2.5,0.0,passagers_invalides;
1,2024-01-03 13:47:48,2024-01-03 14:04:35,,2.4,,,170,246,0,17.0,0.0,0.5,4.2,0.0,1.0,25.2,,,passagers_invalides;
2,2024-01-17 18:59:00,2024-01-17 19:10:00,,1.36,,,229,262,0,14.22,0.0,0.5,2.0,0.0,1.0,20.22,,,passagers_invalides;
2,2024-01-26 19:17:13,2024-01-26 19:37:00,,6.29,,,137,231,0,1.54,0.0,0.5,0.0,0.0,1.0,5.54,,,passagers_invalides;
1,2024-01-28 02:54:52,2024-01-28 03:07:27,0.0,2.0,1.0,N,79,170,1,14.2,3.5,0.5,3.8,0.0,1.0,23.0,2.5,0.0,passagers_invalides;
2,2024-01-20 23:33:28,2024-01-20 23:45:31,,1.94,,,144,170,0,18.12,0.0,0.5,0.0,0.0,1.0,22.12,,,passagers_invalides;
1,2024-01-08 20:10:10,2024-01-08 20:24:09,0.0,3.9,1.0,N,161,148,1,18.4,3.5,0.5,4.65,0.0,1.0,28.05,2.5,0.0,passagers_invalides;
2,2024-01-22 16:23:11,2024-01-22 16:29:57,,0.94,,,238,239,0,11.74,0.0,0.5,2.05,0.0,1.0,17.79,,,passagers_invalides;
1,2024-01-05 17:01:35,2024-01-05 17:11:51,0.0,1.2,1.0,N,237,161,1,9.3,5.0,0.5,3.15,0.0,1.0,18.95,2.5,0.0,passagers_invalides;
2,2024-01-24 15:15:45,2024-01-24 15:31:00,,3.4,,,262,162,0,17.8,0.0,0.5,6.54,0.0,1.0,28.34,,,passagers_invalides;
2,2024-01-23 11:39:37,2024-01-23 11:48:50,1.0,1.09,1.0,N,263,141,4,-9.3,0.0,-0.5,0.0,0.0,-1.0,-13.3,-2.5,0.0,montant_invalide;
1,2024-01-22 12:35:53,2024-01-22 12:42:50,1.0,0.0,1.0,N,129,129,1,17.0,0.0,0.5,0.0,0.0,1.0,18.5,0.0,0.0,distance_invalide;
2,2024-01-16 07:48:20,2024-01-16 08:05:07,,3.41,,,24,163,0,27.04,0.0,0.5,6.21,0.0,1.0,37.25,,,passagers_invalides;
2,2024-01-03 13:59:47,2024-01-03 14:00:18,4.0,0.0,5.0,N,232,232,1,15.0,0.0,0.0,0.0,0.0,1.0,18.5,2.5,0.0,distance_invalide;
6,2024-01-16 17:01:43,2024-01-16 17:01:44,,0.34,,,265,14,0,15.2,0.0,0.5,0.0,0.0,0.3,16.0,,,passagers_invalides;
1,2024-01-30 16:11:50,2024-01-30 16:19:42,,0.9,,,186,161,0,8.6,2.5,0.5,0.0,0.0,1.0,15.1,,,passagers_invalides;
1,2024-01-24 20:10:01,2024-01-24 20:24:16,,2.4,,,163,239,0,14.2,1.0,0.5,2.88,0.0,1.0,22.08,,,passagers_invalides;
2,2024-01-08 18:04:18,2024-01-08 18:04:20,3.0,0.0,5.0,N,132,264,1,87.0,0.0,0.5,17.7,0.0,1.0,106.2,0.0,0.0,distance_invalide;
2,2024-01-01 04:40:22,2024-01-01 04:51:52,,2.34,,,137,48,0,22.23,0.0,0.5,0.0,0.0,1.0,26.23,,,passagers_invalides;
2,2024-01-12 00:37:09,2024-01-12 00:49:17,1.0,2.97,1.0,N,164,236,2,-14.9,-1.0,-0.5,0.0,0.0,-1.0,-19.9,-2.5,0.0,montant_invalide;
2,2024-01-02 18:43:20,2024-01-02 18:44:01,1.0,0.0,5.0,N,233,233,1,90.0,0.0,0.5,10.0,0.0,1.0,104.0,2.5,0.0,distance_invalide;
2,2024-01-14 01:06:30,2024-01-14 01:12:41,1.0,0.7,1.0,N,211,148,4,-7.2,-1.0,-0.5,0.0,0.0,-1.0,-12.2,-2.5,0.0,montant_invalide;
2,2024-01-03 14:05:10,2024-01-03 14:05:18,1.0,0.0,1.0,N,265,265,2,3.0,0.0,0.0,0.0,0.0,1.0,4.0,0.0,0.0,distance_invalide;
1,2024-01-12 16:30:59,2024-01-12 16:57:27,,0.0,,,263,144,0,37.37,0.0,0.5,0.0,0.0,1.0,41.37,,,distance_invalide;passagers_invalides;
2,2024-01-28 12:57:19,2024-01-28 13:10:41,1.0,1.02,1.0,N,90,48,4,-12.8,0.0,-0.5,0.0,0.0,-1.0,-16.8,-2.5,0.0,montant_invalide;
1,2024-01-12 11:33:56,2024-01-12 11:47:08,0.0,3.5,1.0,N,263,137,1,18.4,2.5,0.5,1.0,0.0,1.0,23.4,2.5,0.0,passagers_invalides;
2,2024-01-20 17:26:00,2024-01-20 17:40:00,,2.7,,,263,151,0,16.62,0.0,0.5,2.0,0.0,1.0,22.62,,,passagers_invalides;
1,2024-01-20 23:37:03,2024-01-20 23:55:47,,0.0,,,80,25,0,22.66,0.0,0.5,0.0,0.0,1.0,24.16,,,distance_invalide;passagers_invalides;
2,2024-01-20 13:42:12,2024-01-20 13:53:40,,4.37,,,141,232,0,18.35,0.0,0.5,0.0,0.0,1.0,22.35,,,passagers_invalides;
1,2024-01-18 16:59:37,2024-01-18 17:05:50,0.0,1.3,1.0,N,238,43,1,8.6,5.0,0.5,3.02,0.0,1.0,18.12,2.5,0.0,passagers_invalides;
2,2024-01-16 13:48:38,2024-01-16 13:54:22,2.0,0.56,1.0,N,162,162,3,-7.2,0.0,-0.5,0.0,0.0,-1.0,-11.2,-2.5,0.0,montant_invalide;
1,2024-01-08 10:42:05,2024-01-08 10:46:38,,0.8,,,164,161,0,6.5,0.0,0.5,1.58,0.0,1.0,12.08,,,passagers_invalides;
2,2024-01-17 18:54:04,2024-01-17 19:06:41,,2.69,,,170,237,0,17.44,0.0,0.5,0.0,0.0,1.0,21.44,,,passagers_invalides;
1,2024-01-17 21:50:13,2024-01-17 21:53:15,,0.0,,,161,229,0,12.08,0.0,0.5,0.0,0.0,1.0,16.08,,,distance_invalide;passagers_invalides;
2,2024-01-09 06:45:06,2024-01-09 06:56:39,,2.87,,,166,244,0,16.49,0.0,0.5,2.7,0.0,1.0,20.69,,,passagers_invalides;
2,2024-01-01 02:15:50,2024-01-01 02:27:54,1.0,3.41,1.0,N,163,75,4,-16.3,-1.0,-0.5,0.0,0.0,-1.0,-21.3,-2.5,0.0,montant_invalide;
2,2024-01-13 02:17:48,2024-01-13 02:33:55,,7.99,,,255,228,0,28.27,0.0,0.5,0.0,0.0,1.0,29.77,,,passagers_invalides;
2,2024-01-25 09:46:29,2024-01-25 09:59:13,1.0,4.09,1.0,N,79,88,4,-20.5,0.0,-0.5,0.0,0.0,-1.0,-24.5,-2.5,0.0,montant_invalide;
2,2024-01-28 00:38:59,2024-01-28 00:53:11,,1.79,,,234,114,0,16.87,0.0,0.5,0.0,0.0,1.0,20.87,,,passagers_invalides;
2,2024-01-09 05:08:25,2024-01-09 05:39:47,,17.03,,,224,1,0,73.68,0.0,0.0,19.36,21.0,1.0,115.04,,,passagers_invalides;
2,2024-01-06 19:28:36,2024-01-06 19:32:03,,0.52,,,151,238,0,7.83,0.0,0.5,0.0,0.0,1.0,11.83,,,passagers_invalides;
1,2024-01-07 14:21:23,2024-01-07 14:25:27,0.0,0.8,1.0,N,142,230,1,6.5,2.5,0.5,2.1,0.0,1.0,12.6,2.5,0.0,passagers_invalides;
2,2024-01-05 17:34:52,2024-01-05 18:40:55,3.0,21.03,5.0,N,132,265,4,-170.0,0.0,0.0,0.0,-14.75,-1.0,-187.5,0.0,-1.75,montant_invalide;
1,2024-01-04 07:45:19,2024-01-04 08:24:06,,0.0,,,91,181,0,35.76,0.0,0.5,0.0,0.0,1.0,37.26,,,distance_invalide;passagers_invalides;
2,2024-01-13 03:50:11,2024-01-13 04:08:19,,7.54,,,262,231,0,30.18,0.0,0.5,6.15,0.0,1.0,40.33,,,passagers_invalides;
1,2024-01-27 18:53:06,2024-01-27 19:00:03,,1.2,,,141,236,0,8.6,2.5,0.5,1.51,0.0,1.0,16.61,,,passagers_invalides;
2,2024-01-03 12:30:22,2024-01-03 12:38:02,4.0,0.78,1.0,N,161,230,2,-8.6,0.0,-0.5,0.0,0.0,-1.0,-12.6,-2.5,0.0,montant_invalide;
2,2024-01-14 13:43:07,2024-01-14 13:43:17,2.0,0.0,5.0,N,230,230,4,17.0,0.0,0.0,0.0,0.0,1.0,20.5,2.5,0.0,distance_invalide;
2,2024-01-07 18:51:02,2024-01-07 19:10:17,,6.86,,,236,45,0,29.52,0.0,0.5,0.0,0.0,1.0,33.52,,,passagers_invalides;
1,2024-01-17 21:50:01,2024-01-17 21:57:33,,0.0,,,231,87,0,9.33,0.0,0.5,0.0,0.0,1.0,13.33,,,distance_invalide;passagers_invalides;
1,2024-01-25 10:22:24,2024-01-25 10:45:27,,10.2,,,229,138,0,42.9,5.0,0.5,8.83,6.94,1.0,67.67,,,passagers_invalides;
2,2024-01-20 14:15:16,2024-01-20 14:33:03,,2.99,,,238,229,0,-1.22,0.0,0.5,0.0,0.0,1.0,2.78,,,montant_invalide;passagers_invalides;
1,2024-01-17 08:12:35,2024-01-17 08:43:08,,0.0,,,189,233,0,50.6,0.0,0.5,0.0,0.0,1.0,54.6,,,distance_invalide;passagers_invalides;
1,2024-01-16 09:46:59,2024-01-16 09:55:55,0.0,1.6,1.0,N,238,236,1,10.7,2.5,0.5,2.9,0.0,1.0,17.6,2.5,0.0,passagers_invalides;
1,2024-01-10 10:14:08,2024-01-10 10:21:45,,1.8,,,236,237,0,10.0,0.0,0.5,2.1,0.0,1.0,16.1,,,passagers_invalides;
2,2024-01-28 13:53:44,2024-01-28 14:12:48,,4.28,,,79,262,0,22.51,0.0,0.5,0.0,0.0,1.0,26.51,,,passagers_invalides;
1,2024-01-12 14:53:14,2024-01-12 15:08:57,,2.5,,,151,43,0,17.0,0.0,0.5,4.2,0.0,1.0,25.2,,,passagers_invalides;
1,2024-01-27 23:36:53,2024-01-27 23:55:37,0.0,2.7,1.0,N,48,238,1,19.1,3.5,0.5,4.0,0.0,1.0,28.1,2.5,0.0,passagers_invalides;
1,2024-01-26 17:11:00,2024-01-26 17:17:24,,1.3,,,237,236,0,8.6,2.5,0.5,3.02,0.0,1.0,18.12,,,passagers_invalides;
2,2024-01-18 17:01:59,2024-01-18 17:16:37,,2.35,,,236,230,0,21.99,0.0,0.5,0.0,0.0,1.0,25.99,,,passagers_invalides;
1,2024-01-07 09:47:18,2024-01-07 09:49:32,,0.6,,,239,151,0,5.1,0.0,0.5,1.82,0.0,1.0,10.92,,,passagers_invalides;
1,2024-01-26 04:29:43,2024-01-26 05:01:54,1.0,0.0,1.0,N,205,232,1,45.5,0.0,0.5,0.0,0.0,1.0,47.0,0.0,0.0,distance_invalide;
1,2024-01-26 00:05:48,2024-01-26 00:12:18,0.0,1.1,1.0,N,161,170,1,8.6,3.5,0.5,2.7,0.0,1.0,16.3,2.5,0.0,passagers_invalides;
2,2024-01-21 02:40:30,2024-01-21 02:50:20,,1.52,,,4,90,0,-3.0,0.0,0.5,0.0,0.0,1.0,1.0,,,montant_invalide;passagers_invalides;
1,2024-01-15 12:02:13,2024-01-15 12:08:42,0.0,1.1,1.0,N,239,142,1,8.6,2.5,0.5,2.5,0.0,1.0,15.1,2.5,0.0,passagers_invalides;
1,2024-01-12 12:17:03,2024-01-12 12:28:23,0.0,1.3,1.0,N,142,141,1,10.7,2.5,0.5,3.65,0.0,1.0,18.35,2.5,0.0,passagers_invalides;
2,2024-01-09 18:59:26,2024-01-09 19:09:06,,1.3,,,164,229,0,19.39,0.0,0.5,0.0,0.0,1.0,23.39,,,passagers_invalides;
1,2024-01-22 14:01:03,2024-01-22 14:04:54,,0.4,,,113,107,0,5.1,0.0,0.5,1.82,0.0,1.0,10.92,,,passagers_invalides;
1,2024-01-09 13:56:02,2024-01-09 14:51:20,1.0,0.0,1.0,N,188,140,1,41.5,0.0,0.5,0.0,0.0,1.0,43.0,0.0,0.0,distance_invalide;
2,2024-01-27 07:13:56,2024-01-27 07:25:39,,2.47,,,239,229,0,14.82,0.0,0.5,3.76,0.0,1.0,22.58,,,passagers_invalides;
2,2024-01-28 03:39:08,2024-01-28 03:44:29,,1.22,,,79,137,0,8.33,0.0,0.5,0.0,0.0,1.0,12.33,,,passagers_invalides;
2,2024-01-20 21:44:56,2024-01-20 21:52:38,,1.39,,,188,188,0,11.58,0.0,0.5,2.62,0.0,1.0,15.7,,,passagers_invalides;
1,2024-01-04 12:38:11,2024-01-04 12:48:16,0.0,0.7,1.0,N,48,161,1,10.0,2.5,0.5,2.8,0.0,1.0,16.8,2.5,0.0,passagers_invalides;
2,2024-01-24 17:26:05,2024-01-24 17:51:21,,2.5,,,161,114,0,21.8,0.0,0.5,0.0,0.0,1.0,25.8,,,passagers_invalides;
2,2024-01-09 19:20:00,2024-01-09 19:27:00,,1.22,,,48,143,0,11.74,0.0,0.5,2.36,0.0,1.0,18.1,,,passagers_invalides;
1,2024-01-11 21:16:56,2024-01-11 22:04:24,,20.3,,,132,238,0,70.0,1.75,0.5,12.4,6.94,1.0,95.09,,,passagers_invalides;
2,2024-01-16 07:37:59,2024-01-16 08:29:38,,20.46,,,88,132,0,80.85,0.0,0.5,4.24,0.0,1.0,89.09,,,passagers_invalides;
1,2024-01-12 10:12:01,2024-01-12 10:27:24,,1.1,,,237,263,0,14.2,0.0,0.5,2.73,0.0,1.0,20.93,,,passagers_invalides;
2,2024-01-10 15:43:00,2024-01-10 16:00:00,,2.57,,,236,143,0,19.53,0.0,0.5,4.24,0.0,1.0,27.77,,,passagers_invalides;
2,2024-01-23 06:52:23,2024-01-23 07:05:16,,2.37,,,114,137,0,15.19,0.0,0.5,3.84,0.0,1.0,23.03,,,passagers_invalides;
2,2024-01-17 21:25:00,2024-01-17 21:44:00,,4.77,,,158,238,0,26.83,0.0,0.5,2.0,0.0,1.0,32.83,,,passagers_invalides;
2,2024-01-04 22:16:02,2024-01-04 22:22:30,1.0,0.96,1.0,N,162,186,4,-7.9,-1.0,-0.5,0.0,0.0,-1.0,-12.9,-2.5,0.0,montant_invalide;
2,2024-01-09 14:36:24,2024-01-09 14:45:59,,3.19,,,263,162,0,17.68,0.0,0.5,6.5,0.0,1.0,28.18,,,passagers_invalides;
2,2024-01-10 16:41:01,2024-01-10 16:45:43,,1.3,,,43,236,0,11.74,0.0,0.5,3.15,0.0,1.0,18.89,,,passagers_invalides;
1,2024-01-28 12:53:18,2024-01-28 13:19:47,,0.0,,,13,48,0,25.22,0.0,0.5,0.0,0.0,1.0,29.22,,,distance_invalide;passagers_invalides;
1,2024-01-23 08:25:01,2024-01-23 08:42:31,,3.2,,,262,164,0,19.1,0.0,0.5,2.31,0.0,1.0,25.41,,,passagers_invalides;
1,2024-01-30 16:27:59,2024-01-30 16:58:05,0.0,2.6,1.0,N,231,230,1,24.7,5.0,0.5,9.35,0.0,1.0,40.55,2.5,0.0,passagers_invalides;
2,2024-01-24 22:40:52,2024-01-24 22:54:28,1.0,2.69,1.0,N,164,50,4,-16.3,-1.0,-0.5,0.0,0.0,-1.0,-21.3,-2.5,0.0,montant_invalide;
2,2024-01-04 17:08:58,2024-01-04 17:21:58,,1.88,,,164,48,0,19.94,0.0,0.5,8.0,0.0,1.0,31.94,,,passagers_invalides;
2,2024-01-15 21:16:12,2024-01-15 21:16:27,2.0,0.01,2.0,N,162,162,3,-70.0,0.0,-0.5,0.0,0.0,-1.0,-74.0,-2.5,0.0,montant_invalide;
1,2024-01-26 15:47:53,2024-01-26 15:57:06,0.0,1.2,1.0,N,158,246,1,8.6,2.5,0.5,0.0,0.0,1.0,12.6,2.5,0.0,passagers_invalides;
2,2024-01-09 18:28:21,2024-01-09 18:39:06,,1.81,,,237,263,0,14.82,0.0,0.5,0.0,0.0,1.0,18.82,,,passagers_invalides;
1,2024-01-12 07:51:52,2024-01-12 08:11:27,,0.0,,,224,246,0,22.71,0.0,0.5,0.0,0.0,1.0,26.71,,,distance_invalide;passagers_invalides;
2,2024-01-16 16:46:47,2024-01-16 17:08:04,,3.94,,,25,133,0,23.81,0.0,0.5,0.0,0.0,1.0,25.31,,,passagers_invalides;
2,2024-01-20 19:06:22,2024-01-20 19:30:05,,5.02,,,239,231,0,45.99,0.0,0.5,10.0,0.0,1.0,59.99,,,passagers_invalides;
1,2024-01-16 23:33:00,2024-01-16 23:39:29,0.0,0.9,1.0,N,211,79,1,8.6,3.5,0.5,2.72,0.0,1.0,16.32,2.5,0.0,passagers_invalides;
1,2024-01-27 07:56:11,2024-01-27 07:56:25,1.0,0.0,1.0,N,145,145,2,3.0,0.0,0.5,0.0,0.0,1.0,4.5,0.0,0.0,distance_invalide;
2,2024-01-16 20:22:07,2024-01-16 20:31:49,,1.51,,,163,164,0,13.39,0.0,0.5,0.0,0.0,1.0,17.39,,,passagers_invalides;
1,2024-01-14 01:22:13,2024-01-14 01:26:28,,0.9,,,68,230,0,6.5,1.0,0.5,1.72,0.0,1.0,13.22,,,passagers_invalides;
2,2024-01-09 22:02:24,2024-01-09 22:20:33,,2.74,,,231,107,0,14.12,0.0,0.5,0.0,0.0,1.0,18.12,,,passagers_invalides;
2,2024-01-30 19:20:12,2024-01-30 19:34:33,1.0,2.16,1.0,N,142,186,4,-14.9,-2.5,-0.5,0.0,0.0,-1.0,-21.4,-2.5,0.0,montant_invalide;
2,2024-01-28 00:54:40,2024-01-28 00:57:45,2.0,0.21,1.0,N,87,88,4,-5.1,-1.0,-0.5,0.0,0.0,-1.0,-10.1,-2.5,0.0,montant_invalide;
2,2024-01-02 12:06:42,2024-01-02 12:34:35,1.0,4.5,1.0,N,230,261,4,-28.9,0.0,-0.5,0.0,0.0,-1.0,-32.9,-2.5,0.0,montant_invalide;
1,2024-01-30 07:29:02,2024-01-30 07:50:47,,0.0,,,191,135,0,27.44,0.0,0.5,0.0,0.0,1.0,28.94,,,distance_invalide;passagers_invalides;
1,2024-01-04 16:42:12,2024-01-04 16:43:29,1.0,0.0,1.0,N,239,239,3,3.7,5.0,0.5,0.0,0.0,1.0,10.2,2.5,0.0,distance_invalide;
2,2024-01-16 20:39:43,2024-01-16 20:48:49,,1.43,,,163,164,0,15.85,0.0,0.5,0.0,0.0,1.0,19.85,,,passagers_invalides;
1,2024-01-13 17:41:05,2024-01-13 17:52:15,,0.0,,,140,163,0,11.55,0.0,0.5,0.0,0.0,1.0,15.55,,,distance_invalide;passagers_invalides;
2,2024-01-06 22:57:41,2024-01-06 23:07:33,,1.93,,,249,209,0,12.38,0.0,0.5,0.0,0.0,1.0,16.38,,,passagers_invalides;
2,2024-01-21 17:19:00,2024-01-21 17:33:00,,4.04,,,79,88,0,26.61,0.0,0.5,6.12,0.0,1.0,36.73,,,passagers_invalides;
2,2024-01-21 11:53:35,2024-01-21 12:29:13,,6.21,,,238,45,0,34.42,0.0,0.5,0.0,0.0,1.0,38.42,,,passagers_invalides;
1,2024-01-10 12:40:11,2024-01-10 12:59:23,0.0,2.2,1.0,N,140,264,1,17.7,2.5,0.5,4.34,0.0,1.0,26.04,2.5,0.0,passagers_invalides;
1,2024-01-08 17:18:25,2024-01-08 17:28:42,,0.0,,,68,211,0,12.12,0.0,0.5,0.0,0.0,1.0,16.12,,,distance_invalide;passagers_invalides;
2,2024-01-08 17:29:06,2024-01-08 18:05:11,,5.58,,,50,65,0,37.02,0.0,0.5,0.0,0.0,1.0,41.02,,,passagers_invalides;
2,2024-01-20 09:54:02,2024-01-20 10:05:04,,1.99,,,68,48,0,13.63,0.0,0.5,3.53,0.0,1.0,21.16,,,passagers_invalides;
1,2024-01-24 09:24:17,2024-01-24 09:35:24,0.0,1.0,1.0,N,164,230,1,9.3,2.5,0.5,3.95,0.0,1.0,17.25,2.5,0.0,passagers_invalides;
2,2024-01-06 19:33:14,2024-01-06 19:33:19,1.0,0.0,5.0,N,226,226,1,36.4,0.0,0.0,0.0,0.0,1.0,37.4,0.0,0.0,distance_invalide;
2,2024-01-20 00:24:10,2024-01-20 00:41:59,,3.85,,,148,48,0,23.02,0.0,0.5,0.0,0.0,1.0,27.02,,,passagers_invalides;
2,2024-01-14 12:59:34,2024-01-14 13:03:55,,0.75,,,231,211,0,6.83,0.0,0.5,0.0,0.0,1.0,10.83,,,passagers_invalides;
1,2024-01-28 21:03:59,2024-01-28 21:08:10,,0.9,,,142,239,0,6.5,1.0,0.5,1.72,0.0,1.0,13.22,,,passagers_invalides;
2,2024-01-23 21:33:25,2024-01-23 21:57:54,,5.35,,,231,142,0,27.56,0.0,0.5,2.0,0.0,1.0,33.56,,,passagers_invalides;
2,2024-01-31 10:03:37,2024-01-31 10:03:46,2.0,0.0,2.0,N,90,186,4,70.0,0.0,0.5,0.0,0.0,1.0,74.0,2.5,0.0,distance_invalide;
1,2024-01-31 17:19:08,2024-01-31 18:09:18,,6.3,,,163,40,0,51.6,0.0,0.5,0.0,0.0,1.0,55.6,,,passagers_invalides;
2,2024-01-02 00:36:53,2024-01-02 00:56:42,,10.43,,,217,121,0,32.04,0.0,0.5,0.0,0.0,1.0,33.54,,,passagers_invalides;
1,2024-01-17 17:54:48,2024-01-17 18:19:01,,0.0,,,211,143,0,27.8,0.0,0.5,0.0,0.0,1.0,31.8,,,distance_invalide;passagers_invalides;
2,2024-01-11 08:16:28,2024-01-11 08:56:57,,6.07,,,33,170,0,34.93,0.0,0.5,0.0,0.0,1.0,38.93,,,passagers_invalides;
2,2024-01-05 19:18:21,2024-01-05 19:31:18,,0.99,,,100,230,0,12.78,0.0,0.5,0.0,0.0,1.0,16.78,,,passagers_invalides;
2,2024-01-18 15:15:39,2024-01-18 15:49:33,,4.45,,,141,246,0,33.39,0.0,0.5,5.61,0.0,1.0,43.0,,,passagers_invalides;
1,2024-01-15 15:25:10,2024-01-15 15:28:32,,0.4,,,151,238,0,5.8,0.0,0.5,1.96,0.0,1.0,11.76,,,passagers_invalides;
2,2024-01-18 22:34:24,2024-01-18 23:00:15,,9.48,,,211,244,0,41.71,0.0,0.5,0.0,0.0,1.0,45.71,,,passagers_invalides;
2,2024-01-14 22:26:32,2024-01-14 22:38:04,,3.18,,,231,170,0,20.32,0.0,0.5,2.0,0.0,1.0,26.32,,,passagers_invalides;
2,2024-01-14 17:05:56,2024-01-14 17:24:48,,3.61,,,41,48,0,21.81,0.0,0.5,0.0,0.0,1.0,25.81,,,passagers_invalides;
1,2024-01-09 21:41:40,2024-01-09 21:52:38,,2.1,,,186,229,0,12.1,1.0,0.5,2.57,0.0,1.0,19.67,,,passagers_invalides;
2,2024-01-28 12:33:39,2024-01-28 12:33:45,1.0,0.0,5.0,N,233,233,1,17.3,0.0,0.0,0.0,0.0,1.0,18.3,0.0,0.0,distance_invalide;
1,2024-01-28 01:31:50,2024-01-28 01:56:01,,4.3,,,114,181,0,23.3,1.0,0.5,5.66,0.0,1.0,33.96,,,passagers_invalides;
2,2024-01-23 16:16:21,2024-01-23 16:27:28,1.0,0.6,1.0,N,161,230,4,-10.7,-2.5,-0.5,0.0,0.0,-1.0,-17.2,-2.5,0.0,montant_invalide;
1,2024-01-12 11:54:36,2024-01-12 12:04:59,0.0,1.2,1.0,N,162,237,1,11.4,2.5,0.5,3.05,0.0,1.0,18.45,2.5,0.0,passagers_invalides;
2,2024-01-26 13:25:11,2024-01-26 13:25:26,1.0,0.0,2.0,N,28,28,1,70.0,0.0,0.5,16.19,6.94,1.0,97.13,2.5,0.0,distance_invalide;
1,2024-01-21 21:10:36,2024-01-21 21:22:42,,0.0,,,161,68,0,17.79,0.0,0.5,0.0,0.0,1.0,21.79,,,distance_invalide;passagers_invalides;
2,2024-01-26 22:34:44,2024-01-26 22:59:16,,8.48,,,100,243,0,3.63,0.0,0.5,0.0,0.0,1.0,7.63,,,passagers_invalides;
1,2024-01-06 23:30:48,2024-01-06 23:42:29,,2.1,,,13,68,0,14.2,1.0,0.5,1.92,0.0,1.0,21.12,,,passagers_invalides;
1,2024-01-08 08:12:40,2024-01-08 08:21:15,0.0,0.8,1.0,N,100,164,1,9.3,2.5,0.5,2.0,0.0,1.0,15.3,2.5,0.0,passagers_invalides;
1,2024-01-04 08:20:08,2024-01-04 08:32:53,,0.7,,,48,50,0,15.96,0.0,0.5,0.0,0.0,1.0,17.46,,,passagers_invalides;
2,2024-01-23 21:46:43,2024-01-23 21:57:48,,1.65,,,161,234,0,11.84,0.0,0.5,0.0,0.0,1.0,15.84,,,passagers_invalides;
2,2024-01-26 06:55:38,2024-01-26 07:03:28,,1.77,,,233,141,0,11.74,0.0,0.5,2.83,0.0,1.0,18.57,,,passagers_invalides;
1,2024-01-24 14:25:58,2024-01-24 14:28:45,0.0,0.7,1.0,N,142,43,1,5.8,2.5,0.5,1.76,0.0,1.0,11.56,2.5,0.0,passagers_invalides;
2,2024-01-23 16:43:24,2024-01-23 16:43:36,1.0,0.0,1.0,N,193,193,3,-3.0,-2.5,-0.5,0.0,0.0,-1.0,-7.0,0.0,0.0,distance_invalide;montant_invalide;
2,2024-01-09 02:11:49,2024-01-09 02:17:10,,0.96,,,36,37,0,11.58,0.0,0.5,2.0,0.0,1.0,15.08,,,passagers_invalides;
1,2024-01-09 12:29:44,2024-01-09 12:51:43,,3.2,,,75,142,0,20.54,0.0,0.5,0.0,0.0,1.0,24.54,,,passagers_invalides;
1,2024-01-31 16:55:04,2024-01-31 16:55:35,,0.0,,,249,249,0,0.0,0.0,0.0,0.0,0.0,0.0,0.0,,,distance_invalide;montant_invalide;passagers_invalides;
1,2024-01-17 17:06:28,2024-01-17 17:26:09,0.0,2.9,1.0,N,230,224,2,19.1,5.0,0.5,0.0,0.0,1.0,25.6,2.5,0.0,passagers_invalides;
2,2024-01-09 17:43:47,2024-01-09 18:04:49,,4.33,,,4,237,0,29.96,0.0,0.5,0.0,0.0,1.0,33.96,,,passagers_invalides;
1,2024-01-31 21:57:04,2024-01-31 22:08:56,,0.0,,,230,140,0,15.05,0.0,0.5,0.0,0.0,1.0,19.05,,,distance_invalide;passagers_invalides;
1,2024-01-17 17:12:41,2024-01-17 18:13:50,0.0,18.0,3.0,N,246,1,1,96.5,2.5,0.0,0.0,30.76,1.0,130.76,0.0,0.0,passagers_invalides;
1,2024-01-10 09:02:15,2024-01-10 09:06:03,,0.5,,,249,249,0,5.8,0.0,0.5,1.47,0.0,1.0,11.27,,,passagers_invalides;
1,2024-01-26 09:03:55,2024-01-26 09:13:17,,1.1,,,237,236,0,10.0,0.0,0.5,2.8,0.0,1.0,16.8,,,passagers_invalides;
2,2024-01-27 22:08:09,2024-01-27 22:20:39,,1.34,,,48,164,0,16.69,0.0,0.5,0.0,0.0,1.0,20.69,,,passagers_invalides;
2,2024-01-09 21:26:07,2024-01-09 21:36:40,,1.3,,,162,163,0,8.56,0.0,0.5,0.0,0.0,1.0,12.56,,,passagers_invalides;
2,2024-01-18 22:55:45,2024-01-18 23:19:18,,4.81,,,234,263,0,26.15,0.0,0.5,0.0,0.0,1.0,30.15,,,passagers_invalides;
2,2024-01-14 23:29:10,2024-01-14 23:33:55,,0.7,,,79,107,0,9.58,0.0,0.5,0.0,0.0,1.0,13.58,,,passagers_invalides;
2,2024-01-15 19:03:13,2024-01-15 19:24:14,,4.35,,,193,170,0,22.25,0.0,0.5,2.62,0.0,1.0,28.87,,,passagers_invalides;
2,2024-01-17 06:07:54,2024-01-17 06:17:27,,2.68,,,141,107,0,12.34,0.0,0.5,2.94,0.0,1.0,19.28,,,passagers_invalides;
2,2024-01-07 14:49:20,2024-01-07 15:00:20,,1.37,,,238,263,0,8.87,0.0,0.5,0.0,0.0,1.0,12.87,,,passagers_invalides;
2,2024-01-13 09:21:04,2024-01-13 09:40:19,,9.02,,,7,95,0,3.14,0.0,0.5,0.0,0.0,1.0,4.64,,,passagers_invalides;
1,2024-01-10 16:03:20,2024-01-10 16:05:02,1.0,0.0,5.0,N,132,132,1,93.0,1.75,0.0,23.95,0.0,1.0,119.7,0.0,1.75,distance_invalide;
1,2024-01-27 21:04:22,2024-01-27 21:47:13,,6.2,,,231,236,0,34.5,1.0,0.5,11.85,0.0,1.0,51.35,,,passagers_invalides;
2,2024-01-31 18:44:53,2024-01-31 18:45:22,1.0,0.02,1.0,N,50,50,4,-3.0,-2.5,-0.5,0.0,0.0,-1.0,-9.5,-2.5,0.0,montant_invalide;
2,2024-01-10 06:31:51,2024-01-10 06:48:46,,3.26,,,75,230,0,19.3,0.0,0.5,0.0,0.0,1.0,23.3,,,passagers_invalides;
1,2024-01-27 15:41:19,2024-01-27 15:50:55,0.0,1.0,1.0,N,125,231,1,8.6,2.5,0.5,2.0,0.0,1.0,14.6,2.5,0.0,passagers_invalides;
1,2024-01-14 01:05:43,2024-01-14 01:17:54,,0.0,,,255,148,0,19.73,0.0,0.5,0.0,0.0,1.0,23.73,,,distance_invalide;passagers_invalides;
2,2024-01-20 18:10:56,2024-01-20 18:32:16,,3.2,,,143,246,0,29.69,0.0,0.5,5.05,0.0,1.0,38.74,,,passagers_invalides;
2,2024-01-27 20:25:59,2024-01-27 20:29:33,1.0,0.0,1.0,N,138,138,2,5.1,6.0,0.5,0.0,0.0,1.0,14.35,0.0,1.75,distance_invalide;
2,2024-01-20 23:49:30,2024-01-21 00:07:03,,4.92,,,24,243,0,24.0,0.0,0.5,0.0,0.0,1.0,25.5,,,passagers_invalides;
2,2024-01-25 07:55:34,2024-01-25 08:06:43,1.0,1.96,1.0,N,142,236,4,-12.8,0.0,-0.5,0.0,0.0,-1.0,-16.8,-2.5,0.0,montant_invalide;
2,2024-01-21 14:38:52,2024-01-21 14:39:06,1.0,0.0,1.0,N,232,232,2,3.0,0.0,0.5,0.0,0.0,1.0,7.0,2.5,0.0,distance_invalide;
2,2024-01-18 23:29:05,2024-01-18 23:34:44,,1.0,,,158,125,0,10.33,0.0,0.5,0.0,0.0,1.0,14.33,,,passagers_invalides;
1,2024-01-25 17:44:42,2024-01-25 18:04:54,,0.0,,,170,249,0,15.65,0.0,0.5,0.0,0.0,1.0,19.65,,,distance_invalide;passagers_invalides;
2,2024-01-09 22:33:27,2024-01-09 23:01:11,,4.84,,,158,255,0,31.41,0.0,0.5,8.85,0.0,1.0,44.26,,,passagers_invalides;
1,2024-01-07 20:23:32,2024-01-07 20:33:57,0.0,2.0,1.0,N,163,238,1,12.8,3.5,0.5,3.55,0.0,1.0,21.35,2.5,0.0,passagers_invalides;
2,2024-01-20 19:13:45,2024-01-20 19:32:33,1.0,1.51,1.0,N,246,230,4,-16.3,0.0,-0.5,0.0,0.0,-1.0,-20.3,-2.5,0.0,montant_invalide;
1,2024-01-09 12:52:04,2024-01-09 12:58:52,,0.7,,,237,140,0,7.9,0.0,0.5,1.79,0.0,1.0,13.69,,,passagers_invalides;
2,2024-01-17 07:28:00,2024-01-17 07:38:00,,1.64,,,143,163,0,13.82,0.0,0.5,3.56,0.0,1.0,21.38,,,passagers_invalides;
2,2024-01-20 19:18:48,2024-01-20 19:34:28,,1.73,,,211,68,0,13.78,0.0,0.5,0.0,0.0,1.0,17.78,,,passagers_invalides;
2,2024-01-31 17:13:56,2024-01-31 17:14:02,1.0,0.0,5.0,N,43,43,1,20.0,0.0,0.0,5.25,0.0,1.0,26.25,0.0,0.0,distance_invalide;
2,2024-01-26 23:54:46,2024-01-27 00:15:08,,6.56,,,255,140,0,1.23,0.0,0.5,0.0,0.0,1.0,5.23,,,passagers_invalides;
1,2024-01-30 09:15:08,2024-01-30 09:24:10,,1.8,,,142,236,0,10.7,0.0,0.5,3.68,0.0,1.0,18.38,,,passagers_invalides;
1,2024-01-03 16:51:00,2024-01-03 16:52:38,1.0,0.0,5.0,N,163,163,1,15.5,0.0,0.0,3.2,0.0,1.0,19.7,0.0,0.0,distance_invalide;
2,2024-01-12 18:43:58,2024-01-12 18:45:38,1.0,0.0,1.0,N,193,7,2,0.0,0.0,0.0,0.0,0.0,0.0,0.0,0.0,0.0,distance_invalide;montant_invalide;
2,2024-01-01 11:54:54,2024-01-01 12:11:08,,3.78,,,151,161,0,20.43,0.0,0.5,0.0,0.0,1.0,24.43,,,passagers_invalides;
2,2024-01-06 20:36:10,2024-01-06 20:43:40,4.0,0.98,1.0,N,161,230,4,-7.9,-1.0,-0.5,0.0,0.0,-1.0,-12.9,-2.5,0.0,montant_invalide;
2,2024-01-24 23:51:06,2024-01-24 23:55:36,,0.67,,,144,211,0,9.08,0.0,0.5,0.0,0.0,1.0,13.08,,,passagers_invalides;
1,2024-01-13 01:21:49,2024-01-13 01:22:14,1.0,0.0,1.0,N,239,239,3,3.0,3.5,0.5,0.0,0.0,1.0,8.0,2.5,0.0,distance_invalide;
1,2024-01-26 06:36:39,2024-01-26 06:54:07,1.0,0.0,1.0,N,13,137,1,14.9,2.5,0.5,3.5,0.0,1.0,22.4,2.5,0.0,distance_invalide;
2,2024-01-26 18:48:45,2024-01-26 19:09:59,1.0,3.06,1.0,N,161,148,2,-20.5,-2.5,-0.5,0.0,0.0,-1.0,-27.0,-2.5,0.0,montant_invalide;
2,2024-01-18 23:28:18,2024-01-18 23:40:36,1.0,3.56,1.0,N,132,216,4,-18.4,-1.0,-0.5,0.0,0.0,-1.0,-22.65,0.0,-1.75,montant_invalide;
2,2024-01-07 21:17:27,2024-01-07 21:28:01,,1.86,,,249,231,0,10.23,0.0,0.5,0.0,0.0,1.0,14.23,,,passagers_invalides;
2,2024-01-27 00:45:59,2024-01-27 00:46:21,2.0,0.0,1.0,N,148,148,4,3.0,1.0,0.5,0.0,0.0,1.0,8.0,2.5,0.0,distance_invalide;
2,2024-01-30 12:05:05,2024-01-30 12:43:42,,4.49,,,186,33,0,33.44,0.0,0.5,7.49,0.0,1.0,44.93,,,passagers_invalides;
2,2024-01-18 22:56:56,2024-01-18 23:06:09,2.0,0.76,1.0,N,249,90,2,-10.0,-1.0,-0.5,0.0,0.0,-1.0,-15.0,-2.5,0.0,montant_invalide;
1,2024-01-01 03:20:07,2024-01-01 03:39:19,,0.0,,,112,236,0,32.29,0.0,0.5,0.0,0.0,1.0,36.29,,,distance_invalide;passagers_invalides;
2,2024-01-04 15:36:33,2024-01-04 16:02:51,,6.19,,,261,161,0,31.56,0.0,0.5,7.11,0.0,1.0,42.67,,,passagers_invalides;
1,2024-01-18 09:41:46,2024-01-18 10:12:23,,0.0,,,163,231,0,40.45,0.0,0.5,0.0,0.0,1.0,44.45,,,distance_invalide;passagers_invalides;
2,2024-01-30 20:54:39,2024-01-30 21:06:15,1.0,0.0,1.0,N,161,141,2,10.7,1.0,0.5,0.0,0.0,1.0,15.7,2.5,0.0,distance_invalide;
2,2024-01-19 21:35:34,2024-01-19 21:43:54,,0.75,,,45,79,0,9.53,0.0,0.5,0.0,0.0,1.0,13.53,,,passagers_invalides;
2,2024-01-06 13:24:11,2024-01-06 13:27:41,,0.82,,,50,246,0,6.83,0.0,0.5,0.0,0.0,1.0,10.83,,,passagers_invalides;
1,2024-01-12 00:46:10,2024-01-12 00:50:53,1.0,0.0,1.0,N,170,164,2,5.8,3.5,0.5,0.0,0.0,1.0,10.8,2.5,0.0,distance_invalide;
1,2024-01-24 22:54:41,2024-01-24 23:04:44,,0.0,,,164,186,0,6.83,0.0,0.5,0.0,0.0,1.0,10.83,,,distance_invalide;passagers_invalides;
2,2024-01-04 15:15:32,2024-01-04 15:27:42,1.0,1.65,1.0,N,238,142,2,-12.8,0.0,-0.5,0.0,0.0,-1.0,-16.8,-2.5,0.0,montant_invalide;
2,2024-01-23 13:58:00,2024-01-23 14:08:44,1.0,1.82,1.0,N,48,43,2,-12.8,0.0,-0.5,0.0,0.0,-1.0,-16.8,-2.5,0.0,montant_invalide;
1,2024-01-26 12:49:00,2024-01-26 12:54:38,1.0,0.0,1.0,N,145,145,2,6.5,0.0,0.5,0.0,0.0,1.0,8.0,0.0,0.0,distance_invalide;
1,2024-01-26 04:31:01,2024-01-26 04:36:58,,0.0,,,114,45,0,7.89,0.0,0.5,0.0,0.0,1.0,11.89,,,distance_invalide;passagers_invalides;
2,2024-01-16 08:50:40,2024-01-16 09:00:32,,3.68,,,224,209,0,23.64,0.0,0.5,5.53,0.0,1.0,33.17,,,passagers_invalides;
1,2024-01-14 10:32:32,2024-01-14 10:33:54,,0.3,,,239,239,0,3.7,0.0,0.5,1.54,0.0,1.0,9.24,,,passagers_invalides;
2,2024-01-16 02:08:14,2024-01-16 02:54:41,1.0,27.29,4.0,N,132,265,4,-130.4,-1.0,-0.5,0.0,-6.94,-1.0,-141.59,0.0,-1.75,montant_invalide;
1,2024-01-12 14:25:15,2024-01-12 14:36:03,0.0,1.2,1.0,N,230,161,2,11.4,2.5,0.5,0.0,0.0,1.0,15.4,2.5,0.0,passagers_invalides;
2,2024-01-13 01:18:14,2024-01-13 01:36:14,,3.85,,,113,140,0,23.24,0.0,0.5,5.45,0.0,1.0,32.69,,,passagers_invalides;
2,2024-01-15 18:06:48,2024-01-15 18:22:53,,1.91,,,246,230,0,19.93,0.0,0.5,0.0,0.0,1.0,23.93,,,passagers_invalides;
1,2024-01-18 17:10:10,2024-01-18 17:19:11,0.0,0.9,1.0,N,161,229,2,9.3,5.0,0.5,0.0,0.0,1.0,15.8,2.5,0.0,passagers_invalides;
2,2024-01-15 13:47:59,2024-01-15 13:48:10,1.0,0.0,1.0,N,193,193,3,-3.0,0.0,-0.5,0.0,0.0,-1.0,-4.5,0.0,0.0,distance_invalide;montant_invalide;
2,2024-01-06 17:05:37,2024-01-06 17:24:26,,3.16,,,144,49,0,21.98,0.0,0.5,5.2,0.0,1.0,31.18,,,passagers_invalides;
2,2024-01-26 20:03:37,2024-01-26 20:19:42,,2.23,,,233,113,0,15.84,0.0,0.5,0.0,0.0,1.0,19.84,,,passagers_invalides;
2,2024-01-18 18:47:10,2024-01-18 19:03:29,,2.58,,,140,230,0,22.75,0.0,0.5,4.01,0.0,1.0,30.76,,,passagers_invalides;
1,2024-01-01 12:31:32,2024-01-01 12:42:56,,0.0,,,79,158,0,9.85,0.0,0.5,0.0,0.0,1.0,13.85,,,distance_invalide;passagers_invalides;
2,2024-01-25 18:04:06,2024-01-25 18:12:43,,1.66,,,166,239,0,11.91,0.0,0.5,0.0,0.0,1.0,15.91,,,passagers_invalides;
2,2024-01-13 00:58:13,2024-01-13 01:06:42,,0.81,,,232,79,0,13.82,0.0,0.5,3.56,0.0,1.0,21.38,,,passagers_invalides;
2,2024-01-21 09:53:26,2024-01-21 10:18:37,1.0,17.63,1.0,N,132,162,4,-64.6,0.0,-0.5,0.0,-6.94,-1.0,-77.29,-2.5,-1.75,montant_invalide;
1,2024-01-04 22:19:25,2024-01-04 22:42:21,0.0,4.6,1.0,N,152,140,1,24.0,3.5,0.5,5.8,0.0,1.0,34.8,2.5,0.0,passagers_invalides;
2,2024-01-31 06:58:17,2024-01-31 07:29:46,1.0,17.05,2.0,N,148,132,4,-70.0,0.0,-0.5,0.0,0.0,-1.0,-74.0,-2.5,0.0,montant_invalide;
2,2024-01-22 14:00:33,2024-01-22 14:06:55,1.0,3.84,1.0,N,132,132,3,-16.3,0.0,-0.5,0.0,0.0,-1.0,-19.55,0.0,-1.75,montant_invalide;
1,2024-01-15 07:40:24,2024-01-15 07:45:46,,0.7,,,229,237,0,7.2,0.0,0.5,2.24,0.0,1.0,13.44,,,passagers_invalides;
2,2024-01-02 08:39:25,2024-01-02 08:54:21,,3.59,,,238,68,0,25.79,0.0,0.5,5.96,0.0,1.0,35.75,,,passagers_invalides;
2,2024-01-23 10:39:49,2024-01-23 10:49:17,1.0,1.06,1.0,N,125,90,3,-10.0,0.0,-0.5,0.0,0.0,-1.0,-14.0,-2.5,0.0,montant_invalide;
2,2024-01-16 18:49:33,2024-01-16 19:03:38,,3.33,,,140,79,0,21.59,0.0,0.5,0.0,0.0,1.0,25.59,,,passagers_invalides;
2,2024-01-14 13:31:00,2024-01-14 13:31:08,2.0,0.0,5.0,N,100,100,4,87.0,0.0,0.0,0.0,6.94,1.0,97.44,2.5,0.0,distance_invalide;
2,2024-01-21 02:06:22,2024-01-21 02:17:15,,1.84,,,158,231,0,13.26,0.0,0.5,0.0,0.0,1.0,17.26,,,passagers_invalides;
2,2024-01-19 09:03:20,2024-01-19 09:03:55,1.0,0.02,1.0,N,75,75,2,-3.0,0.0,-0.5,0.0,0.0,-1.0,-4.5,0.0,0.0,montant_invalide;
1,2024-01-29 08:58:04,2024-01-29 09:06:05,0.0,1.8,1.0,N,125,246,1,10.7,2.5,0.5,2.2,0.0,1.0,16.9,2.5,0.0,passagers_invalides;
1,2024-01-02 10:08:27,2024-01-02 10:12:49,0.0,1.3,1.0,N,233,162,2,7.9,2.5,0.5,0.0,0.0,1.0,11.9,2.5,0.0,passagers_invalides;
2,2024-01-13 10:18:52,2024-01-13 10:53:20,,22.89,,,181,1,0,62.24,0.0,0.0,20.19,27.26,1.0,110.69,,,passagers_invalides;
2,2024-01-09 18:20:17,2024-01-09 18:28:39,,1.47,,,246,249,0,15.14,0.0,0.5,0.0,0.0,1.0,19.14,,,passagers_invalides;
1,2024-01-25 13:44:48,2024-01-25 13:45:19,1.0,0.0,5.0,N,249,249,1,16.0,0.0,0.0,4.25,0.0,1.0,21.25,0.0,0.0,distance_invalide;
2,2024-01-01 11:58:09,2024-01-01 12:11:16,,3.37,,,170,239,0,17.44,0.0,0.5,0.0,0.0,1.0,21.44,,,passagers_invalides;
2,2024-01-27 18:20:54,2024-01-27 18:31:20,,2.09,,,140,239,0,17.49,0.0,0.5,3.0,0.0,1.0,24.49,,,passagers_invalides;
2,2024-01-09 20:41:22,2024-01-09 20:49:53,2.0,1.38,1.0,N,68,249,3,-10.0,-1.0,-0.5,0.0,0.0,-1.0,-15.0,-2.5,0.0,montant_invalide;
1,2024-01-25 18:41:21,2024-01-25 18:48:42,0.0,0.6,1.0,N,88,87,2,7.9,5.0,0.5,0.0,0.0,1.0,14.4,2.5,0.0,passagers_invalides;
2,2024-01-06 23:46:45,2024-01-07 00:10:21,,12.34,,,65,28,0,38.3,0.0,0.5,0.0,0.0,1.0,39.8,,,passagers_invalides;
1,2024-01-25 16:39:16,2024-01-25 16:42:31,1.0,0.0,99.0,N,134,134,1,14.5,0.0,0.5,0.0,0.0,1.0,16.0,0.0,0.0,distance_invalide;
2,2024-01-04 10:01:48,2024-01-04 10:34:09,,9.0,,,146,126,0,29.93,0.0,0.5,0.0,10.0,1.0,41.43,,,passagers_invalides;
1,2024-01-24 20:17:46,2024-01-24 20:31:52,,0.0,,,144,13,0,15.4,1.0,0.5,0.0,0.0,1.0,22.4,,,distance_invalide;passagers_invalides;
1,2024-01-30 16:24:38,2024-01-30 16:41:38,,0.0,,,141,164,0,20.49,0.0,0.5,0.0,0.0,1.0,24.49,,,distance_invalide;passagers_invalides;
2,2024-01-20 22:33:22,2024-01-20 22:50:29,,1.48,,,249,4,0,16.58,0.0,0.5,0.0,0.0,1.0,20.58,,,passagers_invalides;
2,2024-01-10 08:16:04,2024-01-10 08:34:34,1.0,2.6,1.0,N,229,113,3,-18.4,0.0,-0.5,0.0,0.0,-1.0,-22.4,-2.5,0.0,montant_invalide;
2,2024-01-01 12:37:48,2024-01-01 12:37:53,1.0,0.0,5.0,N,158,158,1,84.69,0.0,0.0,15.0,0.0,1.0,103.19,2.5,0.0,distance_invalide;
1,2024-01-12 23:20:20,2024-01-12 23:50:57,,0.0,,,90,42,0,40.56,0.0,0.5,0.0,0.0,1.0,44.56,,,distance_invalide;passagers_invalides;
1,2024-01-30 23:23:13,2024-01-30 23:27:19,1.0,0.0,1.0,N,50,246,4,5.1,3.5,0.5,0.0,0.0,1.0,10.1,2.5,0.0,distance_invalide;
2,2024-01-26 00:28:04,2024-01-26 00:51:52,,5.62,,,114,239,0,-0.21,0.0,0.5,0.0,0.0,1.0,3.79,,,montant_invalide;passagers_invalides;
2,2024-01-06 17:38:55,2024-01-06 17:56:28,1.0,1.32,1.0,N,79,232,4,-14.9,0.0,-0.5,0.0,0.0,-1.0,-18.9,-2.5,0.0,montant_invalide;
2,2024-01-26 14:19:38,2024-01-26 14:35:58,2.0,0.0,1.0,N,163,239,1,14.2,0.0,0.5,3.64,0.0,1.0,21.84,2.5,0.0,distance_invalide;
2,2024-01-20 02:00:31,2024-01-20 02:00:36,2.0,0.0,5.0,N,230,230,1,24.0,0.0,0.0,4.0,0.0,1.0,31.5,2.5,0.0,distance_invalide;
2,2024-01-28 18:48:26,2024-01-28 19:00:55,1.0,1.86,1.0,N,141,162,4,-13.5,0.0,-0.5,0.0,0.0,-1.0,-17.5,-2.5,0.0,montant_invalide;
2,2024-01-29 16:09:12,2024-01-29 16:19:55,2.0,1.24,1.0,N,43,263,2,-10.7,-2.5,-0.5,0.0,0.0,-1.0,-17.2,-2.5,0.0,montant_invalide;
1,2024-01-03 20:47:14,2024-01-03 20:56:36,0.0,1.1,1.0,N,161,170,1,10.0,3.5,0.5,2.0,0.0,1.0,17.0,2.5,0.0,passagers_invalides;
2,2024-01-09 13:33:42,2024-01-09 13:53:29,1.0,2.68,1.0,N,236,170,4,-19.1,0.0,-0.5,0.0,0.0,-1.0,-23.1,-2.5,0.0,montant_invalide;
2,2024-01-24 22:39:49,2024-01-24 22:52:59,,2.79,,,230,107,0,15.72,0.0,0.5,0.0,0.0,1.0,19.72,,,passagers_invalides;
1,2024-01-02 14:05:15,2024-01-02 14:15:04,0.0,2.3,1.0,N,138,223,1,13.5,6.75,0.5,2.0,0.0,1.0,23.75,0.0,1.75,passagers_invalides;
2,2024-01-30 19:22:54,2024-01-30 19:27:58,1.0,2.92,1.0,N,132,219,2,-12.8,-2.5,-0.5,0.0,0.0,-1.0,-18.55,0.0,-1.75,montant_invalide;
2,2024-01-01 00:28:56,2024-01-01 00:59:07,,4.08,,,50,4,0,25.16,0.0,0.5,0.0,0.0,1.0,29.16,,,passagers_invalides;
1,2024-01-04 14:23:05,2024-01-04 14:37:55,,1.4,,,74,236,0,14.63,0.0,0.5,0.0,0.0,1.0,16.13,,,passagers_invalides;
2,2024-01-21 12:48:27,2024-01-21 12:54:16,2.0,0.58,1.0,N,229,162,4,-7.2,0.0,-0.5,0.0,0.0,-1.0,-11.2,-2.5,0.0,montant_invalide;
1,2024-01-18 14:13:39,2024-01-18 14:13:51,1.0,0.0,1.0,N,146,146,2,3.0,0.0,0.5,0.0,0.0,1.0,4.5,0.0,0.0,distance_invalide;
2,2024-01-26 23:36:51,2024-01-26 23:48:56,,2.32,,,239,50,0,13.04,0.0,0.5,0.0,0.0,1.0,17.04,,,passagers_invalides;
2,2024-01-22 06:04:32,2024-01-22 06:14:39,1.0,1.57,1.0,N,107,249,2,-10.7,0.0,-0.5,0.0,0.0,-1.0,-14.7,-2.5,0.0,montant_invalide;
2,2024-01-13 09:53:44,2024-01-13 09:54:26,1.0,0.0,1.0,N,262,262,2,3.0,0.0,0.5,0.0,0.0,1.0,7.0,2.5,0.0,distance_invalide;
2,2024-01-25 21:26:26,2024-01-25 21:40:54,1.0,2.57,1.0,N,164,144,4,-15.6,-1.0,-0.5,0.0,0.0,-1.0,-20.6,-2.5,0.0,montant_invalide;
2,2024-01-26 14:12:46,2024-01-26 14:38:05,,4.64,,,230,13,0,39.38,0.0,0.5,8.68,0.0,1.0,52.06,,,passagers_invalides;
1,2024-01-29 21:02:26,2024-01-29 21:29:32,,4.0,,,164,24,0,25.4,1.0,0.5,6.08,0.0,1.0,36.48,,,passagers_invalides;
1,2024-01-20 20:24:04,2024-01-20 20:58:15,,5.7,,,145,25,0,31.43,0.0,0.5,0.0,0.0,1.0,32.93,,,passagers_invalides;
2,2024-01-27 19:25:11,2024-01-27 19:31:44,,1.23,,,50,163,0,14.22,0.0,0.5,2.0,0.0,1.0,20.22,,,passagers_invalides;
2,2024-01-25 01:35:13,2024-01-25 01:43:12,1.0,1.35,1.0,N,148,107,4,-10.0,-1.0,-0.5,0.0,0.0,-1.0,-15.0,-2.5,0.0,montant_invalide;
1,2024-01-22 20:19:18,2024-01-22 20:32:31,,0.0,,,161,50,0,11.33,0.0,0.5,0.0,0.0,1.0,15.33,,,distance_invalide;passagers_invalides;
2,2024-01-23 15:31:10,2024-01-23 16:14:06,,8.52,,,234,42,0,1.0,0.0,0.5,0.0,0.0,1.0,5.0,,,passagers_invalides;
2,2024-01-01 04:11:38,2024-01-01 04:35:28,,3.25,,,17,36,0,1.94,0.0,0.5,0.0,0.0,1.0,3.44,,,passagers_invalides;
2,2024-01-21 19:23:12,2024-01-21 20:02:19,1.0,13.77,1.0,N,132,62,4,-59.0,0.0,-0.5,0.0,0.0,-1.0,-62.25,0.0,-1.75,montant_invalide;
1,2024-01-24 10:37:29,2024-01-24 11:00:36,,1.4,,,142,161,0,18.4,0.0,0.5,2.24,0.0,1.0,24.64,,,passagers_invalides;
2,2024-01-20 13:25:52,2024-01-20 13:57:49,,3.45,,,209,164,0,19.72,0.0,0.5,0.0,0.0,1.0,23.72,,,passagers_invalides;
1,2024-01-26 23:06:32,2024-01-26 23:31:22,,0.0,,,24,79,0,32.04,0.0,0.5,0.0,0.0,1.0,36.04,,,distance_invalide;passagers_invalides;
2,2024-01-29 17:51:54,2024-01-29 17:54:48,,0.39,,,239,142,0,11.74,0.0,0.5,3.15,0.0,1.0,18.89,,,passagers_invalides;
1,2024-01-11 12:19:05,2024-01-11 12:28:33,0.0,2.7,1.0,N,262,170,2,14.2,2.5,0.5,0.0,0.0,1.0,18.2,2.5,0.0,passagers_invalides;
1,2024-01-20 14:26:01,2024-01-20 14:34:16,,0.0,,,116,42,0,8.72,0.0,0.5,0.0,0.0,1.0,10.22,,,distance_invalide;passagers_invalides;
1,2024-01-16 08:25:33,2024-01-16 08:43:53,,2.2,,,262,229,0,17.7,0.0,0.5,5.43,0.0,1.0,27.13,,,passagers_invalides;
1,2024-01-24 19:40:59,2024-01-24 19:40:59,1.0,0.0,1.0,N,161,264,2,10.7,5.0,0.5,0.0,6.94,1.0,24.14,2.5,0.0,distance_invalide;
1,2024-01-17 14:52:33,2024-01-17 15:29:51,0.0,11.7,1.0,N,230,138,1,49.2,7.5,0.5,13.0,6.94,1.0,78.14,2.5,0.0,passagers_invalides;
1,2024-01-27 19:21:16,2024-01-27 19:28:08,,1.1,,,237,162,0,8.6,0.0,0.5,2.52,0.0,1.0,15.12,,,passagers_invalides;
2,2024-01-01 05:59:39,2024-01-01 06:10:48,,3.77,,,255,25,0,21.62,0.0,0.5,0.0,0.0,1.0,23.12,,,passagers_invalides;
1,2024-01-25 17:54:42,2024-01-25 18:01:26,,0.0,,,90,234,0,6.83,0.0,0.5,0.0,0.0,1.0,10.83,,,distance_invalide;passagers_invalides;
1,2024-01-09 18:03:44,2024-01-09 18:09:29,,0.0,,,162,233,0,12.27,0.0,0.5,0.0,0.0,1.0,16.27,,,distance_invalide;passagers_invalides;
1,2024-01-06 01:35:51,2024-01-06 01:52:40,0.0,5.2,1.0,N,100,74,2,23.3,3.5,0.5,0.0,0.0,1.0,28.3,2.5,0.0,passagers_invalides;
2,2024-01-17 19:24:07,2024-01-17 19:59:25,1.0,0.0,1.0,N,170,236,1,27.5,2.5,0.5,6.8,0.0,1.0,40.8,2.5,0.0,distance_invalide;
1,2024-01-12 19:28:02,2024-01-12 19:31:27,0.0,0.4,1.0,N,238,151,2,5.1,2.5,0.5,0.0,0.0,1.0,9.1,0.0,0.0,passagers_invalides;
1,2024-01-20 15:42:30,2024-01-20 15:48:13,,0.3,,,43,161,0,6.5,0.0,0.5,2.65,0.0,1.0,13.15,,,passagers_invalides;
1,2024-01-01 19:16:46,2024-01-01 19:28:41,0.0,2.3,1.0,N,264,264,1,14.2,2.5,0.5,1.0,0.0,1.0,19.2,2.5,0.0,passagers_invalides;
2,2024-01-09 23:26:18,2024-01-09 23:26:25,1.0,0.0,1.0,N,132,132,2,-3.0,-1.0,-0.5,0.0,0.0,-1.0,-7.25,0.0,-1.75,distance_invalide;montant_invalide;
1,2024-01-03 10:43:04,2024-01-03 10:57:59,,1.3,,,142,161,0,10.16,0.0,0.5,0.0,0.0,1.0,11.66,,,passagers_invalides;
2,2024-01-04 15:33:41,2024-01-04 15:38:46,1.0,1.06,1.0,N,234,113,4,-7.9,0.0,-0.5,0.0,0.0,-1.0,-11.9,-2.5,0.0,montant_invalide;
2,2024-01-03 16:45:12,2024-01-03 16:54:54,1.0,1.49,1.0,N,68,230,4,-10.7,-2.5,-0.5,0.0,0.0,-1.0,-17.2,-2.5,0.0,montant_invalide;
1,2024-01-02 17:05:50,2024-01-02 17:23:42,,3.1,,,43,68,0,29.08,0.0,0.5,0.0,0.0,1.0,30.58,,,passagers_invalides;
1,2024-01-19 14:09:37,2024-01-19 14:28:36,0.0,1.9,1.0,N,262,264,1,17.7,2.5,0.5,4.3,0.0,1.0,26.0,2.5,0.0,passagers_invalides;
1,2024-01-23 13:54:26,2024-01-23 14:16:59,,3.6,,,166,141,0,19.8,0.0,0.5,5.95,0.0,1.0,29.75,,,passagers_invalides;
2,2024-01-07 00:02:15,2024-01-07 00:12:39,,3.82,,,48,238,0,14.36,0.0,0.5,0.0,0.0,1.0,18.36,,,passagers_invalides;
1,2024-01-30 15:11:36,2024-01-30 15:12:02,0.0,2.8,1.0,N,231,231,3,3.0,2.5,0.5,0.0,0.0,1.0,7.0,2.5,0.0,passagers_invalides;
2,2024-01-10 10:23:27,2024-01-10 10:32:43,1.0,1.13,1.0,N,163,161,2,-10.0,0.0,-0.5,0.0,0.0,-1.0,-14.0,-2.5,0.0,montant_invalide;
2,2024-01-14 01:18:38,2024-01-14 01:26:12,,1.47,,,4,113,0,-1.0,0.0,0.5,0.0,0.0,1.0,3.0,,,montant_invalide;passagers_invalides;
1,2024-01-17 12:42:48,2024-01-17 13:05:13,0.0,9.8,1.0,N,161,138,1,40.1,7.5,0.5,10.0,6.94,1.0,66.04,2.5,0.0,passagers_invalides;
2,2024-01-08 12:29:06,2024-01-08 12:50:27,1.0,0.0,1.0,N,79,236,1,17.7,0.0,0.5,4.0,0.0,1.0,25.7,2.5,0.0,distance_invalide;
2,2024-01-10 11:24:38,2024-01-10 11:44:06,,3.22,,,48,113,0,22.48,0.0,0.5,5.3,0.0,1.0,31.78,,,passagers_invalides;
2,2024-01-18 20:37:58,2024-01-18 20:49:07,,1.27,,,161,100,0,12.6,0.0,0.5,0.0,0.0,1.0,16.6,,,passagers_invalides;
1,2024-01-01 02:19:05,2024-01-01 02:19:32,1.0,0.0,1.0,N,33,33,3,3.0,1.0,0.5,0.0,0.0,1.0,5.5,0.0,0.0,distance_invalide;
2,2024-01-31 21:25:44,2024-01-31 21:36:35,,1.09,,,161,43,0,8.25,0.0,0.5,0.0,0.0,1.0,12.25,,,passagers_invalides;
1,2024-01-11 22:40:19,2024-01-11 22:45:28,,0.8,,,186,162,0,7.2,1.0,0.5,2.1,0.0,1.0,14.3,,,passagers_invalides;
1,2024-01-11 13:08:42,2024-01-11 13:08:42,1.0,0.0,1.0,Y,107,264,2,14.9,2.5,0.5,0.0,0.0,1.0,18.9,2.5,0.0,distance_invalide;
1,2024-01-13 20:14:33,2024-01-13 20:34:01,0.0,3.4,1.0,N,234,142,1,20.5,3.5,0.5,5.1,0.0,1.0,30.6,2.5,0.0,passagers_invalides;
1,2024-01-29 05:54:08,2024-01-29 07:10:01,1.0,0.0,99.0,N,94,188,1,63.5,0.0,0.5,0.0,6.94,1.0,71.94,0.0,0.0,distance_invalide;
1,2024-01-16 12:46:34,2024-01-16 12:57:00,,1.0,,,236,237,0,10.7,0.0,0.5,2.94,0.0,1.0,17.64,,,passagers_invalides;
2,2024-01-09 22:19:29,2024-01-09 22:35:41,,6.5,,,246,244,0,28.62,0.0,0.5,0.0,0.0,1.0,32.62,,,passagers_invalides;
2,2024-01-07 20:32:44,2024-01-07 20:35:42,1.0,0.0,1.0,N,143,142,2,4.4,1.0,0.5,0.0,0.0,1.0,9.4,2.5,0.0,distance_invalide;
1,2024-01-03 11:12:27,2024-01-03 11:51:25,,4.1,,,90,33,0,30.17,0.0,0.5,0.0,0.0,1.0,34.17,,,passagers_invalides;
2,2024-01-17 22:07:20,2024-01-17 22:07:25,3.0,0.0,5.0,N,234,234,1,84.55,0.0,0.0,17.61,0.0,1.0,105.66,2.5,0.0,distance_invalide;
1,2024-01-16 11:45:40,2024-01-16 12:06:01,,1.9,,,262,162,0,18.4,0.0,0.5,3.36,0.0,1.0,25.76,,,passagers_invalides;
2,2024-01-14 02:56:01,2024-01-14 03:12:18,1.0,2.44,1.0,N,107,209,4,-16.3,-1.0,-0.5,0.0,0.0,-1.0,-21.3,-2.5,0.0,montant_invalide;
1,2024-01-13 16:43:53,2024-01-13 16:44:25,2.0,0.0,1.0,N,224,137,3,3.0,2.5,0.5,0.0,0.0,1.0,7.0,2.5,0.0,distance_invalide;
2,2024-01-16 23:33:54,2024-01-16 23:43:26,,1.9,,,113,233,0,14.49,0.0,0.5,1.85,0.0,1.0,20.34,,,passagers_invalides;
2,2024-01-16 20:54:32,2024-01-16 21:26:22,2.0,18.72,1.0,N,132,97,3,-70.2,-1.0,-0.5,0.0,0.0,-1.0,-74.45,0.0,-1.75,montant_invalide;
2,2024-01-31 06:17:00,2024-01-31 06:48:00,,19.14,,,262,132,0,62.45,0.0,0.5,14.68,6.94,1.0,88.07,,,passagers_invalides;
1,2024-01-18 13:15:44,2024-01-18 13:26:59,0.0,1.2,1.0,N,113,148,1,11.4,2.5,0.5,3.85,0.0,1.0,19.25,2.5,0.0,passagers_invalides;
2,2024-01-22 20:41:25,2024-01-22 20:52:42,,2.57,,,125,246,0,15.98,0.0,0.5,0.0,0.0,1.0,19.98,,,passagers_invalides;
2,2024-01-16 12:04:53,2024-01-16 12:21:00,1.0,2.6,1.0,N,142,24,4,-17.0,0.0,-0.5,0.0,0.0,-1.0,-21.0,-2.5,0.0,montant_invalide;
2,2024-01-01 01:13:44,2024-01-01 01:22:35,,1.3,,,151,143,0,22.24,0.0,0.5,0.0,0.0,1.0,26.24,,,passagers_invalides;
2,2024-01-15 18:00:08,2024-01-15 18:11:34,,1.87,,,68,79,0,14.38,0.0,0.5,0.0,0.0,1.0,18.38,,,passagers_invalides;
2,2024-01-24 16:37:00,2024-01-24 16:58:00,,4.0,,,140,234,0,25.88,0.0,0.5,5.98,0.0,1.0,35.86,,,passagers_invalides;
2,2024-01-01 15:15:38,2024-01-01 15:25:02,,2.49,,,97,209,0,21.06,0.0,0.5,0.0,0.0,1.0,25.06,,,passagers_invalides;
1,2024-01-09 09:29:40,2024-01-09 09:53:22,0.0,2.6,1.0,N,68,231,2,21.2,2.5,0.5,0.0,0.0,1.0,25.2,2.5,0.0,passagers_invalides;
2,2024-01-01 01:44:35,2024-01-01 01:56:22,,3.19,,,79,141,0,53.61,0.0,0.5,0.0,0.0,1.0,57.61,,,passagers_invalides;
2,2024-01-25 20:49:35,2024-01-25 21:18:05,,7.57,,,249,152,0,37.08,0.0,0.5,8.22,0.0,1.0,49.3,,,passagers_invalides;
2,2024-01-06 14:56:17,2024-01-06 15:16:50,,7.24,,,166,158,0,35.08,0.0,0.5,7.82,0.0,1.0,46.9,,,passagers_invalides;
2,2024-01-20 00:30:04,2024-01-20 00:37:27,,1.1,,,148,231,0,7.53,0.0,0.5,0.0,0.0,1.0,11.53,,,passagers_invalides;
1,2024-01-05 19:49:22,2024-01-05 19:57:14,,1.5,,,142,263,0,11.36,0.0,0.5,0.0,0.0,1.0,15.36,,,passagers_invalides;
2,2024-01-01 01:51:27,2024-01-01 01:51:47,2.0,0.0,1.0,N,50,50,2,3.0,1.0,0.5,0.0,0.0,1.0,8.0,2.5,0.0,distance_invalide;
2,2024-01-10 07:46:06,2024-01-10 08:03:04,,6.53,,,263,244,0,26.9,0.0,0.5,0.0,0.0,1.0,30.9,,,passagers_invalides;
2,2024-01-08 14:54:26,2024-01-08 15:47:46,3.0,21.15,1.0,N,132,94,3,-83.5,0.0,-0.5,0.0,-6.94,-1.0,-93.69,0.0,-1.75,montant_invalide;
2,2024-01-13 02:25:36,2024-01-13 02:39:53,,2.45,,,226,161,0,11.25,0.0,0.5,6.31,0.0,1.0,21.56,,,passagers_invalides;
2,2024-01-06 00:23:18,2024-01-06 00:30:14,1.0,0.66,1.0,N,230,186,3,-7.9,-1.0,-0.5,0.0,0.0,-1.0,-12.9,-2.5,0.0,montant_invalide;
2,2024-01-01 01:17:52,2024-01-01 01:45:31,,7.18,,,232,151,0,38.28,0.0,0.5,2.0,0.0,1.0,44.28,,,passagers_invalides;
1,2024-01-09 09:06:22,2024-01-09 09:19:25,,2.0,,,236,166,0,12.8,0.0,0.5,3.36,0.0,1.0,20.16,,,passagers_invalides;
2,2024-01-31 08:33:22,2024-01-31 08:51:28,,1.7,,,263,161,0,15.1,0.0,0.5,0.0,0.0,1.0,19.1,,,passagers_invalides;
2,2024-01-06 23:39:58,2024-01-06 23:46:00,,1.01,,,48,48,0,10.33,0.0,0.5,0.0,0.0,1.0,14.33,,,passagers_invalides;
1,2024-01-05 16:16:01,2024-01-05 16:29:14,0.0,2.3,1.0,N,239,246,1,14.9,5.0,0.5,4.25,0.0,1.0,25.65,2.5,0.0,passagers_invalides;
2,2024-01-29 11:23:49,2024-01-29 11:32:53,,1.07,,,114,90,0,11.74,0.0,0.5,3.15,0.0,1.0,18.89,,,passagers_invalides;
1,2024-01-10 12:48:34,2024-01-10 12:58:37,,1.0,,,229,170,0,10.0,0.0,0.5,2.1,0.0,1.0,16.1,,,passagers_invalides;
2,2024-01-25 17:23:43,2024-01-25 18:07:08,,9.48,,,114,138,0,60.46,0.0,0.5,17.85,6.94,1.0,89.25,,,passagers_invalides;
2,2024-01-24 15:25:47,2024-01-24 15:25:55,1.0,0.0,5.0,N,211,211,1,87.0,0.0,0.0,18.1,0.0,1.0,108.6,2.5,0.0,distance_invalide;
1,2024-01-01 02:56:36,2024-01-01 02:59:01,1.0,0.0,1.0,N,161,161,4,4.4,3.5,0.5,0.0,0.0,1.0,9.4,2.5,0.0,distance_invalide;
1,2024-01-14 03:01:35,2024-01-14 03:09:53,,1.8,,,113,170,0,10.7,1.0,0.5,3.14,0.0,1.0,18.84,,,passagers_invalides;
2,2024-01-24 20:36:56,2024-01-24 20:56:46,,3.56,,,236,48,0,19.91,0.0,0.5,3.59,0.0,1.0,27.5,,,passagers_invalides;
2,2024-01-26 17:27:42,2024-01-26 18:06:13,2.0,10.5,1.0,N,138,230,4,-47.8,-7.5,-0.5,0.0,-6.94,-1.0,-67.99,-2.5,-1.75,montant_invalide;
1,2024-01-27 09:49:20,2024-01-27 09:50:55,0.0,0.3,1.0,N,236,75,1,3.7,2.5,0.5,2.3,0.0,1.0,10.0,2.5,0.0,passagers_invalides;
2,2024-01-01 10:58:00,2024-01-01 11:21:00,,15.58,,,37,132,0,50.5,0.0,0.5,10.4,0.0,1.0,62.4,,,passagers_invalides;
2,2024-01-28 01:01:57,2024-01-28 01:15:30,,2.85,,,113,229,0,18.78,0.0,0.5,0.0,0.0,1.0,22.78,,,passagers_invalides;
1,2024-01-27 01:13:02,2024-01-27 01:30:21,,3.7,,,114,141,0,19.8,1.0,0.5,2.48,0.0,1.0,27.28,,,passagers_invalides;
2,2024-01-13 22:53:32,2024-01-13 22:58:02,2.0,0.81,1.0,N,141,233,4,-6.5,-1.0,-0.5,0.0,0.0,-1.0,-11.5,-2.5,0.0,montant_invalide;
1,2024-01-26 20:03:15,2024-01-26 20:09:40,0.0,0.9,1.0,N,262,236,1,7.2,3.5,0.5,2.4,0.0,1.0,14.6,2.5,0.0,passagers_invalides;
2,2024-01-04 22:49:53,2024-01-04 22:53:08,,0.48,,,48,50,0,14.22,0.0,0.5,1.82,0.0,1.0,20.04,,,passagers_invalides;
1,2024-01-17 18:31:15,2024-01-17 18:35:03,,0.0,,,163,230,0,10.83,0.0,0.5,0.0,0.0,1.0,14.83,,,distance_invalide;passagers_invalides;
2,2024-01-01 04:06:46,2024-01-01 04:12:45,,1.92,,,231,186,0,11.34,0.0,0.5,0.0,0.0,1.0,15.34,,,passagers_invalides;
2,2024-01-10 21:29:56,2024-01-10 21:37:25,1.0,4.1,1.0,N,132,216,4,-17.7,-1.0,-0.5,0.0,0.0,-1.0,-20.2,0.0,0.0,montant_invalide;
1,2024-01-01 10:53:13,2024-01-01 10:57:15,,0.0,,,107,79,0,8.58,0.0,0.5,0.0,0.0,1.0,12.58,,,distance_invalide;passagers_invalides;
1,2024-01-02 11:20:16,2024-01-02 11:54:50,1.0,0.0,1.0,N,144,177,1,27.5,0.0,0.5,0.0,0.0,1.0,29.0,0.0,0.0,distance_invalide;
2,2024-01-16 07:40:54,2024-01-16 07:52:07,,1.46,,,75,236,0,16.71,0.0,0.5,0.0,0.0,1.0,20.71,,,passagers_invalides;
1,2024-01-24 17:53:36,2024-01-24 18:18:15,0.0,2.7,1.0,N,236,229,1,22.6,5.0,0.5,2.0,0.0,1.0,31.1,2.5,0.0,passagers_invalides;
1,2024-01-25 12:38:53,2024-01-25 12:47:55,,1.7,,,237,238,0,10.0,0.0,0.5,2.8,0.0,1.0,16.8,,,passagers_invalides;
2,2024-01-03 07:13:26,2024-01-03 08:01:47,1.0,24.67,1.0,N,137,39,2,-96.1,0.0,-0.5,0.0,0.0,-1.0,-100.1,-2.5,0.0,montant_invalide;
1,2024-01-16 17:11:09,2024-01-16 17:42:18,1.0,0.0,1.0,N,231,75,1,33.0,0.0,0.5,0.0,0.0,1.0,34.5,0.0,0.0,distance_invalide;
2,2024-01-21 06:11:39,2024-01-21 06:18:55,1.0,0.87,1.0,N,162,161,2,-8.6,0.0,-0.5,0.0,0.0,-1.0,-12.6,-2.5,0.0,montant_invalide;
2,2024-01-04 19:07:22,2024-01-04 19:51:21,2.0,18.44,2.0,N,132,163,2,-70.0,-5.0,-0.5,0.0,-6.94,-1.0,-87.69,-2.5,-1.75,montant_invalide;
1,2024-01-04 20:52:07,2024-01-04 20:56:36,0.0,0.8,1.0,N,114,148,1,6.5,3.5,0.5,3.4,0.0,1.0,14.9,2.5,0.0,passagers_invalides;
2,2024-01-12 13:09:57,2024-01-12 13:10:04,1.0,0.0,5.0,N,45,45,1,30.0,0.0,0.0,0.0,0.0,1.0,33.5,2.5,0.0,distance_invalide;
2,2024-01-16 23:31:13,2024-01-16 23:46:32,1.0,4.12,1.0,N,211,80,4,-21.2,-1.0,-0.5,0.0,0.0,-1.0,-26.2,-2.5,0.0,montant_invalide;
2,2024-01-05 08:55:12,2024-01-05 09:18:52,,4.48,,,230,12,0,25.84,0.0,0.5,7.46,0.0,1.0,37.3,,,passagers_invalides;
2,2024-01-06 17:27:55,2024-01-06 17:31:36,1.0,0.54,1.0,N,163,237,3,-5.1,0.0,-0.5,0.0,0.0,-1.0,-9.1,-2.5,0.0,montant_invalide;
2,2024-01-02 09:58:16,2024-01-02 10:10:25,2.0,5.81,5.0,N,93,132,4,-85.0,0.0,0.0,0.0,0.0,-1.0,-86.0,0.0,0.0,montant_invalide;
2,2024-01-30 16:08:01,2024-01-30 16:08:15,1.0,0.0,5.0,N,137,137,1,25.0,0.0,0.0,5.7,0.0,1.0,34.2,2.5,0.0,distance_invalide;
1,2024-01-01 00:49:37,2024-01-01 01:05:37,,0.0,,,24,262,0,22.57,0.0,0.5,0.0,0.0,1.0,26.57,,,distance_invalide;passagers_invalides;
2,2024-01-24 00:23:02,2024-01-24 00:36:50,,3.26,,,68,238,0,18.6,0.0,0.5,0.0,0.0,1.0,22.6,,,passagers_invalides;
1,2024-01-19 11:57:58,2024-01-19 12:15:10,1.0,0.0,1.0,N,39,188,1,22.0,0.0,0.5,0.0,0.0,1.0,23.5,0.0,0.0,distance_invalide;
2,2024-01-31 21:49:10,2024-01-31 22:29:17,2.0,27.79,1.0,N,132,23,4,-102.4,-1.0,-0.5,0.0,0.0,-1.0,-106.65,0.0,-1.75,montant_invalide;
2,2024-01-01 23:19:38,2024-01-01 23:19:43,1.0,0.0,2.0,N,249,249,2,70.0,0.0,0.5,0.0,0.0,1.0,74.0,2.5,0.0,distance_invalide;
2,2024-01-17 08:08:52,2024-01-17 08:18:01,,1.74,,,186,113,0,21.15,0.0,0.5,0.0,0.0,1.0,25.15,,,passagers_invalides;
1,2024-01-17 15:32:21,2024-01-17 16:00:36,,0.0,,,41,232,0,43.08,0.0,0.5,0.0,0.0,1.0,47.08,,,distance_invalide;passagers_invalides;
2,2024-01-23 17:44:12,2024-01-23 17:44:22,1.0,0.0,1.0,N,129,129,3,-3.0,-2.5,-0.5,0.0,0.0,-1.0,-7.0,0.0,0.0,distance_invalide;montant_invalide;
2,2024-01-18 10:56:15,2024-01-18 11:10:03,,2.47,,,160,226,0,15.61,0.0,0.5,0.0,0.0,1.0,17.11,,,passagers_invalides;
2,2024-01-13 02:28:19,2024-01-13 02:41:47,,2.99,,,79,170,0,12.81,0.0,0.5,0.0,0.0,1.0,16.81,,,passagers_invalides;
2,2024-01-27 14:58:42,2024-01-27 15:02:00,1.0,0.58,1.0,N,33,33,3,-5.1,0.0,-0.5,0.0,0.0,-1.0,-6.6,0.0,0.0,montant_invalide;
1,2024-01-22 16:42:57,2024-01-22 17:02:51,,2.8,,,140,238,0,16.3,2.5,0.5,5.47,0.0,1.0,28.27,,,passagers_invalides;
2,2024-01-18 08:15:00,2024-01-18 08:32:00,,1.68,,,263,161,0,17.0,0.0,0.5,1.05,0.0,1.0,22.05,,,passagers_invalides;
2,2024-01-09 13:53:05,2024-01-09 14:26:03,,8.36,,,230,138,0,42.89,0.0,0.5,10.77,6.94,1.0,64.6,,,passagers_invalides;
1,2024-01-23 14:54:35,2024-01-23 15:00:24,0.0,0.7,1.0,N,236,237,1,7.2,2.5,0.5,2.2,0.0,1.0,13.4,2.5,0.0,passagers_invalides;
2,2024-01-08 13:14:16,2024-01-08 13:20:25,1.0,0.7,1.0,N,143,142,4,-7.9,0.0,-0.5,0.0,0.0,-1.0,-11.9,-2.5,0.0,montant_invalide;
1,2024-01-19 10:48:34,2024-01-19 11:08:44,0.0,8.4,1.0,N,263,13,1,35.2,2.5,0.5,7.8,0.0,1.0,47.0,2.5,0.0,passagers_invalides;
2,2024-01-31 21:41:13,2024-01-31 21:51:03,,4.05,,,129,226,0,13.69,0.0,0.5,0.0,0.0,1.0,15.19,,,passagers_invalides;
2,2024-01-28 00:30:27,2024-01-28 00:48:34,,4.56,,,100,166,0,28.94,0.0,0.5,0.0,0.0,1.0,32.94,,,passagers_invalides;
2,2024-01-24 15:05:27,2024-01-24 15:20:42,,2.55,,,24,143,0,21.59,0.0,0.5,1.28,0.0,1.0,26.87,,,passagers_invalides;
1,2024-01-22 09:12:35,2024-01-22 09:17:12,,0.5,,,239,142,0,10.16,0.0,0.5,0.0,0.0,1.0,14.16,,,passagers_invalides;
1,2024-01-04 18:18:04,2024-01-04 18:33:49,0.0,2.7,1.0,N,161,262,1,16.3,5.0,0.5,5.7,0.0,1.0,28.5,2.5,0.0,passagers_invalides;
2,2024-01-12 18:33:24,2024-01-12 18:33:30,4.0,0.0,5.0,N,238,238,1,13.0,0.0,0.0,3.3,0.0,1.0,19.8,2.5,0.0,distance_invalide;
2,2024-01-20 23:37:08,2024-01-20 23:50:31,,2.65,,,43,234,0,14.87,0.0,0.5,0.0,0.0,1.0,18.87,,,passagers_invalides;
2,2024-01-04 17:22:14,2024-01-04 17:31:09,,1.5,,,74,42,0,11.7,0.0,0.5,0.0,0.0,1.0,13.2,,,passagers_invalides;
1,2024-01-19 13:13:58,2024-01-19 14:02:21,1.0,0.0,1.0,N,129,74,1,31.0,0.0,0.5,0.0,0.0,1.0,32.5,0.0,0.0,distance_invalide;
2,2024-01-10 19:53:31,2024-01-10 20:08:08,,2.79,,,238,262,0,17.33,0.0,0.5,3.2,0.0,1.0,24.53,,,passagers_invalides;
2,2024-01-14 19:36:57,2024-01-14 19:46:49,,1.52,,,170,163,0,14.47,0.0,0.5,0.0,0.0,1.0,18.47,,,passagers_invalides;
2,2024-01-13 19:54:36,2024-01-13 20:10:08,1.0,3.67,1.0,N,141,41,4,-19.1,0.0,-0.5,0.0,0.0,-1.0,-23.1,-2.5,0.0,montant_invalide;
2,2024-01-26 16:09:30,2024-01-26 16:44:43,,5.73,,,262,246,0,39.01,0.0,0.5,0.0,0.0,1.0,43.01,,,passagers_invalides;
2,2024-01-18 07:51:37,2024-01-18 08:00:46,,2.05,,,107,162,0,13.94,0.0,0.5,0.0,0.0,1.0,17.94,,,passagers_invalides;
1,2024-01-27 00:47:41,2024-01-27 01:13:48,0.0,3.7,1.0,N,148,48,1,25.4,3.5,0.5,3.0,0.0,1.0,33.4,2.5,0.0,passagers_invalides;
1,2024-01-12 16:03:18,2024-01-12 16:11:27,,1.4,,,161,236,0,9.3,2.5,0.5,1.58,0.0,1.0,17.38,,,passagers_invalides;
2,2024-01-16 13:33:00,2024-01-16 13:45:00,,1.1,,,162,141,0,13.53,0.0,0.5,3.51,0.0,1.0,21.04,,,passagers_invalides;
2,2024-01-23 08:18:15,2024-01-23 08:28:00,,0.69,,,162,141,0,13.82,0.0,0.5,3.56,0.0,1.0,21.38,,,passagers_invalides;
2,2024-01-23 20:31:13,2024-01-23 20:38:40,,1.39,,,164,246,0,11.74,0.0,0.5,0.79,0.0,1.0,16.53,,,passagers_invalides;
2,2024-01-20 19:55:06,2024-01-20 19:55:23,1.0,0.0,2.0,N,140,140,4,-70.0,0.0,-0.5,0.0,0.0,-1.0,-74.0,-2.5,0.0,distance_invalide;montant_invalide;
2,2024-01-20 18:04:49,2024-01-20 18:04:56,1.0,0.0,1.0,N,132,132,3,3.0,0.0,0.5,0.0,0.0,1.0,4.5,0.0,0.0,distance_invalide;
2,2024-01-01 01:03:37,2024-01-01 01:16:42,,1.71,,,229,170,0,19.06,0.0,0.5,0.0,0.0,1.0,23.06,,,passagers_invalides;
1,2024-01-28 01:45:15,2024-01-28 01:56:06,0.0,4.6,1.0,N,4,87,1,21.2,3.5,0.5,4.0,0.0,1.0,30.2,2.5,0.0,passagers_invalides;
2,2024-01-20 20:52:00,2024-01-20 21:06:00,,2.03,,,148,261,0,18.56,0.0,0.5,0.0,0.0,1.0,22.56,,,passagers_invalides;
1,2024-01-16 17:55:16,2024-01-16 18:03:51,0.0,1.5,1.0,N,263,237,1,10.0,5.0,0.5,4.1,0.0,1.0,20.6,2.5,0.0,passagers_invalides;
2,2024-01-20 22:26:33,2024-01-20 22:30:20,,0.51,,,239,239,0,6.83,0.0,0.5,0.0,0.0,1.0,10.83,,,passagers_invalides;
2,2024-01-20 22:45:56,2024-01-20 22:57:14,,1.27,,,113,164,0,11.22,0.0,0.5,0.0,0.0,1.0,15.22,,,passagers_invalides;
2,2024-01-31 18:18:27,2024-01-31 18:46:56,,2.81,,,234,143,0,23.19,0.0,0.5,0.0,0.0,1.0,27.19,,,passagers_invalides;
2,2024-01-01 06:13:59,2024-01-01 06:39:20,,19.12,,,179,203,0,48.98,0.0,0.5,0.0,0.0,1.0,50.48,,,passagers_invalides;
2,2024-01-28 08:41:30,2024-01-28 08:50:41,1.0,1.5,1.0,N,234,246,4,-11.4,0.0,-0.5,0.0,0.0,-1.0,-15.4,-2.5,0.0,montant_invalide;
2,2024-01-07 02:15:54,2024-01-07 02:30:48,,2.6,,,79,163,0,15.68,0.0,0.5,0.0,0.0,1.0,19.68,,,passagers_invalides;
2,2024-01-13 22:21:21,2024-01-13 22:48:14,,8.96,,,62,7,0,48.7,0.0,0.5,10.04,0.0,1.0,60.24,,,passagers_invalides;
2,2024-01-20 00:41:58,2024-01-20 00:44:44,2.0,1.0,1.0,N,137,162,4,-6.5,-1.0,-0.5,0.0,0.0,-1.0,-11.5,-2.5,0.0,montant_invalide;
2,2024-01-06 18:59:57,2024-01-06 19:00:04,1.0,0.0,1.0,N,163,161,2,3.0,0.0,0.5,0.0,0.0,1.0,7.0,2.5,0.0,distance_invalide;
2,2024-01-21 01:00:37,2024-01-21 01:09:24,1.0,0.72,1.0,N,170,137,4,-9.3,-1.0,-0.5,0.0,0.0,-1.0,-14.3,-2.5,0.0,montant_invalide;
2,2024-01-10 10:36:48,2024-01-10 10:44:34,,0.8,,,164,170,0,18.83,0.0,0.5,0.0,0.0,1.0,22.83,,,passagers_invalides;
2,2024-01-20 14:44:17,2024-01-20 14:45:00,1.0,0.0,1.0,N,193,193,1,3.0,0.0,0.5,0.0,0.0,1.0,4.5,0.0,0.0,distance_invalide;
2,2024-01-09 18:36:02,2024-01-09 18:44:33,,1.26,,,229,137,0,10.34,0.0,0.5,0.0,0.0,1.0,14.34,,,passagers_invalides;
1,2024-01-21 18:05:34,2024-01-21 18:12:22,,0.0,,,193,193,0,6.83,0.0,0.5,0.0,0.0,1.0,8.33,,,distance_invalide;passagers_invalides;
2,2024-01-08 16:39:14,2024-01-08 16:42:56,1.0,0.72,1.0,N,24,238,3,-5.8,-2.5,-0.5,0.0,0.0,-1.0,-9.8,0.0,0.0,montant_invalide;
2,2024-01-20 00:44:38,2024-01-20 01:08:14,,8.66,,,144,141,0,22.07,0.0,0.5,0.0,0.0,1.0,26.07,,,passagers_invalides;
2,2024-01-01 02:26:07,2024-01-01 02:40:19,,3.34,,,137,263,0,45.87,0.0,0.5,0.0,0.0,1.0,49.87,,,passagers_invalides;
2,2024-01-06 22:15:05,2024-01-06 22:18:26,1.0,0.32,1.0,N,43,163,4,-5.1,-1.0,-0.5,0.0,0.0,-1.0,-10.1,-2.5,0.0,montant_invalide;
2,2024-01-13 02:23:14,2024-01-13 02:47:31,2.0,0.0,1.0,N,114,256,1,19.8,1.0,0.5,6.2,0.0,1.0,31.0,2.5,0.0,distance_invalide;
2,2024-01-09 18:02:46,2024-01-09 18:21:29,,1.82,,,141,233,0,15.68,0.0,0.5,0.0,0.0,1.0,19.68,,,passagers_invalides;
2,2024-01-29 14:54:13,2024-01-29 15:14:16,1.0,1.24,1.0,N,162,230,3,-17.0,0.0,-0.5,0.0,0.0,-1.0,-21.0,-2.5,0.0,montant_invalide;
2,2024-01-14 20:59:38,2024-01-14 21:02:42,1.0,0.54,1.0,N,164,186,2,-5.1,-1.0,-0.5,0.0,0.0,-1.0,-10.1,-2.5,0.0,montant_invalide;
1,2024-01-20 00:11:40,2024-01-20 00:15:02,0.0,0.5,1.0,N,230,230,1,5.8,3.5,0.5,1.5,0.0,1.0,12.3,2.5,0.0,passagers_invalides;
1,2024-01-20 18:52:10,2024-01-20 19:16:17,1.0,0.0,1.0,N,140,107,1,19.1,2.5,0.5,4.6,0.0,1.0,27.7,2.5,0.0,distance_invalide;
2,2024-01-09 21:11:11,2024-01-09 21:22:05,,1.77,,,249,232,0,12.59,0.0,0.5,0.0,0.0,1.0,16.59,,,passagers_invalides;
2,2024-01-18 17:03:59,2024-01-18 17:07:36,6.0,0.35,1.0,N,263,263,4,-5.8,-2.5,-0.5,0.0,0.0,-1.0,-12.3,-2.5,0.0,montant_invalide;
2,2024-01-17 17:01:00,2024-01-17 17:21:00,,2.8,,,162,113,0,18.75,0.0,0.5,3.41,0.0,1.0,26.16,,,passagers_invalides;
1,2024-01-04 09:02:32,2024-01-04 09:08:42,0.0,1.6,1.0,N,164,113,2,9.3,2.5,0.5,0.0,0.0,1.0,13.3,2.5,0.0,passagers_invalides;
1,2024-01-02 22:52:54,2024-01-02 23:04:42,,0.0,,,107,68,0,14.04,0.0,0.5,0.0,0.0,1.0,18.04,,,distance_invalide;passagers_invalides;
2,2024-01-26 17:05:41,2024-01-26 17:12:43,,1.15,,,163,143,0,11.74,0.0,0.5,3.15,0.0,1.0,18.89,,,passagers_invalides;
2,2024-01-08 17:16:07,2024-01-08 17:22:19,1.0,1.36,1.0,N,137,229,2,-8.6,-2.5,-0.5,0.0,0.0,-1.0,-15.1,-2.5,0.0,montant_invalide;
2,2024-01-10 06:48:44,2024-01-10 06:56:41,,2.16,,,249,230,0,11.67,0.0,0.5,0.0,0.0,1.0,15.67,,,passagers_invalides;
2,2024-01-18 22:21:48,2024-01-18 22:47:28,,4.71,,,142,4,0,19.53,0.0,0.5,4.71,0.0,1.0,28.24,,,passagers_invalides;
2,2024-01-21 07:59:12,2024-01-21 07:59:22,1.0,0.0,1.0,N,258,258,4,3.0,0.0,0.5,0.0,0.0,1.0,4.5,0.0,0.0,distance_invalide;
1,2024-01-04 14:11:23,2024-01-04 14:24:31,,2.0,,,239,230,0,12.8,0.0,0.5,2.52,0.0,1.0,19.32,,,passagers_invalides;
2,2024-01-16 03:50:10,2024-01-16 04:03:47,1.0,5.43,1.0,N,65,66,4,-24.0,-1.0,-0.5,0.0,0.0,-1.0,-29.0,-2.5,0.0,montant_invalide;
2,2024-01-24 17:31:36,2024-01-24 17:58:34,,3.63,,,246,79,0,24.7,0.0,0.5,0.0,0.0,1.0,28.7,,,passagers_invalides;
2,2024-01-29 15:26:14,2024-01-29 15:32:43,,1.39,,,262,75,0,11.74,0.0,0.5,3.15,0.0,1.0,18.89,,,passagers_invalides;
2,2024-01-25 17:35:22,2024-01-25 17:47:00,1.0,0.0,1.0,N,68,170,1,10.7,2.5,0.5,3.44,0.0,1.0,20.64,2.5,0.0,distance_invalide;
1,2024-01-17 21:56:55,2024-01-17 22:17:07,,0.0,,,164,238,0,25.38,0.0,0.5,0.0,0.0,1.0,29.38,,,distance_invalide;passagers_invalides;
2,2024-01-10 07:43:37,2024-01-10 07:59:11,,2.7,,,231,164,0,15.53,0.0,0.5,0.0,0.0,1.0,19.53,,,passagers_invalides;
2,2024-01-29 04:28:09,2024-01-29 05:02:31,,19.68,,,24,132,0,63.92,0.0,0.5,14.47,6.94,1.0,86.83,,,passagers_invalides;
2,2024-01-31 10:00:29,2024-01-31 10:07:26,1.0,0.0,1.0,N,161,229,1,7.2,0.0,0.5,1.68,0.0,1.0,12.88,2.5,0.0,distance_invalide;
2,2024-01-13 13:57:17,2024-01-13 13:57:21,1.0,0.0,5.0,N,158,158,1,14.0,0.0,0.0,2.0,0.0,1.0,19.5,2.5,0.0,distance_invalide;
1,2024-01-18 12:40:14,2024-01-18 13:10:44,0.0,10.7,1.0,N,138,25,1,45.0,6.75,0.5,10.65,0.0,1.0,63.9,0.0,1.75,passagers_invalides;
1,2024-01-30 20:12:33,2024-01-30 20:22:46,,1.6,,,48,143,0,11.4,1.0,0.5,2.46,0.0,1.0,18.86,,,passagers_invalides;
1,2024-01-26 10:21:24,2024-01-26 10:30:04,,0.9,,,161,163,0,9.3,0.0,0.5,2.66,0.0,1.0,15.96,,,passagers_invalides;
1,2024-01-28 05:01:11,2024-01-28 05:07:20,0.0,1.8,1.0,N,186,142,1,10.0,3.5,0.5,3.75,0.0,1.0,18.75,2.5,0.0,passagers_invalides;
2,2024-01-16 17:52:20,2024-01-16 18:00:06,,0.99,,,164,68,0,4.22,0.0,0.5,3.64,0.0,1.0,11.86,,,passagers_invalides;
1,2024-01-31 11:20:00,2024-01-31 11:34:45,,1.9,,,140,162,0,14.9,0.0,0.5,3.78,0.0,1.0,22.68,,,passagers_invalides;
2,2024-01-24 19:27:44,2024-01-24 19:33:51,1.0,0.86,1.0,N,170,162,2,-7.2,-2.5,-0.5,0.0,0.0,-1.0,-13.7,-2.5,0.0,montant_invalide;
1,2024-01-21 00:11:22,2024-01-21 00:28:41,,0.0,,,249,141,0,18.0,2.0,0.5,3.6,0.0,1.0,29.6,,,distance_invalide;passagers_invalides;
2,2024-01-04 16:59:00,2024-01-04 17:39:00,,5.1,,,143,42,0,36.29,0.0,0.5,7.25,0.0,1.0,47.54,,,passagers_invalides;
2,2024-01-16 00:23:08,2024-01-16 00:31:44,,1.94,,,211,164,0,14.45,0.0,0.5,0.0,0.0,1.0,18.45,,,passagers_invalides;
1,2024-01-09 21:45:48,2024-01-09 21:53:39,,0.0,,,137,141,0,8.95,0.0,0.5,0.0,0.0,1.0,12.95,,,distance_invalide;passagers_invalides;
1,2024-01-27 20:42:47,2024-01-27 20:52:42,,0.9,,,79,232,0,10.16,0.0,0.5,0.0,0.0,1.0,14.16,,,passagers_invalides;
2,2024-01-18 20:37:06,2024-01-18 20:43:51,1.0,0.58,1.0,N,161,163,4,-7.9,-1.0,-0.5,0.0,0.0,-1.0,-12.9,-2.5,0.0,montant_invalide;
2,2024-01-04 17:35:02,2024-01-04 17:44:23,1.0,0.0,1.0,N,158,231,2,9.3,2.5,0.5,0.0,0.0,1.0,15.8,2.5,0.0,distance_invalide;
2,2024-01-12 23:18:36,2024-01-12 23:39:40,,3.33,,,211,163,0,25.32,0.0,0.5,0.0,0.0,1.0,29.32,,,passagers_invalides;
1,2024-01-19 17:59:54,2024-01-19 18:07:24,0.0,1.0,1.0,N,262,236,1,8.6,5.0,0.5,1.0,0.0,1.0,16.1,2.5,0.0,passagers_invalides;
2,2024-01-04 21:47:12,2024-01-04 21:54:07,1.0,1.22,1.0,N,107,233,4,-8.6,-1.0,-0.5,0.0,0.0,-1.0,-13.6,-2.5,0.0,montant_invalide;
1,2024-01-28 13:12:16,2024-01-28 13:19:00,,0.0,,,262,74,0,10.83,0.0,0.5,0.0,0.0,1.0,14.83,,,distance_invalide;passagers_invalides;
2,2024-01-12 04:55:14,2024-01-12 05:11:09,,4.23,,,68,141,0,21.3,0.0,0.5,0.0,0.0,1.0,25.3,,,passagers_invalides;
1,2024-01-10 08:34:00,2024-01-10 08:40:27,0.0,0.9,1.0,N,234,170,1,7.2,2.5,0.5,2.2,0.0,1.0,13.4,2.5,0.0,passagers_invalides;
2,2024-01-31 00:27:27,2024-01-31 00:27:45,1.0,0.0,5.0,N,229,229,1,74.69,0.0,0.0,17.03,6.94,1.0,102.16,2.5,0.0,distance_invalide;
2,2024-01-26 19:44:03,2024-01-26 19:57:43,,1.83,,,162,234,0,15.89,0.0,0.5,0.0,0.0,1.0,19.89,,,passagers_invalides;
2,2024-01-21 18:32:03,2024-01-21 18:43:11,,1.79,,,236,238,0,-3.0,0.0,0.5,0.0,0.0,1.0,1.0,,,montant_invalide;passagers_invalides;
1,2024-01-26 20:04:22,2024-01-26 20:09:11,0.0,0.7,1.0,N,50,246,1,6.5,3.5,0.5,1.0,0.0,1.0,12.5,2.5,0.0,passagers_invalides;
2,2024-01-29 20:44:17,2024-01-29 21:05:33,3.0,5.35,1.0,N,137,166,2,-25.4,-1.0,-0.5,0.0,0.0,-1.0,-30.4,-2.5,0.0,montant_invalide;
1,2024-01-23 00:46:20,2024-01-23 01:02:35,,6.0,,,143,42,0,25.04,0.0,0.5,0.0,0.0,1.0,29.04,,,passagers_invalides;
2,2024-01-25 04:04:00,2024-01-25 04:28:00,,10.8,,,239,138,0,35.34,0.0,0.5,4.0,6.94,1.0,50.28,,,passagers_invalides;
2,2024-01-21 09:35:40,2024-01-21 09:50:59,,3.81,,,262,186,0,18.26,0.0,0.5,0.0,0.0,1.0,22.26,,,passagers_invalides;
2,2024-01-17 19:51:33,2024-01-17 19:51:51,1.0,0.0,1.0,N,179,179,4,3.0,2.5,0.5,0.0,0.0,1.0,7.0,0.0,0.0,distance_invalide;
2,2024-01-30 17:36:12,2024-01-30 17:49:05,2.0,3.4,1.0,N,132,132,4,-17.7,-2.5,-0.5,0.0,0.0,-1.0,-23.45,0.0,-1.75,montant_invalide;
2,2024-01-27 18:49:31,2024-01-27 19:09:15,2.0,0.0,1.0,N,107,231,2,16.3,0.0,0.5,0.0,0.0,1.0,20.3,2.5,0.0,distance_invalide;
1,2024-01-12 10:12:43,2024-01-12 10:20:56,0.0,1.0,1.0,N,236,237,1,9.3,2.5,0.5,1.0,0.0,1.0,14.3,2.5,0.0,passagers_invalides;
2,2024-01-25 16:48:36,2024-01-25 17:16:30,,7.54,,,233,138,0,36.76,0.0,0.5,9.54,6.94,1.0,57.24,,,passagers_invalides;
1,2024-01-29 16:36:06,2024-01-29 17:09:02,0.0,7.1,1.0,N,170,25,1,32.4,5.0,0.5,9.7,0.0,1.0,48.6,2.5,0.0,passagers_invalides;
2,2024-01-20 00:25:53,2024-01-20 00:31:59,,0.93,,,148,79,0,9.99,0.0,0.5,0.0,0.0,1.0,13.99,,,passagers_invalides;
1,2024-01-24 23:45:08,2024-01-25 00:01:23,,0.0,,,88,186,0,19.38,0.0,0.5,0.0,0.0,1.0,23.38,,,distance_invalide;passagers_invalides;
2,2024-01-27 10:57:57,2024-01-27 10:58:01,1.0,0.0,1.0,N,226,226,3,3.0,0.0,0.5,0.0,0.0,1.0,4.5,0.0,0.0,distance_invalide;
1,2024-01-19 19:22:56,2024-01-19 19:28:46,0.0,0.9,1.0,N,161,163,1,7.2,5.0,0.5,4.0,0.0,1.0,17.7,2.5,0.0,passagers_invalides;
2,2024-01-20 22:53:30,2024-01-20 23:18:39,,4.36,,,141,249,0,27.95,0.0,0.5,0.0,0.0,1.0,31.95,,,passagers_invalides;
2,2024-01-13 14:21:46,2024-01-13 14:25:33,,0.43,,,48,163,0,13.17,0.0,0.5,2.0,0.0,1.0,19.17,,,passagers_invalides;
1,2024-01-28 01:26:04,2024-01-28 01:44:10,,3.3,,,249,239,0,17.92,0.0,0.5,0.0,0.0,1.0,21.92,,,passagers_invalides;
2,2024-01-31 21:32:25,2024-01-31 21:46:25,,2.78,,,161,113,0,19.19,0.0,0.5,0.0,0.0,1.0,23.19,,,passagers_invalides;
2,2024-01-01 07:14:46,2024-01-01 07:22:43,,3.16,,,4,88,0,12.29,0.0,0.5,0.0,0.0,1.0,16.29,,,passagers_invalides;
2,2024-01-18 18:45:07,2024-01-18 19:05:18,,3.01,,,141,164,0,34.39,0.0,0.5,7.68,0.0,1.0,46.07,,,passagers_invalides;
2,2024-01-01 03:41:44,2024-01-01 03:54:29,,4.43,,,79,13,0,29.6,0.0,0.5,0.0,0.0,1.0,33.6,,,passagers_invalides;
1,2024-01-19 23:10:09,2024-01-19 23:28:24,,3.6,,,100,75,0,19.8,1.0,0.5,3.72,0.0,1.0,28.52,,,passagers_invalides;
2,2024-01-26 14:21:18,2024-01-26 14:23:49,1.0,0.47,1.0,N,249,249,4,-5.1,0.0,-0.5,0.0,0.0,-1.0,-9.1,-2.5,0.0,montant_invalide;
2,2024-01-16 18:35:35,2024-01-16 18:44:51,,1.25,,,163,143,0,14.22,0.0,0.5,1.82,0.0,1.0,20.04,,,passagers_invalides;
2,2024-01-17 18:40:40,2024-01-17 18:55:59,,3.35,,,143,249,0,20.43,0.0,0.5,0.0,0.0,1.0,24.43,,,passagers_invalides;
1,2024-01-12 10:00:25,2024-01-12 10:31:16,0.0,13.9,3.0,N,68,265,1,73.4,0.0,0.0,21.9,13.38,1.0,109.68,0.0,0.0,passagers_invalides;
1,2024-01-30 15:11:18,2024-01-30 15:19:25,,0.7,,,237,162,0,8.6,0.0,0.5,1.89,0.0,1.0,14.49,,,passagers_invalides;
2,2024-01-09 09:31:04,2024-01-09 09:51:29,,6.88,,,135,132,0,31.54,0.0,0.5,6.61,0.0,1.0,39.65,,,passagers_invalides;
1,2024-01-01 02:44:09,2024-01-01 02:55:14,,0.0,,,233,164,0,19.55,0.0,0.5,0.0,0.0,1.0,23.55,,,distance_invalide;passagers_invalides;
2,2024-01-18 21:38:59,2024-01-18 21:54:31,,3.4,,,140,151,0,19.22,0.0,0.5,4.64,0.0,1.0,27.86,,,passagers_invalides;
2,2024-01-18 13:38:04,2024-01-18 13:44:37,,1.46,,,74,75,0,15.18,0.0,0.5,0.0,0.0,1.0,16.68,,,passagers_invalides;
1,2024-01-25 09:23:21,2024-01-25 09:52:54,,3.2,,,163,137,0,21.2,0.0,0.5,3.78,0.0,1.0,28.98,,,passagers_invalides;
2,2024-01-25 09:02:33,2024-01-25 09:03:43,2.0,0.09,2.0,N,132,132,4,-70.0,0.0,-0.5,0.0,0.0,-1.0,-73.25,0.0,-1.75,montant_invalide;
1,2024-01-27 11:30:13,2024-01-27 11:46:13,0.0,1.6,1.0,N,68,79,1,14.9,2.5,0.5,4.7,0.0,1.0,23.6,2.5,0.0,passagers_invalides;
1,2024-01-19 20:27:12,2024-01-19 20:40:03,0.0,2.0,1.0,N,186,249,1,13.5,3.5,0.5,3.7,0.0,1.0,22.2,2.5,0.0,passagers_invalides;
1,2024-01-19 20:53:05,2024-01-19 20:53:29,1.0,0.0,1.0,N,138,138,4,3.0,7.75,0.5,0.0,0.0,1.0,12.25,0.0,1.75,distance_invalide;
1,2024-01-07 12:52:00,2024-01-07 13:07:35,,0.0,,,141,234,0,17.76,0.0,0.5,0.0,0.0,1.0,21.76,,,distance_invalide;passagers_invalides;
1,2024-01-07 12:10:52,2024-01-07 12:10:53,,0.0,,,100,100,0,15.0,0.0,0.0,3.0,0.0,0.0,18.0,,,distance_invalide;passagers_invalides;
2,2024-01-23 11:35:54,2024-01-23 11:38:47,,0.28,,,239,142,0,6.83,0.0,0.5,0.0,0.0,1.0,10.83,,,passagers_invalides;
1,2024-01-02 16:57:08,2024-01-02 16:57:32,1.0,0.0,5.0,N,223,223,1,70.0,0.0,0.0,0.0,0.0,1.0,71.0,0.0,0.0,distance_invalide;
2,2024-01-12 16:06:35,2024-01-12 16:19:51,1.0,0.0,1.0,N,163,107,1,12.1,0.0,0.5,3.22,0.0,1.0,19.32,2.5,0.0,distance_invalide;
2,2024-01-04 21:34:03,2024-01-04 21:34:09,2.0,0.0,3.0,N,230,230,4,-23.0,-1.0,0.0,0.0,0.0,-1.0,-25.0,0.0,0.0,distance_invalide;montant_invalide;
1,2024-01-15 12:36:29,2024-01-15 12:46:45,,0.0,,,263,140,0,12.95,0.0,0.5,0.0,0.0,1.0,16.95,,,distance_invalide;passagers_invalides;
2,2024-01-04 17:38:48,2024-01-04 17:38:54,2.0,0.0,5.0,N,132,132,4,-55.0,0.0,0.0,0.0,0.0,-1.0,-57.75,0.0,-1.75,distance_invalide;montant_invalide;
1,2024-01-24 17:19:05,2024-01-24 17:44:19,,3.4,,,100,4,0,23.3,2.5,0.5,4.47,0.0,1.0,34.27,,,passagers_invalides;
1,2024-01-14 01:22:02,2024-01-14 01:33:46,,0.0,,,148,170,0,17.68,0.0,0.5,0.0,0.0,1.0,21.68,,,distance_invalide;passagers_invalides;
1,2024-01-23 01:48:11,2024-01-23 01:52:27,,0.0,,,233,137,0,10.83,0.0,0.5,0.0,0.0,1.0,14.83,,,distance_invalide;passagers_invalides;
1,2024-01-14 17:14:16,2024-01-14 17:37:29,0.0,2.2,1.0,N,229,50,1,17.0,2.5,0.5,4.2,0.0,1.0,25.2,2.5,0.0,passagers_invalides;
1,2024-01-06 17:17:10,2024-01-06 17:17:35,2.0,0.0,1.0,N,48,48,3,3.0,2.5,0.5,0.0,0.0,1.0,7.0,2.5,0.0,distance_invalide;
2,2024-01-05 13:48:11,2024-01-05 13:57:38,1.0,1.92,1.0,N,237,236,2,-12.1,0.0,-0.5,0.0,0.0,-1.0,-16.1,-2.5,0.0,montant_invalide;
2,2024-01-07 15:55:05,2024-01-07 16:02:17,1.0,0.0,5.0,N,41,41,3,-82.69,0.0,-0.5,0.0,0.0,-1.0,-84.19,0.0,0.0,distance_invalide;montant_invalide;
2,2024-01-09 18:24:26,2024-01-09 18:34:59,,1.42,,,237,142,0,11.47,0.0,0.5,0.0,0.0,1.0,15.47,,,passagers_invalides;
1,2024-01-28 13:25:45,2024-01-28 13:31:43,,1.0,,,230,186,0,10.16,0.0,0.5,0.0,0.0,1.0,14.16,,,passagers_invalides;
2,2024-01-30 17:24:16,2024-01-30 17:29:49,,1.18,,,75,41,0,15.68,0.0,0.5,0.0,0.0,1.0,17.18,,,passagers_invalides;
2,2024-01-27 02:02:35,2024-01-27 02:13:37,,2.53,,,79,161,0,13.59,0.0,0.5,0.0,0.0,1.0,17.59,,,passagers_invalides;
2,2024-01-19 08:23:17,2024-01-19 08:37:50,,4.99,,,146,138,0,23.44,0.0,0.5,2.49,0.0,1.0,27.43,,,passagers_invalides;
1,2024-01-13 11:11:33,2024-01-13 11:18:59,0.0,0.9,1.0,N,189,25,1,8.6,0.0,0.5,3.0,0.0,1.0,13.1,0.0,0.0,passagers_invalides;
1,2024-01-15 00:00:00,2024-01-15 00:17:59,,0.0,,,234,143,0,22.14,0.0,0.5,0.0,0.0,1.0,26.14,,,distance_invalide;passagers_invalides;
1,2024-01-01 01:26:06,2024-01-01 01:41:43,,0.0,,,151,127,0,39.51,0.0,0.5,0.0,0.0,1.0,41.01,,,distance_invalide;passagers_invalides;
1,2024-01-19 19:19:30,2024-01-19 19:42:39,,0.0,,,231,116,0,33.11,0.0,0.5,0.0,0.0,1.0,37.11,,,distance_invalide;passagers_invalides;
1,2024-01-01 01:52:25,2024-01-01 02:04:01,,0.0,,,141,107,0,21.16,0.0,0.5,0.0,0.0,1.0,25.16,,,distance_invalide;passagers_invalides;
2,2024-01-11 05:51:55,2024-01-11 06:04:07,1.0,2.97,1.0,N,262,151,4,-15.6,-1.0,-0.5,0.0,0.0,-1.0,-20.6,-2.5,0.0,montant_invalide;
2,2024-01-18 17:55:46,2024-01-18 17:59:53,1.0,0.78,1.0,N,43,236,4,-6.5,-2.5,-0.5,0.0,0.0,-1.0,-13.0,-2.5,0.0,montant_invalide;
2,2024-01-16 22:36:14,2024-01-16 22:54:26,1.0,8.3,1.0,N,132,258,2,-34.5,-1.0,-0.5,0.0,0.0,-1.0,-38.75,0.0,-1.75,montant_invalide;
2,2024-01-17 21:57:04,2024-01-17 22:01:32,,0.7,,,107,164,0,9.58,0.0,0.5,0.0,0.0,1.0,13.58,,,passagers_invalides;
2,2024-01-28 03:49:39,2024-01-28 04:00:05,,1.76,,,249,107,0,20.31,0.0,0.5,0.0,0.0,1.0,24.31,,,passagers_invalides;
1,2024-01-13 07:41:38,2024-01-13 07:45:45,,0.6,,,262,262,0,6.5,0.0,0.5,1.58,0.0,1.0,12.08,,,passagers_invalides;
1,2024-01-02 22:43:00,2024-01-02 22:56:04,0.0,5.1,1.0,N,107,13,1,22.6,3.5,0.5,4.14,0.0,1.0,31.74,2.5,0.0,passagers_invalides;
2,2024-01-03 19:37:46,2024-01-03 19:38:02,2.0,0.0,5.0,N,143,143,1,70.5,0.0,0.0,6.0,0.0,1.0,81.75,2.5,1.75,distance_invalide;
2,2024-01-06 21:32:58,2024-01-06 21:43:41,,2.16,,,13,45,0,13.9,0.0,0.5,3.22,0.0,1.0,21.12,,,passagers_invalides;
1,2024-01-31 22:10:12,2024-01-31 22:24:40,,0.0,,,170,262,0,16.2,0.0,0.5,0.0,0.0,1.0,20.2,,,distance_invalide;passagers_invalides;
2,2024-01-28 13:44:28,2024-01-28 13:57:00,,1.74,,,236,163,0,11.69,0.0,0.5,0.0,0.0,1.0,15.69,,,passagers_invalides;
2,2024-01-18 08:47:54,2024-01-18 09:07:33,,3.18,,,229,75,0,21.36,0.0,0.5,2.54,0.0,1.0,27.9,,,passagers_invalides;
2,2024-01-05 11:00:48,2024-01-05 11:00:54,4.0,0.0,5.0,N,132,132,1,84.0,0.0,0.0,0.0,0.0,1.0,86.75,0.0,1.75,distance_invalide;
1,2024-01-24 14:29:00,2024-01-24 14:47:39,0.0,1.6,1.0,N,234,162,1,16.3,2.5,0.5,4.06,0.0,1.0,24.36,2.5,0.0,passagers_invalides;
1,2024-01-07 00:11:59,2024-01-07 00:22:22,0.0,1.4,1.0,N,249,148,1,11.4,3.5,0.5,3.25,0.0,1.0,19.65,2.5,0.0,passagers_invalides;
1,2024-01-05 18:42:26,2024-01-05 18:59:48,,2.6,,,263,170,0,24.89,0.0,0.5,0.0,0.0,1.0,28.89,,,passagers_invalides;
1,2024-01-18 16:55:58,2024-01-18 17:09:58,0.0,1.9,1.0,N,142,238,1,14.2,5.0,0.5,6.2,0.0,1.0,26.9,2.5,0.0,passagers_invalides;
1,2024-01-08 09:20:22,2024-01-08 09:35:12,,0.0,,,236,170,0,14.66,0.0,0.5,0.0,0.0,1.0,18.66,,,distance_invalide;passagers_invalides;
2,2024-01-14 07:02:50,2024-01-14 07:16:19,,2.47,,,91,188,0,15.45,0.0,0.5,0.0,0.0,1.0,16.95,,,passagers_invalides;
2,2024-01-24 17:33:13,2024-01-24 17:44:08,,1.52,,,68,107,0,13.58,0.0,0.5,0.0,0.0,1.0,17.58,,,passagers_invalides;
1,2024-01-19 14:39:52,2024-01-19 14:55:37,0.0,1.9,1.0,N,100,237,2,15.6,2.5,0.5,0.0,0.0,1.0,19.6,2.5,0.0,passagers_invalides;
2,2024-01-03 16:06:36,2024-01-03 16:14:06,1.0,1.76,1.0,N,170,113,2,-10.0,-2.5,-0.5,0.0,0.0,-1.0,-16.5,-2.5,0.0,montant_invalide;
1,2024-01-25 11:50:42,2024-01-25 12:01:46,0.0,1.5,1.0,N,236,163,2,12.1,2.5,0.5,0.0,0.0,1.0,16.1,2.5,0.0,passagers_invalides;
1,2024-01-10 11:45:57,2024-01-10 12:00:44,,2.3,,,151,236,0,15.6,0.0,0.5,2.94,0.0,1.0,22.54,,,passagers_invalides;
2,2024-01-26 10:07:29,2024-01-26 10:07:37,1.0,0.0,5.0,N,236,236,1,69.0,0.0,0.0,14.5,0.0,1.0,87.0,2.5,0.0,distance_invalide;
1,2024-01-30 17:18:48,2024-01-30 17:19:29,3.0,0.0,1.0,N,263,264,1,3.0,5.0,0.5,2.0,0.0,1.0,11.5,2.5,0.0,distance_invalide;
2,2024-01-19 03:23:27,2024-01-19 03:23:33,1.0,0.0,1.0,N,13,13,4,-3.0,-1.0,-0.5,0.0,0.0,-1.0,-8.0,-2.5,0.0,distance_invalide;montant_invalide;
1,2024-01-20 14:15:37,2024-01-20 14:41:32,,4.3,,,263,161,0,26.1,0.0,0.5,1.0,0.0,1.0,31.1,,,passagers_invalides;
2,2024-01-15 11:19:10,2024-01-15 11:28:50,,1.32,,,162,164,0,22.01,0.0,0.5,5.2,0.0,1.0,31.21,,,passagers_invalides;
2,2024-01-09 17:02:59,2024-01-09 17:29:49,,5.59,,,140,145,0,21.71,0.0,0.5,9.8,6.94,1.0,42.45,,,passagers_invalides;
2,2024-01-13 21:55:42,2024-01-13 22:03:17,1.0,0.82,1.0,N,230,170,4,-8.6,-1.0,-0.5,0.0,0.0,-1.0,-13.6,-2.5,0.0,montant_invalide;
2,2024-01-01 06:27:28,2024-01-01 06:44:53,,7.72,,,246,116,0,29.41,0.0,0.5,0.0,0.0,1.0,33.41,,,passagers_invalides;
1,2024-01-10 17:12:24,2024-01-10 17:17:50,0.0,0.5,1.0,N,236,263,1,6.5,5.0,0.5,1.5,0.0,1.0,14.5,2.5,0.0,passagers_invalides;
1,2024-01-24 09:57:26,2024-01-24 10:16:55,0.0,3.7,1.0,N,236,68,1,20.5,2.5,0.5,1.0,0.0,1.0,25.5,2.5,0.0,passagers_invalides;
2,2024-01-30 12:16:59,2024-01-30 12:22:26,1.0,0.59,1.0,N,140,237,4,-6.5,0.0,-0.5,3.15,0.0,-1.0,-7.35,-2.5,0.0,montant_invalide;
1,2024-01-30 13:54:52,2024-01-30 14:04:23,0.0,1.5,1.0,N,249,100,3,11.4,2.5,0.5,0.0,0.0,1.0,15.4,2.5,0.0,passagers_invalides;
2,2024-01-20 13:50:55,2024-01-20 13:59:34,,1.5,,,151,41,0,9.4,0.0,0.5,0.0,0.0,1.0,10.9,,,passagers_invalides;
1,2024-01-19 04:54:39,2024-01-19 05:38:53,1.0,0.0,1.0,N,201,140,1,73.0,0.0,0.5,0.0,0.0,1.0,74.5,0.0,0.0,distance_invalide;
2,2024-01-15 00:16:05,2024-01-15 00:16:27,1.0,0.0,1.0,N,162,233,4,-3.0,-1.0,-0.5,0.0,0.0,-1.0,-8.0,-2.5,0.0,distance_invalide;montant_invalide;
2,2024-01-01 12:32:59,2024-01-01 12:48:26,,4.2,,,112,79,0,16.66,0.0,0.5,0.0,0.0,1.0,20.66,,,passagers_invalides;
2,2024-01-25 07:29:00,2024-01-25 07:54:00,,9.17,,,141,138,0,37.67,0.0,0.5,4.37,6.94,1.0,52.98,,,passagers_invalides;
2,2024-01-17 08:39:46,2024-01-17 08:58:47,,3.3,,,74,140,0,19.74,0.0,0.5,0.0,0.0,1.0,23.74,,,passagers_invalides;
1,2024-01-26 20:25:45,2024-01-26 20:56:35,0.0,7.8,1.0,N,233,61,2,35.2,3.5,0.5,0.0,0.0,1.0,40.2,2.5,0.0,passagers_invalides;
1,2024-01-04 23:52:09,2024-01-05 00:24:03,0.0,18.3,2.0,N,132,148,1,70.0,4.25,0.5,15.15,0.0,1.0,90.9,2.5,1.75,passagers_invalides;
2,2024-01-28 00:50:28,2024-01-28 01:04:47,,2.59,,,113,162,0,18.07,0.0,0.5,0.0,0.0,1.0,22.07,,,passagers_invalides;
2,2024-01-18 18:11:05,2024-01-18 18:45:41,1.0,12.89,1.0,N,132,129,4,-52.0,-2.5,-0.5,0.0,0.0,-1.0,-57.75,0.0,-1.75,montant_invalide;
2,2024-01-23 20:16:05,2024-01-23 20:20:25,,0.89,,,79,107,0,6.83,0.0,0.5,0.0,0.0,1.0,10.83,,,passagers_invalides;
2,2024-01-01 12:25:36,2024-01-01 12:44:58,,7.81,,,36,223,0,30.92,0.0,0.5,0.0,0.0,1.0,32.42,,,passagers_invalides;
2,2024-01-13 02:02:13,2024-01-13 02:21:26,,4.04,,,158,163,0,17.89,0.0,0.5,0.0,0.0,1.0,21.89,,,passagers_invalides;
2,2024-01-30 12:47:00,2024-01-30 12:52:00,,0.33,,,236,237,0,11.74,0.0,0.5,3.15,0.0,1.0,18.89,,,passagers_invalides;
2,2024-01-18 09:29:53,2024-01-18 09:37:46,,0.91,,,48,230,0,11.74,0.0,0.5,2.0,0.0,1.0,17.74,,,passagers_invalides;
1,2024-01-10 20:07:01,2024-01-10 20:37:39,0.0,3.5,1.0,N,211,163,1,27.5,3.5,0.5,3.0,0.0,1.0,35.5,2.5,0.0,passagers_invalides;
2,2024-01-09 21:03:32,2024-01-09 21:14:35,,2.5,,,163,249,0,16.39,0.0,0.5,0.0,0.0,1.0,20.39,,,passagers_invalides;
1,2024-01-05 18:22:22,2024-01-05 18:30:40,0.0,1.5,1.0,N,229,236,2,10.0,5.0,0.5,0.0,0.0,1.0,16.5,2.5,0.0,passagers_invalides;
2,2024-01-21 16:39:41,2024-01-21 17:02:30,,4.93,,,13,85,0,31.47,0.0,0.5,5.09,6.94,1.0,47.5,,,passagers_invalides;
1,2024-01-10 18:17:05,2024-01-10 18:23:50,,0.9,,,163,140,0,7.9,2.5,0.5,2.16,0.0,1.0,16.56,,,passagers_invalides;
1,2024-01-09 08:51:08,2024-01-09 09:00:38,0.0,1.2,1.0,N,236,237,1,10.0,2.5,0.5,2.0,0.0,1.0,16.0,2.5,0.0,passagers_invalides;
2,2024-01-06 20:11:28,2024-01-06 20:20:38,,1.8,,,151,152,0,10.12,0.0,0.5,0.0,0.0,1.0,11.62,,,passagers_invalides;
1,2024-01-30 10:48:18,2024-01-30 11:24:49,,5.3,,,107,181,0,33.8,0.0,0.5,9.45,0.0,1.0,47.25,,,passagers_invalides;
1,2024-01-29 08:52:24,2024-01-29 09:04:59,,1.3,,,237,143,0,11.4,0.0,0.5,2.31,0.0,1.0,17.71,,,passagers_invalides;
2,2024-01-18 19:14:00,2024-01-18 19:36:00,,2.09,,,48,90,0,20.61,0.0,0.5,4.92,0.0,1.0,29.53,,,passagers_invalides;
2,2024-01-15 11:06:20,2024-01-15 11:09:27,2.0,0.27,2.0,N,68,68,2,0.0,0.0,0.5,0.0,0.0,1.0,4.0,2.5,0.0,montant_invalide;
2,2024-01-21 01:55:22,2024-01-21 02:13:48,,3.2,,,114,229,0,23.14,0.0,0.5,0.0,0.0,1.0,27.14,,,passagers_invalides;
1,2024-01-09 15:52:52,2024-01-09 16:05:59,0.0,1.3,1.0,N,237,233,2,12.8,2.5,0.5,0.0,0.0,1.0,16.8,2.5,0.0,passagers_invalides;
2,2024-01-02 15:03:36,2024-01-02 15:36:41,4.0,15.89,1.0,N,132,29,4,-62.5,0.0,-0.5,0.0,0.0,-1.0,-65.75,0.0,-1.75,montant_invalide;
2,2024-01-23 18:49:17,2024-01-23 19:02:56,,1.81,,,164,79,0,14.24,0.0,0.5,0.0,0.0,1.0,18.24,,,passagers_invalides;
2,2024-01-07 16:01:25,2024-01-07 16:01:31,1.0,0.0,5.0,N,138,138,1,60.0,5.0,0.0,13.2,0.0,1.0,80.95,0.0,1.75,distance_invalide;
2,2024-01-13 20:15:24,2024-01-13 20:35:52,2.0,2.83,1.0,N,234,142,4,-20.5,-1.0,-0.5,0.0,0.0,-1.0,-25.5,-2.5,0.0,montant_invalide;
2,2024-01-29 05:37:12,2024-01-29 05:41:59,,0.72,,,142,142,0,6.83,0.0,0.5,0.0,0.0,1.0,10.83,,,passagers_invalides;
1,2024-01-08 20:03:24,2024-01-08 20:12:30,,0.9,,,237,229,0,10.0,1.0,0.5,3.0,0.0,1.0,18.0,,,passagers_invalides;
2,2024-01-12 18:32:53,2024-01-12 18:58:14,,5.14,,,79,61,0,35.46,0.0,0.5,7.89,0.0,1.0,47.35,,,passagers_invalides;
1,2024-01-06 18:33:33,2024-01-06 18:45:38,0.0,2.2,1.0,N,151,141,2,13.5,5.0,0.5,0.0,0.0,1.0,20.0,2.5,0.0,passagers_invalides;
1,2024-01-01 12:13:11,2024-01-01 12:33:06,,0.0,,,237,186,0,19.61,0.0,0.5,0.0,0.0,1.0,23.61,,,distance_invalide;passagers_invalides;
2,2024-01-31 10:50:45,2024-01-31 11:11:43,,2.23,,,140,233,0,15.82,0.0,0.5,1.98,0.0,1.0,21.8,,,passagers_invalides;
1,2024-01-14 01:26:13,2024-01-14 01:36:57,,0.0,,,79,211,0,16.58,0.0,0.5,0.0,0.0,1.0,20.58,,,distance_invalide;passagers_invalides;
2,2024-01-04 23:08:56,2024-01-04 23:22:48,,2.58,,,231,137,0,17.85,0.0,0.5,0.0,0.0,1.0,21.85,,,passagers_invalides;
1,2024-01-14 00:13:49,2024-01-14 00:35:14,,0.0,,,79,142,0,30.89,0.0,0.5,0.0,0.0,1.0,34.89,,,distance_invalide;passagers_invalides;
1,2024-01-22 07:36:59,2024-01-22 07:59:03,,0.0,,,263,79,0,27.0,0.0,0.5,0.0,0.0,1.0,31.0,,,distance_invalide;passagers_invalides;
2,2024-01-25 22:23:28,2024-01-25 22:23:30,1.0,0.0,5.0,N,37,37,1,65.0,0.0,0.5,13.3,0.0,1.0,79.8,0.0,0.0,distance_invalide;
1,2024-01-27 01:51:15,2024-01-27 02:06:03,0.0,3.0,1.0,N,234,261,1,15.6,3.5,0.5,4.1,0.0,1.0,24.7,2.5,0.0,passagers_invalides;
1,2024-01-06 16:50:29,2024-01-06 17:04:39,,0.0,,,236,229,0,17.77,0.0,0.5,0.0,0.0,1.0,21.77,,,distance_invalide;passagers_invalides;
2,2024-01-28 14:53:47,2024-01-28 15:08:31,,1.59,,,158,79,0,6.92,0.0,0.5,0.0,0.0,1.0,10.92,,,passagers_invalides;
2,2024-01-16 22:30:59,2024-01-16 22:32:58,,0.3,,,90,234,0,9.08,0.0,0.5,0.0,0.0,1.0,13.08,,,passagers_invalides;
2,2024-01-19 23:43:10,2024-01-19 23:52:03,,2.28,,,48,239,0,15.85,0.0,0.5,2.98,0.0,1.0,22.83,,,passagers_invalides;
2,2024-01-01 15:46:41,2024-01-01 16:06:52,,3.35,,,144,246,0,18.72,0.0,0.5,0.0,0.0,1.0,22.72,,,passagers_invalides;
2,2024-01-03 02:49:24,2024-01-03 02:49:39,1.0,0.0,1.0,N,48,48,4,-3.0,-1.0,-0.5,0.0,0.0,-1.0,-8.0,-2.5,0.0,distance_invalide;montant_invalide;
2,2024-01-08 04:10:32,2024-01-08 04:11:01,,0.0,,,138,138,0,35.91,0.0,0.5,5.0,0.0,1.0,42.41,,,distance_invalide;passagers_invalides;
1,2024-01-27 21:20:06,2024-01-27 21:31:29,,0.0,,,237,262,0,15.16,0.0,0.5,0.0,0.0,1.0,19.16,,,distance_invalide;passagers_invalides;
2,2024-01-01 04:36:02,2024-01-01 04:39:18,,0.56,,,68,246,0,9.33,0.0,0.5,0.0,0.0,1.0,13.33,,,passagers_invalides;
2,2024-01-20 19:32:55,2024-01-20 19:50:03,,3.99,,,226,36,0,24.04,0.0,0.5,0.0,0.0,1.0,25.54,,,passagers_invalides;
1,2024-01-02 22:03:05,2024-01-02 22:03:05,2.0,0.0,1.0,Y,48,264,2,5.1,3.5,0.5,0.0,0.0,1.0,10.1,2.5,0.0,distance_invalide;
2,2024-01-29 19:24:00,2024-01-29 19:41:00,,3.81,,,166,43,0,23.6,0.0,0.5,5.52,0.0,1.0,33.12,,,passagers_invalides;
2,2024-01-06 16:12:17,2024-01-06 16:26:33,,2.48,,,107,148,0,18.65,0.0,0.5,0.0,0.0,1.0,22.65,,,passagers_invalides;
1,2024-01-26 21:48:40,2024-01-26 22:00:46,,2.0,,,239,263,0,12.1,1.0,0.5,1.71,0.0,1.0,18.81,,,passagers_invalides;
2,2024-01-14 19:49:15,2024-01-14 19:49:31,1.0,0.0,5.0,N,164,100,1,69.0,0.0,0.0,14.0,0.0,1.0,86.5,2.5,0.0,distance_invalide;
2,2024-01-19 07:55:00,2024-01-19 08:09:00,,6.58,,,247,138,0,34.57,0.0,0.5,3.0,6.94,1.0,46.01,,,passagers_invalides;
2,2024-01-22 23:56:35,2024-01-23 00:08:59,4.0,0.0,1.0,N,230,90,1,11.4,1.0,0.5,3.28,0.0,1.0,19.68,2.5,0.0,distance_invalide;
2,2024-01-12 23:42:16,2024-01-13 00:12:17,,5.89,,,45,142,0,3.94,0.0,0.5,0.0,0.0,1.0,7.94,,,passagers_invalides;
1,2024-01-20 10:49:03,2024-01-20 10:49:25,0.0,0.0,1.0,N,168,168,2,3.0,0.0,0.5,0.0,0.0,1.0,4.5,0.0,0.0,distance_invalide;passagers_invalides;
1,2024-01-06 14:38:28,2024-01-06 15:01:11,,3.8,,,263,234,0,24.07,0.0,0.5,0.0,0.0,1.0,28.07,,,passagers_invalides;
2,2024-01-05 12:44:48,2024-01-05 12:55:27,1.0,0.0,1.0,N,234,68,1,10.0,0.0,0.5,1.0,0.0,1.0,15.0,2.5,0.0,distance_invalide;
2,2024-01-06 16:19:55,2024-01-06 16:25:46,1.0,0.71,1.0,N,230,233,4,-7.2,0.0,-0.5,0.0,0.0,-1.0,-11.2,-2.5,0.0,montant_invalide;
1,2024-01-05 06:36:07,2024-01-05 06:42:35,0.0,1.1,1.0,N,142,239,1,8.6,2.5,0.5,3.1,0.0,1.0,15.7,2.5,0.0,passagers_invalides;
1,2024-01-06 11:33:29,2024-01-06 11:34:37,1.0,0.0,1.0,N,145,145,2,3.0,0.0,0.5,0.0,0.0,1.0,4.5,0.0,0.0,distance_invalide;
1,2024-01-19 13:30:55,2024-01-19 13:52:47,,4.6,,,263,4,0,21.52,0.0,0.5,0.0,0.0,1.0,25.52,,,passagers_invalides;
1,2024-01-12 23:45:17,2024-01-13 00:10:36,,0.0,,,234,42,0,40.48,0.0,0.5,0.0,0.0,1.0,44.48,,,distance_invalide;passagers_invalides;
1,2024-01-28 11:10:37,2024-01-28 11:13:34,,0.4,,,43,236,0,5.1,0.0,0.5,1.82,0.0,1.0,10.92,,,passagers_invalides;
2,2024-01-12 16:57:35,2024-01-12 17:23:52,,3.21,,,238,186,0,25.61,0.0,0.5,0.0,0.0,1.0,29.61,,,passagers_invalides;
1,2024-01-13 22:42:23,2024-01-13 23:02:04,0.0,3.5,1.0,N,161,145,1,21.2,3.5,0.5,6.55,0.0,1.0,32.75,2.5,0.0,passagers_invalides;
1,2024-01-14 19:30:51,2024-01-14 19:42:04,,3.1,,,234,236,0,14.9,0.0,0.5,2.83,0.0,1.0,21.73,,,passagers_invalides;
2,2024-01-17 08:46:14,2024-01-17 08:57:27,,1.43,,,239,50,0,18.87,0.0,0.5,0.0,0.0,1.0,22.87,,,passagers_invalides;
1,2024-01-17 19:07:28,2024-01-17 19:24:33,,0.0,,,143,236,0,18.62,0.0,0.5,0.0,0.0,1.0,22.62,,,distance_invalide;passagers_invalides;
2,2024-01-02 15:14:25,2024-01-02 15:28:04,,2.44,,,144,233,0,15.4,0.0,0.5,3.88,0.0,1.0,23.28,,,passagers_invalides;
2,2024-01-17 21:28:09,2024-01-17 21:56:16,,15.04,,,82,51,0,3.69,0.0,0.5,0.0,0.0,1.0,5.19,,,passagers_invalides;
2,2024-01-25 18:15:03,2024-01-25 18:21:42,1.0,1.0,1.0,N,170,234,4,-7.9,-2.5,-0.5,0.0,0.0,-1.0,-14.4,-2.5,0.0,montant_invalide;
2,2024-01-06 06:37:46,2024-01-06 06:48:50,,2.95,,,238,74,0,13.75,0.0,0.5,0.0,0.0,1.0,17.75,,,passagers_invalides;
2,2024-01-18 22:52:07,2024-01-18 22:56:58,1.0,0.0,1.0,N,238,75,2,5.8,1.0,0.5,0.0,0.0,1.0,8.3,0.0,0.0,distance_invalide;
1,2024-01-08 08:47:24,2024-01-08 08:47:32,1.0,0.0,1.0,N,145,145,2,3.0,0.0,0.5,0.0,0.0,1.0,4.5,0.0,0.0,distance_invalide;
2,2024-01-23 16:48:14,2024-01-23 18:18:08,,7.68,,,162,261,0,19.49,0.0,0.5,4.7,0.0,1.0,28.19,,,passagers_invalides;
2,2024-01-31 22:11:17,2024-01-31 22:20:03,1.0,1.05,1.0,N,107,90,4,-9.3,-1.0,-0.5,0.0,0.0,-1.0,-14.3,-2.5,0.0,montant_invalide;
2,2024-01-09 21:27:54,2024-01-09 21:39:56,,2.27,,,164,237,0,14.29,0.0,0.5,0.0,0.0,1.0,18.29,,,passagers_invalides;
1,2024-01-04 21:44:51,2024-01-04 21:53:29,0.0,2.0,1.0,N,125,87,1,11.4,3.5,0.5,3.0,0.0,1.0,19.4,2.5,0.0,passagers_invalides;
1,2024-01-25 10:21:03,2024-01-25 11:10:05,,0.0,,,89,79,0,66.0,0.0,0.5,10.5,0.0,1.0,82.5,,,distance_invalide;passagers_invalides;
2,2024-01-20 20:16:29,2024-01-20 20:37:19,,3.3,,,237,114,0,24.72,0.0,0.5,0.0,0.0,1.0,28.72,,,passagers_invalides;
2,2024-01-07 17:30:37,2024-01-07 17:31:11,2.0,0.0,1.0,N,97,65,3,3.0,0.0,0.5,0.0,0.0,1.0,4.5,0.0,0.0,distance_invalide;
1,2024-01-16 07:25:21,2024-01-16 08:44:29,0.0,18.3,2.0,N,132,49,1,70.0,1.75,0.5,21.95,0.0,1.0,95.2,0.0,1.75,passagers_invalides;
1,2024-01-15 14:33:20,2024-01-15 14:40:39,,1.0,,,90,246,0,10.16,0.0,0.5,0.0,0.0,1.0,14.16,,,passagers_invalides;
2,2024-01-28 09:11:36,2024-01-28 09:12:00,1.0,0.0,5.0,N,112,112,1,44.33,0.0,0.0,9.07,0.0,1.0,54.4,0.0,0.0,distance_invalide;
2,2024-01-21 15:57:21,2024-01-21 16:05:25,1.0,1.74,1.0,N,142,68,4,-10.0,0.0,-0.5,0.0,0.0,-1.0,-14.0,-2.5,0.0,montant_invalide;
1,2024-01-12 18:42:05,2024-01-12 19:39:50,0.0,14.1,1.0,N,132,25,2,65.3,4.25,0.5,0.0,0.0,1.0,71.05,0.0,1.75,passagers_invalides;
1,2024-01-07 18:08:55,2024-01-07 18:21:48,,1.3,,,234,100,0,11.36,0.0,0.5,0.0,0.0,1.0,15.36,,,passagers_invalides;
2,2024-01-14 23:06:15,2024-01-14 23:16:04,,1.83,,,239,48,0,9.65,0.0,0.5,0.0,0.0,1.0,13.65,,,passagers_invalides;
1,2024-01-19 14:41:32,2024-01-19 15:12:52,,1.8,,,234,48,0,17.26,0.0,0.5,0.0,0.0,1.0,21.26,,,passagers_invalides;
2,2024-01-08 12:10:48,2024-01-08 12:13:33,1.0,0.59,1.0,N,144,113,4,-5.1,0.0,-0.5,0.0,0.0,-1.0,-9.1,-2.5,0.0,montant_invalide;
2,2024-01-15 04:13:00,2024-01-15 04:14:00,,0.09,,,114,114,0,25.15,0.0,0.5,5.83,0.0,1.0,34.98,,,passagers_invalides;
1,2024-01-25 07:52:12,2024-01-25 08:00:47,,1.7,,,262,162,0,11.95,0.0,0.5,0.0,0.0,1.0,15.95,,,passagers_invalides;
2,2024-01-10 18:51:12,2024-01-10 18:51:21,1.0,0.0,1.0,N,239,238,4,3.0,2.5,0.5,0.0,0.0,1.0,9.5,2.5,0.0,distance_invalide;
2,2024-01-15 14:23:49,2024-01-15 14:30:36,,1.02,,,230,50,0,12.67,0.0,0.5,3.33,0.0,1.0,20.0,,,passagers_invalides;
2,2024-01-28 13:22:04,2024-01-28 13:35:13,,2.01,,,211,234,0,16.15,0.0,0.5,0.0,0.0,1.0,20.15,,,passagers_invalides;
1,2024-01-01 00:48:24,2024-01-01 01:01:36,,0.0,,,69,213,0,24.59,0.0,0.5,0.0,0.0,1.0,26.09,,,distance_invalide;passagers_invalides;
2,2024-01-09 17:52:09,2024-01-09 18:06:14,,2.33,,,161,113,0,21.13,0.0,0.5,0.0,0.0,1.0,25.13,,,passagers_invalides;
2,2024-01-30 18:07:31,2024-01-30 18:07:57,2.0,0.02,1.0,N,186,186,2,-3.0,-2.5,-0.5,0.0,0.0,-1.0,-9.5,-2.5,0.0,montant_invalide;
2,2024-01-06 19:21:34,2024-01-06 19:31:39,,1.83,,,233,237,0,14.32,0.0,0.5,0.0,0.0,1.0,18.32,,,passagers_invalides;
2,2024-01-24 20:21:57,2024-01-24 20:40:56,,3.08,,,162,79,0,19.45,0.0,0.5,0.0,0.0,1.0,23.45,,,passagers_invalides;
2,2024-01-06 18:11:45,2024-01-06 18:24:24,,1.77,,,229,236,0,15.51,0.0,0.5,3.9,0.0,1.0,23.41,,,passagers_invalides;
1,2024-01-28 03:34:38,2024-01-28 03:45:38,,0.0,,,148,107,0,17.29,0.0,0.5,0.0,0.0,1.0,21.29,,,distance_invalide;passagers_invalides;
2,2024-01-27 22:25:25,2024-01-27 22:36:09,,1.98,,,249,246,0,13.45,0.0,0.5,0.0,0.0,1.0,17.45,,,passagers_invalides;
1,2024-01-02 17:09:00,2024-01-02 17:15:07,,1.6,,,142,238,0,11.36,0.0,0.5,0.0,0.0,1.0,15.36,,,passagers_invalides;
2,2024-01-20 20:24:44,2024-01-20 20:36:19,,2.07,,,66,231,0,15.15,0.0,0.5,0.0,0.0,1.0,19.15,,,passagers_invalides;
2,2024-01-01 05:51:38,2024-01-01 06:06:13,,3.68,,,249,142,0,18.28,0.0,0.5,0.0,0.0,1.0,22.28,,,passagers_invalides;
2,2024-01-14 23:32:38,2024-01-14 23:53:49,,4.93,,,49,246,0,24.96,0.0,0.5,0.0,0.0,1.0,28.96,,,passagers_invalides;
2,2024-01-14 02:22:48,2024-01-14 02:39:12,,7.54,,,244,246,0,36.27,0.0,0.5,8.05,0.0,1.0,48.32,,,passagers_invalides;
2,2024-01-21 14:44:04,2024-01-21 14:55:06,,2.05,,,142,236,0,12.27,0.0,0.5,0.0,0.0,1.0,16.27,,,passagers_invalides;
2,2024-01-09 12:03:46,2024-01-09 12:23:18,,7.07,,,226,138,0,26.11,0.0,0.5,5.52,0.0,1.0,33.13,,,passagers_invalides;
2,2024-01-04 14:53:30,2024-01-04 15:18:34,1.0,0.0,1.0,N,158,161,2,20.5,0.0,0.5,0.0,0.0,1.0,24.5,2.5,0.0,distance_invalide;
2,2024-01-18 12:00:44,2024-01-18 12:01:11,1.0,0.0,1.0,N,70,70,3,3.0,0.0,0.5,0.0,0.0,1.0,4.5,0.0,0.0,distance_invalide;
1,2024-01-09 15:06:34,2024-01-09 15:22:28,,1.4,,,237,143,0,13.5,0.0,0.5,2.62,0.0,1.0,20.12,,,passagers_invalides;
1,2024-01-06 17:47:37,2024-01-06 18:01:34,,1.7,,,246,234,0,16.23,0.0,0.5,0.0,0.0,1.0,20.23,,,passagers_invalides;
2,2024-01-27 17:09:10,2024-01-27 17:13:45,1.0,0.51,1.0,N,161,163,4,-5.8,0.0,-0.5,0.0,0.0,-1.0,-9.8,-2.5,0.0,montant_invalide;
1,2024-01-18 19:00:25,2024-01-18 19:07:45,1.0,0.0,1.0,N,163,143,1,7.9,5.0,0.5,2.85,0.0,1.0,17.25,2.5,0.0,distance_invalide;
2,2024-01-25 18:39:16,2024-01-25 19:02:34,1.0,2.94,1.0,N,263,48,2,-21.2,-2.5,-0.5,0.0,0.0,-1.0,-27.7,-2.5,0.0,montant_invalide;
2,2024-01-19 09:00:13,2024-01-19 09:38:46,,16.11,,,230,132,0,67.9,0.0,0.5,1.0,6.94,1.0,79.84,,,passagers_invalides;
2,2024-01-13 12:04:39,2024-01-13 12:14:36,1.0,1.51,1.0,N,48,50,4,-11.4,0.0,-0.5,0.0,0.0,-1.0,-15.4,-2.5,0.0,montant_invalide;
2,2024-01-27 01:45:58,2024-01-27 02:05:12,,3.56,,,158,229,0,23.76,0.0,0.5,0.0,0.0,1.0,27.76,,,passagers_invalides;
1,2024-01-18 09:45:34,2024-01-18 10:00:50,,0.0,,,236,68,0,31.08,0.0,0.5,0.0,0.0,1.0,35.08,,,distance_invalide;passagers_invalides;
2,2024-01-04 10:53:11,2024-01-04 11:04:05,,1.51,,,237,236,0,14.78,0.0,0.5,0.0,0.0,1.0,18.78,,,passagers_invalides;
2,2024-01-20 23:31:59,2024-01-20 23:32:19,1.0,0.05,1.0,N,163,163,4,-3.0,-1.0,-0.5,0.0,0.0,-1.0,-8.0,-2.5,0.0,montant_invalide;
2,2024-01-19 23:39:33,2024-01-19 23:40:33,1.0,0.0,1.0,N,129,129,3,3.0,1.0,0.5,0.0,0.0,1.0,5.5,0.0,0.0,distance_invalide;
2,2024-01-01 04:05:40,2024-01-01 04:12:15,,1.22,,,42,41,0,33.13,0.0,0.5,0.0,0.0,1.0,34.63,,,passagers_invalides;
2,2024-01-28 02:54:09,2024-01-28 03:05:46,1.0,2.18,1.0,N,148,137,4,-13.5,-1.0,-0.5,0.0,0.0,-1.0,-18.5,-2.5,0.0,montant_invalide;
2,2024-01-03 12:09:14,2024-01-03 12:09:58,2.0,0.02,1.0,N,48,48,3,-3.0,0.0,-0.5,0.0,0.0,-1.0,-7.0,-2.5,0.0,montant_invalide;
2,2024-01-08 20:48:00,2024-01-08 20:54:00,,0.85,,,24,166,0,11.74,0.0,0.5,2.65,0.0,1.0,15.89,,,passagers_invalides;
1,2024-01-16 18:25:28,2024-01-16 18:44:35,0.0,2.2,1.0,N,50,234,3,17.7,5.0,0.5,0.0,0.0,1.0,24.2,2.5,0.0,passagers_invalides;
1,2024-01-13 15:39:09,2024-01-13 16:01:01,0.0,4.4,1.0,N,234,239,1,25.4,2.5,0.5,1.0,0.0,1.0,30.4,2.5,0.0,passagers_invalides;
1,2024-01-12 14:08:52,2024-01-12 14:09:56,1.0,0.0,1.0,N,145,145,2,3.7,0.0,0.5,0.0,0.0,1.0,5.2,0.0,0.0,distance_invalide;
1,2024-01-01 04:44:18,2024-01-01 04:55:14,,0.0,,,48,151,0,16.74,0.0,0.5,0.0,0.0,1.0,20.74,,,distance_invalide;passagers_invalides;
1,2024-01-18 08:03:04,2024-01-18 08:19:34,,0.0,,,191,175,0,23.32,0.0,0.5,0.0,0.0,1.0,24.82,,,distance_invalide;passagers_invalides;
2,2024-01-13 19:10:35,2024-01-13 19:26:21,,2.45,,,236,230,0,21.34,0.0,0.5,0.0,0.0,1.0,25.34,,,passagers_invalides;
2,2024-01-07 13:41:02,2024-01-07 13:41:58,1.0,0.0,1.0,N,12,88,2,3.0,0.0,0.5,0.0,0.0,1.0,7.0,2.5,0.0,distance_invalide;
2,2024-01-30 20:23:10,2024-01-30 20:36:23,,2.54,,,43,75,0,19.55,0.0,0.5,0.0,0.0,1.0,23.55,,,passagers_invalides;
1,2024-01-05 13:22:58,2024-01-05 14:13:27,0.0,13.5,1.0,N,132,106,1,63.9,1.75,0.5,13.4,0.0,1.0,80.55,0.0,1.75,passagers_invalides;
1,2024-01-28 14:46:21,2024-01-28 14:49:45,0.0,0.7,1.0,N,236,239,1,5.8,2.5,0.5,3.5,0.0,1.0,13.3,2.5,0.0,passagers_invalides;
2,2024-01-31 16:49:27,2024-01-31 16:58:29,1.0,1.03,1.0,N,263,75,2,-9.3,-2.5,-0.5,0.0,0.0,-1.0,-15.8,-2.5,0.0,montant_invalide;
2,2024-01-12 15:46:21,2024-01-12 15:46:28,3.0,0.0,1.0,N,249,249,2,-3.0,0.0,-0.5,0.0,0.0,-1.0,-7.0,-2.5,0.0,distance_invalide;montant_invalide;
1,2024-01-09 18:36:20,2024-01-09 18:41:49,,0.0,,,263,262,0,6.83,0.0,0.5,0.0,0.0,1.0,10.83,,,distance_invalide;passagers_invalides;
2,2024-01-27 08:56:59,2024-01-27 09:03:38,,1.88,,,236,163,0,11.58,0.0,0.5,2.34,0.0,1.0,17.92,,,passagers_invalides;
1,2024-01-24 23:08:10,2024-01-24 23:23:48,0.0,2.3,1.0,N,234,4,1,16.3,3.5,0.5,5.3,0.0,1.0,26.6,2.5,0.0,passagers_invalides;
2,2024-01-13 01:46:07,2024-01-13 01:58:26,,2.19,,,144,90,0,18.61,0.0,0.5,0.0,0.0,1.0,22.61,,,passagers_invalides;
1,2024-01-20 13:41:39,2024-01-20 14:12:55,,0.0,,,166,114,0,34.86,0.0,0.5,0.0,0.0,1.0,38.86,,,distance_invalide;passagers_invalides;
2,2024-01-24 19:12:40,2024-01-24 19:28:49,1.0,4.06,1.0,N,231,48,4,-21.2,-2.5,-0.5,0.0,0.0,-1.0,-27.7,-2.5,0.0,montant_invalide;
2,2024-01-04 07:31:33,2024-01-04 07:36:17,,0.77,,,41,151,0,6.83,0.0,0.5,0.0,0.0,1.0,8.33,,,passagers_invalides;
2,2024-01-02 18:32:25,2024-01-02 18:43:21,2.0,1.1,1.0,N,246,164,2,-10.7,-2.5,-0.5,0.0,0.0,-1.0,-17.2,-2.5,0.0,montant_invalide;
1,2024-01-16 18:03:22,2024-01-16 18:09:07,,1.1,,,75,236,0,7.9,2.5,0.5,2.16,0.0,1.0,16.56,,,passagers_invalides;
2,2024-01-15 18:41:37,2024-01-15 18:47:30,,1.04,,,239,238,0,10.33,0.0,0.5,0.0,0.0,1.0,14.33,,,passagers_invalides;
1,2024-01-04 19:12:12,2024-01-04 19:27:51,,2.3,,,41,262,0,13.13,0.0,0.5,0.0,0.0,1.0,17.13,,,passagers_invalides;
1,2024-01-25 22:00:13,2024-01-25 22:17:35,,3.7,,,107,236,0,21.2,1.0,0.5,5.24,0.0,1.0,31.44,,,passagers_invalides;
1,2024-01-15 16:30:54,2024-01-15 16:42:40,0.0,1.6,1.0,N,43,161,1,12.1,2.5,0.5,3.2,0.0,1.0,19.3,2.5,0.0,passagers_invalides;
2,2024-01-18 16:06:28,2024-01-18 16:06:40,1.0,0.0,5.0,N,138,138,2,66.0,5.0,0.0,0.0,0.0,1.0,73.75,0.0,1.75,distance_invalide;
1,2024-01-26 08:38:49,2024-01-26 08:42:53,0.0,0.7,1.0,N,186,68,2,5.8,2.5,0.5,0.0,0.0,1.0,9.8,2.5,0.0,passagers_invalides;
1,2024-01-31 14:04:42,2024-01-31 14:04:50,1.0,0.0,3.0,N,126,126,4,23.0,0.0,0.0,0.0,0.0,1.0,24.0,0.0,0.0,distance_invalide;
2,2024-01-27 18:48:12,2024-01-27 19:00:46,2.0,2.68,1.0,N,162,7,4,-14.9,0.0,-0.5,0.0,0.0,-1.0,-18.9,-2.5,0.0,montant_invalide;
1,2024-01-30 12:34:23,2024-01-30 12:47:31,,1.3,,,229,137,0,12.8,0.0,0.5,3.36,0.0,1.0,20.16,,,passagers_invalides;
2,2024-01-28 01:29:53,2024-01-28 01:44:18,,1.92,,,234,148,0,16.79,0.0,0.5,0.0,0.0,1.0,20.79,,,passagers_invalides;
2,2024-01-29 09:36:02,2024-01-29 09:36:08,2.0,0.0,5.0,N,263,263,1,84.5,0.0,0.0,10.0,0.0,1.0,98.0,2.5,0.0,distance_invalide;
2,2024-01-13 01:48:54,2024-01-13 01:59:06,2.0,4.28,1.0,N,148,13,4,-19.1,-1.0,-0.5,0.0,0.0,-1.0,-24.1,-2.5,0.0,montant_invalide;
2,2024-01-04 07:49:28,2024-01-04 08:41:11,,14.91,,,248,88,0,51.53,0.0,0.5,0.0,6.94,1.0,62.47,,,passagers_invalides;
2,2024-01-20 00:28:28,2024-01-20 00:36:27,,1.04,,,114,79,0,7.83,0.0,0.5,0.0,0.0,1.0,11.83,,,passagers_invalides;
2,2024-01-05 09:02:02,2024-01-05 09:12:51,,1.48,,,143,163,0,11.74,0.0,0.5,1.57,0.0,1.0,17.31,,,passagers_invalides;
2,2024-01-25 12:53:00,2024-01-25 13:13:00,,4.07,,,141,246,0,28.4,0.0,0.5,3.0,0.0,1.0,35.4,,,passagers_invalides;
2,2024-01-24 22:48:59,2024-01-24 23:08:30,,6.21,,,230,87,0,25.34,0.0,0.5,0.0,0.0,1.0,29.34,,,passagers_invalides;
2,2024-01-28 01:03:00,2024-01-28 01:08:23,,0.91,,,107,224,0,6.83,0.0,0.5,0.0,0.0,1.0,10.83,,,passagers_invalides;
1,2024-01-29 19:59:29,2024-01-29 20:10:19,,1.7,,,43,236,0,12.1,2.5,0.5,3.72,0.0,1.0,22.32,,,passagers_invalides;
2,2024-01-13 11:42:22,2024-01-13 11:42:33,1.0,0.0,1.0,N,193,193,3,3.0,0.0,0.5,0.0,0.0,1.0,4.5,0.0,0.0,distance_invalide;
2,2024-01-17 08:53:41,2024-01-17 09:07:09,,2.03,,,238,237,0,28.05,0.0,0.5,0.0,0.0,1.0,32.05,,,passagers_invalides;
2,2024-01-22 08:43:48,2024-01-22 08:44:54,1.0,0.16,1.0,N,228,228,2,-3.7,0.0,-0.5,0.0,0.0,-1.0,-5.2,0.0,0.0,montant_invalide;
1,2024-01-05 15:11:29,2024-01-05 15:27:01,,0.0,,,41,238,0,14.24,0.0,0.5,0.0,0.0,1.0,18.24,,,distance_invalide;passagers_invalides;
1,2024-01-10 18:25:05,2024-01-10 18:34:06,1.0,4.1,5.0,N,216,132,4,0.0,0.0,0.0,0.0,0.0,1.0,1.0,0.0,0.0,montant_invalide;
1,2024-01-02 22:21:57,2024-01-02 22:44:13,,4.1,,,142,224,0,21.9,1.0,0.5,4.03,0.0,1.0,30.93,,,passagers_invalides;
2,2024-01-31 09:51:10,2024-01-31 10:22:22,,3.32,,,181,231,0,26.24,0.0,0.5,6.05,0.0,1.0,36.29,,,passagers_invalides;
2,2024-01-01 01:07:36,2024-01-01 01:31:17,,6.85,,,239,232,0,32.55,0.0,0.5,8.0,0.0,1.0,44.55,,,passagers_invalides;
2,2024-01-09 18:49:22,2024-01-09 19:16:11,,3.57,,,263,100,0,27.53,0.0,0.5,0.0,0.0,1.0,31.53,,,passagers_invalides;
1,2024-01-12 17:33:28,2024-01-12 17:40:15,,0.0,,,75,141,0,14.68,0.0,0.5,0.0,0.0,1.0,18.68,,,distance_invalide;passagers_invalides;
1,2024-01-17 18:26:15,2024-01-17 18:34:34,,0.0,,,261,87,0,12.87,0.0,0.5,0.0,0.0,1.0,16.87,,,distance_invalide;passagers_invalides;
1,2024-01-28 00:03:46,2024-01-28 00:12:18,,0.0,,,79,90,0,18.57,0.0,0.5,0.0,0.0,1.0,22.57,,,distance_invalide;passagers_invalides;
1,2024-01-07 15:19:23,2024-01-07 15:41:43,,0.0,,,141,48,0,19.97,0.0,0.5,0.0,0.0,1.0,23.97,,,distance_invalide;passagers_invalides;
2,2024-01-05 16:18:57,2024-01-05 16:48:07,1.0,2.71,1.0,N,163,162,4,-20.5,-2.5,-0.5,0.0,0.0,-1.0,-27.0,-2.5,0.0,montant_invalide;
2,2024-01-27 23:27:26,2024-01-27 23:34:47,1.0,0.76,1.0,N,79,114,4,-8.6,-1.0,-0.5,0.0,0.0,-1.0,-13.6,-2.5,0.0,montant_invalide;
2,2024-01-17 21:26:11,2024-01-17 21:33:34,,1.25,,,161,142,0,11.29,0.0,0.5,0.0,0.0,1.0,15.29,,,passagers_invalides;
2,2024-01-03 04:26:00,2024-01-03 04:44:00,,4.0,,,116,75,0,19.54,0.0,0.5,4.21,0.0,1.0,25.25,,,passagers_invalides;
2,2024-01-31 11:42:13,2024-01-31 11:50:48,1.0,0.72,1.0,N,162,237,4,-9.3,0.0,-0.5,0.0,0.0,-1.0,-13.3,-2.5,0.0,montant_invalide;
2,2024-01-19 23:12:01,2024-01-19 23:33:04,1.0,5.95,1.0,N,132,205,3,-28.2,-1.0,-0.5,0.0,0.0,-1.0,-32.45,0.0,-1.75,montant_invalide;
2,2024-01-05 08:20:46,2024-01-05 08:31:19,1.0,1.09,1.0,N,142,237,4,-11.4,0.0,-0.5,0.0,0.0,-1.0,-15.4,-2.5,0.0,montant_invalide;
1,2024-01-03 12:55:01,2024-01-03 12:55:47,1.0,0.0,1.0,N,168,168,2,3.0,0.0,0.5,0.0,0.0,1.0,4.5,0.0,0.0,distance_invalide;
2,2024-01-19 09:49:15,2024-01-19 09:49:35,1.0,0.0,1.0,N,132,132,2,3.0,0.0,0.5,0.0,0.0,1.0,4.5,0.0,0.0,distance_invalide;
2,2024-01-14 23:20:42,2024-01-14 23:30:14,,2.28,,,79,233,0,13.0,0.0,0.5,0.0,0.0,1.0,17.0,,,passagers_invalides;
2,2024-01-06 23:27:08,2024-01-06 23:38:00,,4.97,,,212,74,0,19.48,0.0,0.5,0.0,0.0,1.0,20.98,,,passagers_invalides;
2,2024-01-09 21:28:19,2024-01-09 21:42:31,,3.81,,,229,41,0,20.95,0.0,0.5,4.99,0.0,1.0,29.94,,,passagers_invalides;
2,2024-01-18 20:09:23,2024-01-18 20:25:28,3.0,1.84,1.0,N,162,140,4,-14.9,-1.0,-0.5,0.0,0.0,-1.0,-19.9,-2.5,0.0,montant_invalide;
1,2024-01-17 18:17:47,2024-01-17 18:24:34,,0.0,,,244,244,0,6.83,0.0,0.5,0.0,0.0,1.0,8.33,,,distance_invalide;passagers_invalides;
1,2024-01-24 16:50:25,2024-01-24 16:56:48,0.0,0.7,1.0,N,234,113,1,7.2,5.0,0.5,1.37,0.0,1.0,15.07,2.5,0.0,passagers_invalides;
1,2024-01-09 07:59:08,2024-01-09 08:13:28,0.0,1.8,1.0,N,234,230,2,12.8,2.5,0.5,0.0,0.0,1.0,16.8,2.5,0.0,passagers_invalides;
1,2024-01-22 17:52:34,2024-01-22 18:16:43,,0.0,,,163,79,0,21.49,0.0,0.5,0.0,0.0,1.0,25.49,,,distance_invalide;passagers_invalides;
1,2024-01-26 17:10:18,2024-01-26 17:10:32,0.0,0.0,1.0,N,145,145,2,3.0,2.5,0.5,0.0,0.0,1.0,7.0,0.0,0.0,distance_invalide;passagers_invalides;
2,2024-01-18 21:08:42,2024-01-18 21:08:45,2.0,0.0,5.0,N,142,142,1,83.0,0.0,0.0,15.0,0.0,1.0,101.5,2.5,0.0,distance_invalide;
2,2024-01-18 16:00:00,2024-01-18 16:01:56,1.0,0.41,1.0,N,209,209,4,-4.4,0.0,-0.5,0.0,0.0,-1.0,-8.4,-2.5,0.0,montant_invalide;
1,2024-01-05 08:06:48,2024-01-05 08:18:12,,1.6,,,229,170,0,10.16,0.0,0.5,0.0,0.0,1.0,11.66,,,passagers_invalides;
1,2024-01-25 17:02:11,2024-01-25 17:21:58,,5.0,,,138,95,0,23.3,9.25,0.5,8.51,0.0,1.0,42.56,,,passagers_invalides;
1,2024-01-18 22:59:05,2024-01-18 23:06:41,0.0,1.1,1.0,N,113,186,1,9.3,3.5,0.5,1.0,0.0,1.0,15.3,2.5,0.0,passagers_invalides;
2,2024-01-16 18:39:27,2024-01-16 18:39:40,1.0,0.0,1.0,N,113,113,4,3.0,2.5,0.5,0.0,0.0,1.0,9.5,2.5,0.0,distance_invalide;
2,2024-01-28 21:27:28,2024-01-28 21:27:33,4.0,0.0,5.0,N,162,162,1,83.0,0.0,0.0,15.0,0.0,1.0,101.5,2.5,0.0,distance_invalide;
2,2024-01-01 06:51:21,2024-01-01 07:02:35,,2.41,,,113,48,0,15.11,0.0,0.5,0.0,0.0,1.0,19.11,,,passagers_invalides;
2,2024-01-28 01:23:05,2024-01-28 01:41:14,,5.49,,,144,239,0,30.28,0.0,0.5,0.0,0.0,1.0,34.28,,,passagers_invalides;
2,2024-01-11 12:33:55,2024-01-11 12:59:26,,3.29,,,140,164,0,20.85,0.0,0.5,1.0,0.0,1.0,25.85,,,passagers_invalides;
1,2024-01-01 12:45:46,2024-01-01 13:02:06,,0.0,,,141,113,0,19.13,0.0,0.5,0.0,0.0,1.0,23.13,,,distance_invalide;passagers_invalides;
1,2024-01-17 08:59:11,2024-01-17 09:19:48,,4.3,,,246,75,0,30.66,0.0,0.5,0.0,0.0,1.0,34.66,,,passagers_invalides;
2,2024-01-27 22:49:00,2024-01-27 22:56:00,,1.11,,,186,161,0,14.22,0.0,0.5,2.73,0.0,1.0,20.95,,,passagers_invalides;
2,2024-01-01 10:06:37,2024-01-01 10:14:14,1.0,1.88,1.0,N,186,43,4,-10.7,0.0,-0.5,0.0,0.0,-1.0,-14.7,-2.5,0.0,montant_invalide;
2,2024-01-25 11:53:50,2024-01-25 12:25:23,,8.32,,,34,237,0,36.33,0.0,0.5,0.0,0.0,1.0,40.33,,,passagers_invalides;
2,2024-01-09 16:03:49,2024-01-09 16:07:57,1.0,0.54,1.0,N,262,140,3,-5.8,-2.5,-0.5,0.0,0.0,-1.0,-12.3,-2.5,0.0,montant_invalide;
2,2024-01-09 22:08:15,2024-01-09 22:13:28,,1.22,,,263,140,0,6.94,0.0,0.5,0.0,0.0,1.0,10.94,,,passagers_invalides;
2,2024-01-14 23:12:00,2024-01-14 23:24:00,,3.25,,,113,140,0,19.61,0.0,0.5,4.72,0.0,1.0,28.33,,,passagers_invalides;
2,2024-01-13 00:26:00,2024-01-13 00:36:00,,1.3,,,113,249,0,13.82,0.0,0.5,3.56,0.0,1.0,21.38,,,passagers_invalides;
2,2024-01-01 15:51:57,2024-01-01 16:03:50,,1.79,,,79,158,0,11.91,0.0,0.5,0.0,0.0,1.0,15.91,,,passagers_invalides;
2,2024-01-26 10:27:42,2024-01-26 10:28:01,2.0,0.0,5.0,N,195,195,2,43.8,0.0,0.0,0.0,0.0,1.0,47.3,2.5,0.0,distance_invalide;
2,2024-01-15 12:38:05,2024-01-15 12:38:14,1.0,0.0,1.0,N,193,193,3,-3.0,0.0,-0.5,0.0,0.0,-1.0,-4.5,0.0,0.0,distance_invalide;montant_invalide;
1,2024-01-27 00:24:03,2024-01-27 00:29:16,0.0,0.9,1.0,N,161,186,1,7.9,3.5,0.5,3.85,0.0,1.0,16.75,2.5,0.0,passagers_invalides;
2,2024-01-22 12:24:59,2024-01-22 12:28:49,1.0,0.44,1.0,N,249,249,3,-5.8,0.0,-0.5,0.0,0.0,-1.0,-9.8,-2.5,0.0,montant_invalide;
1,2024-01-04 13:02:29,2024-01-04 13:20:57,,0.0,,,229,144,0,25.21,0.0,0.5,0.0,0.0,1.0,29.21,,,distance_invalide;passagers_invalides;
1,2024-01-30 10:09:09,2024-01-30 10:15:56,0.0,0.9,1.0,N,246,246,1,7.9,2.5,0.5,2.35,0.0,1.0,14.25,2.5,0.0,passagers_invalides;
2,2024-01-11 01:44:07,2024-01-11 02:11:37,,13.47,,,125,200,0,46.19,0.0,0.5,10.67,3.18,1.0,64.04,,,passagers_invalides;
2,2024-01-15 17:13:28,2024-01-15 17:21:37,,2.62,,,262,224,0,15.44,0.0,0.5,3.89,0.0,1.0,23.33,,,passagers_invalides;
1,2024-01-09 21:43:10,2024-01-09 21:53:11,,0.0,,,233,186,0,10.23,0.0,0.5,0.0,0.0,1.0,14.23,,,distance_invalide;passagers_invalides;
1,2024-01-26 22:31:38,2024-01-26 22:49:40,,0.0,,,262,230,0,20.19,0.0,0.5,0.0,0.0,1.0,24.19,,,distance_invalide;passagers_invalides;
2,2024-01-31 18:20:48,2024-01-31 18:31:32,,1.92,,,95,121,0,8.51,0.0,0.5,0.0,0.0,1.0,10.01,,,passagers_invalides;
1,2024-01-30 07:03:39,2024-01-30 07:13:02,0.0,0.9,1.0,N,48,230,1,10.0,2.5,0.5,2.8,0.0,1.0,16.8,2.5,0.0,passagers_invalides;
1,2024-01-26 18:10:02,2024-01-26 18:16:21,,1.2,,,230,43,0,8.6,2.5,0.5,2.26,0.0,1.0,17.36,,,passagers_invalides;
1,2024-01-20 23:09:13,2024-01-20 23:42:23,,0.0,,,161,211,0,30.78,0.0,0.5,0.0,0.0,1.0,34.78,,,distance_invalide;passagers_invalides;
2,2024-01-28 06:32:19,2024-01-28 06:35:59,1.0,0.6,1.0,N,263,236,2,-5.8,0.0,-0.5,0.0,0.0,-1.0,-9.8,-2.5,0.0,montant_invalide;
2,2024-01-23 19:34:55,2024-01-23 19:51:05,2.0,2.7,1.0,N,161,239,3,-17.0,-2.5,-0.5,0.0,0.0,-1.0,-23.5,-2.5,0.0,montant_invalide;
1,2024-01-12 16:45:03,2024-01-12 16:45:28,1.0,0.0,1.0,N,158,158,3,3.0,5.0,0.5,0.0,0.0,1.0,9.5,2.5,0.0,distance_invalide;
2,2024-01-18 20:22:34,2024-01-18 20:28:35,1.0,1.03,1.0,N,161,164,2,-7.9,-1.0,-0.5,0.0,0.0,-1.0,-12.9,-2.5,0.0,montant_invalide;
2,2024-01-25 08:19:37,2024-01-25 08:44:04,,5.97,,,88,162,0,30.21,0.0,0.5,0.0,0.0,1.0,34.21,,,passagers_invalides;
1,2024-01-18 10:32:18,2024-01-18 10:50:45,1.0,0.0,1.0,N,155,177,1,22.0,0.0,0.5,0.0,0.0,1.0,23.5,0.0,0.0,distance_invalide;
2,2024-01-15 14:57:53,2024-01-15 15:13:36,,2.1,,,246,50,0,18.07,0.0,0.5,0.0,0.0,1.0,22.07,,,passagers_invalides;
2,2024-01-20 23:29:56,2024-01-20 23:47:32,,3.33,,,68,237,0,20.03,0.0,0.5,0.0,0.0,1.0,24.03,,,passagers_invalides;
2,2024-01-11 09:47:17,2024-01-11 09:59:38,1.0,1.55,1.0,N,163,164,4,-12.8,0.0,-0.5,0.0,0.0,-1.0,-16.8,-2.5,0.0,montant_invalide;
2,2024-01-04 17:15:18,2024-01-04 17:15:30,1.0,0.0,1.0,N,193,193,3,3.0,2.5,0.5,0.0,0.0,1.0,7.0,0.0,0.0,distance_invalide;
2,2024-01-11 16:16:55,2024-01-11 17:06:57,1.0,0.0,1.0,N,68,255,1,37.3,2.5,0.5,13.14,0.0,1.0,56.94,2.5,0.0,distance_invalide;
2,2024-01-08 13:28:08,2024-01-08 13:43:11,,2.35,,,211,137,0,17.39,0.0,0.5,2.14,0.0,1.0,23.53,,,passagers_invalides;
2,2024-01-03 14:05:11,2024-01-03 14:24:22,1.0,5.86,1.0,N,12,186,4,-27.5,0.0,-0.5,0.0,0.0,-1.0,-31.5,-2.5,0.0,montant_invalide;
1,2024-01-05 08:30:58,2024-01-05 08:58:10,1.0,0.0,1.0,N,100,42,1,28.5,0.0,0.5,0.0,0.0,1.0,30.0,0.0,0.0,distance_invalide;
2,2024-01-30 16:30:51,2024-01-30 16:30:56,1.0,0.03,1.0,N,219,219,3,-3.0,-2.5,-0.5,0.0,0.0,-1.0,-7.0,0.0,0.0,montant_invalide;
2,2024-01-12 04:42:20,2024-01-12 04:54:53,,8.11,,,262,138,0,31.63,0.0,0.5,8.51,6.94,1.0,51.08,,,passagers_invalides;
2,2024-01-16 07:59:00,2024-01-16 08:46:00,,5.98,,,33,230,0,45.9,0.0,0.5,5.99,0.0,1.0,55.89,,,passagers_invalides;
2,2024-01-22 18:59:15,2024-01-22 19:10:46,1.0,2.09,1.0,N,186,211,4,-12.8,-2.5,-0.5,0.0,0.0,-1.0,-19.3,-2.5,0.0,montant_invalide;
2,2024-01-24 22:41:40,2024-01-24 22:55:33,,3.36,,,230,24,0,21.35,0.0,0.5,0.0,0.0,1.0,25.35,,,passagers_invalides;
2,2024-01-20 23:42:12,2024-01-21 00:04:17,,5.77,,,148,262,0,27.06,0.0,0.5,0.0,0.0,1.0,31.06,,,passagers_invalides;
1,2024-01-06 00:34:00,2024-01-06 00:45:42,,0.0,,,148,170,0,16.36,0.0,0.5,0.0,0.0,1.0,20.36,,,distance_invalide;passagers_invalides;
2,2024-01-07 16:51:53,2024-01-07 17:02:47,4.0,1.61,1.0,N,161,68,4,-11.4,0.0,-0.5,0.0,0.0,-1.0,-15.4,-2.5,0.0,montant_invalide;
1,2024-01-01 03:57:01,2024-01-01 04:10:18,,0.0,,,114,237,0,48.46,0.0,0.5,0.0,0.0,1.0,52.46,,,distance_invalide;passagers_invalides;
2,2024-01-01 02:15:32,2024-01-01 02:15:51,2.0,0.0,1.0,N,68,68,2,3.0,1.0,0.5,0.0,0.0,1.0,8.0,2.5,0.0,distance_invalide;
2,2024-01-20 19:25:15,2024-01-20 19:52:30,,4.23,,,238,107,0,32.37,0.0,0.5,0.0,0.0,1.0,36.37,,,passagers_invalides;
1,2024-01-02 14:05:49,2024-01-02 14:10:31,,0.4,,,264,264,0,5.8,0.0,0.5,1.96,0.0,1.0,11.76,,,passagers_invalides;
1,2024-01-25 11:37:16,2024-01-25 11:57:04,0.0,2.2,1.0,N,236,164,1,15.6,2.5,0.5,3.9,0.0,1.0,23.5,2.5,0.0,passagers_invalides;
2,2024-01-31 10:43:11,2024-01-31 10:48:06,1.0,0.0,1.0,N,107,4,1,5.8,0.0,0.5,1.96,0.0,1.0,11.76,2.5,0.0,distance_invalide;
1,2024-01-16 17:02:03,2024-01-16 17:23:06,,0.0,,,237,166,0,33.6,0.0,0.5,0.0,0.0,1.0,37.6,,,distance_invalide;passagers_invalides;
1,2024-01-18 15:05:12,2024-01-18 15:35:02,,9.7,,,138,237,0,41.5,6.75,0.5,11.83,6.94,1.0,71.02,,,passagers_invalides;
2,2024-01-24 16:50:53,2024-01-24 17:24:52,1.0,3.12,1.0,N,140,107,4,-28.2,-2.5,-0.5,0.0,0.0,-1.0,-34.7,-2.5,0.0,montant_invalide;
1,2024-01-25 09:08:43,2024-01-25 09:20:05,,0.0,,,50,90,0,11.86,0.0,0.5,0.0,0.0,1.0,15.86,,,distance_invalide;passagers_invalides;
2,2024-01-11 21:13:19,2024-01-11 21:24:47,,2.28,,,162,90,0,15.41,0.0,0.5,0.0,0.0,1.0,19.41,,,passagers_invalides;
2,2024-01-30 07:19:20,2024-01-30 07:48:44,1.0,7.85,1.0,N,151,232,4,-38.0,0.0,-0.5,0.0,0.0,-1.0,-42.0,-2.5,0.0,montant_invalide;
2,2024-01-05 02:46:26,2024-01-05 03:13:15,1.0,7.19,1.0,N,87,238,4,-33.8,-1.0,-0.5,0.0,0.0,-1.0,-38.8,-2.5,0.0,montant_invalide;
1,2024-01-25 00:24:25,2024-01-25 00:34:43,0.0,2.8,1.0,N,229,75,1,14.2,3.5,0.5,3.8,0.0,1.0,23.0,2.5,0.0,passagers_invalides;
1,2024-01-10 09:29:37,2024-01-10 09:40:46,,1.6,,,100,164,0,10.7,0.0,0.5,2.94,0.0,1.0,17.64,,,passagers_invalides;
2,2024-01-04 17:00:00,2024-01-04 17:11:00,,1.64,,,79,234,0,13.16,0.0,0.5,4.29,0.0,1.0,21.45,,,passagers_invalides;
1,2024-01-30 20:46:32,2024-01-30 21:08:05,,0.0,,,234,239,0,23.39,0.0,0.5,0.0,0.0,1.0,27.39,,,distance_invalide;passagers_invalides;
2,2024-01-23 15:40:15,2024-01-23 15:48:22,2.0,0.99,1.0,N,262,236,4,-9.3,0.0,-0.5,0.0,0.0,-1.0,-13.3,-2.5,0.0,montant_invalide;
2,2024-01-26 17:15:42,2024-01-26 17:21:07,1.0,0.0,1.0,N,90,158,2,6.5,2.5,0.5,0.0,0.0,1.0,13.0,2.5,0.0,distance_invalide;
1,2024-01-09 18:29:45,2024-01-09 18:48:20,,0.0,,,234,142,0,21.59,0.0,0.5,0.0,0.0,1.0,25.59,,,distance_invalide;passagers_invalides;
1,2024-01-20 15:11:52,2024-01-20 15:21:37,,1.2,,,211,107,0,10.7,0.0,0.5,2.94,0.0,1.0,17.64,,,passagers_invalides;
1,2024-01-06 14:08:00,2024-01-06 14:14:42,0.0,1.2,1.0,N,239,142,3,7.9,2.5,0.5,0.0,0.0,1.0,11.9,2.5,0.0,passagers_invalides;
1,2024-01-19 16:55:17,2024-01-19 16:57:35,0.0,0.5,1.0,N,141,141,1,5.1,5.0,0.5,2.3,0.0,1.0,13.9,2.5,0.0,passagers_invalides;
1,2024-01-23 15:03:24,2024-01-23 15:21:13,0.0,2.1,1.0,N,79,148,1,14.2,2.5,0.5,5.45,0.0,1.0,23.65,2.5,0.0,passagers_invalides;
1,2024-01-17 10:28:42,2024-01-17 10:28:55,1.0,0.0,1.0,N,132,132,3,3.0,0.0,0.5,0.0,0.0,1.0,4.5,0.0,0.0,distance_invalide;
2,2024-01-30 07:51:08,2024-01-30 08:17:42,,4.14,,,7,140,0,26.4,0.0,0.5,0.0,0.0,1.0,30.4,,,passagers_invalides;
2,2024-01-06 19:11:34,2024-01-06 19:15:36,2.0,0.37,1.0,N,230,230,3,-5.8,0.0,-0.5,0.0,0.0,-1.0,-9.8,-2.5,0.0,montant_invalide;
2,2024-01-24 10:55:28,2024-01-24 11:20:33,3.0,3.79,1.0,N,186,13,4,-25.4,0.0,-0.5,0.0,0.0,-1.0,-29.4,-2.5,0.0,montant_invalide;
2,2024-01-16 00:43:57,2024-01-16 00:46:52,1.0,0.67,1.0,N,163,161,4,-5.1,-1.0,-0.5,0.0,0.0,-1.0,-10.1,-2.5,0.0,montant_invalide;
2,2024-01-23 11:17:00,2024-01-23 11:33:00,,2.12,,,100,249,0,20.03,0.0,0.5,4.81,0.0,1.0,28.84,,,passagers_invalides;
2,2024-01-10 19:21:08,2024-01-10 19:39:06,,5.47,,,151,90,0,23.6,0.0,0.5,0.0,0.0,1.0,27.6,,,passagers_invalides;
1,2024-01-10 17:57:03,2024-01-10 18:00:53,0.0,0.8,1.0,N,170,107,1,6.5,5.0,0.5,2.6,0.0,1.0,15.6,2.5,0.0,passagers_invalides;
2,2024-01-14 23:27:16,2024-01-14 23:44:54,,4.94,,,143,261,0,22.59,0.0,0.5,0.0,0.0,1.0,26.59,,,passagers_invalides;
1,2024-01-09 19:27:44,2024-01-09 19:41:04,0.0,2.3,1.0,N,162,236,2,14.2,5.0,0.5,0.0,0.0,1.0,20.7,2.5,0.0,passagers_invalides;
1,2024-01-21 15:27:07,2024-01-21 15:46:20,,3.2,,,246,231,0,20.5,0.0,0.5,1.23,0.0,1.0,25.73,,,passagers_invalides;
1,2024-01-31 17:46:50,2024-01-31 17:56:28,0.0,0.9,1.0,N,137,162,1,10.0,5.0,0.5,4.95,0.0,1.0,21.45,2.5,0.0,passagers_invalides;
2,2024-01-27 02:07:45,2024-01-27 02:15:32,,1.0,,,107,79,0,6.83,0.0,0.5,0.0,0.0,1.0,10.83,,,passagers_invalides;
2,2024-01-21 13:57:00,2024-01-21 14:25:00,,10.67,,,239,138,0,53.53,0.0,0.5,12.89,6.94,1.0,77.36,,,passagers_invalides;
2,2024-01-06 10:24:27,2024-01-06 10:24:37,4.0,0.0,1.0,N,230,230,4,-3.0,0.0,-0.5,0.0,0.0,-1.0,-7.0,-2.5,0.0,distance_invalide;montant_invalide;
2,2024-01-10 20:48:48,2024-01-10 20:51:26,1.0,0.33,1.0,N,230,48,4,-4.4,-1.0,-0.5,0.0,0.0,-1.0,-9.4,-2.5,0.0,montant_invalide;
2,2024-01-01 04:11:45,2024-01-01 04:48:02,,16.22,,,37,116,0,61.81,0.0,0.5,0.0,0.0,1.0,65.81,,,passagers_invalides;
2,2024-01-24 21:10:58,2024-01-24 21:19:54,1.0,0.0,1.0,N,164,237,1,8.6,1.0,0.5,2.04,0.0,1.0,15.64,2.5,0.0,distance_invalide;
2,2024-01-22 19:25:56,2024-01-22 19:26:00,1.0,0.0,3.0,N,232,148,1,23.0,2.5,0.0,5.3,0.0,1.0,31.8,0.0,0.0,distance_invalide;
1,2024-01-12 04:11:36,2024-01-12 04:12:17,1.0,0.0,1.0,N,164,164,3,3.0,3.5,0.5,0.0,0.0,1.0,8.0,2.5,0.0,distance_invalide;
1,2024-01-21 12:01:22,2024-01-21 12:07:32,,0.0,,,107,114,0,12.5,0.0,0.5,0.0,0.0,1.0,16.5,,,distance_invalide;passagers_invalides;
2,2024-01-20 20:21:56,2024-01-20 20:43:46,,3.39,,,163,4,0,21.45,0.0,0.5,0.0,0.0,1.0,25.45,,,passagers_invalides;
2,2024-01-25 22:34:30,2024-01-25 22:48:22,3.0,4.16,1.0,N,161,74,2,-19.1,-1.0,-0.5,0.0,0.0,-1.0,-24.1,-2.5,0.0,montant_invalide;
2,2024-01-05 13:44:02,2024-01-05 13:52:55,1.0,0.0,5.0,N,7,95,1,87.0,0.0,0.0,10.0,0.0,1.0,98.0,0.0,0.0,distance_invalide;
2,2024-01-11 09:27:24,2024-01-11 09:49:39,,6.48,,,262,45,0,30.55,0.0,0.5,0.0,0.0,1.0,34.55,,,passagers_invalides;
1,2024-01-28 00:06:41,2024-01-28 00:15:33,,0.0,,,170,140,0,14.87,0.0,0.5,0.0,0.0,1.0,18.87,,,distance_invalide;passagers_invalides;
1,2024-01-22 10:51:09,2024-01-22 10:59:41,,1.2,,,262,237,0,10.0,0.0,0.5,2.1,0.0,1.0,16.1,,,passagers_invalides;
1,2024-01-16 07:37:49,2024-01-16 07:56:22,,2.4,,,186,140,0,18.1,0.0,0.5,0.0,0.0,1.0,22.1,,,passagers_invalides;
1,2024-01-20 11:14:42,2024-01-20 11:25:09,,1.6,,,140,236,0,12.1,0.0,0.5,3.0,0.0,1.0,19.1,,,passagers_invalides;
2,2024-01-19 10:09:43,2024-01-19 10:10:55,1.0,0.15,1.0,N,68,48,3,-3.7,0.0,-0.5,0.0,0.0,-1.0,-7.7,-2.5,0.0,montant_invalide;
2,2024-01-13 13:35:39,2024-01-13 13:52:03,1.0,4.96,1.0,N,137,256,4,-24.0,0.0,-0.5,0.0,0.0,-1.0,-28.0,-2.5,0.0,montant_invalide;
2,2024-01-01 12:29:16,2024-01-01 12:36:02,,2.52,,,137,79,0,11.08,0.0,0.5,0.0,0.0,1.0,15.08,,,passagers_invalides;
1,2024-01-18 14:54:24,2024-01-18 15:08:29,,2.4,,,239,68,0,15.6,0.0,0.5,2.94,0.0,1.0,22.54,,,passagers_invalides;
2,2024-01-11 19:37:43,2024-01-11 19:39:05,1.0,0.23,1.0,N,249,249,2,-3.7,-2.5,-0.5,0.0,0.0,-1.0,-10.2,-2.5,0.0,montant_invalide;
2,2024-01-17 20:19:26,2024-01-17 20:19:47,1.0,0.0,1.0,N,193,193,3,-3.0,-1.0,-0.5,0.0,0.0,-1.0,-5.5,0.0,0.0,distance_invalide;montant_invalide;
2,2024-01-25 17:05:19,2024-01-25 17:05:24,2.0,0.0,1.0,N,132,132,2,3.0,2.5,0.5,0.0,0.0,1.0,8.75,0.0,1.75,distance_invalide;
1,2024-01-07 00:26:38,2024-01-07 00:36:09,0.0,1.5,1.0,N,100,162,1,10.0,3.5,0.5,3.0,0.0,1.0,18.0,2.5,0.0,passagers_invalides;
2,2024-01-28 03:37:25,2024-01-28 03:53:32,,4.82,,,148,262,0,28.92,0.0,0.5,0.0,0.0,1.0,32.92,,,passagers_invalides;
1,2024-01-14 09:30:49,2024-01-14 09:35:54,0.0,1.0,1.0,N,141,162,1,7.2,2.5,0.5,2.75,0.0,1.0,13.95,2.5,0.0,passagers_invalides;
1,2024-01-29 17:54:27,2024-01-29 18:11:58,,0.0,,,68,107,0,13.7,0.0,0.5,0.0,0.0,1.0,17.7,,,distance_invalide;passagers_invalides;
2,2024-01-13 20:31:16,2024-01-13 20:45:58,,1.74,,,233,186,0,16.56,0.0,0.5,4.11,0.0,1.0,24.67,,,passagers_invalides;
2,2024-01-11 15:17:26,2024-01-11 15:22:47,,0.54,,,140,141,0,11.74,0.0,0.5,3.15,0.0,1.0,18.89,,,passagers_invalides;
1,2024-01-03 17:34:36,2024-01-03 17:55:00,0.0,3.5,1.0,N,186,236,1,21.9,5.0,0.5,5.65,0.0,1.0,34.05,2.5,0.0,passagers_invalides;
2,2024-01-14 16:52:10,2024-01-14 16:59:00,,1.27,,,43,236,0,11.95,0.0,0.5,0.0,0.0,1.0,15.95,,,passagers_invalides;
1,2024-01-31 14:54:15,2024-01-31 15:18:03,0.0,2.0,1.0,N,186,162,1,20.5,2.5,0.5,4.0,0.0,1.0,28.5,2.5,0.0,passagers_invalides;
1,2024-01-15 15:59:08,2024-01-15 17:24:53,1.0,0.0,1.0,N,216,193,1,50.0,0.0,0.5,0.0,0.0,1.0,51.5,0.0,0.0,distance_invalide;
1,2024-01-09 15:13:29,2024-01-09 15:24:38,0.0,1.5,1.0,N,211,158,1,11.4,2.5,0.5,3.05,0.0,1.0,18.45,2.5,0.0,passagers_invalides;
2,2024-01-16 06:41:05,2024-01-16 06:46:37,,1.42,,,239,142,0,11.74,0.0,0.5,1.57,0.0,1.0,17.31,,,passagers_invalides;
1,2024-01-27 22:04:23,2024-01-27 22:17:52,0.0,1.2,1.0,N,161,186,1,12.8,3.5,0.5,3.55,0.0,1.0,21.35,2.5,0.0,passagers_invalides;
2,2024-01-08 09:15:12,2024-01-08 09:39:16,,9.97,,,142,168,0,39.65,0.0,0.5,8.73,0.0,1.0,52.38,,,passagers_invalides;
2,2024-01-21 20:54:26,2024-01-21 21:05:34,,3.12,,,130,122,0,13.46,0.0,0.5,0.0,0.0,1.0,14.96,,,passagers_invalides;
1,2024-01-24 00:22:41,2024-01-24 00:48:43,,3.7,,,68,262,0,19.51,0.0,0.5,0.0,0.0,1.0,23.51,,,passagers_invalides;
2,2024-01-26 19:25:32,2024-01-26 19:40:11,,3.72,,,107,209,0,23.95,0.0,0.5,5.59,0.0,1.0,33.54,,,passagers_invalides;
2,2024-01-30 23:04:38,2024-01-30 23:22:36,,4.36,,,170,88,0,23.79,0.0,0.5,0.0,0.0,1.0,27.79,,,passagers_invalides;
2,2024-01-06 12:37:06,2024-01-06 12:37:20,1.0,0.0,1.0,N,137,137,4,-3.0,0.0,-0.5,0.0,0.0,-1.0,-7.0,-2.5,0.0,distance_invalide;montant_invalide;
2,2024-01-14 12:07:18,2024-01-14 12:07:21,3.0,0.0,2.0,N,246,246,2,-70.0,0.0,-0.5,0.0,0.0,-1.0,-74.0,-2.5,0.0,distance_invalide;montant_invalide;
1,2024-01-24 19:08:42,2024-01-24 19:24:06,,2.2,,,144,66,0,15.6,2.5,0.5,3.32,0.0,1.0,25.42,,,passagers_invalides;
2,2024-01-30 00:24:28,2024-01-30 00:24:37,1.0,0.0,5.0,N,140,140,1,16.0,0.0,0.0,3.9,0.0,1.0,23.4,2.5,0.0,distance_invalide;
2,2024-01-13 23:25:31,2024-01-13 23:28:41,1.0,0.47,1.0,N,48,163,4,-5.1,-1.0,-0.5,0.0,0.0,-1.0,-10.1,-2.5,0.0,montant_invalide;
1,2024-01-11 22:12:23,2024-01-11 22:40:13,,4.7,,,142,211,0,26.8,1.0,0.5,0.0,0.0,1.0,31.8,,,passagers_invalides;
2,2024-01-16 16:55:59,2024-01-16 17:02:25,1.0,0.86,1.0,N,239,48,4,-7.9,-2.5,-0.5,0.0,0.0,-1.0,-14.4,-2.5,0.0,montant_invalide;
1,2024-01-01 03:38:26,2024-01-01 03:51:32,,0.0,,,137,262,0,22.55,0.0,0.5,0.0,0.0,1.0,26.55,,,distance_invalide;passagers_invalides;
2,2024-01-01 14:36:23,2024-01-01 14:42:47,,1.34,,,236,238,0,17.23,0.0,0.5,0.0,0.0,1.0,21.23,,,passagers_invalides;
1,2024-01-20 23:56:36,2024-01-21 00:02:55,,0.0,,,142,48,0,14.21,0.0,0.5,0.0,0.0,1.0,18.21,,,distance_invalide;passagers_invalides;
2,2024-01-14 12:21:39,2024-01-14 12:22:10,1.0,0.0,1.0,N,129,129,3,3.0,0.0,0.5,0.0,0.0,1.0,4.5,0.0,0.0,distance_invalide;
2,2024-01-16 08:27:22,2024-01-16 08:33:52,,1.08,,,142,238,0,13.82,0.0,0.5,3.56,0.0,1.0,21.38,,,passagers_invalides;
1,2024-01-28 02:55:33,2024-01-28 02:55:52,1.0,0.0,5.0,N,137,137,1,8.0,0.0,0.0,2.0,0.0,1.0,11.0,0.0,0.0,distance_invalide;
2,2024-01-07 10:23:43,2024-01-07 10:39:04,1.0,5.44,1.0,N,132,10,4,-24.7,0.0,-0.5,0.0,0.0,-1.0,-27.95,0.0,-1.75,montant_invalide;
2,2024-01-24 09:02:13,2024-01-24 09:11:11,,1.73,,,166,239,0,16.71,0.0,0.5,4.14,0.0,1.0,24.85,,,passagers_invalides;
1,2024-01-03 19:50:45,2024-01-03 20:10:41,0.0,7.4,1.0,N,142,243,3,31.0,5.0,0.5,0.0,0.0,1.0,37.5,2.5,0.0,passagers_invalides;
2,2024-01-01 01:25:22,2024-01-01 01:47:51,,3.22,,,229,68,0,31.57,0.0,0.5,0.0,0.0,1.0,35.57,,,passagers_invalides;
1,2024-01-20 00:05:41,2024-01-20 00:19:43,0.0,1.9,1.0,N,79,231,1,12.8,3.5,0.5,3.55,0.0,1.0,21.35,2.5,0.0,passagers_invalides;
1,2024-01-09 21:17:41,2024-01-09 21:19:13,,0.0,,,211,114,0,9.08,0.0,0.5,0.0,0.0,1.0,13.08,,,distance_invalide;passagers_invalides;
2,2024-01-07 15:23:14,2024-01-07 15:32:55,,1.61,,,113,233,0,9.27,0.0,0.5,0.0,0.0,1.0,13.27,,,passagers_invalides;
1,2024-01-01 02:09:43,2024-01-01 02:10:32,1.0,0.5,5.0,N,265,265,4,0.0,0.0,0.0,0.0,0.0,1.0,1.0,0.0,0.0,montant_invalide;
2,2024-01-04 22:15:06,2024-01-04 22:49:18,1.0,17.88,2.0,N,132,75,4,-70.0,0.0,-0.5,0.0,0.0,-1.0,-73.25,0.0,-1.75,montant_invalide;
2,2024-01-18 20:46:00,2024-01-18 21:13:36,,5.21,,,230,88,0,29.18,0.0,0.5,0.0,0.0,1.0,33.18,,,passagers_invalides;
1,2024-01-01 02:14:42,2024-01-01 02:58:40,,0.0,,,144,166,0,72.07,0.0,0.5,0.0,0.0,1.0,76.07,,,distance_invalide;passagers_invalides;
2,2024-01-13 06:11:00,2024-01-13 06:37:00,,10.11,,,127,68,0,41.27,0.0,0.5,9.05,0.0,1.0,54.32,,,passagers_invalides;
2,2024-01-23 06:20:33,2024-01-23 06:37:16,,3.54,,,113,140,0,20.99,0.0,0.5,5.0,0.0,1.0,29.99,,,passagers_invalides;
2,2024-01-01 01:47:10,2024-01-01 02:19:00,,9.26,,,186,152,0,58.54,0.0,0.5,0.0,0.0,1.0,62.54,,,passagers_invalides;
2,2024-01-20 23:34:37,2024-01-20 23:46:53,,4.96,,,239,116,0,20.32,0.0,0.5,0.0,0.0,1.0,24.32,,,passagers_invalides;
2,2024-01-14 14:15:48,2024-01-14 14:18:01,,0.3,,,263,75,0,6.83,0.0,0.5,0.0,0.0,1.0,10.83,,,passagers_invalides;
1,2024-01-16 16:35:25,2024-01-16 16:35:26,1.0,10.7,1.0,N,132,132,4,0.0,0.0,0.0,0.0,0.0,0.0,0.0,0.0,0.0,montant_invalide;
2,2024-01-11 11:54:01,2024-01-11 11:55:49,1.0,0.07,1.0,N,114,114,3,-3.7,0.0,-0.5,0.0,0.0,-1.0,-7.7,-2.5,0.0,montant_invalide;
2,2024-01-04 13:17:04,2024-01-04 13:27:53,1.0,1.51,1.0,N,261,88,3,-12.1,0.0,-0.5,0.0,0.0,-1.0,-16.1,-2.5,0.0,montant_invalide;
2,2024-01-14 13:10:38,2024-01-14 13:20:58,1.0,0.47,1.0,N,230,230,3,-10.0,0.0,-0.5,0.0,0.0,-1.0,-14.0,-2.5,0.0,montant_invalide;
2,2024-01-13 14:11:51,2024-01-13 14:13:35,1.0,0.0,5.0,N,265,265,4,121.7,0.0,0.0,0.0,0.0,1.0,122.7,0.0,0.0,distance_invalide;
1,2024-01-03 06:50:28,2024-01-03 07:17:17,1.0,0.0,1.0,N,71,228,1,25.5,0.0,0.5,0.0,0.0,1.0,27.0,0.0,0.0,distance_invalide;
1,2024-01-26 00:25:35,2024-01-26 00:36:39,,0.0,,,211,79,0,13.4,0.0,0.5,0.0,0.0,1.0,17.4,,,distance_invalide;passagers_invalides;
1,2024-01-20 17:21:17,2024-01-20 17:28:12,,1.1,,,43,238,0,7.9,0.0,0.5,3.0,0.0,1.0,14.9,,,passagers_invalides;
1,2024-01-15 07:00:49,2024-01-15 07:00:49,1.0,0.0,5.0,N,41,264,2,0.0,0.0,0.0,0.0,0.0,0.0,0.0,0.0,0.0,distance_invalide;montant_invalide;
2,2024-01-07 12:50:43,2024-01-07 12:58:15,1.0,0.95,1.0,N,48,100,2,-8.6,0.0,-0.5,0.0,0.0,-1.0,-12.6,-2.5,0.0,montant_invalide;
1,2024-01-31 21:51:09,2024-01-31 22:06:50,0.0,2.6,1.0,N,161,263,2,14.9,3.5,0.5,0.0,0.0,1.0,19.9,2.5,0.0,passagers_invalides;
2,2024-01-19 21:04:13,2024-01-19 21:08:32,,0.78,,,263,236,0,8.55,0.0,0.5,0.0,0.0,1.0,12.55,,,passagers_invalides;
1,2024-01-22 20:14:23,2024-01-22 20:27:15,,2.4,,,145,162,0,12.49,0.0,0.5,0.0,0.0,1.0,16.49,,,passagers_invalides;
1,2024-01-04 18:53:33,2024-01-04 18:56:54,1.0,0.0,5.0,N,170,170,1,17.0,0.0,0.0,0.0,0.0,1.0,18.0,0.0,0.0,distance_invalide;
2,2024-01-16 20:52:21,2024-01-16 20:54:38,1.0,0.49,1.0,N,141,237,2,-5.1,-1.0,-0.5,0.0,0.0,-1.0,-10.1,-2.5,0.0,montant_invalide;
2,2024-01-14 23:25:42,2024-01-14 23:26:04,2.0,0.0,1.0,N,141,141,1,3.0,1.0,0.5,3.0,0.0,1.0,11.0,2.5,0.0,distance_invalide;
2,2024-01-16 01:49:39,2024-01-16 01:49:49,1.0,0.0,5.0,N,209,209,1,85.0,0.0,0.0,22.12,0.0,1.0,110.62,2.5,0.0,distance_invalide;
1,2024-01-26 08:58:56,2024-01-26 09:18:27,0.0,2.8,1.0,N,143,233,1,19.1,2.5,0.5,5.75,0.0,1.0,28.85,2.5,0.0,passagers_invalides;
1,2024-01-21 14:01:41,2024-01-21 14:06:09,0.0,0.5,1.0,N,238,239,1,5.8,2.5,0.5,1.95,0.0,1.0,11.75,2.5,0.0,passagers_invalides;
2,2024-01-27 19:03:54,2024-01-27 19:29:45,,3.74,,,13,50,0,27.61,0.0,0.5,0.0,0.0,1.0,31.61,,,passagers_invalides;
1,2024-01-01 00:33:36,2024-01-01 00:54:04,0.0,2.6,1.0,N,137,264,1,19.1,3.5,0.5,4.8,0.0,1.0,28.9,2.5,0.0,passagers_invalides;
2,2024-01-24 12:17:00,2024-01-24 12:46:00,,8.04,,,79,138,0,40.1,0.0,0.5,6.0,6.94,1.0,57.04,,,passagers_invalides;
2,2024-01-25 08:36:03,2024-01-25 08:41:08,,0.67,,,142,142,0,11.08,0.0,0.5,0.0,0.0,1.0,15.08,,,passagers_invalides;
2,2024-01-09 11:43:49,2024-01-09 11:59:27,1.0,0.0,1.0,N,100,246,1,13.5,0.0,0.5,3.5,0.0,1.0,21.0,2.5,0.0,distance_invalide;
1,2024-01-18 14:39:41,2024-01-18 14:55:40,0.0,2.5,1.0,N,239,48,1,14.9,2.5,0.5,2.0,0.0,1.0,20.9,2.5,0.0,passagers_invalides;
1,2024-01-06 13:43:44,2024-01-06 13:49:13,0.0,1.2,1.0,N,237,236,2,8.6,2.5,0.5,0.0,0.0,1.0,12.6,2.5,0.0,passagers_invalides;
2,2024-01-21 00:01:30,2024-01-21 00:11:19,,1.83,,,143,141,0,16.42,0.0,0.5,0.0,0.0,1.0,20.42,,,passagers_invalides;
2,2024-01-09 21:53:08,2024-01-09 22:10:09,,5.68,,,246,166,0,24.63,0.0,0.5,2.86,0.0,1.0,31.49,,,passagers_invalides;
1,2024-01-16 14:58:49,2024-01-16 15:05:27,0.0,0.9,1.0,N,79,113,1,7.9,2.5,0.5,2.0,0.0,1.0,13.9,2.5,0.0,passagers_invalides;
2,2024-01-22 19:42:45,2024-01-22 19:54:10,,1.29,,,170,161,0,11.74,0.0,0.5,1.57,0.0,1.0,17.31,,,passagers_invalides;
2,2024-01-11 05:16:36,2024-01-11 05:24:37,,4.79,,,239,244,0,18.64,0.0,0.5,4.53,0.0,1.0,27.17,,,passagers_invalides;
2,2024-01-17 15:23:24,2024-01-17 15:34:06,,1.1,,,151,239,0,11.74,0.0,0.5,3.15,0.0,1.0,18.89,,,passagers_invalides;
1,2024-01-13 14:06:17,2024-01-13 14:10:30,,0.6,,,249,158,0,5.8,0.0,0.5,1.47,0.0,1.0,11.27,,,passagers_invalides;
2,2024-01-25 09:39:49,2024-01-25 09:47:21,,0.97,,,238,24,0,11.74,0.0,0.5,2.0,0.0,1.0,17.74,,,passagers_invalides;
2,2024-01-06 23:01:49,2024-01-06 23:07:52,,1.01,,,107,4,0,7.3,0.0,0.5,0.0,0.0,1.0,11.3,,,passagers_invalides;
2,2024-01-30 23:06:05,2024-01-30 23:20:36,,1.46,,,234,68,0,8.91,0.0,0.5,0.0,0.0,1.0,12.91,,,passagers_invalides;
1,2024-01-05 08:28:30,2024-01-05 08:47:41,,2.8,,,263,166,0,19.48,0.0,0.5,0.0,0.0,1.0,23.48,,,passagers_invalides;
1,2024-01-29 14:42:58,2024-01-29 15:01:21,0.0,2.9,1.0,N,140,74,1,19.1,2.5,0.5,4.6,0.0,1.0,27.7,2.5,0.0,passagers_invalides;
2,2024-01-20 23:39:49,2024-01-20 23:59:00,,2.11,,,113,79,0,10.08,0.0,0.5,0.0,0.0,1.0,14.08,,,passagers_invalides;
2,2024-01-08 15:19:11,2024-01-08 15:19:21,1.0,0.0,1.0,N,193,193,3,-3.0,0.0,-0.5,0.0,0.0,-1.0,-4.5,0.0,0.0,distance_invalide;montant_invalide;
2,2024-01-06 19:51:22,2024-01-06 20:00:42,,2.3,,,237,75,0,-3.0,0.0,0.5,0.0,0.0,1.0,1.0,,,montant_invalide;passagers_invalides;
2,2024-01-19 21:57:45,2024-01-19 21:57:57,1.0,0.0,1.0,N,230,230,2,3.0,1.0,0.5,0.0,0.0,1.0,8.0,2.5,0.0,distance_invalide;
2,2024-01-18 22:44:10,2024-01-18 23:11:36,,7.88,,,144,24,0,35.89,0.0,0.5,0.0,0.0,1.0,39.89,,,passagers_invalides;
1,2024-01-07 02:14:34,2024-01-07 02:47:47,2.0,0.0,99.0,N,168,188,1,51.5,0.0,0.5,0.0,6.94,1.0,59.94,0.0,0.0,distance_invalide;
1,2024-01-17 21:10:54,2024-01-17 21:23:27,,0.0,,,234,163,0,21.22,0.0,0.5,0.0,0.0,1.0,25.22,,,distance_invalide;passagers_invalides;
1,2024-01-11 17:44:20,2024-01-11 17:56:08,1.0,0.0,1.0,N,239,236,1,10.7,5.0,0.5,4.25,0.0,1.0,21.45,2.5,0.0,distance_invalide;
1,2024-01-11 14:24:55,2024-01-11 14:49:58,,3.7,,,141,74,0,24.0,0.0,0.5,2.8,0.0,1.0,30.8,,,passagers_invalides;
1,2024-01-31 18:23:17,2024-01-31 18:38:03,,1.8,,,263,229,0,14.2,2.5,0.5,3.11,0.0,1.0,23.81,,,passagers_invalides;
2,2024-01-30 10:56:11,2024-01-30 10:56:23,1.0,0.0,1.0,N,193,193,3,3.0,0.0,0.5,0.0,0.0,1.0,4.5,0.0,0.0,distance_invalide;
1,2024-01-26 13:46:38,2024-01-26 14:40:50,1.0,0.0,99.0,N,75,3,1,33.5,0.0,0.5,0.0,0.0,1.0,35.0,0.0,0.0,distance_invalide;
1,2024-01-14 04:10:03,2024-01-14 04:23:05,,0.0,,,79,68,0,13.31,0.0,0.5,0.0,0.0,1.0,17.31,,,distance_invalide;passagers_invalides;
2,2024-01-06 19:13:08,2024-01-06 19:30:25,5.0,0.0,1.0,N,107,246,2,14.9,0.0,0.5,0.0,0.0,1.0,18.9,2.5,0.0,distance_invalide;
2,2024-01-23 20:03:49,2024-01-23 20:11:42,2.0,4.72,1.0,N,132,28,2,-19.1,-1.0,-0.5,0.0,0.0,-1.0,-21.6,0.0,0.0,montant_invalide;
1,2024-01-27 03:10:01,2024-01-27 03:14:11,,0.8,,,24,41,0,6.5,1.0,0.5,1.35,0.0,1.0,10.35,,,passagers_invalides;
2,2024-01-19 12:27:52,2024-01-19 12:41:45,,2.47,,,13,158,0,16.5,0.0,0.5,3.08,0.0,1.0,23.58,,,passagers_invalides;
2,2024-01-03 23:14:16,2024-01-03 23:24:25,1.0,1.82,1.0,N,142,161,4,-12.1,-1.0,-0.5,0.0,0.0,-1.0,-17.1,-2.5,0.0,montant_invalide;
1,2024-01-10 07:48:25,2024-01-10 07:59:43,0.0,1.4,1.0,N,141,236,1,10.0,2.5,0.5,2.8,0.0,1.0,16.8,2.5,0.0,passagers_invalides;
2,2024-01-12 22:35:17,2024-01-12 22:44:31,,1.69,,,238,263,0,10.17,0.0,0.5,0.0,0.0,1.0,14.17,,,passagers_invalides;
2,2024-01-19 00:42:42,2024-01-19 00:42:50,1.0,0.0,5.0,N,231,231,1,20.0,0.0,0.0,7.05,0.0,1.0,30.55,2.5,0.0,distance_invalide;
2,2024-01-02 16:55:50,2024-01-02 17:13:14,,2.88,,,140,186,0,30.03,0.0,0.5,6.81,0.0,1.0,40.84,,,passagers_invalides;
2,2024-01-05 10:26:19,2024-01-05 10:48:42,,3.14,,,234,143,0,24.04,0.0,0.5,5.61,0.0,1.0,33.65,,,passagers_invalides;
1,2024-01-02 13:27:22,2024-01-02 14:03:02,,0.0,,,231,238,0,31.47,0.0,0.5,0.0,0.0,1.0,35.47,,,distance_invalide;passagers_invalides;
1,2024-01-25 08:37:30,2024-01-25 09:00:53,0.0,8.3,1.0,N,236,138,1,37.3,7.5,0.5,10.6,6.94,1.0,63.84,2.5,0.0,passagers_invalides;
2,2024-01-07 14:20:59,2024-01-07 14:27:00,1.0,0.0,1.0,N,43,236,1,6.5,0.0,0.5,2.1,0.0,1.0,12.6,2.5,0.0,distance_invalide;
2,2024-01-18 16:17:54,2024-01-18 16:24:51,,1.04,,,79,107,0,13.71,0.0,0.5,0.0,0.0,1.0,17.71,,,passagers_invalides;
1,2024-01-30 17:30:55,2024-01-30 17:48:17,,0.0,,,140,137,0,15.13,0.0,0.5,0.0,0.0,1.0,19.13,,,distance_invalide;passagers_invalides;
2,2024-01-19 18:13:02,2024-01-19 18:28:43,,1.54,,,170,229,0,16.04,0.0,0.5,0.0,0.0,1.0,20.04,,,passagers_invalides;
1,2024-01-02 02:00:19,2024-01-02 02:10:39,,3.2,,,162,41,0,13.53,0.0,0.5,0.0,0.0,1.0,17.53,,,passagers_invalides;
2,2024-01-04 15:43:15,2024-01-04 15:43:36,1.0,0.0,1.0,N,132,132,2,3.0,0.0,0.5,0.0,0.0,1.0,6.25,0.0,1.75,distance_invalide;
1,2024-01-01 01:46:37,2024-01-01 01:59:40,,0.0,,,236,50,0,19.37,0.0,0.5,0.0,0.0,1.0,23.37,,,distance_invalide;passagers_invalides;
1,2024-01-21 15:04:21,2024-01-21 15:14:12,,0.0,,,144,249,0,13.92,0.0,0.5,0.0,0.0,1.0,17.92,,,distance_invalide;passagers_invalides;
1,2024-01-27 10:30:20,2024-01-27 10:49:22,0.0,2.0,1.0,N,68,50,1,17.7,2.5,0.5,3.0,0.0,1.0,24.7,2.5,0.0,passagers_invalides;
1,2024-01-01 03:19:38,2024-01-01 03:31:59,,0.0,,,141,239,0,22.32,0.0,0.5,0.0,0.0,1.0,26.32,,,distance_invalide;passagers_invalides;
2,2024-01-01 02:17:49,2024-01-01 02:40:02,,5.33,,,107,41,0,46.49,0.0,0.5,0.0,0.0,1.0,50.49,,,passagers_invalides;
2,2024-01-15 10:10:40,2024-01-15 10:22:10,1.0,1.89,1.0,N,230,43,2,-12.1,0.0,-0.5,0.0,0.0,-1.0,-16.1,-2.5,0.0,montant_invalide;
2,2024-01-06 06:42:54,2024-01-06 06:44:04,1.0,0.12,1.0,N,170,170,3,-3.7,0.0,-0.5,0.0,0.0,-1.0,-7.7,-2.5,0.0,montant_invalide;
2,2024-01-01 05:29:13,2024-01-01 05:42:12,1.0,2.85,1.0,N,230,43,4,-16.3,-1.0,-0.5,0.0,0.0,-1.0,-21.3,-2.5,0.0,montant_invalide;
2,2024-01-01 06:44:00,2024-01-01 06:55:00,,7.48,,,112,138,0,25.46,0.0,0.5,4.04,0.0,1.0,31.0,,,passagers_invalides;
2,2024-01-24 20:50:17,2024-01-24 21:12:40,1.0,0.0,1.0,N,231,50,1,18.4,1.0,0.5,4.68,0.0,1.0,28.08,2.5,0.0,distance_invalide;
2,2024-01-16 15:08:30,2024-01-16 15:27:55,,3.32,,,143,41,0,22.62,0.0,0.5,0.0,0.0,1.0,26.62,,,passagers_invalides;
1,2024-01-24 18:37:08,2024-01-24 18:52:40,0.0,1.9,1.0,N,246,170,2,14.9,5.0,0.5,0.0,0.0,1.0,21.4,2.5,0.0,passagers_invalides;
2,2024-01-22 04:43:28,2024-01-22 05:12:23,,17.94,,,48,132,0,60.49,0.0,0.5,14.29,6.94,1.0,85.72,,,passagers_invalides;
1,2024-01-23 18:44:23,2024-01-23 18:49:42,0.0,0.9,1.0,N,79,4,1,7.2,5.0,0.5,2.7,0.0,1.0,16.4,2.5,0.0,passagers_invalides;
2,2024-01-13 01:53:53,2024-01-13 01:59:27,,1.19,,,164,68,0,12.77,0.0,0.5,0.0,0.0,1.0,16.77,,,passagers_invalides;
2,2024-01-13 17:38:24,2024-01-13 17:38:28,4.0,0.0,2.0,N,230,230,4,70.0,0.0,0.5,0.0,0.0,1.0,74.0,2.5,0.0,distance_invalide;
2,2024-01-15 09:55:24,2024-01-15 10:11:25,,11.34,,,137,138,0,31.79,0.0,0.5,4.27,6.94,1.0,47.0,,,passagers_invalides;
2,2024-01-05 21:51:36,2024-01-05 22:12:09,1.0,1.56,1.0,N,164,246,2,-18.4,-1.0,-0.5,1.0,0.0,-1.0,-22.4,-2.5,0.0,montant_invalide;
2,2024-01-26 21:51:46,2024-01-26 21:51:51,1.0,0.0,5.0,N,10,10,2,-30.0,0.0,0.0,0.0,0.0,-1.0,-31.0,0.0,0.0,distance_invalide;montant_invalide;
1,2024-01-17 18:01:19,2024-01-17 18:28:55,,3.1,,,170,263,0,24.0,2.5,0.5,4.58,0.0,1.0,35.08,,,passagers_invalides;
1,2024-01-22 21:20:09,2024-01-22 21:28:03,,1.5,,,238,142,0,10.7,1.0,0.5,3.14,0.0,1.0,18.84,,,passagers_invalides;
1,2024-01-24 13:48:09,2024-01-24 13:52:11,,0.4,,,237,237,0,10.16,0.0,0.5,0.0,0.0,1.0,14.16,,,passagers_invalides;
2,2024-01-09 12:19:18,2024-01-09 12:22:18,1.0,0.63,1.0,N,43,43,4,-5.8,0.0,-0.5,0.0,0.0,-1.0,-9.8,-2.5,0.0,montant_invalide;
1,2024-01-09 17:19:57,2024-01-09 17:28:42,,1.1,,,137,186,0,9.3,2.5,0.5,1.58,0.0,1.0,17.38,,,passagers_invalides;
1,2024-01-12 14:45:16,2024-01-12 14:51:08,0.0,0.8,1.0,N,75,75,2,7.2,0.0,0.5,0.0,0.0,1.0,8.7,0.0,0.0,passagers_invalides;
2,2024-01-04 04:08:16,2024-01-04 04:08:22,1.0,0.0,5.0,N,50,50,1,30.0,0.0,0.0,0.0,0.0,1.0,33.5,2.5,0.0,distance_invalide;
2,2024-01-05 23:37:25,2024-01-05 23:48:21,1.0,3.14,1.0,N,249,88,2,-14.9,-1.0,-0.5,0.0,0.0,-1.0,-19.9,-2.5,0.0,montant_invalide;
2,2024-01-22 07:21:41,2024-01-22 07:36:43,,2.72,,,79,100,0,16.22,0.0,0.5,0.0,0.0,1.0,20.22,,,passagers_invalides;
1,2024-01-16 07:59:15,2024-01-16 08:03:13,,0.0,,,170,170,0,14.33,0.0,0.5,0.0,0.0,1.0,18.33,,,distance_invalide;passagers_invalides;
2,2024-01-25 08:08:45,2024-01-25 08:18:28,,2.0,,,239,163,0,18.1,0.0,0.5,0.0,0.0,1.0,22.1,,,passagers_invalides;
1,2024-01-25 11:09:12,2024-01-25 11:18:14,0.0,2.0,1.0,N,13,249,1,12.1,2.5,0.5,1.5,0.0,1.0,17.6,2.5,0.0,passagers_invalides;
2,2024-01-28 00:09:30,2024-01-28 00:27:45,,3.18,,,158,143,0,25.09,0.0,0.5,0.0,0.0,1.0,29.09,,,passagers_invalides;
1,2024-01-25 18:18:51,2024-01-25 18:18:59,0.0,0.0,1.0,N,145,145,2,3.0,2.5,0.5,0.0,0.0,1.0,7.0,0.0,0.0,distance_invalide;passagers_invalides;
2,2024-01-14 01:01:41,2024-01-14 01:20:04,,4.18,,,144,236,0,23.49,0.0,0.5,0.0,0.0,1.0,27.49,,,passagers_invalides;
1,2024-01-30 13:21:53,2024-01-30 13:30:22,,0.0,,,234,158,0,9.47,0.0,0.5,0.0,0.0,1.0,13.47,,,distance_invalide;passagers_invalides;
2,2024-01-25 22:26:18,2024-01-25 22:51:08,,7.24,,,211,74,0,32.44,0.0,0.5,0.0,0.0,1.0,36.44,,,passagers_invalides;
2,2024-01-09 11:41:33,2024-01-09 11:48:10,1.0,1.05,1.0,N,161,234,4,-7.9,0.0,-0.5,0.0,0.0,-1.0,-11.9,-2.5,0.0,montant_invalide;
2,2024-01-08 17:15:36,2024-01-08 17:29:43,,2.61,,,218,191,0,14.72,0.0,0.5,0.0,0.0,1.0,16.22,,,passagers_invalides;
1,2024-01-05 11:54:18,2024-01-05 12:18:13,1.0,0.0,1.0,N,229,213,1,32.5,0.0,0.5,0.0,6.94,1.0,40.94,0.0,0.0,distance_invalide;
1,2024-01-17 01:49:18,2024-01-17 02:03:32,,3.3,,,186,87,0,16.3,1.0,0.5,4.26,0.0,1.0,25.56,,,passagers_invalides;
1,2024-01-17 15:10:58,2024-01-17 15:19:18,,0.7,,,161,48,0,8.6,0.0,0.5,1.89,0.0,1.0,14.49,,,passagers_invalides;
2,2024-01-06 13:29:55,2024-01-06 13:47:15,1.0,2.04,1.0,N,43,100,4,-17.0,0.0,-0.5,0.0,0.0,-1.0,-21.0,-2.5,0.0,montant_invalide;
1,2024-01-22 00:05:17,2024-01-22 00:25:49,,0.0,,,255,95,0,27.18,0.0,0.5,0.0,0.0,1.0,28.68,,,distance_invalide;passagers_invalides;
1,2024-01-29 08:54:56,2024-01-29 09:21:51,,0.0,,,158,233,0,19.4,0.0,0.5,0.0,0.0,1.0,23.4,,,distance_invalide;passagers_invalides;
2,2024-01-10 18:23:52,2024-01-10 18:24:05,1.0,0.0,1.0,N,193,193,3,-3.0,-2.5,-0.5,0.0,0.0,-1.0,-7.0,0.0,0.0,distance_invalide;montant_invalide;
2,2024-01-09 08:32:27,2024-01-09 08:48:52,,2.59,,,224,125,0,25.77,0.0,0.5,0.0,0.0,1.0,29.77,,,passagers_invalides;
2,2024-01-08 00:47:31,2024-01-08 01:09:52,1.0,7.26,1.0,N,230,17,3,-31.7,-1.0,-0.5,0.0,0.0,-1.0,-36.7,-2.5,0.0,montant_invalide;
2,2024-01-12 12:51:28,2024-01-12 12:52:59,1.0,0.0,1.0,N,207,207,2,3.7,0.0,0.5,0.0,0.0,1.0,5.2,0.0,0.0,distance_invalide;
2,2024-01-28 19:22:37,2024-01-28 19:28:42,,0.48,,,68,48,0,11.74,0.0,0.5,3.15,0.0,1.0,18.89,,,passagers_invalides;
1,2024-01-11 04:03:25,2024-01-11 04:09:16,,0.8,,,107,107,0,10.0,0.0,0.5,0.0,0.0,1.0,14.0,,,passagers_invalides;
1,2024-01-18 11:55:54,2024-01-18 12:19:14,,2.5,,,125,264,0,21.2,0.0,0.5,2.52,0.0,1.0,27.72,,,passagers_invalides;
1,2024-01-07 22:21:24,2024-01-07 22:21:39,1.0,0.0,1.0,N,138,138,4,3.0,7.75,0.5,0.0,0.0,1.0,12.25,0.0,1.75,distance_invalide;
2,2024-01-14 14:15:50,2024-01-14 14:35:27,,4.71,,,262,90,0,24.91,0.0,0.5,0.0,0.0,1.0,28.91,,,passagers_invalides;
1,2024-01-05 07:14:45,2024-01-05 07:15:04,1.0,0.0,1.0,N,132,132,3,3.0,1.75,0.5,0.0,0.0,1.0,6.25,0.0,1.75,distance_invalide;
1,2024-01-05 07:24:34,2024-01-05 07:28:42,0.0,0.9,1.0,N,151,239,2,7.2,2.5,0.5,0.0,0.0,1.0,11.2,2.5,0.0,passagers_invalides;
2,2024-01-27 10:35:13,2024-01-27 10:40:36,,0.77,,,229,161,0,11.74,0.0,0.5,3.15,0.0,1.0,18.89,,,passagers_invalides;
2,2024-01-18 08:26:14,2024-01-18 08:33:46,1.0,0.88,1.0,N,141,236,4,-8.6,0.0,-0.5,0.0,0.0,-1.0,-12.6,-2.5,0.0,montant_invalide;
1,2024-01-19 15:25:54,2024-01-19 15:50:45,,0.0,,,236,48,0,23.84,0.0,0.5,0.0,0.0,1.0,27.84,,,distance_invalide;passagers_invalides;
2,2024-01-07 16:12:32,2024-01-07 16:12:37,1.0,0.0,5.0,N,10,10,1,87.0,0.0,0.0,0.0,0.0,1.0,88.0,0.0,0.0,distance_invalide;
1,2024-01-14 17:02:53,2024-01-14 17:17:24,,0.0,,,236,233,0,17.54,0.0,0.5,0.0,0.0,1.0,21.54,,,distance_invalide;passagers_invalides;
2,2024-01-05 12:46:58,2024-01-05 12:54:53,,0.82,,,161,100,0,12.66,0.0,0.5,0.0,0.0,1.0,16.66,,,passagers_invalides;
2,2024-01-02 11:48:33,2024-01-02 12:12:29,,8.81,,,68,138,0,38.3,0.0,0.5,9.85,6.94,1.0,59.09,,,passagers_invalides;
1,2024-01-03 19:53:21,2024-01-03 19:59:27,0.0,0.5,1.0,N,237,43,1,7.2,3.5,0.5,2.44,0.0,1.0,14.64,2.5,0.0,passagers_invalides;
1,2024-01-06 16:39:06,2024-01-06 16:39:55,1.0,0.0,1.0,N,234,234,4,3.0,2.5,0.5,0.0,0.0,1.0,7.0,2.5,0.0,distance_invalide;
2,2024-01-27 15:56:32,2024-01-27 15:56:45,1.0,0.0,2.0,N,234,234,4,-70.0,0.0,-0.5,0.0,-11.19,-1.0,-85.19,-2.5,0.0,distance_invalide;montant_invalide;
2,2024-01-15 22:43:00,2024-01-15 22:47:56,1.0,0.0,1.0,N,263,236,1,5.8,1.0,0.5,2.16,0.0,1.0,12.96,2.5,0.0,distance_invalide;
2,2024-01-14 07:37:05,2024-01-14 07:37:11,1.0,0.0,1.0,N,132,132,2,3.0,0.0,0.5,0.0,0.0,1.0,6.25,0.0,1.75,distance_invalide;
1,2024-01-09 09:07:08,2024-01-09 09:14:02,,1.0,,,68,234,0,7.2,0.0,0.5,1.68,0.0,1.0,12.88,,,passagers_invalides;
1,2024-01-30 20:05:12,2024-01-30 20:21:53,,0.0,,,163,246,0,14.9,0.0,0.5,0.0,0.0,1.0,18.9,,,distance_invalide;passagers_invalides;
2,2024-01-27 21:57:52,2024-01-27 22:19:07,,4.56,,,100,41,0,25.58,0.0,0.5,0.0,0.0,1.0,29.58,,,passagers_invalides;
1,2024-01-06 15:43:58,2024-01-06 15:59:33,,2.8,,,233,232,0,16.97,0.0,0.5,0.0,0.0,1.0,20.97,,,passagers_invalides;
2,2024-01-20 19:35:35,2024-01-20 19:52:58,,3.46,,,142,41,0,21.7,0.0,0.5,0.0,0.0,1.0,25.7,,,passagers_invalides;
2,2024-01-27 17:10:42,2024-01-27 17:27:48,,2.79,,,229,239,0,20.81,0.0,0.5,4.96,0.0,1.0,29.77,,,passagers_invalides;
2,2024-01-10 19:08:45,2024-01-10 19:31:24,,4.24,,,186,236,0,30.15,0.0,0.5,3.42,0.0,1.0,37.57,,,passagers_invalides;
2,2024-01-10 22:50:14,2024-01-10 23:26:44,,11.41,,,256,116,0,52.04,0.0,0.5,5.6,0.0,1.0,61.64,,,passagers_invalides;
1,2024-01-25 08:54:06,2024-01-25 09:08:24,,1.7,,,148,234,0,11.95,0.0,0.5,0.0,0.0,1.0,15.95,,,passagers_invalides;
2,2024-01-10 13:29:31,2024-01-10 13:41:39,1.0,1.02,1.0,N,230,186,4,-12.1,0.0,-0.5,0.0,0.0,-1.0,-16.1,-2.5,0.0,montant_invalide;
1,2024-01-06 00:33:24,2024-01-06 00:52:12,,0.0,,,79,236,0,22.27,0.0,0.5,0.0,0.0,1.0,26.27,,,distance_invalide;passagers_invalides;
2,2024-01-08 23:48:29,2024-01-08 23:54:52,,0.88,,,114,144,0,6.83,0.0,0.5,0.0,0.0,1.0,10.83,,,passagers_invalides;
1,2024-01-20 18:13:18,2024-01-20 18:13:29,2.0,0.0,1.0,N,230,230,1,3.0,2.5,0.5,5.0,0.0,1.0,12.0,2.5,0.0,distance_invalide;
1,2024-01-19 17:18:26,2024-01-19 17:54:20,0.0,3.2,1.0,N,161,262,1,30.3,5.0,0.5,5.52,0.0,1.0,42.32,2.5,0.0,passagers_invalides;
1,2024-01-18 19:28:21,2024-01-18 19:43:54,,0.0,,,164,144,0,17.91,0.0,0.5,0.0,0.0,1.0,21.91,,,distance_invalide;passagers_invalides;
1,2024-01-20 14:40:08,2024-01-20 15:03:31,0.0,3.0,1.0,N,264,170,2,22.6,2.5,0.5,0.0,0.0,1.0,26.6,2.5,0.0,passagers_invalides;
2,2024-01-22 16:02:58,2024-01-22 16:34:41,,8.82,,,113,138,0,41.65,0.0,0.5,10.52,6.94,1.0,63.11,,,passagers_invalides;
1,2024-01-09 20:32:27,2024-01-09 20:35:36,,0.3,,,234,234,0,4.4,1.0,0.5,1.41,0.0,1.0,10.81,,,passagers_invalides;
2,2024-01-20 20:18:50,2024-01-20 20:25:06,2.0,0.0,1.0,N,48,246,1,7.2,1.0,0.5,2.44,0.0,1.0,14.64,2.5,0.0,distance_invalide;
1,2024-01-02 17:34:01,2024-01-02 18:06:28,1.0,0.0,1.0,N,170,196,1,28.5,0.0,0.5,0.0,6.94,1.0,36.94,0.0,0.0,distance_invalide;
2,2024-01-15 03:05:58,2024-01-15 03:18:56,,5.41,,,260,74,0,22.47,0.0,0.5,0.0,6.94,1.0,30.91,,,passagers_invalides;
2,2024-01-27 10:49:51,2024-01-27 10:57:02,3.0,0.0,1.0,N,170,161,1,7.9,0.0,0.5,2.38,0.0,1.0,14.28,2.5,0.0,distance_invalide;
1,2024-01-08 16:31:05,2024-01-08 16:38:43,0.0,1.5,1.0,N,68,234,1,8.6,5.0,0.5,3.75,0.0,1.0,18.85,2.5,0.0,passagers_invalides;
2,2024-01-17 22:16:55,2024-01-17 22:25:39,,1.24,,,238,143,0,6.94,0.0,0.5,0.0,0.0,1.0,10.94,,,passagers_invalides;
2,2024-01-01 07:08:43,2024-01-01 07:31:38,,8.04,,,232,238,0,1.09,0.0,0.5,0.0,0.0,1.0,5.09,,,passagers_invalides;
2,2024-01-26 20:26:51,2024-01-26 20:45:35,,2.42,,,87,107,0,21.48,0.0,0.5,5.1,0.0,1.0,30.58,,,passagers_invalides;
2,2024-01-06 22:02:08,2024-01-06 22:02:15,1.0,0.0,5.0,N,162,162,1,10.0,0.0,0.0,0.0,0.0,1.0,13.5,2.5,0.0,distance_invalide;
1,2024-01-31 14:27:09,2024-01-31 14:39:54,,0.0,,,162,100,0,12.12,0.0,0.5,0.0,0.0,1.0,16.12,,,distance_invalide;passagers_invalides;
1,2024-01-12 15:52:00,2024-01-12 16:26:38,1.0,0.0,1.0,N,92,259,1,36.0,0.0,0.5,0.0,6.94,1.0,44.44,0.0,0.0,distance_invalide;
1,2024-01-25 09:36:11,2024-01-25 09:44:25,,0.7,,,162,230,0,8.6,0.0,0.5,1.89,0.0,1.0,14.49,,,passagers_invalides;
1,2024-01-23 12:05:34,2024-01-23 12:18:22,,1.4,,,261,231,0,11.46,0.0,0.5,0.0,0.0,1.0,15.46,,,passagers_invalides;
2,2024-01-26 23:05:43,2024-01-26 23:05:49,1.0,0.0,1.0,N,132,132,2,-3.0,-1.0,-0.5,0.0,0.0,-1.0,-7.25,0.0,-1.75,distance_invalide;montant_invalide;
2,2024-01-03 15:40:01,2024-01-03 15:41:20,1.0,1.21,1.0,N,93,93,3,-7.2,0.0,-0.5,0.0,0.0,-1.0,-11.2,-2.5,0.0,montant_invalide;
1,2024-01-02 10:23:54,2024-01-02 10:56:25,,7.9,,,142,138,0,49.3,0.0,0.5,0.0,6.94,1.0,57.74,,,passagers_invalides;
2,2024-01-21 18:23:16,2024-01-21 18:29:21,1.0,0.96,1.0,N,161,163,4,-7.9,0.0,-0.5,0.0,0.0,-1.0,-11.9,-2.5,0.0,montant_invalide;
1,2024-01-06 15:21:50,2024-01-06 15:28:09,,0.6,,,140,237,0,10.16,0.0,0.5,0.0,0.0,1.0,14.16,,,passagers_invalides;
2,2024-01-18 22:39:09,2024-01-18 22:58:19,,3.96,,,246,238,0,23.51,0.0,0.5,0.0,0.0,1.0,27.51,,,passagers_invalides;
2,2024-01-07 03:38:21,2024-01-07 03:41:58,2.0,0.58,1.0,N,125,249,4,-5.8,-1.0,-0.5,2.16,0.0,-1.0,-8.64,-2.5,0.0,montant_invalide;
2,2024-01-28 00:07:59,2024-01-28 00:36:02,,5.34,,,48,41,0,27.03,0.0,0.5,0.0,0.0,1.0,31.03,,,passagers_invalides;
1,2024-01-27 21:36:26,2024-01-27 21:53:47,,0.0,,,143,42,0,21.95,0.0,0.5,0.0,0.0,1.0,25.95,,,distance_invalide;passagers_invalides;
2,2024-01-11 17:44:34,2024-01-11 17:54:11,1.0,1.1,1.0,N,234,125,4,-10.0,-2.5,-0.5,0.0,0.0,-1.0,-16.5,-2.5,0.0,montant_invalide;
2,2024-01-31 19:08:44,2024-01-31 19:21:13,,1.15,,,163,48,0,13.44,0.0,0.5,0.0,0.0,1.0,17.44,,,passagers_invalides;
1,2024-01-06 01:55:50,2024-01-06 02:05:40,,2.0,,,249,233,0,13.21,0.0,0.5,0.0,0.0,1.0,17.21,,,passagers_invalides;
2,2024-01-21 11:27:23,2024-01-21 11:27:35,1.0,0.0,1.0,N,75,75,2,3.0,0.0,0.5,0.0,0.0,1.0,4.5,0.0,0.0,distance_invalide;
2,2024-01-12 23:00:13,2024-01-12 23:10:09,,1.56,,,170,79,0,9.99,0.0,0.5,0.0,0.0,1.0,13.99,,,passagers_invalides;
1,2024-01-14 14:05:44,2024-01-14 14:15:09,,0.8,,,68,163,0,8.6,0.0,0.5,1.89,0.0,1.0,14.49,,,passagers_invalides;
1,2024-01-31 05:28:48,2024-01-31 05:47:53,1.0,0.0,1.0,N,208,233,1,37.5,0.0,0.5,0.0,13.88,1.0,52.88,0.0,0.0,distance_invalide;
2,2024-01-25 11:08:17,2024-01-25 11:08:21,3.0,0.0,5.0,N,265,265,1,55.19,0.0,0.0,0.0,0.0,1.0,56.19,0.0,0.0,distance_invalide;
2,2024-01-31 09:08:00,2024-01-31 09:20:00,,1.89,,,75,237,0,16.76,0.0,0.5,3.11,0.0,1.0,23.87,,,passagers_invalides;
1,2024-01-04 06:33:36,2024-01-04 06:44:31,,0.0,,,140,142,0,11.38,0.0,0.5,0.0,0.0,1.0,15.38,,,distance_invalide;passagers_invalides;
2,2024-01-16 07:35:30,2024-01-16 08:02:56,,3.79,,,125,237,0,26.8,0.0,0.5,1.0,0.0,1.0,31.8,,,passagers_invalides;
2,2024-01-26 07:51:00,2024-01-26 07:59:00,,1.13,,,238,236,0,11.74,0.0,0.5,1.57,0.0,1.0,17.31,,,passagers_invalides;
1,2024-01-10 08:59:03,2024-01-10 09:17:03,0.0,3.3,1.0,N,236,48,1,17.0,2.5,0.5,4.2,0.0,1.0,25.2,2.5,0.0,passagers_invalides;
2,2024-01-09 07:41:28,2024-01-09 08:09:43,,3.05,,,48,236,0,26.21,0.0,0.5,6.04,0.0,1.0,36.25,,,passagers_invalides;
1,2024-01-24 13:37:14,2024-01-24 13:44:17,0.0,1.1,1.0,N,186,68,1,8.6,2.5,0.5,2.5,0.0,1.0,15.1,2.5,0.0,passagers_invalides;
2,2024-01-10 19:20:08,2024-01-10 19:29:01,,0.99,,,25,25,0,6.83,0.0,0.5,0.0,0.0,1.0,8.33,,,passagers_invalides;
2,2024-01-17 21:26:59,2024-01-17 21:43:18,,8.06,,,209,236,0,22.54,0.0,0.5,0.0,0.0,1.0,26.54,,,passagers_invalides;
2,2024-01-24 19:02:08,2024-01-24 19:06:26,,0.63,,,148,114,0,14.22,0.0,0.5,3.64,0.0,1.0,21.86,,,passagers_invalides;
2,2024-01-15 14:45:22,2024-01-15 14:59:13,1.0,2.67,1.0,N,237,234,4,-16.3,0.0,-0.5,0.0,0.0,-1.0,-20.3,-2.5,0.0,montant_invalide;
1,2024-01-10 07:04:49,2024-01-10 07:08:05,,0.0,,,112,112,0,6.83,0.0,0.5,0.0,0.0,1.0,8.33,,,distance_invalide;passagers_invalides;
1,2024-01-14 17:59:37,2024-01-14 18:03:27,0.0,0.3,1.0,N,230,161,1,5.1,2.5,0.5,1.8,0.0,1.0,10.9,2.5,0.0,passagers_invalides;
1,2024-01-30 21:15:35,2024-01-30 21:28:03,,1.7,,,170,141,0,12.36,0.0,0.5,0.0,0.0,1.0,16.36,,,passagers_invalides;
2,2024-01-06 16:52:24,2024-01-06 17:04:11,,1.47,,,140,236,0,12.37,0.0,0.5,0.0,0.0,1.0,16.37,,,passagers_invalides;
2,2024-01-23 08:52:35,2024-01-23 09:24:14,,8.24,,,263,125,0,40.97,0.0,0.5,0.0,0.0,1.0,44.97,,,passagers_invalides;
2,2024-01-11 09:11:39,2024-01-11 09:44:24,,10.49,,,100,138,0,45.15,0.0,0.5,0.0,6.94,1.0,56.09,,,passagers_invalides;
2,2024-01-11 12:16:22,2024-01-11 12:22:52,,0.6,,,229,162,0,11.74,0.0,0.5,3.94,0.0,1.0,19.68,,,passagers_invalides;
2,2024-01-03 01:21:54,2024-01-03 01:28:52,,1.67,,,141,142,0,11.58,0.0,0.5,3.12,0.0,1.0,18.7,,,passagers_invalides;
1,2024-01-01 05:22:55,2024-01-01 05:33:15,,0.0,,,20,212,0,12.54,0.0,0.5,0.0,0.0,1.0,14.04,,,distance_invalide;passagers_invalides;
2,2024-01-17 11:51:27,2024-01-17 12:09:16,,3.03,,,140,41,0,20.01,0.0,0.5,0.0,0.0,1.0,24.01,,,passagers_invalides;
2,2024-01-17 20:53:05,2024-01-17 21:07:07,1.0,1.26,1.0,N,142,238,2,-12.8,-1.0,-0.5,0.0,0.0,-1.0,-17.8,-2.5,0.0,montant_invalide;
2,2024-01-31 18:35:43,2024-01-31 18:35:52,1.0,0.0,1.0,N,107,107,2,-3.0,-2.5,-0.5,0.0,0.0,-1.0,-9.5,-2.5,0.0,distance_invalide;montant_invalide;
1,2024-01-20 09:01:26,2024-01-20 09:25:01,0.0,4.7,1.0,N,231,264,1,26.8,2.5,0.5,3.08,0.0,1.0,33.88,2.5,0.0,passagers_invalides;
1,2024-01-27 11:52:45,2024-01-27 12:10:03,,0.0,,,75,164,0,20.13,0.0,0.5,0.0,0.0,1.0,24.13,,,distance_invalide;passagers_invalides;
1,2024-01-11 12:29:57,2024-01-11 13:05:33,0.0,11.3,1.0,N,138,230,1,47.8,9.25,0.5,10.0,6.94,1.0,75.49,2.5,1.75,passagers_invalides;
2,2024-01-29 21:15:28,2024-01-29 21:15:36,1.0,0.0,1.0,N,263,263,2,3.0,1.0,0.5,0.0,0.0,1.0,8.0,2.5,0.0,distance_invalide;
2,2024-01-08 16:10:45,2024-01-08 16:11:12,4.0,0.0,5.0,N,142,142,2,68.58,0.0,0.0,0.0,0.0,1.0,72.08,2.5,0.0,distance_invalide;
2,2024-01-05 23:11:33,2024-01-05 23:40:07,1.0,0.0,1.0,N,75,236,2,3.0,1.0,0.5,0.0,0.0,1.0,5.5,0.0,0.0,distance_invalide;
2,2024-01-17 09:15:11,2024-01-17 09:40:58,,3.97,,,148,163,0,34.78,0.0,0.5,0.0,0.0,1.0,38.78,,,passagers_invalides;
1,2024-01-09 17:00:04,2024-01-09 18:03:48,1.0,0.0,99.0,N,231,116,1,33.5,0.0,0.5,0.0,0.0,1.0,35.0,0.0,0.0,distance_invalide;
1,2024-01-01 23:42:04,2024-01-01 23:47:35,,1.9,,,239,230,0,9.3,1.0,0.5,2.15,0.0,1.0,16.45,,,passagers_invalides;
2,2024-01-17 14:00:34,2024-01-17 14:05:30,2.0,0.53,1.0,N,142,143,4,-6.5,0.0,-0.5,0.0,0.0,-1.0,-10.5,-2.5,0.0,montant_invalide;
2,2024-01-25 02:16:07,2024-01-25 02:29:43,1.0,6.9,1.0,N,17,257,4,-27.5,-1.0,-0.5,0.0,0.0,-1.0,-30.0,0.0,0.0,montant_invalide;
1,2024-01-07 19:46:33,2024-01-07 20:00:31,0.0,9.3,1.0,N,138,116,1,35.9,6.75,0.5,8.0,6.94,1.0,59.09,0.0,1.75,passagers_invalides;
2,2024-01-01 03:43:26,2024-01-01 03:50:44,,1.28,,,197,216,0,13.48,0.0,0.5,0.0,0.0,1.0,14.98,,,passagers_invalides;
1,2024-01-20 11:06:13,2024-01-20 11:18:03,0.0,1.8,1.0,N,161,90,1,12.8,2.5,0.5,3.35,0.0,1.0,20.15,2.5,0.0,passagers_invalides;
2,2024-01-12 10:51:30,2024-01-12 11:21:14,1.0,0.0,3.0,N,186,1,1,43.3,0.0,0.0,20.0,13.38,1.0,77.68,0.0,0.0,distance_invalide;
2,2024-01-13 16:46:51,2024-01-13 17:19:33,,13.63,,,211,1,0,73.5,0.0,0.0,19.32,22.0,1.0,115.82,,,passagers_invalides;
2,2024-01-09 18:47:40,2024-01-09 18:51:40,,0.63,,,263,236,0,9.83,0.0,0.5,0.0,0.0,1.0,13.83,,,passagers_invalides;
1,2024-01-08 12:23:28,2024-01-08 12:38:51,,0.0,,,142,237,0,12.18,0.0,0.5,0.0,0.0,1.0,16.18,,,distance_invalide;passagers_invalides;
2,2024-01-16 00:51:55,2024-01-16 01:11:02,,7.79,,,33,141,0,28.98,0.0,0.5,0.0,0.0,1.0,32.98,,,passagers_invalides;
1,2024-01-30 15:33:43,2024-01-30 15:55:10,,5.5,,,151,90,0,26.1,0.0,0.5,4.51,0.0,1.0,34.61,,,passagers_invalides;
2,2024-01-17 17:27:29,2024-01-17 17:27:40,1.0,0.0,1.0,N,193,193,3,-3.0,-2.5,-0.5,0.0,0.0,-1.0,-7.0,0.0,0.0,distance_invalide;montant_invalide;
2,2024-01-24 20:31:34,2024-01-24 20:46:37,,2.4,,,246,229,0,18.49,0.0,0.5,0.0,0.0,1.0,22.49,,,passagers_invalides;
2,2024-01-01 03:50:10,2024-01-01 04:04:50,2.0,2.71,1.0,N,230,143,4,-17.0,-1.0,-0.5,0.0,0.0,-1.0,-22.0,-2.5,0.0,montant_invalide;
1,2024-01-30 09:35:22,2024-01-30 09:36:28,1.0,0.0,1.0,N,238,238,2,3.7,2.5,0.5,0.0,0.0,1.0,7.7,2.5,0.0,distance_invalide;
1,2024-01-21 16:16:28,2024-01-21 16:25:50,0.0,2.5,1.0,N,170,263,1,12.8,2.5,0.5,3.35,0.0,1.0,20.15,2.5,0.0,passagers_invalides;
2,2024-01-02 11:57:20,2024-01-02 12:07:34,2.0,0.0,1.0,N,162,186,1,10.0,0.0,0.5,2.8,0.0,1.0,16.8,2.5,0.0,distance_invalide;
2,2024-01-22 10:23:00,2024-01-22 10:43:00,,3.07,,,224,246,0,20.42,0.0,0.5,4.88,0.0,1.0,29.3,,,passagers_invalides;
1,2024-01-18 18:48:34,2024-01-18 18:59:10,0.0,1.4,1.0,N,100,107,4,10.7,5.0,0.5,0.0,0.0,1.0,17.2,2.5,0.0,passagers_invalides;
2,2024-01-17 07:57:00,2024-01-17 08:11:07,,2.77,,,142,161,0,17.4,0.0,0.5,3.21,0.0,1.0,24.61,,,passagers_invalides;
1,2024-01-30 10:36:49,2024-01-30 10:51:58,,1.5,,,236,140,0,14.9,0.0,0.5,1.89,0.0,1.0,20.79,,,passagers_invalides;
1,2024-01-25 18:15:14,2024-01-25 18:28:33,,0.0,,,170,164,0,9.63,0.0,0.5,0.0,0.0,1.0,13.63,,,distance_invalide;passagers_invalides;
1,2024-01-04 13:08:25,2024-01-04 13:31:16,1.0,0.0,99.0,N,258,131,1,28.5,0.0,0.5,0.0,0.0,1.0,30.0,0.0,0.0,distance_invalide;
1,2024-01-18 15:03:07,2024-01-18 15:03:38,1.0,0.0,5.0,N,144,144,1,25.9,0.0,0.0,5.4,0.0,1.0,32.3,0.0,0.0,distance_invalide;
2,2024-01-05 13:17:44,2024-01-05 13:21:52,2.0,0.6,1.0,N,140,237,2,-5.8,0.0,-0.5,0.0,0.0,-1.0,-9.8,-2.5,0.0,montant_invalide;
2,2024-01-01 02:24:35,2024-01-01 02:31:00,3.0,0.57,1.0,N,238,151,4,-7.9,-1.0,-0.5,0.0,0.0,-1.0,-12.9,-2.5,0.0,montant_invalide;
1,2024-01-19 07:41:35,2024-01-19 07:52:39,0.0,1.5,1.0,N,186,161,1,12.1,2.5,0.5,2.0,0.0,1.0,18.1,2.5,0.0,passagers_invalides;
1,2024-01-19 20:10:59,2024-01-19 20:13:06,1.0,0.0,1.0,N,143,143,3,4.4,3.5,0.5,0.0,0.0,1.0,9.4,2.5,0.0,distance_invalide;
2,2024-01-17 08:13:14,2024-01-17 08:32:58,1.0,1.73,1.0,N,50,162,2,-17.7,0.0,-0.5,0.0,0.0,-1.0,-21.7,-2.5,0.0,montant_invalide;
2,2024-01-20 16:31:30,2024-01-20 16:46:47,,5.9,,,261,229,0,22.19,0.0,0.5,0.0,0.0,1.0,26.19,,,passagers_invalides;
2,2024-01-25 09:25:19,2024-01-25 09:25:28,2.0,0.0,2.0,N,70,70,2,-70.0,0.0,-0.5,0.0,0.0,-1.0,-73.25,0.0,-1.75,distance_invalide;montant_invalide;
2,2024-01-16 12:21:41,2024-01-16 12:36:04,,1.98,,,211,68,0,16.93,0.0,0.5,3.14,0.0,1.0,24.07,,,passagers_invalides;
6,2024-01-11 16:01:59,2024-01-11 17:01:42,,20.43,,,265,238,0,74.31,0.0,0.5,0.0,0.0,0.3,75.11,,,passagers_invalides;
2,2024-01-23 09:54:08,2024-01-23 10:04:40,1.0,0.66,1.0,N,237,141,2,-10.0,0.0,-0.5,0.0,0.0,-1.0,-14.0,-2.5,0.0,montant_invalide;
2,2024-01-06 13:38:03,2024-01-06 14:14:42,1.0,14.66,1.0,N,132,198,3,-57.6,0.0,-0.5,0.0,0.0,-1.0,-60.85,0.0,-1.75,montant_invalide;
2,2024-01-09 22:12:12,2024-01-09 22:28:54,,4.16,,,161,238,0,22.1,0.0,0.5,0.0,0.0,1.0,26.1,,,passagers_invalides;
1,2024-01-28 01:35:38,2024-01-28 01:47:12,,0.0,,,249,231,0,13.09,0.0,0.5,0.0,0.0,1.0,17.09,,,distance_invalide;passagers_invalides;
2,2024-01-28 01:19:48,2024-01-28 01:32:36,,2.56,,,79,229,0,16.79,0.0,0.5,0.0,0.0,1.0,20.79,,,passagers_invalides;
2,2024-01-12 17:29:17,2024-01-12 18:00:32,,9.43,,,168,87,0,41.86,0.0,0.5,0.0,0.0,1.0,45.86,,,passagers_invalides;
1,2024-01-01 06:54:02,2024-01-01 07:03:50,,0.0,,,68,79,0,13.03,0.0,0.5,0.0,0.0,1.0,17.03,,,distance_invalide;passagers_invalides;
1,2024-01-19 20:01:05,2024-01-19 20:23:11,,5.1,,,229,231,0,31.95,0.0,0.5,0.0,0.0,1.0,35.95,,,passagers_invalides;
2,2024-01-02 04:23:46,2024-01-02 04:23:53,1.0,0.0,5.0,N,186,186,1,8.0,0.0,0.0,3.45,0.0,1.0,14.95,2.5,0.0,distance_invalide;
2,2024-01-29 15:45:01,2024-01-29 15:53:32,1.0,1.34,1.0,N,79,137,4,-10.0,0.0,-0.5,0.0,0.0,-1.0,-14.0,-2.5,0.0,montant_invalide;
2,2024-01-03 07:28:43,2024-01-03 07:47:29,,5.39,,,239,231,0,38.61,0.0,0.5,8.52,0.0,1.0,51.13,,,passagers_invalides;
2,2024-01-22 20:48:55,2024-01-22 21:05:16,,3.49,,,162,41,0,21.24,0.0,0.5,0.0,0.0,1.0,25.24,,,passagers_invalides;
1,2024-01-09 18:07:44,2024-01-09 18:11:37,,0.5,,,100,161,0,5.8,2.5,0.5,1.85,0.0,1.0,14.15,,,passagers_invalides;
1,2024-01-17 09:15:43,2024-01-17 09:38:58,,0.0,,,239,140,0,27.89,0.0,0.5,0.0,0.0,1.0,31.89,,,distance_invalide;passagers_invalides;
2,2024-01-11 22:25:00,2024-01-11 22:44:00,,3.32,,,79,230,0,28.84,0.0,0.5,6.57,0.0,1.0,39.41,,,passagers_invalides;
2,2024-01-13 19:04:46,2024-01-13 19:19:56,1.0,0.0,1.0,N,100,237,1,13.5,0.0,0.5,5.25,0.0,1.0,22.75,2.5,0.0,distance_invalide;
2,2024-01-27 16:25:53,2024-01-27 16:43:09,,2.55,,,162,148,0,19.85,0.0,0.5,4.77,0.0,1.0,28.62,,,passagers_invalides;
2,2024-01-09 20:24:44,2024-01-09 20:43:39,1.0,0.0,1.0,N,68,161,1,15.6,2.5,0.5,4.42,0.0,1.0,26.52,2.5,0.0,distance_invalide;
2,2024-01-16 20:18:09,2024-01-16 20:27:55,,1.2,,,161,246,0,12.52,0.0,0.5,0.0,0.0,1.0,16.52,,,passagers_invalides;
2,2024-01-01 16:03:08,2024-01-01 16:16:10,,2.04,,,234,161,0,19.5,0.0,0.5,0.0,0.0,1.0,23.5,,,passagers_invalides;
1,2024-01-29 03:02:42,2024-01-29 03:10:08,,0.0,,,246,48,0,7.94,0.0,0.5,0.0,0.0,1.0,11.94,,,distance_invalide;passagers_invalides;
1,2024-01-14 20:04:43,2024-01-14 20:44:34,,12.3,,,138,246,0,54.8,7.75,0.5,9.98,0.0,1.0,76.53,,,passagers_invalides;
2,2024-01-14 20:59:52,2024-01-14 21:10:03,1.0,1.04,1.0,N,246,48,4,-10.7,-1.0,-0.5,0.0,0.0,-1.0,-15.7,-2.5,0.0,montant_invalide;
2,2024-01-22 13:14:49,2024-01-22 13:32:26,,3.07,,,231,68,0,18.26,0.0,0.5,3.34,0.0,1.0,25.6,,,passagers_invalides;
1,2024-01-07 01:24:21,2024-01-07 01:33:47,,2.8,,,114,48,0,15.06,0.0,0.5,0.0,0.0,1.0,19.06,,,passagers_invalides;
2,2024-01-23 15:11:48,2024-01-23 15:30:54,,2.84,,,24,262,0,20.92,0.0,0.5,1.25,0.0,1.0,26.17,,,passagers_invalides;
1,2024-01-24 11:12:14,2024-01-24 11:47:45,,8.3,,,231,74,0,43.15,0.0,0.5,0.0,0.0,1.0,47.15,,,passagers_invalides;
1,2024-01-17 09:08:40,2024-01-17 09:26:22,,0.0,,,140,170,0,24.0,0.0,0.5,5.6,0.0,1.0,35.6,,,distance_invalide;passagers_invalides;
1,2024-01-30 21:45:32,2024-01-30 22:04:57,,3.1,,,142,249,0,19.8,1.0,0.5,4.96,0.0,1.0,29.76,,,passagers_invalides;
2,2024-01-17 14:41:40,2024-01-17 14:53:08,,1.28,,,164,233,0,11.8,0.0,0.5,0.0,0.0,1.0,15.8,,,passagers_invalides;
2,2024-01-12 07:14:11,2024-01-12 08:03:47,,18.76,,,33,174,0,65.19,0.0,0.5,0.0,0.0,1.0,69.19,,,passagers_invalides;
2,2024-01-06 23:52:07,2024-01-07 00:07:23,,4.07,,,107,87,0,16.36,0.0,0.5,0.0,0.0,1.0,20.36,,,passagers_invalides;
2,2024-01-28 01:49:25,2024-01-28 02:03:11,1.0,0.0,1.0,N,148,229,1,12.1,1.0,0.5,3.42,0.0,1.0,20.52,2.5,0.0,distance_invalide;
1,2024-01-07 22:04:48,2024-01-07 22:30:37,,4.7,,,113,239,0,25.94,0.0,0.5,0.0,0.0,1.0,29.94,,,passagers_invalides;
2,2024-01-14 13:14:09,2024-01-14 13:14:13,1.0,0.0,5.0,N,88,88,1,10.0,0.0,0.0,2.7,0.0,1.0,16.2,2.5,0.0,distance_invalide;
1,2024-01-13 13:41:45,2024-01-13 13:42:02,1.0,0.0,1.0,N,100,100,4,3.0,2.5,0.5,0.0,0.0,1.0,7.0,2.5,0.0,distance_invalide;
1,2024-01-12 11:16:20,2024-01-12 11:35:31,,1.6,,,162,263,0,16.3,0.0,0.5,2.03,0.0,1.0,22.33,,,passagers_invalides;
2,2024-01-22 09:51:46,2024-01-22 10:11:19,,2.84,,,140,41,0,22.35,0.0,0.5,0.0,0.0,1.0,26.35,,,passagers_invalides;
1,2024-01-04 09:36:33,2024-01-04 09:47:25,,1.7,,,239,142,0,10.29,0.0,0.5,0.0,0.0,1.0,11.79,,,passagers_invalides;
1,2024-01-24 20:32:08,2024-01-24 20:40:43,0.0,1.8,1.0,N,239,24,1,10.0,3.5,0.5,3.0,0.0,1.0,18.0,2.5,0.0,passagers_invalides;
2,2024-01-02 11:48:35,2024-01-02 11:58:19,1.0,1.83,1.0,N,162,224,2,-10.7,0.0,-0.5,0.0,0.0,-1.0,-14.7,-2.5,0.0,montant_invalide;
2,2024-01-03 20:37:13,2024-01-03 21:02:43,,4.63,,,230,87,0,30.82,0.0,0.5,6.96,0.0,1.0,41.78,,,passagers_invalides;
1,2024-01-24 17:24:04,2024-01-24 17:58:34,,5.3,,,231,239,0,38.23,0.0,0.5,0.0,0.0,1.0,42.23,,,passagers_invalides;
2,2024-01-08 23:02:56,2024-01-08 23:15:41,1.0,2.22,1.0,N,162,236,4,-14.9,-1.0,-0.5,0.0,0.0,-1.0,-19.9,-2.5,0.0,montant_invalide;
2,2024-01-02 17:34:48,2024-01-02 17:48:33,,1.06,,,100,43,0,18.92,0.0,0.5,2.29,0.0,1.0,25.21,,,passagers_invalides;
2,2024-01-15 06:14:43,2024-01-15 06:25:04,,3.2,,,79,237,0,16.31,0.0,0.5,0.0,0.0,1.0,20.31,,,passagers_invalides;
2,2024-01-27 16:44:18,2024-01-27 16:54:23,1.0,3.41,1.0,N,132,216,4,-15.6,0.0,-0.5,0.0,0.0,-1.0,-18.85,0.0,-1.75,montant_invalide;
1,2024-01-01 15:16:07,2024-01-01 15:25:19,0.0,2.5,1.0,N,79,229,1,12.8,2.5,0.5,3.35,0.0,1.0,20.15,2.5,0.0,passagers_invalides;
1,2024-01-04 17:44:27,2024-01-04 18:13:32,0.0,2.4,1.0,N,162,143,1,24.0,5.0,0.5,3.05,0.0,1.0,33.55,2.5,0.0,passagers_invalides;
2,2024-01-22 17:21:09,2024-01-22 17:21:16,1.0,0.0,1.0,N,264,264,3,-3.0,-2.5,-0.5,-0.01,0.0,-1.0,-7.01,0.0,0.0,distance_invalide;montant_invalide;
1,2024-01-12 20:04:14,2024-01-12 20:28:12,,2.5,,,237,186,0,21.9,2.5,0.5,4.26,0.0,1.0,32.66,,,passagers_invalides;
2,2024-01-25 14:42:30,2024-01-25 14:52:30,1.0,0.97,1.0,N,164,137,4,-10.0,0.0,-0.5,0.0,0.0,-1.0,-14.0,-2.5,0.0,montant_invalide;
2,2024-01-20 19:29:29,2024-01-20 19:54:08,,2.94,,,141,186,0,31.81,0.0,0.5,3.58,0.0,1.0,39.39,,,passagers_invalides;
1,2024-01-20 07:55:07,2024-01-20 08:21:02,,0.0,,,25,121,0,41.95,0.0,0.5,0.0,0.0,1.0,43.45,,,distance_invalide;passagers_invalides;
2,2024-01-01 16:10:54,2024-01-01 16:22:09,,2.06,,,166,143,0,13.77,0.0,0.5,2.67,0.0,1.0,20.44,,,passagers_invalides;
2,2024-01-22 23:50:16,2024-01-23 00:00:03,1.0,2.07,1.0,N,161,90,3,-10.7,-1.0,-0.5,0.0,0.0,-1.0,-15.7,-2.5,0.0,montant_invalide;
2,2024-01-04 06:40:02,2024-01-04 07:05:05,,5.21,,,77,181,0,27.67,0.0,0.5,0.0,0.0,1.0,29.17,,,passagers_invalides;
1,2024-01-27 10:42:32,2024-01-27 10:52:18,,2.1,,,48,158,0,12.1,0.0,0.5,2.42,0.0,1.0,18.52,,,passagers_invalides;
2,2024-01-15 14:06:21,2024-01-15 14:06:32,1.0,0.0,5.0,N,107,107,1,35.0,0.0,0.0,0.0,0.0,1.0,38.5,2.5,0.0,distance_invalide;
2,2024-01-02 22:53:10,2024-01-02 23:03:09,1.0,1.28,1.0,N,230,90,4,-10.7,-1.0,-0.5,0.0,0.0,-1.0,-15.7,-2.5,0.0,montant_invalide;
1,2024-01-05 22:15:36,2024-01-05 22:32:39,,3.0,,,68,141,0,18.4,1.0,0.5,4.68,0.0,1.0,28.08,,,passagers_invalides;
1,2024-01-22 08:09:30,2024-01-22 08:20:18,1.0,0.0,1.0,N,145,145,2,10.0,0.0,0.5,0.0,0.0,1.0,11.5,0.0,0.0,distance_invalide;
1,2024-01-24 17:02:58,2024-01-24 17:18:57,,0.0,,,164,161,0,13.09,0.0,0.5,0.0,0.0,1.0,17.09,,,distance_invalide;passagers_invalides;
2,2024-01-17 14:53:14,2024-01-17 15:15:18,,2.75,,,246,239,0,31.77,0.0,0.5,0.0,0.0,1.0,35.77,,,passagers_invalides;
1,2024-01-04 05:41:51,2024-01-04 05:54:20,,2.5,,,100,237,0,14.9,1.0,0.5,1.99,0.0,1.0,21.89,,,passagers_invalides;
1,2024-01-22 07:43:31,2024-01-22 08:21:39,,0.0,,,244,161,0,37.15,0.0,0.5,0.0,0.0,1.0,41.15,,,distance_invalide;passagers_invalides;
1,2024-01-28 00:33:45,2024-01-28 00:47:51,0.0,2.5,1.0,N,246,143,1,16.3,3.5,0.5,4.25,0.0,1.0,25.55,2.5,0.0,passagers_invalides;
2,2024-01-12 22:07:26,2024-01-12 22:07:32,3.0,0.0,2.0,N,43,237,2,70.0,0.0,0.5,0.0,0.0,1.0,74.0,2.5,0.0,distance_invalide;
2,2024-01-05 23:35:00,2024-01-05 23:49:00,,2.6,,,79,246,0,22.55,0.0,0.5,5.31,0.0,1.0,31.86,,,passagers_invalides;
2,2024-01-14 19:11:55,2024-01-14 19:15:36,3.0,0.76,1.0,N,48,143,3,-5.8,0.0,-0.5,0.0,0.0,-1.0,-9.8,-2.5,0.0,montant_invalide;
1,2024-01-24 19:55:17,2024-01-24 20:00:42,,1.5,,,236,238,0,8.6,1.0,0.5,2.72,0.0,1.0,16.32,,,passagers_invalides;
2,2024-01-01 11:50:22,2024-01-01 12:12:43,,6.67,,,166,233,0,29.93,0.0,0.5,0.0,0.0,1.0,33.93,,,passagers_invalides;
2,2024-01-28 19:59:41,2024-01-28 20:12:42,1.0,2.58,1.0,N,234,237,4,-15.6,0.0,-0.5,0.0,0.0,-1.0,-19.6,-2.5,0.0,montant_invalide;
2,2024-01-10 07:26:49,2024-01-10 07:39:02,,2.96,,,140,230,0,15.73,0.0,0.5,0.0,0.0,1.0,19.73,,,passagers_invalides;
1,2024-01-20 10:59:09,2024-01-20 11:08:26,,0.0,,,140,107,0,12.52,0.0,0.5,0.0,0.0,1.0,16.52,,,distance_invalide;passagers_invalides;
1,2024-01-30 17:26:16,2024-01-30 17:42:27,,1.7,,,164,229,0,12.8,2.5,0.5,2.9,0.0,1.0,22.2,,,passagers_invalides;
1,2024-01-13 20:48:39,2024-01-13 20:48:47,1.0,0.0,1.0,N,114,114,1,3.0,3.5,0.5,4.0,0.0,1.0,12.0,2.5,0.0,distance_invalide;
1,2024-01-01 03:32:49,2024-01-01 03:37:38,0.0,0.8,1.0,N,170,170,1,7.2,3.5,0.5,2.4,0.0,1.0,14.6,2.5,0.0,passagers_invalides;
2,2024-01-21 18:29:00,2024-01-21 18:36:59,,1.23,,,47,167,0,7.33,0.0,0.5,0.0,0.0,1.0,8.83,,,passagers_invalides;
2,2024-01-05 09:16:36,2024-01-05 09:21:54,,1.53,,,143,246,0,8.02,0.0,0.5,0.0,0.0,1.0,12.02,,,passagers_invalides;
2,2024-01-06 19:45:12,2024-01-06 20:03:53,,4.39,,,193,100,0,19.72,0.0,0.5,0.0,0.0,1.0,23.72,,,passagers_invalides;
2,2024-01-30 15:14:35,2024-01-30 15:14:49,1.0,0.01,1.0,N,7,193,3,-3.0,0.0,-0.5,0.0,0.0,-1.0,-4.5,0.0,0.0,montant_invalide;
2,2024-01-21 06:07:26,2024-01-21 06:20:58,,3.55,,,211,255,0,18.53,0.0,0.5,4.51,0.0,1.0,27.04,,,passagers_invalides;
2,2024-01-05 11:24:21,2024-01-05 12:14:56,,20.6,,,88,265,0,63.77,0.0,0.5,0.0,6.94,1.0,74.71,,,passagers_invalides;
2,2024-01-27 16:58:17,2024-01-27 17:14:04,1.0,1.28,1.0,N,230,68,4,-14.2,0.0,-0.5,0.0,0.0,-1.0,-18.2,-2.5,0.0,montant_invalide;
1,2024-01-04 08:46:54,2024-01-04 09:06:20,,1.9,,,163,140,0,16.3,0.0,0.5,3.04,0.0,1.0,23.34,,,passagers_invalides;
2,2024-01-05 18:28:13,2024-01-05 18:29:32,1.0,0.0,2.0,N,230,230,1,70.0,5.0,0.5,8.0,6.94,1.0,93.94,2.5,0.0,distance_invalide;
2,2024-01-12 15:20:14,2024-01-12 15:20:19,1.0,0.01,1.0,N,162,162,4,-3.0,0.0,-0.5,0.0,0.0,-1.0,-7.0,-2.5,0.0,montant_invalide;
1,2024-01-21 12:28:50,2024-01-21 12:39:50,,0.0,,,236,237,0,15.34,0.0,0.5,0.0,0.0,1.0,19.34,,,distance_invalide;passagers_invalides;
2,2024-01-14 04:23:30,2024-01-14 04:29:36,,1.52,,,234,100,0,10.7,0.0,0.5,0.0,0.0,1.0,14.7,,,passagers_invalides;
2,2024-01-16 21:42:22,2024-01-16 21:42:39,1.0,0.0,1.0,N,132,132,4,-3.0,-1.0,-0.5,0.0,0.0,-1.0,-7.25,0.0,-1.75,distance_invalide;montant_invalide;
2,2024-01-10 09:27:32,2024-01-10 09:27:39,1.0,0.0,2.0,N,229,229,2,70.0,0.0,0.5,0.0,0.0,1.0,74.0,2.5,0.0,distance_invalide;
1,2024-01-11 22:25:20,2024-01-11 22:32:29,0.0,1.7,1.0,N,230,90,1,10.0,3.5,0.5,4.5,0.0,1.0,19.5,2.5,0.0,passagers_invalides;
2,2024-01-18 23:02:12,2024-01-18 23:02:41,1.0,0.0,1.0,N,138,138,3,3.0,6.0,0.5,0.0,0.0,1.0,10.5,0.0,0.0,distance_invalide;
2,2024-01-18 17:42:09,2024-01-18 17:53:56,,1.69,,,143,238,0,14.22,0.0,0.5,2.0,0.0,1.0,20.22,,,passagers_invalides;
2,2024-01-11 13:51:12,2024-01-11 15:06:37,,15.99,,,79,132,0,76.74,0.0,0.5,17.54,6.94,1.0,105.22,,,passagers_invalides;
2,2024-01-25 18:01:53,2024-01-25 18:20:24,,4.94,,,87,234,0,21.46,0.0,0.5,0.0,0.0,1.0,25.46,,,passagers_invalides;
2,2024-01-01 02:23:07,2024-01-01 02:31:17,,1.37,,,164,79,0,26.79,0.0,0.5,0.0,0.0,1.0,30.79,,,passagers_invalides;
2,2024-01-26 20:36:46,2024-01-26 20:42:51,,1.08,,,233,170,0,6.83,0.0,0.5,0.0,0.0,1.0,10.83,,,passagers_invalides;
2,2024-01-01 11:54:09,2024-01-01 12:14:41,,9.41,,,137,244,0,32.61,0.0,0.5,0.0,0.0,1.0,36.61,,,passagers_invalides;
1,2024-01-02 17:45:02,2024-01-02 17:55:52,,1.8,,,164,249,0,12.1,2.5,0.5,2.79,0.0,1.0,21.39,,,passagers_invalides;
2,2024-01-26 12:30:41,2024-01-26 12:39:10,1.0,0.0,1.0,N,239,43,1,8.6,0.0,0.5,2.52,0.0,1.0,15.12,2.5,0.0,distance_invalide;
2,2024-01-28 10:00:15,2024-01-28 10:20:33,,9.31,,,234,138,0,38.36,0.0,0.5,8.87,6.94,1.0,58.17,,,passagers_invalides;
2,2024-01-07 13:52:10,2024-01-07 14:06:14,1.0,2.28,1.0,N,114,100,4,-14.9,0.0,-0.5,0.0,0.0,-1.0,-18.9,-2.5,0.0,montant_invalide;
2,2024-01-05 17:15:17,2024-01-05 17:41:43,4.0,3.67,1.0,N,13,164,4,-24.7,-2.5,-0.5,0.0,0.0,-1.0,-31.2,-2.5,0.0,montant_invalide;
2,2024-01-11 22:37:47,2024-01-11 22:44:42,1.0,1.98,1.0,N,48,158,3,-10.7,-1.0,-0.5,0.0,0.0,-1.0,-15.7,-2.5,0.0,montant_invalide;
1,2024-01-25 17:50:00,2024-01-25 18:10:16,0.0,3.0,1.0,N,231,164,1,17.7,5.0,0.5,4.8,0.0,1.0,29.0,2.5,0.0,passagers_invalides;
1,2024-01-10 06:49:27,2024-01-10 07:11:11,0.0,7.0,1.0,N,132,135,1,29.6,1.75,0.5,6.55,0.0,1.0,39.4,0.0,1.75,passagers_invalides;
2,2024-01-09 11:09:32,2024-01-09 11:23:25,,1.41,,,140,237,0,13.06,0.0,0.5,3.41,0.0,1.0,20.47,,,passagers_invalides;
2,2024-01-01 10:05:21,2024-01-01 10:15:56,4.0,1.1,1.0,N,233,48,4,-11.4,0.0,-0.5,0.0,0.0,-1.0,-15.4,-2.5,0.0,montant_invalide;
1,2024-01-13 00:01:36,2024-01-13 00:25:14,0.0,4.0,1.0,N,114,50,1,24.0,3.5,0.5,7.25,0.0,1.0,36.25,2.5,0.0,passagers_invalides;
1,2024-01-10 11:35:05,2024-01-10 11:42:38,0.0,1.1,1.0,Y,161,141,1,8.6,2.5,0.5,2.5,0.0,1.0,15.1,2.5,0.0,passagers_invalides;
2,2024-01-04 08:13:40,2024-01-04 08:20:12,1.0,2.72,1.0,N,132,10,4,-12.8,0.0,-0.5,0.0,0.0,-1.0,-16.05,0.0,-1.75,montant_invalide;
1,2024-01-11 17:49:10,2024-01-11 17:54:30,,0.6,,,137,170,0,6.5,2.5,0.5,1.95,0.0,1.0,14.95,,,passagers_invalides;
2,2024-01-20 09:35:24,2024-01-20 09:35:28,1.0,0.0,5.0,N,132,132,1,15.0,0.0,0.0,3.2,0.0,1.0,19.2,0.0,0.0,distance_invalide;
1,2024-01-06 23:13:11,2024-01-06 23:26:01,,0.0,,,239,246,0,13.55,0.0,0.5,0.0,0.0,1.0,17.55,,,distance_invalide;passagers_invalides;
2,2024-01-25 17:25:19,2024-01-25 17:25:24,2.0,0.0,5.0,N,132,132,1,93.94,0.0,0.0,5.0,0.0,1.0,101.69,0.0,1.75,distance_invalide;
2,2024-01-21 01:42:20,2024-01-21 01:46:16,,0.91,,,90,68,0,10.58,0.0,0.5,0.0,0.0,1.0,14.58,,,passagers_invalides;
1,2024-01-19 06:08:40,2024-01-19 06:30:58,,7.0,,,41,138,0,33.02,0.0,0.5,0.0,6.94,1.0,41.46,,,passagers_invalides;
1,2024-01-13 18:00:34,2024-01-13 18:31:26,0.0,5.1,1.0,N,186,80,1,31.0,2.5,0.5,5.0,6.94,1.0,46.94,2.5,0.0,passagers_invalides;
1,2024-01-03 07:50:58,2024-01-03 07:54:15,0.0,0.8,1.0,N,237,162,1,6.5,2.5,0.5,2.1,0.0,1.0,12.6,2.5,0.0,passagers_invalides;
1,2024-01-11 15:38:17,2024-01-11 15:42:32,0.0,0.6,1.0,N,137,170,1,6.5,2.5,0.5,2.1,0.0,1.0,12.6,2.5,0.0,passagers_invalides;
2,2024-01-17 06:55:46,2024-01-17 07:03:01,,1.48,,,249,13,0,11.74,0.0,0.5,3.15,0.0,1.0,18.89,,,passagers_invalides;
1,2024-01-17 08:09:47,2024-01-17 08:14:44,,0.0,,,234,107,0,27.13,0.0,0.5,0.0,0.0,1.0,31.13,,,distance_invalide;passagers_invalides;
1,2024-01-05 11:08:42,2024-01-05 11:44:07,0.0,18.4,3.0,N,163,265,3,90.2,0.0,0.0,0.0,0.0,1.0,91.2,0.0,0.0,passagers_invalides;
2,2024-01-10 18:19:11,2024-01-10 18:42:32,1.0,0.0,1.0,N,234,141,1,19.1,1.0,0.5,2.0,0.0,1.0,26.1,2.5,0.0,distance_invalide;
2,2024-01-20 00:19:53,2024-01-20 00:37:26,,2.0,,,158,4,0,14.96,0.0,0.5,0.0,0.0,1.0,18.96,,,passagers_invalides;
1,2024-01-22 09:22:41,2024-01-22 09:22:50,1.0,0.0,1.0,N,161,161,3,3.0,2.5,0.5,0.0,0.0,1.0,7.0,2.5,0.0,distance_invalide;
2,2024-01-23 18:35:53,2024-01-23 18:47:11,,1.2,,,236,237,0,14.76,0.0,0.5,3.75,0.0,1.0,22.51,,,passagers_invalides;
1,2024-01-18 06:44:17,2024-01-18 07:35:37,1.0,0.0,1.0,N,215,107,1,42.0,0.0,0.5,0.0,6.94,1.0,50.44,0.0,0.0,distance_invalide;
2,2024-01-17 20:08:16,2024-01-17 20:45:54,1.0,12.46,1.0,N,132,61,4,-54.8,-1.0,-0.5,0.0,0.0,-1.0,-59.05,0.0,-1.75,montant_invalide;
1,2024-01-09 14:11:56,2024-01-09 14:33:01,0.0,1.9,1.0,N,236,229,1,18.4,2.5,0.5,2.24,0.0,1.0,24.64,2.5,0.0,passagers_invalides;
2,2024-01-25 14:51:20,2024-01-25 14:53:09,2.0,0.0,1.0,N,141,141,4,-3.7,0.0,-0.5,0.0,0.0,-1.0,-7.7,-2.5,0.0,distance_invalide;montant_invalide;
1,2024-01-06 11:48:32,2024-01-06 11:56:28,0.0,1.3,1.0,N,152,166,1,10.0,0.0,0.5,2.3,0.0,1.0,13.8,0.0,0.0,passagers_invalides;
2,2024-01-16 17:26:48,2024-01-16 17:46:01,,5.94,,,13,229,0,35.28,0.0,0.5,0.0,0.0,1.0,39.28,,,passagers_invalides;
1,2024-01-25 15:19:00,2024-01-25 15:50:34,,0.0,,,100,45,0,31.71,0.0,0.5,0.0,0.0,1.0,35.71,,,distance_invalide;passagers_invalides;
1,2024-01-15 18:30:44,2024-01-15 18:36:18,0.0,0.7,1.0,N,161,264,1,7.2,2.5,0.5,2.2,0.0,1.0,13.4,2.5,0.0,passagers_invalides;
2,2024-01-27 06:17:50,2024-01-27 06:24:59,,1.28,,,143,163,0,10.07,0.0,0.5,0.0,0.0,1.0,14.07,,,passagers_invalides;
1,2024-01-28 00:24:21,2024-01-28 00:31:07,,0.0,,,231,249,0,10.48,0.0,0.5,0.0,0.0,1.0,14.48,,,distance_invalide;passagers_invalides;
2,2024-01-23 10:20:18,2024-01-23 10:20:26,1.0,0.0,2.0,N,162,162,2,-70.0,0.0,-0.5,0.0,0.0,-1.0,-74.0,-2.5,0.0,distance_invalide;montant_invalide;
2,2024-01-01 03:43:20,2024-01-01 03:53:12,,2.56,,,4,229,0,44.31,0.0,0.5,0.0,0.0,1.0,48.31,,,passagers_invalides;
2,2024-01-21 02:52:50,2024-01-21 03:08:17,,5.27,,,114,263,0,23.8,0.0,0.5,0.0,0.0,1.0,27.8,,,passagers_invalides;
2,2024-01-21 02:20:23,2024-01-21 02:24:19,,0.56,,,250,182,0,19.83,0.0,0.5,0.0,0.0,1.0,21.33,,,passagers_invalides;
1,2024-01-20 22:31:54,2024-01-20 22:36:44,,0.0,,,142,48,0,10.83,0.0,0.5,0.0,0.0,1.0,14.83,,,distance_invalide;passagers_invalides;
1,2024-01-16 07:49:27,2024-01-16 07:56:07,,0.0,,,239,50,0,18.54,0.0,0.5,0.0,0.0,1.0,22.54,,,distance_invalide;passagers_invalides;
2,2024-01-03 18:17:13,2024-01-03 18:30:37,,3.77,,,13,50,0,18.57,0.0,0.5,0.0,0.0,1.0,22.57,,,passagers_invalides;
2,2024-01-28 01:10:50,2024-01-28 01:27:57,,6.25,,,88,263,0,30.22,0.0,0.5,0.0,0.0,1.0,34.22,,,passagers_invalides;
2,2024-01-16 19:38:07,2024-01-16 19:59:14,,6.14,,,161,87,0,28.6,0.0,0.5,0.0,0.0,1.0,32.6,,,passagers_invalides;
2,2024-01-30 06:38:31,2024-01-30 06:52:47,,2.39,,,238,230,0,14.9,0.0,0.5,0.94,0.0,1.0,19.84,,,passagers_invalides;
2,2024-01-13 06:26:55,2024-01-13 06:46:44,,3.59,,,76,39,0,18.63,0.0,0.5,0.0,0.0,1.0,20.13,,,passagers_invalides;
1,2024-01-14 18:34:46,2024-01-14 18:51:31,,9.6,,,138,141,0,37.3,6.75,0.5,8.25,6.94,1.0,63.24,,,passagers_invalides;
1,2024-01-17 22:03:21,2024-01-17 22:19:20,,0.0,,,231,143,0,26.3,0.0,0.5,0.0,0.0,1.0,30.3,,,distance_invalide;passagers_invalides;
2,2024-01-14 16:22:30,2024-01-14 16:33:47,,1.85,,,239,263,0,13.54,0.0,0.5,0.0,0.0,1.0,17.54,,,passagers_invalides;
2,2024-01-31 08:47:13,2024-01-31 09:05:47,,2.2,,,151,262,0,24.23,0.0,0.5,6.0,0.0,1.0,34.23,,,passagers_invalides;
2,2024-01-23 18:44:37,2024-01-23 19:06:02,,2.91,,,161,144,0,25.37,0.0,0.5,0.0,0.0,1.0,29.37,,,passagers_invalides;
1,2024-01-27 15:31:25,2024-01-27 15:43:59,,1.2,,,113,234,0,11.4,0.0,0.5,1.54,0.0,1.0,16.94,,,passagers_invalides;
2,2024-01-26 17:48:19,2024-01-26 17:48:26,1.0,0.0,5.0,N,161,161,1,85.0,0.0,0.0,17.7,0.0,1.0,106.2,2.5,0.0,distance_invalide;
2,2024-01-09 15:20:41,2024-01-09 15:47:35,,5.87,,,262,244,0,36.87,0.0,0.5,0.0,0.0,1.0,40.87,,,passagers_invalides;
1,2024-01-31 17:26:34,2024-01-31 17:35:53,0.0,1.4,1.0,N,142,237,1,9.3,5.0,0.5,3.15,0.0,1.0,18.95,2.5,0.0,passagers_invalides;
2,2024-01-12 03:26:22,2024-01-12 03:26:37,1.0,0.0,5.0,N,138,138,1,55.5,5.0,0.0,0.0,0.0,1.0,63.25,0.0,1.75,distance_invalide;
1,2024-01-06 06:55:24,2024-01-06 07:10:46,,3.0,,,140,246,0,16.25,0.0,0.5,0.0,0.0,1.0,20.25,,,passagers_invalides;
2,2024-01-04 19:52:36,2024-01-04 20:02:02,1.0,1.41,1.0,N,261,232,4,-10.7,-2.5,-0.5,0.0,0.0,-1.0,-17.2,-2.5,0.0,montant_invalide;
1,2024-01-18 16:03:29,2024-01-18 16:29:38,,3.3,,,43,186,0,22.6,2.5,0.5,5.23,0.0,1.0,34.33,,,passagers_invalides;
1,2024-01-04 19:48:46,2024-01-04 20:01:32,,0.0,,,230,239,0,13.63,0.0,0.5,0.0,0.0,1.0,17.63,,,distance_invalide;passagers_invalides;
1,2024-01-27 01:07:48,2024-01-27 01:12:43,,0.7,,,107,113,0,5.8,1.0,0.5,1.62,0.0,1.0,12.42,,,passagers_invalides;
2,2024-01-17 08:12:21,2024-01-17 09:17:36,,17.44,,,68,132,0,80.96,0.0,0.5,18.38,6.94,1.0,110.28,,,passagers_invalides;
2,2024-01-02 17:11:05,2024-01-02 17:18:20,1.0,0.0,1.0,N,90,68,1,7.9,2.5,0.5,2.88,0.0,1.0,17.28,2.5,0.0,distance_invalide;
1,2024-01-27 09:51:37,2024-01-27 10:38:01,1.0,0.0,99.0,N,41,61,1,52.5,0.0,0.5,0.0,0.0,1.0,54.0,0.0,0.0,distance_invalide;
1,2024-01-17 15:35:03,2024-01-17 15:35:37,1.0,0.0,2.0,N,193,193,2,70.0,0.0,0.5,0.0,0.0,1.0,71.5,0.0,0.0,distance_invalide;
2,2024-01-26 17:17:41,2024-01-26 17:46:12,,5.65,,,163,13,0,43.09,0.0,0.5,0.0,0.0,1.0,47.09,,,passagers_invalides;
2,2024-01-09 11:07:38,2024-01-09 11:08:39,1.0,0.0,1.0,N,207,207,2,3.0,0.0,0.5,0.0,0.0,1.0,4.5,0.0,0.0,distance_invalide;
2,2024-01-28 10:29:01,2024-01-28 10:39:20,1.0,2.13,1.0,N,151,166,4,-12.8,0.0,-0.5,0.0,0.0,-1.0,-14.3,0.0,0.0,montant_invalide;
1,2024-01-09 22:00:39,2024-01-09 22:05:56,,0.0,,,164,137,0,10.33,0.0,0.5,0.0,0.0,1.0,14.33,,,distance_invalide;passagers_invalides;
2,2024-01-20 23:45:39,2024-01-21 00:07:38,1.0,13.89,1.0,N,132,157,4,-52.7,-1.0,-0.5,0.0,0.0,-1.0,-56.95,0.0,-1.75,montant_invalide;
1,2024-01-27 19:25:32,2024-01-27 19:33:00,0.0,0.9,1.0,N,142,239,2,7.9,2.5,0.5,0.0,0.0,1.0,11.9,2.5,0.0,passagers_invalides;
2,2024-01-08 17:54:44,2024-01-08 17:55:15,1.0,0.14,5.0,N,239,239,3,-10.74,0.0,-0.5,0.0,0.0,-1.0,-14.74,-2.5,0.0,montant_invalide;
2,2024-01-16 17:15:02,2024-01-16 17:29:51,,2.11,,,88,144,0,14.28,0.0,0.5,0.0,0.0,1.0,18.28,,,passagers_invalides;
1,2024-01-04 20:47:26,2024-01-04 20:52:12,,1.1,,,137,79,0,10.16,0.0,0.5,0.0,0.0,1.0,14.16,,,passagers_invalides;
2,2024-01-08 19:33:35,2024-01-08 20:03:43,1.0,8.69,1.0,N,138,236,2,-38.0,-7.5,-0.5,0.0,-6.94,-1.0,-58.19,-2.5,-1.75,montant_invalide;
1,2024-01-04 17:58:46,2024-01-04 18:12:40,0.0,1.8,1.0,N,142,238,1,14.2,5.0,0.5,4.1,0.0,1.0,24.8,2.5,0.0,passagers_invalides;
2,2024-01-26 19:25:13,2024-01-26 19:33:12,,0.99,,,68,249,0,8.0,0.0,0.5,0.0,0.0,1.0,12.0,,,passagers_invalides;
2,2024-01-09 21:26:58,2024-01-09 21:39:45,,3.55,,,209,79,0,15.96,0.0,0.5,0.0,0.0,1.0,19.96,,,passagers_invalides;
1,2024-01-06 12:45:04,2024-01-06 13:01:16,0.0,5.7,1.0,N,113,262,1,26.1,2.5,0.5,2.0,0.0,1.0,32.1,2.5,0.0,passagers_invalides;
1,2024-01-20 23:09:18,2024-01-20 23:25:04,,0.0,,,61,33,0,15.38,0.0,0.5,0.0,0.0,1.0,16.88,,,distance_invalide;passagers_invalides;
2,2024-01-13 06:27:46,2024-01-13 06:43:17,,5.34,,,7,234,0,3.64,0.0,0.5,3.0,0.0,1.0,10.64,,,passagers_invalides;
2,2024-01-13 11:31:52,2024-01-13 15:49:46,1.0,0.0,5.0,N,138,132,1,110.0,0.0,0.0,0.0,0.0,0.0,111.75,0.0,1.75,distance_invalide;
2,2024-01-05 09:45:00,2024-01-05 10:03:00,,5.61,,,238,90,0,28.86,0.0,0.5,4.93,0.0,1.0,37.79,,,passagers_invalides;
1,2024-01-03 20:42:50,2024-01-03 20:51:53,,0.9,,,161,163,0,9.3,1.0,0.5,1.43,0.0,1.0,15.73,,,passagers_invalides;
2,2024-01-14 23:27:40,2024-01-14 23:40:05,1.0,0.0,1.0,N,48,24,1,11.4,1.0,0.5,3.28,0.0,1.0,19.68,2.5,0.0,distance_invalide;
1,2024-01-20 15:24:48,2024-01-20 15:57:04,,7.0,,,237,33,0,39.15,0.0,0.5,0.0,0.0,1.0,43.15,,,passagers_invalides;
1,2024-01-04 04:45:28,2024-01-04 05:00:54,1.0,0.0,1.0,N,213,159,1,20.5,0.0,0.5,0.0,0.0,1.0,22.0,0.0,0.0,distance_invalide;
2,2024-01-04 17:35:53,2024-01-04 17:46:38,,1.13,,,238,24,0,7.01,0.0,0.5,0.0,0.0,1.0,11.01,,,passagers_invalides;
2,2024-01-22 18:16:20,2024-01-22 18:16:32,1.0,0.0,5.0,N,265,265,1,120.0,0.0,0.0,5.0,0.0,1.0,126.0,0.0,0.0,distance_invalide;
2,2024-01-20 23:27:27,2024-01-20 23:40:31,,1.49,,,79,158,0,13.87,0.0,0.5,0.0,0.0,1.0,17.87,,,passagers_invalides;
2,2024-01-17 19:07:51,2024-01-17 19:14:30,,1.37,,,239,151,0,7.72,0.0,0.5,0.0,0.0,1.0,11.72,,,passagers_invalides;
1,2024-01-30 08:31:33,2024-01-30 08:43:45,0.0,2.0,1.0,N,140,236,1,12.8,2.5,0.5,3.35,0.0,1.0,20.15,2.5,0.0,passagers_invalides;
2,2024-01-17 17:35:00,2024-01-17 18:20:00,,5.61,,,193,79,0,30.05,0.0,0.5,6.81,0.0,1.0,40.86,,,passagers_invalides;
1,2024-01-01 01:22:35,2024-01-01 01:45:29,,0.0,,,229,166,0,29.91,0.0,0.5,0.0,0.0,1.0,33.91,,,distance_invalide;passagers_invalides;
2,2024-01-17 20:16:57,2024-01-17 20:17:05,1.0,0.0,5.0,N,132,132,2,17.0,0.0,0.0,0.0,0.0,1.0,18.0,0.0,0.0,distance_invalide;
2,2024-01-14 23:37:01,2024-01-14 23:46:15,,1.6,,,249,68,0,10.35,0.0,0.5,0.0,0.0,1.0,14.35,,,passagers_invalides;
1,2024-01-07 15:34:36,2024-01-07 15:55:50,,5.0,,,261,48,0,27.94,0.0,0.5,0.0,0.0,1.0,31.94,,,passagers_invalides;
1,2024-01-27 18:04:18,2024-01-27 18:19:53,0.0,0.7,1.0,N,186,48,2,13.5,2.5,0.5,0.0,0.0,1.0,17.5,2.5,0.0,passagers_invalides;
1,2024-01-12 22:19:39,2024-01-12 22:43:32,,5.6,,,97,107,0,25.04,0.0,0.5,0.0,0.0,1.0,29.04,,,passagers_invalides;
1,2024-01-02 13:07:32,2024-01-02 13:16:51,1.0,0.0,1.0,N,33,66,1,16.5,0.0,0.5,0.0,0.0,1.0,18.0,0.0,0.0,distance_invalide;
2,2024-01-16 23:07:16,2024-01-16 23:16:29,,1.37,,,79,144,0,12.21,0.0,0.5,0.0,0.0,1.0,16.21,,,passagers_invalides;
2,2024-01-01 03:43:14,2024-01-01 03:55:42,,2.96,,,48,263,0,42.85,0.0,0.5,0.0,0.0,1.0,46.85,,,passagers_invalides;
1,2024-01-28 07:46:30,2024-01-28 07:52:02,,0.0,,,107,162,0,8.34,0.0,0.5,0.0,0.0,1.0,12.34,,,distance_invalide;passagers_invalides;
1,2024-01-27 13:51:37,2024-01-27 14:11:42,0.0,2.4,1.0,N,50,90,1,19.1,2.5,0.5,4.6,0.0,1.0,27.7,2.5,0.0,passagers_invalides;
1,2024-01-04 19:10:33,2024-01-04 19:20:25,0.0,1.4,1.0,N,230,246,4,10.0,5.0,0.5,0.0,0.0,1.0,16.5,2.5,0.0,passagers_invalides;
2,2024-01-18 08:45:13,2024-01-18 08:56:11,,1.55,,,145,193,0,14.77,0.0,0.5,3.25,0.0,1.0,19.52,,,passagers_invalides;
1,2024-01-14 02:12:34,2024-01-14 02:12:48,1.0,0.0,1.0,N,233,233,3,3.0,3.5,0.5,0.0,0.0,1.0,8.0,2.5,0.0,distance_invalide;
2,2024-01-01 00:59:32,2024-01-01 01:14:32,,2.61,,,164,231,0,27.36,0.0,0.5,0.0,0.0,1.0,31.36,,,passagers_invalides;
2,2024-01-26 08:40:00,2024-01-26 08:55:00,,2.77,,,79,229,0,17.46,0.0,0.5,0.0,0.0,1.0,21.46,,,passagers_invalides;
2,2024-01-03 22:14:17,2024-01-03 22:27:28,,2.6,,,151,75,0,15.7,0.0,0.5,0.0,0.0,1.0,17.2,,,passagers_invalides;
1,2024-01-26 22:44:25,2024-01-26 23:16:46,0.0,2.1,1.0,N,186,229,1,27.5,3.5,0.5,0.0,0.0,1.0,32.5,2.5,0.0,passagers_invalides;
1,2024-01-20 19:07:28,2024-01-20 19:20:53,0.0,2.8,1.0,N,107,237,1,14.2,2.5,0.5,3.6,0.0,1.0,21.8,2.5,0.0,passagers_invalides;
2,2024-01-25 07:15:35,2024-01-25 07:51:35,,10.84,,,142,138,0,43.39,0.0,0.5,10.87,6.94,1.0,65.2,,,passagers_invalides;
2,2024-01-23 16:02:38,2024-01-23 16:13:19,1.0,1.47,1.0,N,107,148,4,-11.4,-2.5,-0.5,0.0,0.0,-1.0,-17.9,-2.5,0.0,montant_invalide;
2,2024-01-23 08:40:10,2024-01-23 08:59:32,,2.93,,,68,68,0,20.18,0.0,0.5,0.0,0.0,1.0,24.18,,,passagers_invalides;
2,2024-01-21 00:10:39,2024-01-21 00:18:16,,1.35,,,163,50,0,3.82,0.0,0.5,0.0,0.0,1.0,7.82,,,passagers_invalides;
1,2024-01-05 16:46:06,2024-01-05 17:03:25,,2.6,,,140,238,0,17.7,2.5,0.5,4.84,0.0,1.0,29.04,,,passagers_invalides;
2,2024-01-17 09:00:37,2024-01-17 09:09:37,,0.99,,,113,158,0,16.08,0.0,0.5,0.0,0.0,1.0,20.08,,,passagers_invalides;
2,2024-01-28 13:25:02,2024-01-28 13:46:45,,2.89,,,262,163,0,19.8,0.0,0.5,0.0,0.0,1.0,23.8,,,passagers_invalides;
1,2024-01-05 15:24:29,2024-01-05 15:57:16,0.0,10.8,1.0,N,138,161,1,45.7,9.25,0.5,12.65,6.94,1.0,76.04,2.5,1.75,passagers_invalides;
2,2024-01-16 20:28:08,2024-01-16 20:52:41,,2.75,,,239,164,0,22.68,0.0,0.5,0.0,0.0,1.0,26.68,,,passagers_invalides;
1,2024-01-28 15:04:49,2024-01-28 15:24:22,0.0,3.5,1.0,N,151,140,1,19.8,2.5,0.5,4.76,0.0,1.0,28.56,2.5,0.0,passagers_invalides;
2,2024-01-09 16:27:27,2024-01-09 16:48:52,,2.42,,,140,230,0,19.44,0.0,0.5,4.69,0.0,1.0,28.13,,,passagers_invalides;
1,2024-01-17 08:57:09,2024-01-17 09:20:45,,0.0,,,229,113,0,28.93,0.0,0.5,0.0,0.0,1.0,32.93,,,distance_invalide;passagers_invalides;
2,2024-01-28 06:38:07,2024-01-28 07:19:38,,14.99,,,35,75,0,56.74,0.0,0.5,0.0,0.0,1.0,60.74,,,passagers_invalides;
2,2024-01-18 19:33:34,2024-01-18 19:48:57,,2.46,,,163,262,0,17.42,0.0,0.5,0.0,0.0,1.0,21.42,,,passagers_invalides;
2,2024-01-16 22:33:37,2024-01-16 22:37:56,,0.59,,,234,164,0,1.0,0.0,0.5,0.0,0.0,1.0,5.0,,,passagers_invalides;
1,2024-01-20 18:31:12,2024-01-20 18:51:45,,1.1,,,90,164,0,17.0,0.0,0.5,2.1,0.0,1.0,23.1,,,passagers_invalides;
2,2024-01-04 14:32:38,2024-01-04 15:12:32,,24.51,,,42,1,0,84.94,0.0,0.0,21.31,20.25,1.0,127.5,,,passagers_invalides;
2,2024-01-17 17:43:35,2024-01-17 18:25:07,,6.15,,,107,41,0,35.11,0.0,0.5,0.0,0.0,1.0,39.11,,,passagers_invalides;
2,2024-01-28 13:48:39,2024-01-28 14:17:12,,5.31,,,262,249,0,28.16,0.0,0.5,0.0,0.0,1.0,32.16,,,passagers_invalides;
1,2024-01-25 04:05:27,2024-01-25 04:30:26,1.0,0.0,1.0,N,51,83,1,48.0,0.0,0.5,0.0,6.94,1.0,56.44,0.0,0.0,distance_invalide;
2,2024-01-20 22:36:37,2024-01-20 22:36:41,1.0,0.0,5.0,N,265,265,1,150.0,0.0,0.0,22.5,0.0,1.0,173.5,0.0,0.0,distance_invalide;
2,2024-01-23 17:42:22,2024-01-23 17:52:53,,1.64,,,158,211,0,12.25,0.0,0.5,0.0,0.0,1.0,16.25,,,passagers_invalides;
2,2024-01-23 12:23:09,2024-01-23 12:42:56,,2.26,,,161,246,0,19.98,0.0,0.5,3.6,0.0,1.0,27.58,,,passagers_invalides;
1,2024-01-06 23:26:57,2024-01-06 23:31:00,,0.0,,,75,74,0,6.83,0.0,0.5,0.0,0.0,1.0,8.33,,,distance_invalide;passagers_invalides;
2,2024-01-14 23:05:53,2024-01-14 23:13:16,,1.26,,,148,107,0,11.55,0.0,0.5,0.0,0.0,1.0,15.55,,,passagers_invalides;
2,2024-01-22 12:50:13,2024-01-22 13:17:31,,6.91,,,186,42,0,31.33,0.0,0.5,0.0,0.0,1.0,35.33,,,passagers_invalides;
2,2024-01-29 08:27:42,2024-01-29 08:44:17,,4.05,,,4,140,0,23.05,0.0,0.5,0.0,0.0,1.0,27.05,,,passagers_invalides;
1,2024-01-19 18:51:52,2024-01-19 19:36:44,1.0,0.0,99.0,N,74,177,1,49.5,0.0,0.5,0.0,6.94,1.0,57.94,0.0,0.0,distance_invalide;
2,2024-01-18 23:08:21,2024-01-18 23:24:01,,2.74,,,163,249,0,18.41,0.0,0.5,0.0,0.0,1.0,22.41,,,passagers_invalides;
2,2024-01-04 09:57:42,2024-01-04 09:57:51,3.0,0.0,5.0,N,132,132,1,16.0,0.0,0.0,20.0,0.0,1.0,38.75,0.0,1.75,distance_invalide;
2,2024-01-19 20:08:58,2024-01-19 20:18:41,1.0,2.62,1.0,N,140,74,4,-14.2,-1.0,-0.5,0.0,0.0,-1.0,-19.2,-2.5,0.0,montant_invalide;
1,2024-01-26 12:01:16,2024-01-26 12:11:00,0.0,1.4,1.0,N,163,90,1,10.7,2.5,0.5,2.9,0.0,1.0,17.6,2.5,0.0,passagers_invalides;
1,2024-01-26 09:22:14,2024-01-26 09:35:13,0.0,1.0,1.0,N,229,170,2,12.8,3.5,0.5,0.0,0.0,1.0,17.8,2.5,0.0,passagers_invalides;
1,2024-01-30 22:00:10,2024-01-30 22:09:07,,1.4,,,161,237,0,10.7,1.0,0.5,2.36,0.0,1.0,18.06,,,passagers_invalides;
1,2024-01-01 06:28:40,2024-01-01 06:33:21,0.0,1.5,1.0,N,48,68,1,8.6,2.5,0.5,2.5,0.0,1.0,15.1,2.5,0.0,passagers_invalides;
1,2024-01-10 14:55:59,2024-01-10 15:58:13,0.0,17.9,2.0,N,132,68,1,70.0,4.25,0.5,16.5,6.94,1.0,99.19,2.5,1.75,passagers_invalides;
2,2024-01-01 02:24:20,2024-01-01 02:48:49,,6.49,,,234,41,0,57.58,0.0,0.5,0.0,0.0,1.0,61.58,,,passagers_invalides;
1,2024-01-27 12:41:25,2024-01-27 12:45:32,0.0,0.4,1.0,N,113,107,1,5.8,2.5,0.5,1.95,0.0,1.0,11.75,2.5,0.0,passagers_invalides;
2,2024-01-11 09:23:26,2024-01-11 09:23:35,1.0,0.0,1.0,N,234,234,4,3.0,0.0,0.5,0.0,0.0,1.0,7.0,2.5,0.0,distance_invalide;
2,2024-01-29 17:25:37,2024-01-29 18:13:44,4.0,15.27,4.0,N,138,265,2,-70.9,-7.5,-0.5,0.0,0.0,-1.0,-84.15,-2.5,-1.75,montant_invalide;
2,2024-01-21 18:47:01,2024-01-21 19:00:09,,2.72,,,107,141,0,20.91,0.0,0.5,3.74,0.0,1.0,28.65,,,passagers_invalides;
2,2024-01-16 16:05:00,2024-01-16 16:27:00,,1.77,,,141,236,0,16.13,0.0,0.5,3.62,0.0,1.0,23.75,,,passagers_invalides;
2,2024-01-18 09:42:30,2024-01-18 09:53:16,,1.65,,,238,142,0,13.11,0.0,0.5,0.0,0.0,1.0,17.11,,,passagers_invalides;
2,2024-01-13 00:07:01,2024-01-13 00:17:22,,1.41,,,113,144,0,13.82,0.0,0.5,3.56,0.0,1.0,21.38,,,passagers_invalides;
2,2024-01-27 00:04:06,2024-01-27 00:29:25,,9.9,,,68,42,0,-0.29,0.0,0.5,0.0,0.0,1.0,3.71,,,montant_invalide;passagers_invalides;
2,2024-01-20 23:57:27,2024-01-21 00:19:49,,7.3,,,87,236,0,35.46,0.0,0.5,5.92,0.0,1.0,45.38,,,passagers_invalides;
2,2024-01-28 10:00:09,2024-01-28 10:08:02,1.0,5.8,1.0,N,132,28,3,-23.3,0.0,-0.5,0.0,0.0,-1.0,-26.55,0.0,-1.75,montant_invalide;
2,2024-01-18 07:07:00,2024-01-18 07:36:10,,7.09,,,26,4,0,38.25,0.0,0.5,0.0,6.94,1.0,49.19,,,passagers_invalides;
2,2024-01-19 14:45:10,2024-01-19 14:57:23,2.0,2.4,1.0,N,186,125,2,-13.5,0.0,-0.5,0.0,0.0,-1.0,-17.5,-2.5,0.0,montant_invalide;
2,2024-01-20 19:02:31,2024-01-20 19:27:10,,6.65,,,263,148,0,43.91,0.0,0.5,7.19,0.0,1.0,55.1,,,passagers_invalides;
2,2024-01-10 07:38:14,2024-01-10 08:06:33,,4.23,,,69,74,0,24.31,0.0,0.5,0.0,0.0,1.0,25.81,,,passagers_invalides;
2,2024-01-05 21:11:56,2024-01-05 21:27:24,1.0,3.2,1.0,N,161,114,2,-17.7,-1.0,-0.5,0.0,0.0,-1.0,-22.7,-2.5,0.0,montant_invalide;
1,2024-01-06 19:31:19,2024-01-06 19:55:02,,0.0,,,162,125,0,20.52,0.0,0.5,0.0,0.0,1.0,24.52,,,distance_invalide;passagers_invalides;
2,2024-01-16 08:49:24,2024-01-16 08:59:45,,1.61,,,90,170,0,14.42,0.0,0.5,3.68,0.0,1.0,22.1,,,passagers_invalides;
1,2024-01-14 07:53:23,2024-01-14 08:01:18,,0.0,,,107,137,0,8.88,0.0,0.5,0.0,0.0,1.0,12.88,,,distance_invalide;passagers_invalides;
2,2024-01-26 16:52:28,2024-01-26 16:52:39,1.0,0.0,5.0,N,1,1,1,110.0,0.0,0.0,25.28,15.38,1.0,151.66,0.0,0.0,distance_invalide;
2,2024-01-20 16:59:00,2024-01-20 16:59:24,1.0,0.0,1.0,N,95,95,3,3.0,0.0,0.5,0.0,0.0,1.0,4.5,0.0,0.0,distance_invalide;
1,2024-01-24 20:09:36,2024-01-24 20:30:48,,3.9,,,79,230,0,19.52,0.0,0.5,0.0,0.0,1.0,23.52,,,passagers_invalides;
2,2024-01-03 09:02:53,2024-01-03 09:10:30,,0.81,,,158,231,0,15.64,0.0,0.5,2.95,0.0,1.0,22.59,,,passagers_invalides;
2,2024-01-17 06:56:23,2024-01-17 06:56:27,1.0,0.0,2.0,N,148,148,2,70.0,0.0,0.5,0.0,0.0,1.0,74.0,2.5,0.0,distance_invalide;
2,2024-01-21 06:25:35,2024-01-21 06:37:06,,3.11,,,234,143,0,13.49,0.0,0.5,0.0,0.0,1.0,17.49,,,passagers_invalides;
1,2024-01-30 20:25:10,2024-01-30 20:38:19,,0.0,,,161,262,0,15.12,0.0,0.5,0.0,0.0,1.0,19.12,,,distance_invalide;passagers_invalides;
2,2024-01-20 22:44:59,2024-01-20 22:52:01,1.0,1.02,1.0,N,113,164,4,-8.6,-1.0,-0.5,0.0,0.0,-1.0,-13.6,-2.5,0.0,montant_invalide;
2,2024-01-19 09:53:40,2024-01-19 10:11:52,1.0,7.56,1.0,N,70,41,2,-32.4,0.0,-0.5,0.0,-6.94,-1.0,-40.84,0.0,0.0,montant_invalide;
2,2024-01-04 23:06:33,2024-01-04 23:07:09,3.0,0.0,1.0,N,231,231,4,-3.0,-1.0,-0.5,0.0,0.0,-1.0,-8.0,-2.5,0.0,distance_invalide;montant_invalide;
2,2024-01-05 07:55:10,2024-01-05 07:55:22,1.0,0.0,1.0,N,193,193,2,3.0,0.0,0.5,0.0,0.0,1.0,4.5,0.0,0.0,distance_invalide;
2,2024-01-12 22:07:26,2024-01-12 22:07:32,3.0,0.0,2.0,N,43,237,2,-70.0,0.0,-0.5,0.0,0.0,-1.0,-74.0,-2.5,0.0,distance_invalide;montant_invalide;
2,2024-01-01 02:24:25,2024-01-01 02:48:29,,5.17,,,225,4,0,55.22,0.0,0.5,0.0,0.0,1.0,59.22,,,passagers_invalides;
2,2024-01-23 12:48:30,2024-01-23 13:20:33,,6.11,,,249,43,0,38.03,0.0,0.5,8.41,0.0,1.0,50.44,,,passagers_invalides;
2,2024-01-15 13:44:32,2024-01-15 14:01:20,,2.37,,,238,140,0,19.79,0.0,0.5,7.14,0.0,1.0,30.93,,,passagers_invalides;
2,2024-01-01 01:03:05,2024-01-01 01:39:45,,4.06,,,79,262,0,43.16,0.0,0.5,0.0,0.0,1.0,47.16,,,passagers_invalides;
1,2024-01-17 18:23:37,2024-01-17 18:35:52,,0.0,,,142,236,0,12.44,0.0,0.5,0.0,0.0,1.0,16.44,,,distance_invalide;passagers_invalides;
2,2024-01-10 22:42:02,2024-01-10 22:49:17,1.0,1.4,1.0,N,107,148,4,-9.3,-1.0,-0.5,0.0,0.0,-1.0,-14.3,-2.5,0.0,montant_invalide;
2,2024-01-04 18:52:37,2024-01-04 18:57:40,,0.5,,,50,48,0,14.22,0.0,0.5,3.64,0.0,1.0,21.86,,,passagers_invalides;
2,2024-01-01 01:45:19,2024-01-01 02:05:02,,6.06,,,134,129,0,27.43,0.0,0.5,0.0,0.0,1.0,28.93,,,passagers_invalides;
1,2024-01-11 22:05:26,2024-01-11 22:21:55,,0.0,,,164,114,0,18.47,0.0,0.5,0.0,0.0,1.0,22.47,,,distance_invalide;passagers_invalides;
2,2024-01-19 22:46:54,2024-01-19 22:47:02,2.0,0.0,2.0,N,161,161,2,70.0,0.0,0.5,0.0,0.0,1.0,74.0,2.5,0.0,distance_invalide;
1,2024-01-06 22:59:07,2024-01-06 23:21:34,,4.9,,,188,232,0,29.52,0.0,0.5,0.0,0.0,1.0,33.52,,,passagers_invalides;
2,2024-01-05 14:54:39,2024-01-05 15:07:34,1.0,1.56,1.0,N,151,263,4,-12.8,0.0,-0.5,0.0,0.0,-1.0,-14.3,0.0,0.0,montant_invalide;
1,2024-01-20 00:38:16,2024-01-20 00:44:35,,0.0,,,79,79,0,12.93,0.0,0.5,0.0,0.0,1.0,16.93,,,distance_invalide;passagers_invalides;
2,2024-01-21 11:56:58,2024-01-21 12:17:47,,3.56,,,142,107,0,21.64,0.0,0.5,0.0,0.0,1.0,25.64,,,passagers_invalides;
1,2024-01-22 18:58:03,2024-01-22 19:09:35,,1.4,,,186,233,0,10.59,0.0,0.5,0.0,0.0,1.0,14.59,,,passagers_invalides;
1,2024-01-06 11:06:01,2024-01-06 11:13:15,,1.0,,,90,68,0,10.16,0.0,0.5,0.0,0.0,1.0,14.16,,,passagers_invalides;
1,2024-01-18 14:39:04,2024-01-18 14:50:36,0.0,0.8,1.0,N,249,234,1,9.3,2.5,0.5,2.0,0.0,1.0,15.3,2.5,0.0,passagers_invalides;
2,2024-01-17 08:27:27,2024-01-17 08:55:48,,3.93,,,140,68,0,29.06,0.0,0.5,6.61,0.0,1.0,39.67,,,passagers_invalides;
1,2024-01-03 10:42:10,2024-01-03 11:05:17,,3.9,,,226,262,0,20.91,0.0,0.5,0.0,0.0,1.0,24.91,,,passagers_invalides;
2,2024-01-20 17:16:48,2024-01-20 17:45:12,,5.22,,,144,236,0,33.59,0.0,0.5,0.0,0.0,1.0,37.59,,,passagers_invalides;
2,2024-01-14 13:53:28,2024-01-14 14:25:48,,8.88,,,232,239,0,37.63,0.0,0.5,0.0,0.0,1.0,41.63,,,passagers_invalides;
2,2024-01-31 13:27:59,2024-01-31 13:35:37,2.0,0.87,1.0,N,234,79,3,-8.6,0.0,-0.5,0.0,0.0,-1.0,-12.6,-2.5,0.0,montant_invalide;
1,2024-01-09 17:54:43,2024-01-09 18:08:29,0.0,2.4,1.0,N,90,48,1,13.5,5.0,0.5,4.0,0.0,1.0,24.0,2.5,0.0,passagers_invalides;
2,2024-01-21 20:42:05,2024-01-21 21:04:44,,8.6,,,148,7,0,35.68,0.0,0.5,1.98,0.0,1.0,41.66,,,passagers_invalides;
1,2024-01-07 18:08:34,2024-01-07 18:09:52,1.0,0.0,2.0,N,132,132,1,70.0,1.75,0.5,16.05,6.94,1.0,96.24,0.0,1.75,distance_invalide;
1,2024-01-31 19:41:38,2024-01-31 20:03:00,,3.7,,,4,48,0,25.3,0.0,0.5,0.0,0.0,1.0,29.3,,,passagers_invalides;
2,2024-01-13 17:30:22,2024-01-13 17:36:42,2.0,0.85,1.0,N,237,236,3,-8.6,0.0,-0.5,0.0,0.0,-1.0,-12.6,-2.5,0.0,montant_invalide;
1,2024-01-21 20:49:28,2024-01-21 21:19:29,,7.6,,,50,226,0,37.0,0.0,0.0,0.0,0.0,0.0,37.0,,,passagers_invalides;
1,2024-01-15 16:41:12,2024-01-15 17:00:37,0.0,2.6,1.0,N,186,237,1,18.4,2.5,0.5,1.5,0.0,1.0,23.9,2.5,0.0,passagers_invalides;
2,2024-01-17 17:38:39,2024-01-17 17:54:36,,2.11,,,68,113,0,17.63,0.0,0.5,0.0,0.0,1.0,21.63,,,passagers_invalides;
2,2024-01-14 22:58:41,2024-01-14 23:14:35,,4.26,,,148,230,0,21.22,0.0,0.5,0.0,0.0,1.0,25.22,,,passagers_invalides;
1,2024-01-01 11:48:44,2024-01-01 12:04:26,,0.0,,,79,246,0,17.45,0.0,0.5,0.0,0.0,1.0,21.45,,,distance_invalide;passagers_invalides;
1,2024-01-16 00:19:10,2024-01-16 00:21:22,,0.0,,,82,82,0,10.15,0.0,0.5,0.0,0.0,1.0,11.65,,,distance_invalide;passagers_invalides;
2,2024-01-09 21:34:01,2024-01-09 21:38:46,1.0,0.76,1.0,N,230,48,4,-6.5,-1.0,-0.5,0.0,0.0,-1.0,-11.5,-2.5,0.0,montant_invalide;
1,2024-01-14 11:44:50,2024-01-14 11:49:06,0.0,0.8,1.0,N,262,236,1,6.5,2.5,0.5,1.5,0.0,1.0,12.0,2.5,0.0,passagers_invalides;
2,2024-01-19 12:47:05,2024-01-19 13:03:53,1.0,3.09,1.0,N,68,237,4,-19.1,0.0,-0.5,0.0,0.0,-1.0,-23.1,-2.5,0.0,montant_invalide;
2,2024-01-25 14:59:20,2024-01-25 15:53:22,1.0,0.0,2.0,N,132,230,2,70.0,0.0,0.5,0.0,6.94,1.0,82.69,2.5,1.75,distance_invalide;
2,2024-01-12 12:20:28,2024-01-12 12:39:11,,4.15,,,145,148,0,21.29,0.0,0.5,6.45,6.94,1.0,38.68,,,passagers_invalides;
2,2024-01-30 19:42:25,2024-01-30 19:42:46,1.0,0.0,1.0,N,43,43,2,3.0,2.5,0.5,0.0,0.0,1.0,9.5,2.5,0.0,distance_invalide;
2,2024-01-31 00:23:09,2024-01-31 00:25:47,1.0,0.47,1.0,N,230,186,3,-5.1,-1.0,-0.5,0.0,0.0,-1.0,-10.1,-2.5,0.0,montant_invalide;
1,2024-01-05 18:19:19,2024-01-05 18:46:32,,4.2,,,239,107,0,26.8,2.5,0.5,6.66,0.0,1.0,39.96,,,passagers_invalides;
2,2024-01-01 01:12:47,2024-01-01 01:16:09,,0.69,,,246,246,0,31.6,0.0,0.5,0.0,0.0,1.0,35.6,,,passagers_invalides;
2,2024-01-28 18:34:30,2024-01-28 18:46:42,,0.35,,,100,230,0,15.51,0.0,0.5,3.9,0.0,1.0,23.41,,,passagers_invalides;
2,2024-01-06 20:20:58,2024-01-06 20:25:36,1.0,0.85,1.0,N,170,234,4,-7.2,0.0,-0.5,2.0,0.0,-1.0,-9.2,-2.5,0.0,montant_invalide;
2,2024-01-24 19:40:33,2024-01-24 19:41:10,1.0,0.01,1.0,N,237,237,4,-3.0,-2.5,-0.5,0.0,0.0,-1.0,-9.5,-2.5,0.0,montant_invalide;
1,2024-01-29 09:17:51,2024-01-29 09:18:56,1.0,0.0,1.0,N,145,145,2,3.7,0.0,0.5,0.0,0.0,1.0,5.2,0.0,0.0,distance_invalide;
2,2024-01-16 06:43:57,2024-01-16 06:48:08,1.0,1.11,1.0,N,48,43,4,-7.2,0.0,-0.5,0.0,0.0,-1.0,-11.2,-2.5,0.0,montant_invalide;
2,2024-01-11 21:10:21,2024-01-11 21:10:26,3.0,0.0,5.0,N,68,68,1,93.25,0.0,0.0,19.35,0.0,1.0,116.1,2.5,0.0,distance_invalide;
2,2024-01-22 21:41:08,2024-01-22 21:48:23,,1.87,,,161,137,0,11.74,0.0,0.5,0.0,0.0,1.0,15.74,,,passagers_invalides;
1,2024-01-19 18:14:31,2024-01-19 18:17:33,0.0,0.6,1.0,N,246,246,1,5.8,5.0,0.5,2.45,0.0,1.0,14.75,2.5,0.0,passagers_invalides;
2,2024-01-27 02:16:44,2024-01-27 02:31:48,,4.22,,,148,262,0,24.47,0.0,0.5,0.0,0.0,1.0,28.47,,,passagers_invalides;
2,2024-01-01 01:51:24,2024-01-01 02:02:49,2.0,0.27,1.0,N,246,246,4,-10.7,-1.0,-0.5,0.0,0.0,-1.0,-15.7,-2.5,0.0,montant_invalide;
1,2024-01-20 23:19:23,2024-01-20 23:37:07,,0.0,,,143,243,0,28.91,0.0,0.5,0.0,0.0,1.0,32.91,,,distance_invalide;passagers_invalides;
1,2024-01-14 16:56:53,2024-01-14 17:26:59,,0.0,,,238,90,0,29.35,0.0,0.5,0.0,0.0,1.0,33.35,,,distance_invalide;passagers_invalides;
2,2024-01-02 15:12:24,2024-01-02 15:12:52,1.0,0.0,1.0,N,148,148,2,3.0,0.0,0.5,0.0,0.0,1.0,7.0,2.5,0.0,distance_invalide;
2,2024-01-14 23:27:52,2024-01-14 23:41:55,,3.78,,,113,143,0,23.16,0.0,0.5,0.0,0.0,1.0,27.16,,,passagers_invalides;
2,2024-01-01 11:51:25,2024-01-01 12:11:56,,11.12,,,255,168,0,36.39,0.0,0.5,0.0,6.94,1.0,44.83,,,passagers_invalides;
2,2024-01-17 06:18:53,2024-01-17 06:29:32,,2.05,,,238,143,0,12.95,0.0,0.5,0.0,0.0,1.0,16.95,,,passagers_invalides;
1,2024-01-27 02:51:43,2024-01-27 03:00:24,,0.0,,,144,249,0,11.97,0.0,0.5,0.0,0.0,1.0,15.97,,,distance_invalide;passagers_invalides;
2,2024-01-14 19:49:59,2024-01-14 19:51:33,3.0,0.11,1.0,N,161,161,3,-3.7,0.0,-0.5,0.0,0.0,-1.0,-7.7,-2.5,0.0,montant_invalide;
1,2024-01-12 17:13:00,2024-01-12 17:25:40,0.0,2.2,1.0,N,239,50,1,14.2,5.0,0.5,3.5,0.0,1.0,24.2,2.5,0.0,passagers_invalides;
1,2024-01-11 15:30:12,2024-01-11 15:49:21,,1.3,,,140,237,0,16.3,0.0,0.5,4.06,0.0,1.0,24.36,,,passagers_invalides;
1,2024-01-29 17:19:33,2024-01-29 17:27:34,,1.0,,,113,234,0,8.6,2.5,0.5,2.26,0.0,1.0,17.36,,,passagers_invalides;
2,2024-01-02 10:49:20,2024-01-02 11:02:53,1.0,0.0,1.0,N,246,249,1,12.1,0.0,0.5,4.03,0.0,1.0,20.13,2.5,0.0,distance_invalide;
2,2024-01-12 23:37:31,2024-01-12 23:47:19,,2.89,,,75,163,0,-0.71,0.0,0.5,0.0,0.0,1.0,3.29,,,montant_invalide;passagers_invalides;
1,2024-01-10 21:19:47,2024-01-10 21:32:40,0.0,2.3,1.0,Y,163,90,1,14.2,3.5,0.5,4.75,0.0,1.0,23.95,2.5,0.0,passagers_invalides;
2,2024-01-21 18:28:39,2024-01-21 18:33:14,,0.76,,,41,152,0,6.83,0.0,0.5,0.0,0.0,1.0,8.33,,,passagers_invalides;
2,2024-01-02 19:28:39,2024-01-02 19:32:19,1.0,0.84,1.0,N,142,163,4,-5.8,-2.5,-0.5,1.0,0.0,-1.0,-11.3,-2.5,0.0,montant_invalide;
2,2024-01-24 09:35:12,2024-01-24 09:35:36,1.0,0.0,5.0,N,193,193,4,-150.0,0.0,0.0,0.0,0.0,-1.0,-151.0,0.0,0.0,distance_invalide;montant_invalide;
1,2024-01-16 07:09:30,2024-01-16 07:29:26,,0.0,,,166,236,0,26.82,0.0,0.5,0.0,0.0,1.0,30.82,,,distance_invalide;passagers_invalides;
2,2024-01-12 16:35:35,2024-01-12 16:40:50,,0.56,,,75,263,0,-3.0,0.0,0.5,0.0,0.0,1.0,1.0,,,montant_invalide;passagers_invalides;
2,2024-01-09 15:52:30,2024-01-09 16:43:00,1.0,7.15,1.0,N,100,74,2,-45.7,0.0,-0.5,0.0,0.0,-1.0,-49.7,-2.5,0.0,montant_invalide;
2,2024-01-13 23:43:34,2024-01-13 23:53:58,1.0,1.75,1.0,N,114,164,4,-12.1,-1.0,-0.5,0.0,0.0,-1.0,-17.1,-2.5,0.0,montant_invalide;
2,2024-01-15 04:53:41,2024-01-15 04:58:59,1.0,1.08,1.0,N,68,234,4,-7.9,-1.0,-0.5,0.0,0.0,-1.0,-12.9,-2.5,0.0,montant_invalide;
2,2024-01-26 20:48:00,2024-01-26 21:08:22,,4.7,,,43,79,0,24.92,0.0,0.5,0.0,0.0,1.0,28.92,,,passagers_invalides;
1,2024-01-07 13:31:51,2024-01-07 13:51:42,,0.0,,,170,138,0,36.0,5.0,0.5,6.75,0.0,1.0,53.75,,,distance_invalide;passagers_invalides;
2,2024-01-13 00:05:11,2024-01-13 00:05:16,1.0,0.0,5.0,N,230,230,1,87.69,0.0,0.0,17.74,0.0,1.0,106.43,0.0,0.0,distance_invalide;
1,2024-01-23 09:47:39,2024-01-23 09:54:38,,0.4,,,186,164,0,7.2,0.0,0.5,1.12,0.0,1.0,12.32,,,passagers_invalides;
2,2024-01-12 09:22:41,2024-01-12 09:37:53,1.0,1.61,1.0,N,262,262,4,-14.2,0.0,-0.5,0.0,0.0,-1.0,-18.2,-2.5,0.0,montant_invalide;
2,2024-01-08 15:35:38,2024-01-08 15:35:46,1.0,0.01,1.0,N,132,132,2,-3.0,0.0,-0.5,0.0,0.0,-1.0,-6.25,0.0,-1.75,montant_invalide;
2,2024-01-14 11:06:33,2024-01-14 11:20:52,,5.88,,,75,107,0,20.24,0.0,0.5,0.0,0.0,1.0,24.24,,,passagers_invalides;
1,2024-01-11 19:20:11,2024-01-11 19:32:00,0.0,1.7,1.0,N,107,158,1,12.1,5.0,0.5,3.7,0.0,1.0,22.3,2.5,0.0,passagers_invalides;
2,2024-01-18 17:01:26,2024-01-18 17:36:48,,7.01,,,126,254,0,35.24,0.0,0.5,0.0,0.0,1.0,36.74,,,passagers_invalides;
2,2024-01-21 16:24:24,2024-01-21 16:36:14,,1.66,,,236,161,0,13.9,0.0,0.5,3.58,0.0,1.0,21.48,,,passagers_invalides;
1,2024-01-31 22:13:22,2024-01-31 22:28:48,,0.0,,,113,13,0,12.58,0.0,0.5,0.0,0.0,1.0,16.58,,,distance_invalide;passagers_invalides;
2,2024-01-23 23:14:57,2024-01-23 23:24:01,3.0,1.01,1.0,N,142,163,4,-10.0,-1.0,-0.5,0.0,0.0,-1.0,-15.0,-2.5,0.0,montant_invalide;
2,2024-01-09 18:34:07,2024-01-09 18:57:54,,2.73,,,141,48,0,26.27,0.0,0.5,0.0,0.0,1.0,30.27,,,passagers_invalides;
2,2024-01-23 21:34:57,2024-01-23 21:47:48,,1.41,,,161,48,0,8.22,0.0,0.5,0.0,0.0,1.0,12.22,,,passagers_invalides;
2,2024-01-15 05:54:44,2024-01-15 06:05:09,1.0,2.97,1.0,N,163,151,2,-14.9,-1.0,-0.5,0.0,0.0,-1.0,-19.9,-2.5,0.0,montant_invalide;
2,2024-01-05 12:39:00,2024-01-05 12:53:00,,3.04,,,158,48,0,22.71,0.0,0.5,5.34,0.0,1.0,32.05,,,passagers_invalides;
2,2024-01-18 20:58:00,2024-01-18 21:02:01,2.0,0.54,1.0,N,237,161,4,-5.8,-1.0,-0.5,0.0,0.0,-1.0,-10.8,-2.5,0.0,montant_invalide;
1,2024-01-06 23:22:53,2024-01-06 23:44:02,,0.0,,,213,69,0,23.92,0.0,0.5,0.0,0.0,1.0,25.42,,,distance_invalide;passagers_invalides;
2,2024-01-24 14:39:16,2024-01-24 14:44:13,1.0,0.47,1.0,N,263,262,4,-6.5,0.0,-0.5,0.0,0.0,-1.0,-10.5,-2.5,0.0,montant_invalide;
1,2024-01-05 12:48:26,2024-01-05 13:01:03,0.0,1.6,1.0,N,164,237,1,12.8,2.5,0.5,3.0,0.0,1.0,19.8,2.5,0.0,passagers_invalides;
2,2024-01-01 01:44:14,2024-01-01 02:10:22,,8.03,,,79,41,0,52.56,0.0,0.5,0.0,0.0,1.0,56.56,,,passagers_invalides;
2,2024-01-06 17:05:59,2024-01-06 17:18:37,,1.83,,,82,157,0,12.63,0.0,0.5,0.0,0.0,1.0,14.13,,,passagers_invalides;
2,2024-01-05 13:20:36,2024-01-05 13:28:56,,1.32,,,61,177,0,11.58,0.0,0.5,0.0,0.0,1.0,13.08,,,passagers_invalides;
1,2024-01-11 09:58:43,2024-01-11 10:50:15,0.0,16.1,1.0,N,132,256,1,63.9,1.75,0.5,20.1,0.0,1.0,87.25,0.0,1.75,passagers_invalides;
2,2024-01-16 02:23:41,2024-01-16 02:23:49,1.0,0.0,5.0,N,114,114,1,87.0,0.0,0.0,0.0,0.0,1.0,90.5,2.5,0.0,distance_invalide;
2,2024-01-31 12:18:26,2024-01-31 12:31:51,2.0,3.36,1.0,N,137,112,4,-17.7,0.0,-0.5,0.0,-6.94,-1.0,-28.64,-2.5,0.0,montant_invalide;
2,2024-01-21 08:57:11,2024-01-21 09:01:04,1.0,0.64,1.0,N,164,100,2,-5.8,0.0,-0.5,0.0,0.0,-1.0,-9.8,-2.5,0.0,montant_invalide;
2,2024-01-05 10:09:09,2024-01-05 10:09:59,1.0,0.0,1.0,N,186,186,2,3.0,0.0,0.5,0.0,0.0,1.0,7.0,2.5,0.0,distance_invalide;
2,2024-01-12 20:11:25,2024-01-12 20:17:01,,1.43,,,140,75,0,9.37,0.0,0.5,0.0,0.0,1.0,13.37,,,passagers_invalides;
2,2024-01-25 23:32:48,2024-01-25 23:38:41,,1.04,,,246,234,0,1.74,0.0,0.5,0.0,0.0,1.0,5.74,,,passagers_invalides;
1,2024-01-11 21:39:20,2024-01-11 22:01:08,,3.5,,,186,263,0,21.9,1.0,0.5,2.69,0.0,1.0,29.59,,,passagers_invalides;
2,2024-01-14 22:33:26,2024-01-14 22:33:57,1.0,0.0,2.0,N,260,260,3,70.0,0.0,0.5,0.0,0.0,1.0,71.5,0.0,0.0,distance_invalide;
2,2024-01-17 21:58:21,2024-01-17 22:20:06,,4.83,,,170,166,0,28.37,0.0,0.5,0.0,0.0,1.0,32.37,,,passagers_invalides;
1,2024-01-17 15:36:28,2024-01-17 15:36:57,1.0,0.0,5.0,N,193,193,2,200.22,0.0,0.0,0.0,0.0,1.0,201.22,0.0,0.0,distance_invalide;
2,2024-01-16 07:41:15,2024-01-16 08:07:03,,2.26,,,90,237,0,22.53,0.0,0.5,0.0,0.0,1.0,26.53,,,passagers_invalides;
2,2024-01-30 02:41:04,2024-01-30 02:58:03,2.0,5.13,1.0,N,263,116,4,-24.0,-1.0,-0.5,0.0,0.0,-1.0,-29.0,-2.5,0.0,montant_invalide;
2,2024-01-04 16:12:28,2024-01-04 16:18:45,,1.38,,,151,166,0,6.88,0.0,0.5,0.0,0.0,1.0,8.38,,,passagers_invalides;
1,2024-01-23 10:58:58,2024-01-23 11:08:17,,1.3,,,238,237,0,10.7,0.0,0.5,2.94,0.0,1.0,17.64,,,passagers_invalides;
1,2024-01-27 15:48:11,2024-01-27 16:00:09,,0.0,,,262,74,0,16.18,0.0,0.5,0.0,0.0,1.0,20.18,,,distance_invalide;passagers_invalides;
2,2024-01-04 12:50:14,2024-01-04 12:50:33,2.0,0.0,5.0,N,79,79,1,11.9,0.0,0.0,3.08,0.0,1.0,18.48,2.5,0.0,distance_invalide;
2,2024-01-03 19:58:59,2024-01-03 19:59:20,1.0,0.0,1.0,N,90,90,2,3.0,2.5,0.5,0.0,0.0,1.0,9.5,2.5,0.0,distance_invalide;
1,2024-01-23 13:01:32,2024-01-23 13:01:37,0.0,0.0,1.0,N,234,234,1,3.0,2.5,0.5,2.1,0.0,1.0,9.1,2.5,0.0,distance_invalide;passagers_invalides;
2,2024-01-27 08:21:39,2024-01-27 08:34:45,,2.87,,,113,48,0,16.11,0.0,0.5,4.02,0.0,1.0,24.13,,,passagers_invalides;
1,2024-01-01 00:53:04,2024-01-01 01:04:18,,0.0,,,249,79,0,16.42,0.0,0.5,0.0,0.0,1.0,20.42,,,distance_invalide;passagers_invalides;
2,2024-01-12 03:33:20,2024-01-12 04:03:09,,17.45,,,137,132,0,43.09,0.0,0.5,9.6,6.94,1.0,63.63,,,passagers_invalides;
2,2024-01-28 12:57:51,2024-01-28 13:17:19,,5.95,,,13,162,0,24.47,0.0,0.5,0.0,0.0,1.0,28.47,,,passagers_invalides;
1,2024-01-12 23:42:41,2024-01-12 23:51:10,,0.0,,,148,144,0,15.71,0.0,0.5,0.0,0.0,1.0,19.71,,,distance_invalide;passagers_invalides;
1,2024-01-20 06:47:12,2024-01-20 07:13:55,,0.0,,,256,48,0,34.46,0.0,0.5,0.0,0.0,1.0,38.46,,,distance_invalide;passagers_invalides;
2,2024-01-28 17:32:17,2024-01-28 17:46:03,,3.18,,,74,42,0,14.16,0.0,0.5,0.0,0.0,1.0,15.66,,,passagers_invalides;
2,2024-01-27 18:01:16,2024-01-27 18:25:37,,2.0,,,170,144,0,21.58,0.0,0.5,0.0,0.0,1.0,25.58,,,passagers_invalides;
2,2024-01-28 00:40:42,2024-01-28 00:59:53,,4.68,,,158,263,0,28.66,0.0,0.5,0.0,0.0,1.0,32.66,,,passagers_invalides;
1,2024-01-11 08:09:04,2024-01-11 08:26:29,0.0,3.3,1.0,N,41,163,1,19.1,2.5,0.5,4.6,0.0,1.0,27.7,2.5,0.0,passagers_invalides;
2,2024-01-16 11:16:36,2024-01-16 11:37:19,,0.59,,,163,48,0,46.36,0.0,0.5,0.0,0.0,1.0,50.36,,,passagers_invalides;
2,2024-01-09 22:38:47,2024-01-09 22:51:54,,1.8,,,230,233,0,16.24,0.0,0.5,3.04,0.0,1.0,23.28,,,passagers_invalides;
2,2024-01-13 22:47:57,2024-01-13 22:57:48,,1.09,,,79,211,0,14.22,0.0,0.5,3.64,0.0,1.0,21.86,,,passagers_invalides;
1,2024-01-24 15:37:09,2024-01-24 15:51:49,0.0,1.9,1.0,N,236,229,1,14.2,2.5,0.5,3.0,0.0,1.0,21.2,2.5,0.0,passagers_invalides;
1,2024-01-31 08:57:52,2024-01-31 09:13:37,0.0,1.9,1.0,N,158,148,1,15.6,2.5,0.5,0.0,0.0,1.0,19.6,2.5,0.0,passagers_invalides;
1,2024-01-05 05:25:04,2024-01-05 05:49:36,,0.0,,,51,94,0,25.88,0.0,0.5,0.0,0.0,1.0,27.38,,,distance_invalide;passagers_invalides;
2,2024-01-06 20:33:24,2024-01-06 20:33:27,3.0,0.0,5.0,N,68,264,1,81.52,0.0,0.5,16.6,0.0,1.0,99.62,0.0,0.0,distance_invalide;
2,2024-01-08 15:46:36,2024-01-08 16:11:32,1.0,4.99,1.0,N,237,113,4,-27.5,0.0,-0.5,0.0,0.0,-1.0,-31.5,-2.5,0.0,montant_invalide;
2,2024-01-18 04:00:07,2024-01-18 04:04:58,1.0,0.57,1.0,N,79,148,4,-6.5,-1.0,-0.5,0.0,0.0,-1.0,-11.5,-2.5,0.0,montant_invalide;
2,2024-01-09 15:05:31,2024-01-09 15:12:26,,0.77,,,234,90,0,6.83,0.0,0.5,0.0,0.0,1.0,10.83,,,passagers_invalides;
1,2024-01-24 15:06:07,2024-01-24 15:17:47,,1.5,,,163,237,0,10.7,0.0,0.5,0.0,0.0,1.0,14.7,,,passagers_invalides;
2,2024-01-24 20:13:36,2024-01-24 20:31:37,,2.3,,,142,186,0,19.85,0.0,0.5,0.0,0.0,1.0,23.85,,,passagers_invalides;
1,2024-01-28 21:29:07,2024-01-28 21:43:24,,2.3,,,230,141,0,13.5,1.0,0.5,2.77,0.0,1.0,21.27,,,passagers_invalides;
2,2024-01-20 23:45:10,2024-01-21 00:16:02,,4.5,,,232,50,0,33.23,0.0,0.5,0.0,0.0,1.0,37.23,,,passagers_invalides;
1,2024-01-14 19:42:55,2024-01-14 19:51:51,,0.0,,,7,226,0,8.55,0.0,0.5,0.0,0.0,1.0,10.05,,,distance_invalide;passagers_invalides;
2,2024-01-04 19:14:31,2024-01-04 19:23:06,,1.54,,,233,79,0,9.08,0.0,0.5,0.0,0.0,1.0,13.08,,,passagers_invalides;
1,2024-01-17 09:30:04,2024-01-17 09:40:37,,0.0,,,236,166,0,23.44,0.0,0.5,0.0,0.0,1.0,27.44,,,distance_invalide;passagers_invalides;
2,2024-01-24 20:32:53,2024-01-24 20:45:16,,0.0,,,161,234,0,9.7,0.0,0.5,0.0,0.0,1.0,13.7,,,distance_invalide;passagers_invalides;
1,2024-01-06 20:45:20,2024-01-06 20:47:46,0.0,0.5,1.0,N,186,90,1,5.1,3.5,0.5,1.0,0.0,1.0,11.1,2.5,0.0,passagers_invalides;
1,2024-01-17 21:32:34,2024-01-17 21:39:30,,0.0,,,162,170,0,15.83,0.0,0.5,0.0,0.0,1.0,19.83,,,distance_invalide;passagers_invalides;
1,2024-01-13 17:55:36,2024-01-13 18:23:00,,0.7,,,239,164,0,22.6,0.0,0.5,3.99,0.0,1.0,30.59,,,passagers_invalides;
2,2024-01-18 07:51:08,2024-01-18 07:59:51,,1.41,,,262,236,0,11.85,0.0,0.5,0.0,0.0,1.0,15.85,,,passagers_invalides;
1,2024-01-30 13:07:59,2024-01-30 13:23:51,,2.5,,,262,142,0,17.0,0.0,0.5,3.15,0.0,1.0,24.15,,,passagers_invalides;
1,2024-01-19 21:38:08,2024-01-19 22:02:08,,0.0,,,92,145,0,30.58,0.0,0.5,0.0,0.0,1.0,32.08,,,distance_invalide;passagers_invalides;
2,2024-01-18 00:33:19,2024-01-18 00:56:33,,5.6,,,112,85,0,33.38,0.0,0.5,0.0,0.0,1.0,34.88,,,passagers_invalides;
1,2024-01-06 19:31:59,2024-01-06 19:38:56,,0.0,,,229,140,0,6.83,0.0,0.5,0.0,0.0,1.0,10.83,,,distance_invalide;passagers_invalides;
1,2024-01-09 17:52:08,2024-01-09 18:11:45,,0.0,,,234,230,0,20.49,0.0,0.5,0.0,0.0,1.0,24.49,,,distance_invalide;passagers_invalides;
2,2024-01-07 05:02:17,2024-01-07 05:09:29,,1.16,,,166,41,0,9.55,0.0,0.5,0.0,0.0,1.0,11.05,,,passagers_invalides;
2,2024-01-01 04:57:47,2024-01-01 05:17:36,,5.24,,,37,164,0,26.27,0.0,0.5,0.0,6.94,1.0,37.21,,,passagers_invalides;
2,2024-01-01 07:41:36,2024-01-01 08:05:48,,6.15,,,61,224,0,31.54,0.0,0.5,0.0,0.0,1.0,35.54,,,passagers_invalides;
2,2024-01-24 12:07:50,2024-01-24 12:19:42,,1.34,,,246,50,0,12.07,0.0,0.5,2.73,0.0,1.0,18.8,,,passagers_invalides;
6,2024-01-12 07:01:09,2024-01-12 07:01:59,,4.58,,,265,229,0,21.2,0.0,0.5,0.0,0.0,0.3,22.0,,,passagers_invalides;
2,2024-01-27 09:00:43,2024-01-27 09:32:52,,13.0,,,226,89,0,46.97,0.0,0.5,0.0,0.0,1.0,48.47,,,passagers_invalides;
2,2024-01-21 07:21:00,2024-01-21 07:38:00,,4.55,,,209,48,0,24.51,0.0,0.5,2.85,0.0,1.0,31.36,,,passagers_invalides;
2,2024-01-25 13:16:13,2024-01-25 13:16:50,2.0,0.0,1.0,N,114,211,3,3.0,0.0,0.5,0.0,0.0,1.0,7.0,2.5,0.0,distance_invalide;
2,2024-01-31 11:36:00,2024-01-31 11:54:00,,2.3,,,74,43,0,16.07,0.0,0.5,1.0,0.0,1.0,21.07,,,passagers_invalides;
2,2024-01-18 23:55:13,2024-01-18 23:55:23,1.0,0.0,1.0,N,164,164,1,3.0,1.0,0.5,12.0,0.0,1.0,20.0,2.5,0.0,distance_invalide;
1,2024-01-28 16:16:44,2024-01-28 16:19:33,0.0,0.5,1.0,N,141,236,1,5.1,2.5,0.5,1.8,0.0,1.0,10.9,2.5,0.0,passagers_invalides;
1,2024-01-17 18:10:20,2024-01-17 18:21:30,0.0,2.1,1.0,N,239,264,1,13.5,5.0,0.5,4.0,0.0,1.0,24.0,2.5,0.0,passagers_invalides;
2,2024-01-30 19:52:59,2024-01-30 20:08:25,,2.56,,,87,158,0,18.01,0.0,0.5,0.0,0.0,1.0,22.01,,,passagers_invalides;
2,2024-01-20 13:52:13,2024-01-20 14:10:44,,3.73,,,263,50,0,21.9,0.0,0.5,0.0,0.0,1.0,25.9,,,passagers_invalides;
2,2024-01-12 16:56:08,2024-01-12 17:02:13,,0.95,,,140,263,0,10.08,0.0,0.5,0.0,0.0,1.0,14.08,,,passagers_invalides;
1,2024-01-03 20:08:11,2024-01-03 20:25:39,,1.9,,,113,230,0,15.6,1.0,0.5,4.12,0.0,1.0,24.72,,,passagers_invalides;
2,2024-01-01 10:25:43,2024-01-01 10:43:31,,4.27,,,238,246,0,20.25,0.0,0.5,0.0,0.0,1.0,24.25,,,passagers_invalides;
2,2024-01-15 12:39:00,2024-01-15 12:58:00,,10.4,,,65,138,0,47.01,0.0,0.5,8.73,0.0,1.0,57.24,,,passagers_invalides;
2,2024-01-23 09:14:03,2024-01-23 09:24:30,,1.75,,,239,230,0,13.3,0.0,0.5,1.73,0.0,1.0,19.03,,,passagers_invalides;
1,2024-01-02 10:00:13,2024-01-02 10:15:52,1.0,0.0,1.0,N,238,249,1,26.5,0.0,0.5,0.0,0.0,1.0,28.0,0.0,0.0,distance_invalide;
2,2024-01-10 20:13:59,2024-01-10 20:39:12,1.0,1.4,1.0,N,163,170,3,-20.5,-1.0,-0.5,0.0,0.0,-1.0,-25.5,-2.5,0.0,montant_invalide;
2,2024-01-04 08:50:18,2024-01-04 08:56:11,1.0,1.09,1.0,N,262,263,4,-7.9,0.0,-0.5,0.0,0.0,-1.0,-11.9,-2.5,0.0,montant_invalide;
2,2024-01-10 20:20:13,2024-01-10 20:36:56,,4.79,,,21,14,0,20.19,0.0,0.5,0.0,0.0,1.0,21.69,,,passagers_invalides;
2,2024-01-17 21:12:01,2024-01-17 21:18:47,,1.54,,,237,236,0,11.98,0.0,0.5,0.0,0.0,1.0,15.98,,,passagers_invalides;
2,2024-01-26 14:21:29,2024-01-26 14:25:02,1.0,0.17,1.0,N,230,230,4,-5.1,0.0,-0.5,0.0,0.0,-1.0,-9.1,-2.5,0.0,montant_invalide;
2,2024-01-29 09:09:38,2024-01-29 09:33:43,,8.07,,,236,88,0,37.08,0.0,0.5,8.22,0.0,1.0,49.3,,,passagers_invalides;
1,2024-01-12 09:25:54,2024-01-12 09:32:31,,1.1,,,142,237,0,8.6,0.0,0.5,2.52,0.0,1.0,15.12,,,passagers_invalides;
2,2024-01-13 02:24:27,2024-01-13 02:24:35,1.0,0.0,5.0,N,249,249,1,10.0,0.0,0.0,2.7,0.0,1.0,16.2,2.5,0.0,distance_invalide;
2,2024-01-17 08:18:06,2024-01-17 08:30:35,,2.95,,,50,238,0,17.74,0.0,0.5,1.74,0.0,1.0,23.48,,,passagers_invalides;
2,2024-01-24 21:15:00,2024-01-24 21:18:15,2.0,1.47,2.0,N,132,132,4,-70.0,0.0,-0.5,0.0,0.0,-1.0,-73.25,0.0,-1.75,montant_invalide;
2,2024-01-04 22:15:24,2024-01-04 22:18:54,1.0,0.7,1.0,N,231,249,2,-5.8,-1.0,-0.5,0.0,0.0,-1.0,-10.8,-2.5,0.0,montant_invalide;
1,2024-01-06 22:41:02,2024-01-06 22:48:57,,0.0,,,236,140,0,8.27,0.0,0.5,0.0,0.0,1.0,12.27,,,distance_invalide;passagers_invalides;
2,2024-01-06 19:48:46,2024-01-06 20:09:37,,4.33,,,237,79,0,25.01,0.0,0.5,0.0,0.0,1.0,29.01,,,passagers_invalides;
1,2024-01-25 07:32:55,2024-01-25 07:50:07,,3.0,,,262,143,0,21.14,0.0,0.5,0.0,0.0,1.0,25.14,,,passagers_invalides;
1,2024-01-14 15:45:03,2024-01-14 15:58:46,0.0,2.1,1.0,Y,234,261,2,12.8,2.5,0.5,0.0,0.0,1.0,16.8,2.5,0.0,passagers_invalides;
2,2024-01-24 09:08:55,2024-01-24 09:24:11,1.0,2.25,1.0,N,125,170,3,-15.6,0.0,-0.5,0.0,0.0,-1.0,-19.6,-2.5,0.0,montant_invalide;
2,2024-01-17 17:49:11,2024-01-17 18:14:34,,3.45,,,107,142,0,28.97,0.0,0.5,0.0,0.0,1.0,32.97,,,passagers_invalides;
1,2024-01-08 13:53:24,2024-01-08 14:08:15,,2.0,,,164,144,0,14.2,0.0,0.5,3.64,0.0,1.0,21.84,,,passagers_invalides;
1,2024-01-28 20:07:32,2024-01-28 20:16:36,,1.4,,,236,239,0,10.0,1.0,0.5,1.5,0.0,1.0,16.5,,,passagers_invalides;
1,2024-01-10 13:56:15,2024-01-10 14:56:30,0.0,15.5,1.0,N,132,146,1,70.2,1.75,0.5,4.0,0.0,1.0,77.45,0.0,1.75,passagers_invalides;
2,2024-01-28 16:38:08,2024-01-28 17:06:24,,6.3,,,75,232,0,-0.51,0.0,0.5,0.0,0.0,1.0,3.49,,,montant_invalide;passagers_invalides;
2,2024-01-24 17:03:10,2024-01-24 17:03:20,1.0,0.0,1.0,N,193,193,3,3.0,2.5,0.5,0.0,0.0,1.0,7.0,0.0,0.0,distance_invalide;
1,2024-01-21 23:00:13,2024-01-21 23:09:15,0.0,1.7,1.0,N,68,107,2,10.7,3.5,0.5,0.0,0.0,1.0,15.7,2.5,0.0,passagers_invalides;
1,2024-01-25 12:22:54,2024-01-25 12:33:06,,0.0,,,231,232,0,10.92,0.0,0.5,0.0,0.0,1.0,14.92,,,distance_invalide;passagers_invalides;
2,2024-01-01 01:01:11,2024-01-01 01:16:17,,2.93,,,263,41,0,23.9,0.0,0.5,0.0,0.0,1.0,27.9,,,passagers_invalides;
2,2024-01-17 15:51:58,2024-01-17 16:01:43,1.0,0.93,1.0,N,237,236,3,-10.0,0.0,-0.5,0.0,0.0,-1.0,-14.0,-2.5,0.0,montant_invalide;
2,2024-01-08 08:59:05,2024-01-08 09:12:57,1.0,0.0,1.0,N,141,43,1,12.1,0.0,0.5,4.03,0.0,1.0,20.13,2.5,0.0,distance_invalide;
2,2024-01-19 20:52:03,2024-01-19 21:02:06,1.0,0.0,1.0,N,113,231,1,9.3,1.0,0.5,2.14,0.0,1.0,16.44,2.5,0.0,distance_invalide;
2,2024-01-01 00:52:08,2024-01-01 01:13:13,,3.49,,,233,231,0,31.01,0.0,0.5,0.0,0.0,1.0,35.01,,,passagers_invalides;
2,2024-01-21 01:46:37,2024-01-21 02:02:48,,4.75,,,79,87,0,20.84,0.0,0.5,5.97,0.0,1.0,30.81,,,passagers_invalides;
1,2024-01-30 16:14:03,2024-01-30 17:01:07,0.0,18.9,1.0,N,132,255,2,75.1,4.25,0.5,0.0,0.0,1.0,80.85,0.0,1.75,passagers_invalides;
1,2024-01-13 12:12:41,2024-01-13 12:24:50,0.0,0.9,1.0,N,68,100,1,11.4,2.5,0.5,3.05,0.0,1.0,18.45,2.5,0.0,passagers_invalides;
2,2024-01-11 10:19:37,2024-01-11 10:40:56,,2.77,,,239,140,0,20.63,0.0,0.5,4.93,0.0,1.0,29.56,,,passagers_invalides;
1,2024-01-09 08:08:57,2024-01-09 08:18:47,0.0,1.7,1.0,N,234,230,1,12.1,2.5,0.5,1.0,0.0,1.0,17.1,2.5,0.0,passagers_invalides;
2,2024-01-18 07:50:07,2024-01-18 08:01:28,,2.35,,,79,170,0,16.64,0.0,0.5,4.13,0.0,1.0,24.77,,,passagers_invalides;
1,2024-01-12 09:49:19,2024-01-12 09:56:15,,1.0,,,236,237,0,8.6,0.0,0.5,1.26,0.0,1.0,13.86,,,passagers_invalides;
2,2024-01-09 18:18:54,2024-01-09 18:31:57,,1.53,,,236,142,0,15.97,0.0,0.5,0.0,0.0,1.0,19.97,,,passagers_invalides;
2,2024-01-12 19:33:16,2024-01-12 19:35:29,1.0,0.21,1.0,N,234,234,4,-4.4,-2.5,-0.5,0.0,0.0,-1.0,-10.9,-2.5,0.0,montant_invalide;
1,2024-01-31 18:35:20,2024-01-31 18:40:12,,1.0,,,237,236,0,7.9,2.5,0.5,2.16,0.0,1.0,16.56,,,passagers_invalides;
2,2024-01-20 23:14:09,2024-01-20 23:31:17,,5.51,,,181,4,0,21.36,0.0,0.5,0.0,0.0,1.0,25.36,,,passagers_invalides;
2,2024-01-28 00:46:48,2024-01-28 01:00:01,,1.76,,,79,158,0,14.9,0.0,0.5,0.0,0.0,1.0,18.9,,,passagers_invalides;
1,2024-01-30 12:44:04,2024-01-30 12:51:07,,0.6,,,161,161,0,7.9,0.0,0.5,1.78,0.0,1.0,13.68,,,passagers_invalides;
1,2024-01-27 15:56:13,2024-01-27 16:09:36,0.0,1.2,1.0,N,163,50,1,12.8,2.5,0.5,1.0,0.0,1.0,17.8,2.5,0.0,passagers_invalides;
1,2024-01-19 08:37:27,2024-01-19 08:49:43,,0.0,,,72,188,0,9.98,0.0,0.5,0.0,0.0,1.0,11.48,,,distance_invalide;passagers_invalides;
2,2024-01-09 23:55:05,2024-01-10 00:02:10,,1.42,,,230,164,0,11.74,0.0,0.5,3.15,0.0,1.0,18.89,,,passagers_invalides;
1,2024-01-05 10:02:28,2024-01-05 10:06:39,,0.5,,,79,224,0,10.16,0.0,0.5,0.0,0.0,1.0,14.16,,,passagers_invalides;
2,2024-01-20 03:16:04,2024-01-20 03:23:13,,1.47,,,158,234,0,8.16,0.0,0.5,0.0,0.0,1.0,12.16,,,passagers_invalides;
2,2024-01-15 17:13:59,2024-01-15 17:16:42,1.0,0.28,1.0,N,42,74,2,-3.7,0.0,-0.5,0.0,0.0,-1.0,-5.2,0.0,0.0,montant_invalide;
2,2024-01-23 21:09:32,2024-01-23 21:18:32,,1.4,,,162,107,0,10.25,0.0,0.5,0.0,0.0,1.0,14.25,,,passagers_invalides;
2,2024-01-01 05:19:33,2024-01-01 05:33:12,,4.2,,,78,254,0,18.47,0.0,0.5,0.0,0.0,1.0,19.97,,,passagers_invalides;
1,2024-01-21 06:21:27,2024-01-21 06:56:17,,0.0,,,62,162,0,39.26,0.0,0.5,0.0,0.0,1.0,43.26,,,distance_invalide;passagers_invalides;
2,2024-01-17 09:29:55,2024-01-17 09:53:57,,9.63,,,238,138,0,51.58,0.0,0.5,9.0,6.94,1.0,69.02,,,passagers_invalides;
2,2024-01-14 23:49:16,2024-01-14 23:57:22,,1.03,,,45,87,0,6.92,0.0,0.5,0.0,0.0,1.0,10.92,,,passagers_invalides;
2,2024-01-02 07:21:35,2024-01-02 07:28:29,,1.39,,,236,239,0,9.88,0.0,0.5,0.0,0.0,1.0,13.88,,,passagers_invalides;
2,2024-01-26 17:14:00,2024-01-26 17:34:00,,3.07,,,233,263,0,20.79,0.0,0.5,2.48,0.0,1.0,27.27,,,passagers_invalides;
1,2024-01-26 13:00:17,2024-01-26 13:10:46,0.0,1.6,1.0,N,239,238,1,10.7,2.5,0.5,3.65,0.0,1.0,18.35,2.5,0.0,passagers_invalides;
2,2024-01-13 18:26:30,2024-01-13 18:38:37,,2.85,,,262,41,0,15.65,0.0,0.5,0.0,0.0,1.0,19.65,,,passagers_invalides;
2,2024-01-14 13:55:05,2024-01-14 14:16:53,,4.77,,,139,130,0,27.89,0.0,0.5,0.0,0.0,1.0,29.39,,,passagers_invalides;
1,2024-01-12 20:15:17,2024-01-12 20:42:55,0.0,4.1,1.0,N,234,263,1,23.3,3.5,0.5,8.45,0.0,1.0,36.75,2.5,0.0,passagers_invalides;
1,2024-01-05 08:32:04,2024-01-05 08:35:18,,0.8,,,231,249,0,5.8,0.0,0.5,0.98,0.0,1.0,10.78,,,passagers_invalides;
2,2024-01-28 00:26:23,2024-01-28 00:35:19,,0.93,,,79,4,0,15.52,0.0,0.5,0.0,0.0,1.0,19.52,,,passagers_invalides;
2,2024-01-26 09:28:32,2024-01-26 09:38:25,,1.57,,,50,68,0,11.74,0.0,0.5,2.0,0.0,1.0,17.74,,,passagers_invalides;
2,2024-01-14 20:26:34,2024-01-14 20:26:40,1.0,0.0,5.0,N,92,92,1,65.0,0.0,0.0,0.0,0.0,1.0,66.0,0.0,0.0,distance_invalide;
2,2024-01-04 13:52:49,2024-01-04 14:03:25,1.0,1.18,1.0,N,237,161,4,-11.4,0.0,-0.5,0.0,0.0,-1.0,-15.4,-2.5,0.0,montant_invalide;
1,2024-01-19 17:03:52,2024-01-19 17:23:48,0.0,5.0,1.0,N,261,264,1,25.4,5.0,0.5,9.55,0.0,1.0,41.45,2.5,0.0,passagers_invalides;
1,2024-01-06 20:35:44,2024-01-06 20:55:28,,0.0,,,145,143,0,23.0,0.0,0.5,0.0,0.0,1.0,27.0,,,distance_invalide;passagers_invalides;
2,2024-01-10 15:06:08,2024-01-10 15:40:47,,14.33,,,13,138,0,54.02,0.0,0.5,11.6,0.0,1.0,69.62,,,passagers_invalides;
1,2024-01-21 00:42:05,2024-01-21 00:59:52,,4.5,,,4,66,0,20.91,0.0,0.5,0.0,0.0,1.0,24.91,,,passagers_invalides;
1,2024-01-06 17:09:58,2024-01-06 17:33:44,0.0,4.2,1.0,N,239,249,1,25.4,2.5,0.5,5.85,0.0,1.0,35.25,2.5,0.0,passagers_invalides;
2,2024-01-14 18:53:30,2024-01-14 19:11:28,3.0,0.0,1.0,N,230,164,1,14.9,1.0,0.5,3.98,0.0,1.0,23.88,2.5,0.0,distance_invalide;
2,2024-01-13 17:53:52,2024-01-13 18:10:42,,1.78,,,231,114,0,14.2,0.0,0.5,0.0,0.0,1.0,18.2,,,passagers_invalides;
2,2024-01-13 02:31:37,2024-01-13 02:42:35,,1.28,,,144,79,0,11.15,0.0,0.5,0.0,0.0,1.0,15.15,,,passagers_invalides;
2,2024-01-29 20:53:54,2024-01-29 20:58:27,1.0,0.0,1.0,N,238,142,1,5.8,1.0,0.5,1.08,0.0,1.0,11.88,2.5,0.0,distance_invalide;
1,2024-01-15 20:16:00,2024-01-15 20:38:27,0.0,4.8,1.0,N,164,13,1,22.6,3.5,0.5,5.5,0.0,1.0,33.1,2.5,0.0,passagers_invalides;
2,2024-01-14 04:00:14,2024-01-14 04:14:26,,4.21,,,113,236,0,21.17,0.0,0.5,0.0,0.0,1.0,25.17,,,passagers_invalides;
1,2024-01-28 14:46:36,2024-01-28 14:59:10,,1.8,,,263,142,0,12.73,0.0,0.5,0.0,0.0,1.0,16.73,,,passagers_invalides;
1,2024-01-17 20:29:41,2024-01-17 20:40:53,,1.9,,,230,236,0,11.4,1.0,0.5,3.28,0.0,1.0,19.68,,,passagers_invalides;
2,2024-01-17 19:39:51,2024-01-17 20:10:52,2.0,18.24,1.0,N,138,265,4,-68.1,-7.5,-0.5,0.0,-6.94,-1.0,-85.79,0.0,-1.75,montant_invalide;
1,2024-01-19 07:52:27,2024-01-19 08:06:02,,3.3,,,140,224,0,17.0,0.0,0.5,8.4,0.0,1.0,29.4,,,passagers_invalides;
1,2024-01-13 18:53:52,2024-01-13 19:38:44,0.0,19.9,2.0,N,132,238,1,70.0,4.25,0.5,16.5,6.94,1.0,99.19,2.5,1.75,passagers_invalides;
1,2024-01-21 14:46:46,2024-01-21 14:51:49,,0.0,,,246,68,0,8.22,0.0,0.5,0.0,0.0,1.0,12.22,,,distance_invalide;passagers_invalides;
1,2024-01-17 16:03:58,2024-01-17 16:07:29,1.0,0.0,1.0,N,137,107,1,5.1,5.0,0.5,2.3,0.0,1.0,13.9,2.5,0.0,distance_invalide;
2,2024-01-20 00:13:49,2024-01-20 00:26:49,,3.73,,,148,141,0,17.62,0.0,0.5,0.0,0.0,1.0,21.62,,,passagers_invalides;
2,2024-01-16 22:15:25,2024-01-16 22:30:04,1.0,2.73,1.0,N,186,142,4,-16.3,-1.0,-0.5,0.0,0.0,-1.0,-21.3,-2.5,0.0,montant_invalide;
2,2024-01-20 09:32:10,2024-01-20 09:39:30,3.0,1.41,1.0,N,170,246,2,-9.3,0.0,-0.5,0.0,0.0,-1.0,-13.3,-2.5,0.0,montant_invalide;
2,2024-01-18 11:52:14,2024-01-18 11:56:24,2.0,0.0,1.0,N,68,246,1,5.8,0.0,0.5,1.96,0.0,1.0,11.76,2.5,0.0,distance_invalide;
1,2024-01-07 00:12:04,2024-01-07 00:21:09,,1.5,,,237,239,0,10.96,0.0,0.5,0.0,0.0,1.0,14.96,,,passagers_invalides;
1,2024-01-20 04:44:53,2024-01-20 05:02:20,,0.0,,,74,100,0,27.28,0.0,0.5,0.0,0.0,1.0,31.28,,,distance_invalide;passagers_invalides;
2,2024-01-15 14:57:14,2024-01-15 15:10:54,,3.35,,,75,163,0,0.49,0.0,0.5,0.0,0.0,1.0,4.49,,,passagers_invalides;
2,2024-01-07 12:22:47,2024-01-07 12:42:09,,4.81,,,233,151,0,26.88,0.0,0.5,3.09,0.0,1.0,33.97,,,passagers_invalides;
1,2024-01-09 18:12:13,2024-01-09 18:26:37,,0.0,,,230,141,0,18.34,0.0,0.5,0.0,0.0,1.0,22.34,,,distance_invalide;passagers_invalides;
2,2024-01-28 13:26:02,2024-01-28 13:38:40,,2.15,,,170,249,0,15.03,0.0,0.5,0.0,0.0,1.0,19.03,,,passagers_invalides;
2,2024-01-12 18:56:00,2024-01-12 19:16:00,,5.83,,,244,151,0,29.9,0.0,0.5,8.48,0.0,1.0,42.38,,,passagers_invalides;
2,2024-01-12 18:53:00,2024-01-12 19:03:00,,2.96,,,262,233,0,22.0,0.0,0.5,5.2,0.0,1.0,31.2,,,passagers_invalides;
2,2024-01-21 18:46:07,2024-01-21 18:59:50,1.0,0.0,1.0,N,141,107,1,12.1,0.0,0.5,3.22,0.0,1.0,19.32,2.5,0.0,distance_invalide;
1,2024-01-29 10:20:05,2024-01-29 10:30:41,0.0,0.9,1.0,N,161,162,2,10.7,2.5,0.5,0.0,0.0,1.0,14.7,2.5,0.0,passagers_invalides;
2,2024-01-18 10:24:52,2024-01-18 10:39:51,,1.92,,,141,75,0,16.56,0.0,0.5,4.11,0.0,1.0,24.67,,,passagers_invalides;
1,2024-01-25 17:57:39,2024-01-25 18:17:09,0.0,1.5,1.0,N,186,163,2,17.0,5.0,0.5,0.0,0.0,1.0,23.5,2.5,0.0,passagers_invalides;
2,2024-01-23 21:45:53,2024-01-23 21:57:33,,2.1,,,170,4,0,15.54,0.0,0.5,0.0,0.0,1.0,19.54,,,passagers_invalides;
1,2024-01-18 09:57:53,2024-01-18 10:27:24,,0.0,,,62,157,0,29.37,0.0,0.5,0.0,0.0,1.0,30.87,,,distance_invalide;passagers_invalides;
1,2024-01-03 22:45:45,2024-01-03 23:14:40,0.0,8.8,1.0,Y,164,25,1,40.1,3.5,0.5,0.0,0.0,1.0,45.1,2.5,0.0,passagers_invalides;
2,2024-01-18 19:24:46,2024-01-18 19:31:35,,0.73,,,262,262,0,11.74,0.0,0.5,4.72,0.0,1.0,20.46,,,passagers_invalides;
2,2024-01-17 08:11:52,2024-01-17 09:12:50,,16.98,,,148,132,0,68.52,0.0,0.5,18.13,0.0,1.0,90.65,,,passagers_invalides;
2,2024-01-14 22:04:50,2024-01-14 22:19:15,1.0,3.71,1.0,N,162,238,4,-18.4,-1.0,-0.5,0.0,0.0,-1.0,-23.4,-2.5,0.0,montant_invalide;
2,2024-01-16 07:16:56,2024-01-16 07:33:09,1.0,1.88,1.0,N,161,140,3,-15.6,0.0,-0.5,0.0,0.0,-1.0,-19.6,-2.5,0.0,montant_invalide;
1,2024-01-12 12:16:16,2024-01-12 12:22:22,0.0,1.3,1.0,N,100,90,1,8.6,2.5,0.5,3.1,0.0,1.0,15.7,2.5,0.0,passagers_invalides;
1,2024-01-20 12:53:33,2024-01-20 12:57:14,0.0,0.9,1.0,N,43,238,1,6.5,0.0,0.5,1.6,0.0,1.0,9.6,0.0,0.0,passagers_invalides;
2,2024-01-19 12:08:29,2024-01-19 12:31:55,,3.19,,,233,249,0,21.79,0.0,0.5,0.0,0.0,1.0,25.79,,,passagers_invalides;
2,2024-01-20 05:45:00,2024-01-20 06:19:00,,17.76,,,90,132,0,60.2,0.0,0.5,14.23,6.94,1.0,85.37,,,passagers_invalides;
2,2024-01-06 10:24:56,2024-01-06 10:32:10,,1.19,,,238,43,0,11.74,0.0,0.5,1.57,0.0,1.0,17.31,,,passagers_invalides;
2,2024-01-01 00:43:00,2024-01-01 01:15:00,,6.08,,,79,143,0,31.55,0.0,0.5,2.0,0.0,1.0,37.55,,,passagers_invalides;
1,2024-01-17 13:47:19,2024-01-17 14:12:20,,3.9,,,143,114,0,29.46,0.0,0.5,0.0,0.0,1.0,33.46,,,passagers_invalides;
2,2024-01-06 17:08:49,2024-01-06 17:35:36,,6.31,,,232,246,0,21.23,0.0,0.5,7.05,0.0,1.0,32.28,,,passagers_invalides;
1,2024-01-25 21:13:27,2024-01-25 21:27:51,,0.0,,,13,233,0,21.57,0.0,0.5,0.0,0.0,1.0,25.57,,,distance_invalide;passagers_invalides;
2,2024-01-20 01:04:11,2024-01-20 01:16:15,,2.42,,,231,90,0,16.53,0.0,0.5,0.0,0.0,1.0,20.53,,,passagers_invalides;
2,2024-01-30 23:00:03,2024-01-30 23:19:50,1.0,9.96,1.0,N,132,198,3,-39.4,-1.0,-0.5,0.0,0.0,-1.0,-43.65,0.0,-1.75,montant_invalide;
1,2024-01-04 20:35:03,2024-01-04 20:46:00,,1.1,,,229,163,0,10.16,0.0,0.5,0.0,0.0,1.0,11.66,,,passagers_invalides;
1,2024-01-17 15:07:49,2024-01-17 15:35:12,1.0,0.0,99.0,N,202,260,1,20.5,0.0,0.5,0.0,0.0,1.0,22.0,0.0,0.0,distance_invalide;
1,2024-01-20 00:13:38,2024-01-20 00:20:04,,0.0,,,113,125,0,13.51,0.0,0.5,0.0,0.0,1.0,17.51,,,distance_invalide;passagers_invalides;
2,2024-01-03 10:20:38,2024-01-03 10:21:57,1.0,0.25,2.0,N,132,132,3,-70.0,0.0,-0.5,0.0,0.0,-1.0,-73.25,0.0,-1.75,montant_invalide;
1,2024-01-01 01:04:51,2024-01-01 01:38:06,,0.0,,,87,143,0,51.16,0.0,0.5,0.0,0.0,1.0,55.16,,,distance_invalide;passagers_invalides;
1,2024-01-14 19:08:33,2024-01-14 19:17:37,0.0,2.1,1.0,N,162,141,1,11.4,2.5,0.5,3.08,0.0,1.0,18.48,2.5,0.0,passagers_invalides;
1,2024-01-10 02:23:58,2024-01-10 02:47:00,0.0,18.6,4.0,N,138,265,3,92.6,7.75,0.5,0.0,0.0,1.0,101.85,0.0,1.75,passagers_invalides;
2,2024-01-01 00:36:00,2024-01-01 00:43:00,,1.27,,,211,90,0,11.74,0.0,0.5,3.15,0.0,1.0,18.89,,,passagers_invalides;
2,2024-01-14 01:22:12,2024-01-14 01:40:23,,5.94,,,79,236,0,22.95,0.0,0.5,0.0,0.0,1.0,26.95,,,passagers_invalides;
2,2024-01-13 13:54:17,2024-01-13 14:01:13,1.0,0.0,1.0,N,142,239,1,7.2,0.0,0.5,1.68,0.0,1.0,12.88,2.5,0.0,distance_invalide;
1,2024-01-29 06:14:37,2024-01-29 06:14:46,0.0,0.0,1.0,N,50,50,3,3.0,2.5,0.5,0.0,0.0,1.0,7.0,2.5,0.0,distance_invalide;passagers_invalides;
2,2024-01-24 09:35:39,2024-01-24 09:52:57,,2.31,,,238,161,0,20.15,0.0,0.5,2.0,0.0,1.0,26.15,,,passagers_invalides;
1,2024-01-24 13:30:04,2024-01-24 13:39:27,,1.2,,,50,143,0,10.16,0.0,0.5,0.0,0.0,1.0,14.16,,,passagers_invalides;
2,2024-01-17 11:01:29,2024-01-17 11:01:43,4.0,0.0,5.0,N,167,167,1,80.0,0.0,0.0,0.0,0.0,1.0,81.0,0.0,0.0,distance_invalide;
2,2024-01-08 20:40:39,2024-01-08 20:51:42,1.0,2.58,1.0,N,237,151,4,-14.2,-1.0,-0.5,0.0,0.0,-1.0,-19.2,-2.5,0.0,montant_invalide;
2,2024-01-14 11:03:05,2024-01-14 11:26:50,,8.51,,,157,181,0,34.54,0.0,0.5,0.0,0.0,1.0,36.04,,,passagers_invalides;
2,2024-01-24 22:30:12,2024-01-24 22:54:41,,6.46,,,249,262,0,26.71,0.0,0.5,0.0,0.0,1.0,30.71,,,passagers_invalides;
1,2024-01-20 20:48:27,2024-01-20 20:54:20,0.0,1.0,1.0,N,170,162,1,7.9,3.5,0.5,2.55,0.0,1.0,15.45,2.5,0.0,passagers_invalides;
1,2024-01-09 18:47:05,2024-01-09 19:04:18,,2.8,,,89,26,0,16.34,0.0,0.5,0.0,0.0,1.0,17.84,,,passagers_invalides;
2,2024-01-14 13:13:00,2024-01-14 13:19:13,,0.86,,,236,237,0,6.83,0.0,0.5,0.0,0.0,1.0,10.83,,,passagers_invalides;
2,2024-01-30 11:04:09,2024-01-30 11:24:05,1.0,0.79,1.0,N,100,163,3,-17.0,0.0,-0.5,0.0,0.0,-1.0,-21.0,-2.5,0.0,montant_invalide;
1,2024-01-11 22:35:45,2024-01-11 22:45:27,,1.7,,,107,229,0,11.4,1.0,0.5,2.46,0.0,1.0,18.86,,,passagers_invalides;
2,2024-01-17 18:08:20,2024-01-17 19:09:25,,13.52,,,160,133,0,45.82,0.0,0.5,0.0,0.0,1.0,47.32,,,passagers_invalides;
1,2024-01-25 10:56:51,2024-01-25 11:15:34,2.0,0.0,1.0,N,236,161,1,15.6,2.5,0.5,3.9,0.0,1.0,23.5,2.5,0.0,distance_invalide;
1,2024-01-09 18:26:05,2024-01-09 18:33:16,,1.7,,,75,141,0,11.25,0.0,0.5,0.0,0.0,1.0,15.25,,,passagers_invalides;
2,2024-01-28 01:53:40,2024-01-28 02:06:20,,2.89,,,114,233,0,17.1,0.0,0.5,0.0,0.0,1.0,21.1,,,passagers_invalides;
2,2024-01-20 01:55:12,2024-01-20 01:56:35,3.0,0.15,1.0,N,79,79,3,-3.7,-1.0,-0.5,0.0,0.0,-1.0,-8.7,-2.5,0.0,montant_invalide;
1,2024-01-13 14:00:40,2024-01-13 14:14:50,0.0,2.4,1.0,N,238,163,1,15.6,2.5,0.5,3.9,0.0,1.0,23.5,2.5,0.0,passagers_invalides;
2,2024-01-13 17:48:00,2024-01-13 18:13:35,,3.03,,,142,137,0,21.68,0.0,0.5,0.0,0.0,1.0,25.68,,,passagers_invalides;
1,2024-01-28 13:52:34,2024-01-28 13:56:09,0.0,0.4,1.0,N,263,236,1,5.8,2.5,0.5,2.0,0.0,1.0,11.8,2.5,0.0,passagers_invalides;
1,2024-01-31 09:09:51,2024-01-31 09:37:30,,0.0,,,233,244,0,35.19,0.0,0.5,0.0,0.0,1.0,39.19,,,distance_invalide;passagers_invalides;
2,2024-01-21 22:05:28,2024-01-21 22:23:22,,5.6,,,33,79,0,20.41,0.0,0.5,0.0,0.0,1.0,24.41,,,passagers_invalides;
2,2024-01-24 11:14:33,2024-01-24 11:40:07,,5.93,,,141,45,0,30.73,0.0,0.5,6.95,0.0,1.0,41.68,,,passagers_invalides;
1,2024-01-07 15:30:05,2024-01-07 15:33:47,0.0,1.2,1.0,N,239,151,1,7.2,2.5,0.5,2.2,0.0,1.0,13.4,2.5,0.0,passagers_invalides;
2,2024-01-06 23:32:56,2024-01-06 23:50:59,,3.82,,,113,239,0,22.47,0.0,0.5,0.0,0.0,1.0,26.47,,,passagers_invalides;
2,2024-01-04 18:30:51,2024-01-04 18:52:56,,3.32,,,161,211,0,27.89,0.0,0.5,4.78,0.0,1.0,36.67,,,passagers_invalides;
2,2024-01-25 09:39:49,2024-01-25 09:51:43,,2.16,,,238,230,0,19.54,0.0,0.5,4.71,0.0,1.0,28.25,,,passagers_invalides;
2,2024-01-16 06:56:12,2024-01-16 07:08:20,,3.32,,,79,140,0,22.16,0.0,0.5,0.0,0.0,1.0,26.16,,,passagers_invalides;
1,2024-01-24 13:55:59,2024-01-24 14:24:26,1.0,0.0,1.0,N,193,186,1,23.5,0.0,0.5,0.0,6.94,1.0,31.94,0.0,0.0,distance_invalide;
2,2024-01-21 20:54:00,2024-01-21 21:05:00,,0.34,,,13,249,0,13.66,0.0,0.5,2.65,0.0,1.0,20.31,,,passagers_invalides;
2,2024-01-01 15:49:58,2024-01-01 16:10:32,,3.71,,,152,262,0,0.49,0.0,0.5,0.0,0.0,1.0,4.49,,,passagers_invalides;
2,2024-01-20 03:24:57,2024-01-20 03:35:19,1.0,1.54,1.0,N,148,107,3,-12.1,-1.0,-0.5,0.0,0.0,-1.0,-17.1,-2.5,0.0,montant_invalide;
2,2024-01-27 23:11:15,2024-01-27 23:11:47,1.0,0.03,1.0,N,170,170,4,-3.0,-1.0,-0.5,0.0,0.0,-1.0,-8.0,-2.5,0.0,montant_invalide;
1,2024-01-09 16:17:49,2024-01-09 16:23:43,,1.1,,,164,234,0,7.9,2.5,0.5,2.16,0.0,1.0,16.56,,,passagers_invalides;
2,2024-01-20 04:01:00,2024-01-20 04:15:00,,7.35,,,262,231,0,29.9,0.0,0.5,6.78,0.0,1.0,40.68,,,passagers_invalides;
1,2024-01-31 06:55:36,2024-01-31 07:10:10,,1.8,,,142,236,0,15.6,0.0,0.5,3.92,0.0,1.0,23.52,,,passagers_invalides;
2,2024-01-12 06:46:53,2024-01-12 07:10:32,,4.98,,,74,164,0,25.57,0.0,0.5,0.0,0.0,1.0,29.57,,,passagers_invalides;
2,2024-01-28 20:18:28,2024-01-28 20:41:01,,4.37,,,143,79,0,26.02,0.0,0.5,0.0,0.0,1.0,30.02,,,passagers_invalides;
2,2024-01-19 11:55:09,2024-01-19 12:12:30,,3.81,,,229,148,0,18.65,0.0,0.5,0.0,0.0,1.0,22.65,,,passagers_invalides;
1,2024-01-17 07:33:51,2024-01-17 07:46:41,,1.7,,,143,161,0,12.97,0.0,0.5,0.0,0.0,1.0,16.97,,,passagers_invalides;
1,2024-01-05 08:34:55,2024-01-05 09:20:53,,0.0,,,71,191,0,54.66,0.0,0.5,0.0,0.0,1.0,56.16,,,distance_invalide;passagers_invalides;
2,2024-01-17 15:23:58,2024-01-17 16:29:00,,15.77,,,48,132,0,82.64,0.0,0.5,13.0,0.0,1.0,99.64,,,passagers_invalides;
2,2024-01-04 07:57:23,2024-01-04 08:13:15,,8.32,,,263,138,0,35.06,0.0,0.5,9.2,6.94,1.0,55.2,,,passagers_invalides;
2,2024-01-20 23:03:30,2024-01-20 23:17:47,,1.45,,,249,231,0,1.0,0.0,0.5,0.0,0.0,1.0,5.0,,,passagers_invalides;
2,2024-01-09 20:53:39,2024-01-09 21:00:50,,1.44,,,170,79,0,8.02,0.0,0.5,0.0,0.0,1.0,12.02,,,passagers_invalides;
2,2024-01-23 11:15:34,2024-01-23 11:46:36,,2.94,,,43,107,0,1.53,0.0,0.5,0.0,0.0,1.0,5.53,,,passagers_invalides;
2,2024-01-12 05:11:03,2024-01-12 05:11:22,4.0,0.0,5.0,N,226,226,1,60.0,0.0,0.0,12.2,0.0,1.0,73.2,0.0,0.0,distance_invalide;
2,2024-01-06 23:04:09,2024-01-06 23:13:11,,0.99,,,144,211,0,6.83,0.0,0.5,0.0,0.0,1.0,10.83,,,passagers_invalides;
1,2024-01-03 12:54:26,2024-01-03 13:12:22,,3.5,,,247,263,0,21.34,0.0,0.5,0.0,0.0,1.0,22.84,,,passagers_invalides;
1,2024-01-01 01:21:49,2024-01-01 01:33:24,,0.0,,,236,74,0,22.46,0.0,0.5,0.0,0.0,1.0,26.46,,,distance_invalide;passagers_invalides;
2,2024-01-03 17:24:46,2024-01-03 17:34:38,3.0,1.57,1.0,N,246,163,2,-10.7,-2.5,-0.5,0.0,0.0,-1.0,-17.2,-2.5,0.0,montant_invalide;
1,2024-01-05 16:46:48,2024-01-05 16:56:07,0.0,1.1,1.0,N,237,236,1,10.7,5.0,0.5,0.0,0.0,1.0,17.2,2.5,0.0,passagers_invalides;
2,2024-01-05 08:34:47,2024-01-05 09:01:18,,4.08,,,238,162,0,27.35,0.0,0.5,0.0,0.0,1.0,31.35,,,passagers_invalides;
1,2024-01-25 08:08:43,2024-01-25 08:14:19,0.0,0.8,1.0,N,163,161,1,7.2,2.5,0.5,2.2,0.0,1.0,13.4,2.5,0.0,passagers_invalides;
2,2024-01-17 21:36:03,2024-01-17 21:55:14,,4.44,,,231,137,0,21.81,0.0,0.5,5.16,0.0,1.0,30.97,,,passagers_invalides;
1,2024-01-20 10:06:47,2024-01-20 10:15:44,,1.8,,,234,231,0,10.7,0.0,0.5,2.9,0.0,1.0,17.6,,,passagers_invalides;
2,2024-01-25 18:34:29,2024-01-25 18:50:34,,1.99,,,13,211,0,13.94,0.0,0.5,0.0,0.0,1.0,17.94,,,passagers_invalides;
2,2024-01-17 18:36:31,2024-01-17 18:46:07,,1.36,,,48,234,0,10.66,0.0,0.5,0.0,0.0,1.0,14.66,,,passagers_invalides;
1,2024-01-06 07:59:27,2024-01-06 08:16:08,,4.5,,,42,236,0,18.66,0.0,0.5,0.0,0.0,1.0,22.66,,,passagers_invalides;
1,2024-01-18 12:23:05,2024-01-18 12:39:19,0.0,1.4,1.0,N,161,186,1,14.9,2.5,0.5,3.75,0.0,1.0,22.65,2.5,0.0,passagers_invalides;
1,2024-01-31 18:58:13,2024-01-31 19:03:44,,1.3,,,236,239,0,7.9,2.5,0.5,2.16,0.0,1.0,16.56,,,passagers_invalides;
1,2024-01-01 19:09:22,2024-01-01 19:51:26,0.0,20.6,2.0,N,132,239,2,70.0,4.25,0.5,0.0,6.94,1.0,82.69,2.5,1.75,passagers_invalides;
1,2024-01-10 07:18:59,2024-01-10 08:13:31,,0.0,,,61,244,0,63.4,0.0,0.5,0.0,0.0,1.0,64.9,,,distance_invalide;passagers_invalides;
2,2024-01-30 12:59:11,2024-01-30 13:09:21,1.0,0.99,1.0,N,186,230,4,-10.0,0.0,-0.5,0.0,0.0,-1.0,-14.0,-2.5,0.0,montant_invalide;
1,2024-01-02 14:18:51,2024-01-02 14:33:08,,1.6,,,246,137,0,14.2,0.0,0.5,3.64,0.0,1.0,21.84,,,passagers_invalides;
1,2024-01-09 09:53:18,2024-01-09 09:58:09,1.0,0.0,1.0,N,107,114,1,5.8,2.5,0.5,1.95,0.0,1.0,11.75,2.5,0.0,distance_invalide;
2,2024-01-08 01:34:17,2024-01-08 01:34:34,1.0,0.0,5.0,N,265,265,1,150.0,0.0,0.0,17.0,0.0,1.0,168.0,0.0,0.0,distance_invalide;
1,2024-01-18 10:17:38,2024-01-18 10:23:22,,0.5,,,263,236,0,6.5,0.0,0.5,1.57,0.0,1.0,12.07,,,passagers_invalides;
2,2024-01-16 22:42:57,2024-01-16 22:48:48,,0.94,,,163,50,0,8.58,0.0,0.5,0.0,0.0,1.0,12.58,,,passagers_invalides;
1,2024-01-09 18:02:06,2024-01-09 18:11:02,,1.7,,,163,239,0,10.7,2.5,0.5,1.72,0.0,1.0,18.92,,,passagers_invalides;
1,2024-01-16 09:32:45,2024-01-16 09:32:45,1.0,0.0,1.0,N,142,264,2,3.0,2.5,0.5,0.0,0.0,1.0,7.0,2.5,0.0,distance_invalide;
2,2024-01-27 14:35:50,2024-01-27 14:43:07,,1.02,,,130,215,0,7.92,0.0,0.5,0.0,0.0,1.0,9.42,,,passagers_invalides;
2,2024-01-22 16:37:55,2024-01-22 18:04:32,2.0,31.26,4.0,N,132,265,4,-154.2,-2.5,0.0,0.0,-29.26,-1.0,-188.71,0.0,-1.75,montant_invalide;
2,2024-01-11 13:13:05,2024-01-11 13:25:42,,1.2,,,140,236,0,11.74,0.0,0.5,3.15,0.0,1.0,18.89,,,passagers_invalides;
1,2024-01-09 21:00:25,2024-01-09 21:11:44,,0.0,,,140,161,0,13.94,0.0,0.5,0.0,0.0,1.0,17.94,,,distance_invalide;passagers_invalides;
1,2024-01-15 04:13:01,2024-01-15 04:13:10,1.0,0.0,1.0,N,125,125,3,3.0,3.5,0.5,0.0,0.0,1.0,8.0,2.5,0.0,distance_invalide;
2,2024-01-12 15:58:19,2024-01-12 15:59:34,1.0,0.0,2.0,N,132,132,2,70.0,0.0,0.5,0.0,0.0,1.0,73.25,0.0,1.75,distance_invalide;
2,2024-01-11 11:43:28,2024-01-11 11:47:14,1.0,0.0,1.0,N,161,164,2,5.1,0.0,0.5,0.0,0.0,1.0,9.1,2.5,0.0,distance_invalide;
1,2024-01-06 07:17:58,2024-01-06 07:31:36,0.0,2.4,1.0,Y,141,100,2,15.6,2.5,0.5,0.0,0.0,1.0,19.6,2.5,0.0,passagers_invalides;
1,2024-01-12 14:45:42,2024-01-12 14:52:26,0.0,0.7,1.0,N,161,161,2,7.9,2.5,0.5,0.0,0.0,1.0,11.9,2.5,0.0,passagers_invalides;
2,2024-01-13 02:05:55,2024-01-13 02:18:30,,4.01,,,112,148,0,24.49,0.0,0.5,0.0,0.0,1.0,28.49,,,passagers_invalides;
2,2024-01-26 14:28:39,2024-01-26 14:38:53,,1.14,,,164,234,0,15.09,0.0,0.5,3.82,0.0,1.0,22.91,,,passagers_invalides;
1,2024-01-01 00:28:10,2024-01-01 00:37:09,0.0,1.5,1.0,N,263,238,1,10.7,3.5,0.5,3.1,0.0,1.0,18.8,2.5,0.0,passagers_invalides;
1,2024-01-01 10:01:27,2024-01-01 10:01:27,1.0,0.0,5.0,N,239,264,2,0.0,0.0,0.0,0.0,0.0,0.0,0.0,0.0,0.0,distance_invalide;montant_invalide;
2,2024-01-25 09:11:59,2024-01-25 09:38:18,,3.78,,,226,161,0,27.98,0.0,0.5,6.4,0.0,1.0,38.38,,,passagers_invalides;
2,2024-01-26 19:52:51,2024-01-26 19:52:53,1.0,0.0,5.0,N,224,264,1,87.3,0.0,0.5,26.64,0.0,1.0,115.44,0.0,0.0,distance_invalide;
1,2024-01-30 21:56:54,2024-01-30 21:59:44,,1.0,,,237,236,0,6.5,1.0,0.5,3.45,0.0,1.0,14.95,,,passagers_invalides;
2,2024-01-08 17:21:05,2024-01-08 17:30:06,,1.16,,,249,114,0,11.74,0.0,0.5,3.0,0.0,1.0,18.74,,,passagers_invalides;
2,2024-01-25 18:08:49,2024-01-25 18:53:25,,14.22,,,87,243,0,4.99,0.0,0.5,0.0,0.0,1.0,8.99,,,passagers_invalides;
2,2024-01-15 17:01:09,2024-01-15 17:04:12,1.0,0.42,1.0,N,142,239,4,-5.1,0.0,-0.5,0.0,0.0,-1.0,-9.1,-2.5,0.0,montant_invalide;
2,2024-01-19 19:05:40,2024-01-19 19:15:13,,1.2,,,229,43,0,14.54,0.0,0.5,0.0,0.0,1.0,18.54,,,passagers_invalides;
1,2024-01-03 19:58:33,2024-01-03 20:13:05,0.0,2.3,1.0,N,164,113,1,15.6,3.5,0.5,2.06,0.0,1.0,22.66,2.5,0.0,passagers_invalides;
2,2024-01-28 13:28:36,2024-01-28 13:44:48,,2.15,,,88,125,0,-2.0,0.0,0.5,0.0,0.0,1.0,2.0,,,montant_invalide;passagers_invalides;
2,2024-01-07 01:22:05,2024-01-07 01:22:25,2.0,0.0,5.0,N,263,263,1,10.0,0.0,0.0,3.38,0.0,1.0,16.88,2.5,0.0,distance_invalide;
1,2024-01-13 18:27:37,2024-01-13 18:56:59,,0.0,,,144,230,0,37.87,0.0,0.5,0.0,0.0,1.0,41.87,,,distance_invalide;passagers_invalides;
2,2024-01-23 09:13:43,2024-01-23 09:23:00,,2.07,,,143,238,0,11.01,0.0,0.5,0.0,0.0,1.0,15.01,,,passagers_invalides;
1,2024-01-31 19:17:14,2024-01-31 19:17:31,1.0,0.0,1.0,N,48,48,4,3.0,5.0,0.5,0.0,0.0,1.0,9.5,2.5,0.0,distance_invalide;
1,2024-01-09 17:55:11,2024-01-09 18:16:20,,0.0,,,170,158,0,19.55,0.0,0.5,0.0,0.0,1.0,23.55,,,distance_invalide;passagers_invalides;
1,2024-01-02 16:08:23,2024-01-02 16:30:07,0.0,1.5,1.0,N,239,170,1,18.4,5.0,0.5,4.95,0.0,1.0,29.85,2.5,0.0,passagers_invalides;
2,2024-01-28 13:44:53,2024-01-28 13:50:43,,0.75,,,238,239,0,8.33,0.0,0.5,0.0,0.0,1.0,12.33,,,passagers_invalides;
2,2024-01-22 16:49:01,2024-01-22 17:13:58,,3.69,,,114,141,0,24.17,0.0,0.5,2.0,0.0,1.0,30.17,,,passagers_invalides;
1,2024-01-06 17:29:59,2024-01-06 17:54:36,,0.0,,,239,233,0,21.95,0.0,0.5,0.0,0.0,1.0,25.95,,,distance_invalide;passagers_invalides;
2,2024-01-28 00:43:31,2024-01-28 01:00:26,,3.36,,,249,50,0,13.86,0.0,0.5,0.0,0.0,1.0,17.86,,,passagers_invalides;
2,2024-01-25 22:11:10,2024-01-25 22:36:42,,6.56,,,142,144,0,29.47,0.0,0.5,3.35,0.0,1.0,36.82,,,passagers_invalides;
2,2024-01-12 07:55:54,2024-01-12 08:19:50,,9.68,,,244,113,0,40.23,0.0,0.5,0.0,0.0,1.0,44.23,,,passagers_invalides;
2,2024-01-12 23:42:41,2024-01-12 23:42:49,1.0,0.0,2.0,N,113,113,1,70.0,0.0,0.5,16.19,6.94,1.0,97.13,2.5,0.0,distance_invalide;
1,2024-01-31 08:57:21,2024-01-31 09:05:42,,2.3,,,262,233,0,12.1,0.0,0.5,3.99,0.0,1.0,20.09,,,passagers_invalides;
1,2024-01-26 14:59:08,2024-01-26 15:03:45,0.0,0.2,1.0,Y,48,48,2,5.8,2.5,0.5,0.0,0.0,1.0,9.8,2.5,0.0,passagers_invalides;
2,2024-01-25 17:41:43,2024-01-25 17:56:29,,1.68,,,140,75,0,17.86,0.0,0.5,0.0,0.0,1.0,21.86,,,passagers_invalides;
1,2024-01-29 23:09:02,2024-01-29 23:19:04,0.0,3.1,1.0,N,163,79,2,14.2,3.5,0.5,0.0,0.0,1.0,19.2,2.5,0.0,passagers_invalides;
2,2024-01-20 18:40:31,2024-01-20 19:07:31,,3.6,,,113,33,0,28.99,0.0,0.5,6.6,0.0,1.0,39.59,,,passagers_invalides;
2,2024-01-20 13:34:30,2024-01-20 13:43:11,,1.97,,,144,88,0,16.54,0.0,0.5,4.11,0.0,1.0,24.65,,,passagers_invalides;
2,2024-01-17 18:47:47,2024-01-17 18:59:30,,1.27,,,148,114,0,12.54,0.0,0.5,0.0,0.0,1.0,16.54,,,passagers_invalides;
2,2024-01-20 23:58:47,2024-01-21 00:09:27,,2.95,,,246,13,0,19.38,0.0,0.5,0.0,0.0,1.0,23.38,,,passagers_invalides;
1,2024-01-03 05:07:13,2024-01-03 05:37:40,2.0,0.0,2.0,N,48,132,1,70.0,2.5,0.5,10.0,6.94,1.0,90.94,2.5,0.0,distance_invalide;
1,2024-01-02 17:07:03,2024-01-02 17:18:16,,2.0,,,163,239,0,12.1,2.5,0.5,2.79,0.0,1.0,21.39,,,passagers_invalides;
2,2024-01-26 19:57:40,2024-01-26 20:00:45,,0.37,,,137,170,0,12.08,0.0,0.5,0.0,0.0,1.0,16.08,,,passagers_invalides;
2,2024-01-22 23:21:48,2024-01-22 23:35:07,,1.54,,,158,107,0,9.07,0.0,0.5,0.0,0.0,1.0,13.07,,,passagers_invalides;
2,2024-01-27 12:07:00,2024-01-27 12:18:37,,2.68,,,140,233,0,10.66,0.0,0.5,0.0,0.0,1.0,14.66,,,passagers_invalides;
2,2024-01-17 14:23:21,2024-01-17 14:45:05,,2.53,,,143,246,0,16.94,0.0,0.5,4.19,0.0,1.0,25.13,,,passagers_invalides;
2,2024-01-13 02:09:46,2024-01-13 02:10:20,,0.02,,,68,68,0,10.83,0.0,0.5,0.0,0.0,1.0,14.83,,,passagers_invalides;
1,2024-01-29 17:19:41,2024-01-29 17:28:03,0.0,1.9,1.0,N,262,141,1,11.4,5.0,0.5,2.0,0.0,1.0,19.9,2.5,0.0,passagers_invalides;
2,2024-01-14 00:29:15,2024-01-14 00:40:42,1.0,2.23,1.0,N,114,261,4,-13.5,-1.0,-0.5,0.0,0.0,-1.0,-18.5,-2.5,0.0,montant_invalide;
2,2024-01-18 10:32:14,2024-01-18 10:44:38,,1.56,,,140,43,0,15.13,0.0,0.5,2.87,0.0,1.0,22.0,,,passagers_invalides;
2,2024-01-09 21:17:59,2024-01-09 21:24:38,,1.31,,,237,263,0,11.74,0.0,0.5,3.15,0.0,1.0,18.89,,,passagers_invalides;
1,2024-01-16 19:37:22,2024-01-16 19:47:09,,2.2,,,48,236,0,12.1,2.5,0.5,2.79,0.0,1.0,21.39,,,passagers_invalides;
1,2024-01-16 18:47:37,2024-01-16 18:52:34,,0.7,,,142,163,0,6.5,2.5,0.5,1.95,0.0,1.0,14.95,,,passagers_invalides;
2,2024-01-31 22:21:56,2024-01-31 22:38:39,,2.85,,,164,263,0,17.91,0.0,0.5,0.0,0.0,1.0,21.91,,,passagers_invalides;
2,2024-01-13 02:17:03,2024-01-13 02:29:11,,1.65,,,79,90,0,13.07,0.0,0.5,0.0,0.0,1.0,17.07,,,passagers_invalides;
1,2024-01-12 20:59:48,2024-01-12 21:14:38,,0.0,,,239,74,0,18.0,1.0,0.5,2.0,0.0,1.0,25.0,,,distance_invalide;passagers_invalides;
2,2024-01-10 18:04:10,2024-01-10 19:02:55,1.0,22.1,1.0,N,138,29,4,-89.1,-7.5,-0.5,0.0,0.0,-1.0,-99.85,0.0,-1.75,montant_invalide;
1,2024-01-03 21:52:33,2024-01-03 22:05:09,,3.0,,,237,41,0,15.63,0.0,0.5,0.0,0.0,1.0,17.13,,,passagers_invalides;
2,2024-01-14 01:55:11,2024-01-14 02:06:37,1.0,1.49,1.0,N,163,143,2,-12.8,-1.0,-0.5,0.0,0.0,-1.0,-17.8,-2.5,0.0,montant_invalide;
2,2024-01-11 21:42:59,2024-01-11 21:54:08,,2.44,,,48,107,0,13.41,0.0,0.5,0.0,0.0,1.0,17.41,,,passagers_invalides;
2,2024-01-29 21:23:15,2024-01-29 21:31:04,,1.3,,,163,164,0,12.16,0.0,0.5,0.0,0.0,1.0,16.16,,,passagers_invalides;
2,2024-01-30 21:35:08,2024-01-30 21:45:04,,2.09,,,114,170,0,15.67,0.0,0.5,3.93,0.0,1.0,23.6,,,passagers_invalides;
2,2024-01-18 21:19:32,2024-01-18 21:41:12,,2.94,,,144,161,0,22.15,0.0,0.5,5.23,0.0,1.0,31.38,,,passagers_invalides;
1,2024-01-04 18:37:05,2024-01-04 18:44:58,0.0,0.8,1.0,N,100,170,2,8.6,5.0,0.5,0.0,0.0,1.0,15.1,2.5,0.0,passagers_invalides;
2,2024-01-01 15:42:36,2024-01-01 15:49:47,,1.17,,,107,79,0,6.83,0.0,0.5,0.0,0.0,1.0,10.83,,,passagers_invalides;
2,2024-01-01 19:13:28,2024-01-01 19:14:00,1.0,0.01,1.0,N,138,138,2,-3.0,-5.0,-0.5,0.0,0.0,-1.0,-11.25,0.0,-1.75,montant_invalide;
1,2024-01-17 21:24:17,2024-01-17 22:01:14,,0.0,,,68,79,0,23.54,0.0,0.5,0.0,0.0,1.0,27.54,,,distance_invalide;passagers_invalides;
2,2024-01-17 23:11:08,2024-01-17 23:27:45,,6.25,,,48,42,0,26.77,0.0,0.5,6.15,0.0,1.0,36.92,,,passagers_invalides;
2,2024-01-08 14:46:57,2024-01-08 15:06:00,,5.57,,,233,33,0,32.29,0.0,0.5,7.26,0.0,1.0,43.55,,,passagers_invalides;
2,2024-01-22 18:48:41,2024-01-22 19:03:24,,2.22,,,263,162,0,13.74,0.0,0.5,1.77,0.0,1.0,19.51,,,passagers_invalides;
1,2024-01-28 03:28:15,2024-01-28 03:41:49,,0.0,,,145,223,0,22.48,0.0,0.5,0.0,0.0,1.0,23.98,,,distance_invalide;passagers_invalides;
2,2024-01-20 15:19:19,2024-01-20 15:49:37,2.0,3.95,1.0,N,68,236,3,-28.2,0.0,-0.5,0.0,0.0,-1.0,-32.2,-2.5,0.0,montant_invalide;
2,2024-01-28 12:54:00,2024-01-28 12:57:59,1.0,0.65,1.0,N,41,152,4,-5.8,0.0,-0.5,0.0,0.0,-1.0,-7.3,0.0,0.0,montant_invalide;
2,2024-01-30 07:59:07,2024-01-30 08:30:25,,7.45,,,231,140,0,47.11,0.0,0.5,1.0,0.0,1.0,52.11,,,passagers_invalides;
2,2024-01-06 19:21:35,2024-01-06 19:22:00,2.0,0.0,1.0,N,161,161,3,-3.0,0.0,-0.5,0.0,0.0,-1.0,-7.0,-2.5,0.0,distance_invalide;montant_invalide;
2,2024-01-05 18:41:13,2024-01-05 18:52:57,,1.84,,,143,237,0,14.23,0.0,0.5,0.0,0.0,1.0,18.23,,,passagers_invalides;
2,2024-01-20 19:26:07,2024-01-20 19:45:06,,2.01,,,137,144,0,17.82,0.0,0.5,1.09,0.0,1.0,22.91,,,passagers_invalides;
1,2024-01-02 22:28:55,2024-01-02 22:42:01,,2.5,,,116,24,0,14.85,0.0,0.5,0.0,0.0,1.0,16.35,,,passagers_invalides;
2,2024-01-18 23:23:49,2024-01-18 23:27:44,,1.25,,,107,162,0,7.26,0.0,0.5,0.0,0.0,1.0,11.26,,,passagers_invalides;
2,2024-01-22 17:06:57,2024-01-22 17:20:02,,1.31,,,68,170,0,14.92,0.0,0.5,0.0,0.0,1.0,18.92,,,passagers_invalides;
1,2024-01-27 02:32:41,2024-01-27 02:49:11,,0.0,,,144,263,0,22.98,0.0,0.5,0.0,0.0,1.0,26.98,,,distance_invalide;passagers_invalides;
1,2024-01-15 17:48:44,2024-01-15 18:06:00,,0.0,,,162,238,0,24.57,0.0,0.5,0.0,0.0,1.0,28.57,,,distance_invalide;passagers_invalides;
1,2024-01-02 08:29:43,2024-01-02 08:54:42,,5.3,,,262,211,0,30.02,0.0,0.5,0.0,0.0,1.0,34.02,,,passagers_invalides;
2,2024-01-11 19:49:49,2024-01-11 20:26:37,1.0,7.12,1.0,N,148,72,4,-38.7,-2.5,-0.5,0.0,0.0,-1.0,-45.2,-2.5,0.0,montant_invalide;
2,2024-01-04 15:48:47,2024-01-04 15:49:53,1.0,0.1,1.0,N,239,239,2,-3.7,0.0,-0.5,0.0,0.0,-1.0,-7.7,-2.5,0.0,montant_invalide;
2,2024-01-02 14:50:43,2024-01-02 14:50:56,2.0,0.0,1.0,N,43,43,4,-3.0,0.0,-0.5,0.0,0.0,-1.0,-4.5,0.0,0.0,distance_invalide;montant_invalide;
2,2024-01-30 21:19:01,2024-01-30 21:40:08,1.0,2.78,1.0,N,246,162,4,-19.1,-1.0,-0.5,0.0,0.0,-1.0,-24.1,-2.5,0.0,montant_invalide;
2,2024-01-12 06:38:51,2024-01-12 07:01:18,,8.87,,,158,116,0,37.3,0.0,0.5,0.0,0.0,1.0,41.3,,,passagers_invalides;
2,2024-01-31 10:22:53,2024-01-31 10:38:15,1.0,1.5,1.0,N,234,233,2,-14.2,0.0,-0.5,0.0,0.0,-1.0,-18.2,-2.5,0.0,montant_invalide;
2,2024-01-16 20:33:04,2024-01-16 20:45:13,,2.07,,,163,239,0,11.12,0.0,0.5,0.0,0.0,1.0,15.12,,,passagers_invalides;
2,2024-01-05 18:47:55,2024-01-05 18:53:11,,0.71,,,151,238,0,9.49,0.0,0.5,0.0,0.0,1.0,10.99,,,passagers_invalides;
2,2024-01-26 09:28:20,2024-01-26 10:00:49,,4.61,,,166,237,0,25.27,0.0,0.5,0.0,0.0,1.0,29.27,,,passagers_invalides;
2,2024-01-01 04:16:34,2024-01-01 04:35:10,3.0,6.56,1.0,N,148,75,4,-29.6,-1.0,-0.5,0.0,0.0,-1.0,-34.6,-2.5,0.0,montant_invalide;
2,2024-01-12 15:03:06,2024-01-12 15:23:45,,2.93,,,163,68,0,23.81,0.0,0.5,5.56,0.0,1.0,33.37,,,passagers_invalides;
1,2024-01-29 15:13:10,2024-01-29 15:36:30,0.0,2.5,1.0,Y,107,50,1,20.5,2.5,0.5,4.9,0.0,1.0,29.4,2.5,0.0,passagers_invalides;
2,2024-01-07 00:55:18,2024-01-07 01:06:52,2.0,0.0,1.0,N,170,249,1,10.7,1.0,0.5,3.14,0.0,1.0,18.84,2.5,0.0,distance_invalide;
2,2024-01-17 07:03:46,2024-01-17 07:51:53,,13.59,,,238,61,0,61.59,0.0,0.5,13.12,0.0,1.0,78.71,,,passagers_invalides;
2,2024-01-15 14:29:00,2024-01-15 14:54:00,,10.6,,,114,138,0,42.29,0.0,0.5,9.26,0.0,1.0,55.55,,,passagers_invalides;
1,2024-01-29 08:33:31,2024-01-29 09:07:17,,0.0,,,74,211,0,39.76,0.0,0.5,0.0,0.0,1.0,43.76,,,distance_invalide;passagers_invalides;
2,2024-01-26 09:34:19,2024-01-26 10:01:54,,6.65,,,65,226,0,30.62,0.0,0.5,4.0,0.0,1.0,36.12,,,passagers_invalides;
1,2024-01-19 17:46:18,2024-01-19 17:50:44,,0.0,,,75,236,0,10.83,0.0,0.5,0.0,0.0,1.0,14.83,,,distance_invalide;passagers_invalides;
2,2024-01-26 06:29:41,2024-01-26 07:09:17,,17.09,,,234,132,0,58.51,0.0,0.5,6.94,6.94,1.0,76.39,,,passagers_invalides;
2,2024-01-11 21:37:04,2024-01-11 21:44:20,1.0,0.0,1.0,N,164,48,1,7.9,1.0,0.5,2.58,0.0,1.0,15.48,2.5,0.0,distance_invalide;
1,2024-01-10 13:09:00,2024-01-10 13:23:08,,2.2,,,137,163,0,14.9,0.0,0.5,3.78,0.0,1.0,22.68,,,passagers_invalides;
2,2024-01-19 21:46:59,2024-01-19 21:51:07,,1.08,,,142,238,0,6.83,0.0,0.5,0.0,0.0,1.0,10.83,,,passagers_invalides;
2,2024-01-22 12:24:44,2024-01-22 12:24:47,1.0,0.0,5.0,N,265,264,1,168.0,0.0,0.5,0.0,0.0,1.0,169.5,0.0,0.0,distance_invalide;
2,2024-01-28 17:10:26,2024-01-28 17:25:46,,2.53,,,140,230,0,21.48,0.0,0.5,0.0,0.0,1.0,25.48,,,passagers_invalides;
2,2024-01-23 16:30:15,2024-01-23 16:53:10,1.0,0.0,1.0,N,48,166,1,18.4,2.5,0.5,4.98,0.0,1.0,29.88,2.5,0.0,distance_invalide;
2,2024-01-14 10:14:00,2024-01-14 10:48:00,,8.43,,,166,261,0,38.91,0.0,0.5,5.0,0.0,1.0,47.91,,,passagers_invalides;
1,2024-01-05 06:57:22,2024-01-05 07:34:47,,15.6,,,230,132,0,59.4,0.0,0.5,0.0,6.94,1.0,67.84,,,passagers_invalides;
2,2024-01-11 08:50:31,2024-01-11 09:06:42,,2.63,,,79,100,0,22.01,0.0,0.5,3.0,0.0,1.0,29.01,,,passagers_invalides;
2,2024-01-25 21:57:05,2024-01-25 22:12:00,,0.98,,,234,186,0,10.48,0.0,0.5,0.0,0.0,1.0,14.48,,,passagers_invalides;
2,2024-01-23 21:00:26,2024-01-23 21:23:08,,8.48,,,231,236,0,31.1,0.0,0.5,0.0,0.0,1.0,35.1,,,passagers_invalides;
2,2024-01-01 02:08:40,2024-01-01 02:13:46,1.0,1.0,1.0,N,237,170,3,-7.2,-1.0,-0.5,0.0,0.0,-1.0,-12.2,-2.5,0.0,montant_invalide;
2,2024-01-17 21:15:23,2024-01-17 21:25:26,,2.51,,,125,246,0,15.2,0.0,0.5,0.0,0.0,1.0,19.2,,,passagers_invalides;
1,2024-01-31 10:40:43,2024-01-31 10:48:14,,1.6,,,166,239,0,10.0,0.0,0.5,2.1,0.0,1.0,16.1,,,passagers_invalides;
1,2024-01-30 11:19:54,2024-01-30 11:28:56,0.0,1.3,1.0,N,234,170,1,10.0,2.5,0.5,3.5,0.0,1.0,17.5,2.5,0.0,passagers_invalides;
1,2024-01-24 11:00:31,2024-01-24 11:42:09,,6.2,,,45,230,0,42.9,0.0,0.5,7.03,0.0,1.0,53.93,,,passagers_invalides;
1,2024-01-06 11:33:24,2024-01-06 11:48:38,,2.8,,,142,68,0,15.97,0.0,0.5,0.0,0.0,1.0,19.97,,,passagers_invalides;
2,2024-01-21 23:57:36,2024-01-22 00:13:16,1.0,3.98,1.0,N,79,230,4,-21.2,-1.0,-0.5,0.0,0.0,-1.0,-26.2,-2.5,0.0,montant_invalide;
2,2024-01-18 23:00:13,2024-01-18 23:12:06,,1.68,,,142,162,0,19.42,0.0,0.5,0.0,0.0,1.0,23.42,,,passagers_invalides;
1,2024-01-22 12:30:00,2024-01-22 12:31:47,0.0,0.5,1.0,N,68,48,1,4.4,2.5,0.5,0.0,0.0,1.0,8.4,2.5,0.0,passagers_invalides;
2,2024-01-01 08:05:58,2024-01-01 08:06:08,1.0,0.0,5.0,N,256,256,3,-64.0,0.0,0.0,0.0,0.0,-1.0,-65.0,0.0,0.0,distance_invalide;montant_invalide;
2,2024-01-06 14:19:27,2024-01-06 14:53:22,,17.76,,,164,132,0,64.23,0.0,0.5,0.0,6.94,1.0,75.17,,,passagers_invalides;
2,2024-01-11 09:00:20,2024-01-11 09:19:55,,1.85,,,232,87,0,17.07,0.0,0.5,0.0,0.0,1.0,21.07,,,passagers_invalides;
2,2024-01-09 18:22:14,2024-01-09 18:40:36,,3.3,,,95,173,0,23.12,0.0,0.5,0.0,0.0,1.0,24.62,,,passagers_invalides;
1,2024-01-10 06:11:13,2024-01-10 06:39:15,1.0,0.0,99.0,N,216,74,1,41.5,0.0,0.5,0.0,6.94,1.0,49.94,0.0,0.0,distance_invalide;
1,2024-01-13 12:47:47,2024-01-13 13:01:11,0.0,1.8,1.0,N,162,246,1,12.1,2.5,0.5,3.2,0.0,1.0,19.3,2.5,0.0,passagers_invalides;
2,2024-01-29 19:16:53,2024-01-29 19:21:31,1.0,0.58,1.0,N,237,140,4,-6.5,-2.5,-0.5,0.0,0.0,-1.0,-13.0,-2.5,0.0,montant_invalide;
2,2024-01-01 04:17:07,2024-01-01 04:17:14,,0.0,,,226,226,0,31.83,0.0,0.5,0.0,0.0,1.0,33.33,,,distance_invalide;passagers_invalides;
2,2024-01-30 07:22:28,2024-01-30 07:22:32,1.0,0.02,1.0,N,28,28,3,-3.0,0.0,-0.5,0.0,0.0,-1.0,-4.5,0.0,0.0,montant_invalide;
2,2024-01-23 18:25:17,2024-01-23 18:45:06,,3.07,,,161,79,0,21.08,0.0,0.5,0.0,0.0,1.0,25.08,,,passagers_invalides;
2,2024-01-22 10:51:27,2024-01-22 11:02:19,,1.05,,,140,262,0,11.74,0.0,0.5,3.15,0.0,1.0,18.89,,,passagers_invalides;
2,2024-01-16 20:23:24,2024-01-16 20:42:09,,3.69,,,162,231,0,22.73,0.0,0.5,0.0,0.0,1.0,26.73,,,passagers_invalides;
1,2024-01-08 16:57:32,2024-01-08 17:11:12,0.0,1.1,1.0,N,161,164,1,13.5,5.0,0.5,4.0,0.0,1.0,24.0,2.5,0.0,passagers_invalides;
1,2024-01-26 14:45:10,2024-01-26 14:52:16,0.0,1.0,1.0,N,239,238,1,9.3,2.5,0.5,2.65,0.0,1.0,15.95,2.5,0.0,passagers_invalides;
1,2024-01-24 07:43:44,2024-01-24 07:47:14,0.0,0.6,1.0,N,229,233,1,5.8,3.5,0.5,2.15,0.0,1.0,12.95,2.5,0.0,passagers_invalides;
2,2024-01-29 22:02:51,2024-01-29 22:14:02,2.0,2.05,1.0,N,237,164,4,-13.5,-1.0,-0.5,0.0,0.0,-1.0,-18.5,-2.5,0.0,montant_invalide;
2,2024-01-11 18:10:25,2024-01-11 18:22:05,,1.35,,,100,161,0,13.1,0.0,0.5,0.0,0.0,1.0,17.1,,,passagers_invalides;
2,2024-01-18 20:34:18,2024-01-18 20:51:45,,5.94,,,163,232,0,26.74,0.0,0.5,0.0,0.0,1.0,30.74,,,passagers_invalides;
2,2024-01-01 18:12:39,2024-01-01 18:30:16,,3.31,,,68,13,0,18.99,0.0,0.5,0.0,0.0,1.0,22.99,,,passagers_invalides;
1,2024-01-25 08:05:10,2024-01-25 08:09:48,0.0,0.6,1.0,N,186,164,1,6.5,2.5,0.5,2.1,0.0,1.0,12.6,2.5,0.0,passagers_invalides;
2,2024-01-31 14:34:38,2024-01-31 14:57:05,,2.27,,,239,141,0,19.81,0.0,0.5,4.76,0.0,1.0,28.57,,,passagers_invalides;
1,2024-01-22 08:36:14,2024-01-22 09:07:25,0.0,5.3,1.0,N,48,12,2,31.7,3.5,0.5,0.0,0.0,1.0,36.7,2.5,0.0,passagers_invalides;
1,2024-01-10 10:28:01,2024-01-10 10:55:47,1.0,0.0,1.0,N,51,235,1,33.0,0.0,0.5,0.0,0.0,1.0,34.5,0.0,0.0,distance_invalide;
1,2024-01-01 01:02:43,2024-01-01 01:16:14,,0.0,,,79,114,0,31.3,0.0,0.5,0.0,0.0,1.0,35.3,,,distance_invalide;passagers_invalides;
2,2024-01-25 18:38:30,2024-01-25 18:59:46,1.0,8.39,4.0,N,132,265,2,-47.1,-2.5,-0.5,0.0,0.0,-1.0,-52.85,0.0,-1.75,montant_invalide;
2,2024-01-18 09:20:28,2024-01-18 09:32:17,,1.43,,,141,142,0,11.74,0.0,0.5,1.57,0.0,1.0,17.31,,,passagers_invalides;
1,2024-01-06 09:15:34,2024-01-06 09:32:58,,2.7,,,68,237,0,15.8,0.0,0.5,0.0,0.0,1.0,19.8,,,passagers_invalides;
2,2024-01-13 04:30:17,2024-01-13 04:46:02,,5.46,,,79,226,0,20.62,0.0,0.5,4.0,0.0,1.0,28.62,,,passagers_invalides;
2,2024-01-24 23:54:08,2024-01-25 00:05:27,1.0,2.17,1.0,N,230,68,4,-12.8,-1.0,-0.5,0.0,0.0,-1.0,-17.8,-2.5,0.0,montant_invalide;
2,2024-01-14 17:29:30,2024-01-14 17:52:57,,6.0,,,236,114,0,35.26,0.0,0.5,7.85,0.0,1.0,47.11,,,passagers_invalides;
2,2024-01-15 19:57:34,2024-01-15 19:57:39,1.0,0.0,5.0,N,161,161,1,85.3,0.0,0.0,17.76,0.0,1.0,106.56,2.5,0.0,distance_invalide;
2,2024-01-23 15:16:54,2024-01-23 16:38:13,,16.65,,,246,132,0,112.92,0.0,0.5,0.0,0.0,1.0,116.92,,,passagers_invalides;
2,2024-01-09 22:10:02,2024-01-09 22:32:46,,4.84,,,13,48,0,20.85,0.0,0.5,0.0,0.0,1.0,24.85,,,passagers_invalides;
1,2024-01-21 14:37:01,2024-01-21 14:53:22,,2.7,,,151,262,0,15.6,0.0,0.5,2.94,0.0,1.0,22.54,,,passagers_invalides;
2,2024-01-26 23:30:45,2024-01-26 23:39:02,,0.99,,,148,231,0,14.22,0.0,0.5,2.37,0.0,1.0,20.59,,,passagers_invalides;
2,2024-01-13 20:10:36,2024-01-13 20:19:21,1.0,0.0,1.0,N,107,162,1,8.6,1.0,0.5,5.0,0.0,1.0,18.6,2.5,0.0,distance_invalide;
1,2024-01-20 04:16:05,2024-01-20 04:26:48,,0.0,,,125,246,0,17.33,0.0,0.5,0.0,0.0,1.0,21.33,,,distance_invalide;passagers_invalides;
2,2024-01-24 21:47:44,2024-01-24 21:52:00,1.0,0.86,1.0,N,161,164,4,-6.5,-1.0,-0.5,0.05,0.0,-1.0,-11.45,-2.5,0.0,montant_invalide;
1,2024-01-07 18:45:51,2024-01-07 19:05:44,,0.0,,,263,90,0,24.05,0.0,0.5,0.0,0.0,1.0,28.05,,,distance_invalide;passagers_invalides;
2,2024-01-23 18:30:51,2024-01-23 18:34:42,,0.62,,,230,68,0,10.22,0.0,0.5,0.0,0.0,1.0,14.22,,,passagers_invalides;
2,2024-01-18 08:42:15,2024-01-18 09:10:22,1.0,0.65,1.0,N,107,234,2,0.0,0.0,-0.5,0.0,0.0,-1.0,-4.0,-2.5,0.0,montant_invalide;
1,2024-01-16 17:16:12,2024-01-16 17:28:15,,0.0,,,237,140,0,11.77,0.0,0.5,0.0,0.0,1.0,15.77,,,distance_invalide;passagers_invalides;
2,2024-01-18 12:53:08,2024-01-18 13:17:31,,6.28,,,236,244,0,33.61,0.0,0.5,0.0,0.0,1.0,37.61,,,passagers_invalides;
1,2024-01-14 13:23:02,2024-01-14 13:46:14,2.0,0.0,1.0,N,163,13,1,19.1,2.5,0.5,3.0,0.0,1.0,26.1,2.5,0.0,distance_invalide;
1,2024-01-04 15:25:55,2024-01-04 15:39:45,0.0,2.1,1.0,N,238,141,1,14.9,2.5,0.5,2.0,0.0,1.0,20.9,2.5,0.0,passagers_invalides;
2,2024-01-19 23:01:37,2024-01-19 23:06:09,1.0,0.69,1.0,N,50,230,4,-6.5,-1.0,-0.5,0.0,0.0,-1.0,-11.5,-2.5,0.0,montant_invalide;
2,2024-01-01 00:27:29,2024-01-01 01:09:06,,12.01,,,189,143,0,47.22,0.0,0.5,0.0,0.0,1.0,51.22,,,passagers_invalides;
1,2024-01-15 10:56:07,2024-01-15 11:02:49,0.0,1.6,1.0,N,141,233,2,9.3,2.5,0.5,0.0,0.0,1.0,13.3,2.5,0.0,passagers_invalides;
2,2024-01-07 18:55:34,2024-01-07 18:57:29,1.0,0.0,1.0,N,132,132,2,3.7,0.0,0.5,0.0,0.0,1.0,6.95,0.0,1.75,distance_invalide;
2,2024-01-22 21:39:29,2024-01-22 21:51:23,2.0,1.98,1.0,N,68,229,4,-13.5,-1.0,-0.5,0.0,0.0,-1.0,-18.5,-2.5,0.0,montant_invalide;
2,2024-01-20 19:30:06,2024-01-20 19:46:41,,3.39,,,162,238,0,23.88,0.0,0.5,5.58,0.0,1.0,33.46,,,passagers_invalides;
2,2024-01-26 05:57:36,2024-01-26 06:01:32,1.0,1.0,1.0,N,161,237,4,-6.5,-1.0,-0.5,0.0,0.0,-1.0,-11.5,-2.5,0.0,montant_invalide;
1,2024-01-03 12:52:23,2024-01-03 13:03:26,,1.2,,,107,68,0,10.0,0.0,0.5,3.5,0.0,1.0,17.5,,,passagers_invalides;
1,2024-01-22 12:52:24,2024-01-22 13:04:16,,1.1,,,236,237,0,11.4,0.0,0.5,3.08,0.0,1.0,18.48,,,passagers_invalides;
1,2024-01-26 07:37:56,2024-01-26 07:45:12,,0.0,,,144,79,0,8.02,0.0,0.5,0.0,0.0,1.0,12.02,,,distance_invalide;passagers_invalides;
1,2024-01-17 15:10:19,2024-01-17 15:14:58,0.0,0.9,1.0,N,238,151,1,7.2,2.5,0.5,2.2,0.0,1.0,13.4,2.5,0.0,passagers_invalides;
2,2024-01-31 09:20:15,2024-01-31 10:17:10,,14.23,,,163,67,0,50.71,0.0,0.5,3.68,0.0,1.0,58.39,,,passagers_invalides;
2,2024-01-17 16:01:20,2024-01-17 16:13:26,,1.28,,,140,237,0,16.66,0.0,0.5,2.07,0.0,1.0,22.73,,,passagers_invalides;
1,2024-01-04 12:46:24,2024-01-04 13:08:25,,2.9,,,236,230,0,20.96,0.0,0.5,0.0,0.0,1.0,24.96,,,passagers_invalides;
2,2024-01-13 17:53:23,2024-01-13 18:07:22,,2.04,,,144,68,0,14.97,0.0,0.5,0.0,0.0,1.0,18.97,,,passagers_invalides;
1,2024-01-05 07:39:05,2024-01-05 07:46:01,,0.0,,,170,186,0,7.5,0.0,0.5,0.0,0.0,1.0,11.5,,,distance_invalide;passagers_invalides;
1,2024-01-09 22:19:26,2024-01-09 22:21:55,,0.0,,,79,137,0,9.08,0.0,0.5,0.0,0.0,1.0,13.08,,,distance_invalide;passagers_invalides;
2,2024-01-17 19:36:05,2024-01-17 19:49:28,2.0,0.0,1.0,N,249,144,1,12.1,2.5,0.5,3.72,0.0,1.0,22.32,2.5,0.0,distance_invalide;
2,2024-01-26 10:48:35,2024-01-26 11:04:18,,1.61,,,107,246,0,21.62,0.0,0.5,0.0,0.0,1.0,25.62,,,passagers_invalides;
1,2024-01-02 07:22:51,2024-01-02 07:28:40,,1.1,,,236,75,0,7.2,0.0,0.5,1.68,0.0,1.0,12.88,,,passagers_invalides;
1,2024-01-17 21:39:42,2024-01-17 22:03:59,,0.0,,,163,261,0,37.19,0.0,0.5,0.0,0.0,1.0,41.19,,,distance_invalide;passagers_invalides;
2,2024-01-23 22:22:43,2024-01-23 22:41:28,,4.21,,,90,263,0,0.64,0.0,0.5,0.0,0.0,1.0,4.64,,,passagers_invalides;
1,2024-01-26 19:40:55,2024-01-26 19:54:38,0.0,1.3,1.0,N,158,114,1,12.8,5.0,0.5,2.32,0.0,1.0,21.62,2.5,0.0,passagers_invalides;
2,2024-01-27 13:57:54,2024-01-27 14:07:28,1.0,1.61,1.0,N,138,138,4,-12.1,-5.0,-0.5,0.0,0.0,-1.0,-20.35,0.0,-1.75,montant_invalide;
2,2024-01-14 00:56:18,2024-01-14 01:12:13,,4.81,,,62,144,0,26.41,0.0,0.5,4.56,0.0,1.0,34.97,,,passagers_invalides;
1,2024-01-29 06:45:14,2024-01-29 07:47:51,0.0,10.9,1.0,N,132,36,1,59.7,1.75,0.5,12.55,0.0,1.0,75.5,0.0,1.75,passagers_invalides;
1,2024-01-17 09:01:36,2024-01-17 09:03:00,,0.5,,,236,236,0,4.4,0.0,0.5,1.26,0.0,1.0,9.66,,,passagers_invalides;
1,2024-01-27 15:03:34,2024-01-27 15:09:47,0.0,0.7,1.0,N,230,48,1,7.2,2.5,0.5,2.2,0.0,1.0,13.4,2.5,0.0,passagers_invalides;
2,2024-01-05 15:17:12,2024-01-05 15:38:19,,2.73,,,75,152,0,20.05,0.0,0.5,0.0,0.0,1.0,21.55,,,passagers_invalides;
1,2024-01-30 07:10:09,2024-01-30 07:40:19,1.0,0.0,99.0,N,42,4,1,31.5,0.0,0.5,0.0,0.0,1.0,33.0,0.0,0.0,distance_invalide;
1,2024-01-28 17:43:46,2024-01-28 17:46:50,0.0,0.7,1.0,N,142,163,1,5.8,2.5,0.5,2.45,0.0,1.0,12.25,2.5,0.0,passagers_invalides;
2,2024-01-09 15:52:25,2024-01-09 16:02:19,,2.42,,,236,74,0,19.09,0.0,0.5,0.0,0.0,1.0,23.09,,,passagers_invalides;
2,2024-01-17 15:06:43,2024-01-17 15:21:46,,1.2,,,234,161,0,0.05,0.0,0.5,0.0,0.0,1.0,4.05,,,passagers_invalides;
2,2024-01-14 00:43:03,2024-01-14 00:49:48,,1.28,,,263,141,0,13.82,0.0,0.5,2.0,0.0,1.0,19.82,,,passagers_invalides;
2,2024-01-24 06:00:02,2024-01-24 06:46:16,,12.65,,,25,132,0,64.41,0.0,0.5,11.86,0.0,1.0,77.77,,,passagers_invalides;
2,2024-01-11 08:09:39,2024-01-11 08:31:33,1.0,0.0,1.0,N,143,140,1,17.7,0.0,0.5,4.34,0.0,1.0,26.04,2.5,0.0,distance_invalide;
2,2024-01-15 13:37:47,2024-01-15 13:37:56,1.0,0.0,1.0,N,74,74,4,-3.0,0.0,-0.5,0.0,0.0,-1.0,-4.5,0.0,0.0,distance_invalide;montant_invalide;
2,2024-01-11 23:55:43,2024-01-12 00:35:38,1.0,24.94,2.0,N,132,161,4,-70.0,0.0,-0.5,0.0,-14.0,-1.0,-88.0,-2.5,0.0,montant_invalide;
2,2024-01-18 14:10:21,2024-01-18 14:21:05,3.0,1.02,1.0,N,263,75,2,-10.7,0.0,-0.5,0.0,0.0,-1.0,-14.7,-2.5,0.0,montant_invalide;
2,2024-01-26 16:10:36,2024-01-26 16:19:35,1.0,3.05,1.0,N,132,219,4,-15.6,-2.5,-0.5,0.0,0.0,-1.0,-21.35,0.0,-1.75,montant_invalide;
1,2024-01-16 10:34:20,2024-01-16 10:51:58,,1.7,,,141,142,0,14.9,0.0,0.5,2.83,0.0,1.0,21.73,,,passagers_invalides;
2,2024-01-02 11:52:26,2024-01-02 12:02:30,1.0,0.0,1.0,N,233,140,2,10.0,0.0,0.5,0.0,0.0,1.0,14.0,2.5,0.0,distance_invalide;
2,2024-01-18 19:48:33,2024-01-18 20:01:04,1.0,1.69,1.0,N,161,164,2,-12.8,-2.5,-0.5,0.0,0.0,-1.0,-19.3,-2.5,0.0,montant_invalide;
2,2024-01-26 23:38:52,2024-01-26 23:46:18,,0.85,,,249,114,0,17.56,0.0,0.5,0.0,0.0,1.0,21.56,,,passagers_invalides;
2,2024-01-16 16:39:46,2024-01-16 16:39:52,2.0,0.0,5.0,N,1,1,1,120.0,0.0,0.0,24.2,0.0,1.0,145.2,0.0,0.0,distance_invalide;
1,2024-01-10 17:25:50,2024-01-10 17:25:50,1.0,0.0,1.0,Y,237,264,2,21.0,0.0,0.0,0.0,0.0,0.0,21.0,0.0,0.0,distance_invalide;
2,2024-01-19 19:48:00,2024-01-19 20:06:00,,3.65,,,238,170,0,28.26,0.0,0.5,4.0,0.0,1.0,36.26,,,passagers_invalides;
1,2024-01-24 19:07:53,2024-01-24 19:14:20,0.0,0.9,1.0,N,263,236,1,7.9,5.0,0.5,3.6,0.0,1.0,18.0,2.5,0.0,passagers_invalides;
1,2024-01-17 06:53:39,2024-01-17 06:56:19,0.0,0.6,1.0,N,170,164,4,5.8,2.5,0.5,0.0,0.0,1.0,9.8,2.5,0.0,passagers_invalides;
1,2024-01-22 16:05:15,2024-01-22 16:32:57,,8.3,,,107,138,0,41.22,0.0,0.5,0.0,6.94,1.0,52.16,,,passagers_invalides;
2,2024-01-04 15:11:55,2024-01-04 15:51:50,2.0,16.1,2.0,N,132,170,4,-70.0,0.0,-0.5,0.0,-6.94,-1.0,-82.69,-2.5,-1.75,montant_invalide;
1,2024-01-27 18:43:20,2024-01-27 19:09:11,,0.0,,,100,142,0,18.64,0.0,0.5,0.0,0.0,1.0,22.64,,,distance_invalide;passagers_invalides;
1,2024-01-14 01:37:29,2024-01-14 01:58:50,,0.0,,,249,239,0,26.38,0.0,0.5,0.0,0.0,1.0,30.38,,,distance_invalide;passagers_invalides;
1,2024-01-07 01:56:18,2024-01-07 02:07:30,0.0,2.2,1.0,N,249,13,1,12.8,3.5,0.5,0.0,0.0,1.0,17.8,2.5,0.0,passagers_invalides;
2,2024-01-26 14:59:25,2024-01-26 14:59:55,1.0,0.0,1.0,N,262,262,4,-3.0,0.0,-0.5,0.0,0.0,-1.0,-7.0,-2.5,0.0,distance_invalide;montant_invalide;
2,2024-01-16 22:45:30,2024-01-16 22:59:46,,2.76,,,164,143,0,18.16,0.0,0.5,0.0,0.0,1.0,22.16,,,passagers_invalides;
2,2024-01-27 21:50:18,2024-01-27 21:50:22,1.0,0.0,5.0,N,241,241,1,13.0,0.0,0.0,0.0,0.0,1.0,14.0,0.0,0.0,distance_invalide;
2,2024-01-18 14:19:26,2024-01-18 14:47:20,,3.49,,,238,170,0,1.99,0.0,0.5,0.0,0.0,1.0,5.99,,,passagers_invalides;
2,2024-01-30 17:04:54,2024-01-30 17:05:00,1.0,0.0,2.0,N,132,132,2,70.0,5.0,0.5,0.0,0.0,1.0,78.25,0.0,1.75,distance_invalide;
1,2024-01-15 14:57:41,2024-01-15 15:47:59,,19.4,,,132,151,0,70.0,0.0,0.5,7.84,6.94,1.0,86.28,,,passagers_invalides;
1,2024-01-07 15:31:30,2024-01-07 15:47:25,,2.8,,,43,246,0,14.9,0.0,0.5,2.83,0.0,1.0,21.73,,,passagers_invalides;
1,2024-01-24 07:35:09,2024-01-24 07:35:51,1.0,0.0,1.0,N,151,238,3,3.0,0.0,0.5,0.0,0.0,1.0,4.5,0.0,0.0,distance_invalide;
2,2024-01-01 01:23:43,2024-01-01 01:33:11,2.0,0.74,1.0,N,162,170,4,-10.0,-1.0,-0.5,0.0,0.0,-1.0,-15.0,-2.5,0.0,montant_invalide;
2,2024-01-25 21:27:56,2024-01-25 21:42:13,,4.29,,,161,166,0,21.7,0.0,0.5,0.0,0.0,1.0,25.7,,,passagers_invalides;
2,2024-01-19 08:13:16,2024-01-19 08:32:25,,3.32,,,114,163,0,23.18,0.0,0.5,2.72,0.0,1.0,29.9,,,passagers_invalides;
1,2024-01-17 20:29:38,2024-01-17 20:50:16,0.0,3.1,1.0,N,144,230,1,20.5,3.5,0.5,5.1,0.0,1.0,30.6,2.5,0.0,passagers_invalides;
1,2024-01-05 15:47:58,2024-01-05 15:55:27,0.0,0.7,1.0,N,162,163,2,7.9,5.0,0.5,0.0,0.0,1.0,14.4,2.5,0.0,passagers_invalides;
2,2024-01-17 09:37:53,2024-01-17 09:55:02,,2.49,,,41,263,0,19.06,0.0,0.5,4.61,0.0,1.0,27.67,,,passagers_invalides;
1,2024-01-21 00:16:07,2024-01-21 00:22:58,0.0,1.5,1.0,N,48,246,1,9.3,3.5,0.5,2.85,0.0,1.0,17.15,2.5,0.0,passagers_invalides;
1,2024-01-17 20:59:20,2024-01-17 21:17:57,,0.0,,,87,262,0,30.08,0.0,0.5,0.0,0.0,1.0,34.08,,,distance_invalide;passagers_invalides;
2,2024-01-30 08:08:25,2024-01-30 08:16:05,1.0,1.28,1.0,N,170,113,2,-9.3,0.0,-0.5,0.0,0.0,-1.0,-13.3,-2.5,0.0,montant_invalide;
2,2024-01-30 22:28:29,2024-01-30 22:41:01,,2.51,,,170,262,0,16.24,0.0,0.5,0.0,0.0,1.0,20.24,,,passagers_invalides;
2,2024-01-14 17:25:00,2024-01-14 17:47:00,,4.62,,,141,249,0,34.11,0.0,0.5,5.72,0.0,1.0,43.83,,,passagers_invalides;
2,2024-01-11 21:47:39,2024-01-11 22:19:04,,7.09,,,143,25,0,40.46,0.0,0.5,8.89,0.0,1.0,53.35,,,passagers_invalides;
2,2024-01-31 12:20:57,2024-01-31 12:40:20,,1.96,,,229,170,0,17.12,0.0,0.5,4.22,0.0,1.0,25.34,,,passagers_invalides;
1,2024-01-16 10:11:19,2024-01-16 10:18:22,0.0,0.8,1.0,N,140,140,2,8.6,2.5,0.5,0.0,0.0,1.0,12.6,2.5,0.0,passagers_invalides;
2,2024-01-09 11:37:02,2024-01-09 11:39:37,1.0,0.41,1.0,N,142,143,4,-4.4,0.0,-0.5,0.0,0.0,-1.0,-8.4,-2.5,0.0,montant_invalide;
2,2024-01-26 13:04:44,2024-01-26 13:25:27,3.0,9.74,5.0,N,10,226,4,-83.0,0.0,0.0,8.0,0.0,-1.0,-76.0,0.0,0.0,montant_invalide;
2,2024-01-03 17:00:10,2024-01-03 17:08:37,,1.94,,,140,162,0,11.74,0.0,0.5,2.36,0.0,1.0,18.1,,,passagers_invalides;
2,2024-01-17 21:17:47,2024-01-17 21:29:00,,3.05,,,231,45,0,15.08,0.0,0.5,0.0,0.0,1.0,19.08,,,passagers_invalides;
1,2024-01-22 11:38:13,2024-01-22 11:52:22,0.0,1.9,1.0,N,68,211,2,14.2,2.5,0.5,0.0,0.0,1.0,18.2,2.5,0.0,passagers_invalides;
1,2024-01-29 12:53:01,2024-01-29 13:08:47,0.0,2.0,1.0,N,68,230,1,15.6,2.5,0.5,3.9,0.0,1.0,23.5,2.5,0.0,passagers_invalides;
1,2024-01-09 09:47:17,2024-01-09 10:11:00,,5.1,,,87,161,0,28.9,0.0,0.5,6.58,0.0,1.0,39.48,,,passagers_invalides;
2,2024-01-28 23:12:15,2024-01-28 23:18:02,1.0,1.43,1.0,N,239,24,4,-9.3,-1.0,-0.5,0.0,0.0,-1.0,-14.3,-2.5,0.0,montant_invalide;
2,2024-01-27 12:29:25,2024-01-27 12:44:44,,3.23,,,140,100,0,18.56,0.0,0.5,0.0,0.0,1.0,22.56,,,passagers_invalides;
2,2024-01-07 11:23:25,2024-01-07 11:32:53,,1.93,,,236,230,0,14.16,0.0,0.5,3.63,0.0,1.0,21.79,,,passagers_invalides;
1,2024-01-28 16:07:40,2024-01-28 16:17:18,0.0,1.1,1.0,N,231,261,2,10.0,2.5,0.5,0.0,0.0,1.0,14.0,2.5,0.0,passagers_invalides;
1,2024-01-08 10:23:57,2024-01-08 10:32:25,0.0,0.7,1.0,N,230,161,2,8.6,2.5,0.5,0.0,0.0,1.0,12.6,2.5,0.0,passagers_invalides;
2,2024-01-19 15:56:33,2024-01-19 16:09:59,,1.55,,,166,74,0,13.5,0.0,0.5,0.0,0.0,1.0,15.0,,,passagers_invalides;
2,2024-01-08 19:49:57,2024-01-08 20:20:37,2.0,18.26,2.0,N,132,90,4,-70.0,-5.0,-0.5,0.0,-6.94,-1.0,-87.69,-2.5,-1.75,montant_invalide;
2,2024-01-25 20:48:34,2024-01-25 20:48:53,1.0,0.0,5.0,N,145,145,1,19.6,0.0,0.0,4.62,0.0,1.0,27.72,2.5,0.0,distance_invalide;
2,2024-01-09 12:38:47,2024-01-09 12:38:58,4.0,0.0,5.0,N,132,132,3,-87.0,0.0,0.0,0.0,0.0,-1.0,-89.75,0.0,-1.75,distance_invalide;montant_invalide;
2,2024-01-21 20:37:49,2024-01-21 20:46:34,1.0,2.34,1.0,N,138,129,3,-12.1,-6.0,-0.5,0.0,0.0,-1.0,-21.35,0.0,-1.75,montant_invalide;
2,2024-01-31 11:54:00,2024-01-31 12:10:00,,1.98,,,141,142,0,17.76,0.0,0.5,3.26,0.0,1.0,25.02,,,passagers_invalides;
2,2024-01-17 19:09:45,2024-01-17 19:28:36,,5.42,,,238,158,0,27.73,0.0,0.5,4.76,0.0,1.0,36.49,,,passagers_invalides;
1,2024-01-20 14:18:43,2024-01-20 14:21:41,,0.4,,,239,239,0,5.1,0.0,0.5,1.37,0.0,1.0,10.47,,,passagers_invalides;
2,2024-01-07 16:38:52,2024-01-07 16:38:57,1.0,0.0,1.0,N,170,170,1,3.0,0.0,0.5,79.0,0.0,1.0,86.0,2.5,0.0,distance_invalide;
1,2024-01-03 14:49:19,2024-01-03 15:02:23,,0.0,,,168,41,0,10.1,0.0,0.5,0.0,0.0,1.0,11.6,,,distance_invalide;passagers_invalides;
2,2024-01-16 07:29:34,2024-01-16 07:44:29,,2.63,,,141,164,0,21.94,0.0,0.5,0.0,0.0,1.0,25.94,,,passagers_invalides;
2,2024-01-14 13:51:54,2024-01-14 14:24:30,,5.33,,,188,113,0,35.46,0.0,0.5,0.0,0.0,1.0,39.46,,,passagers_invalides;
2,2024-01-18 17:15:36,2024-01-18 17:40:17,,2.75,,,237,113,0,29.83,0.0,0.5,0.0,0.0,1.0,33.83,,,passagers_invalides;
1,2024-01-07 02:06:40,2024-01-07 02:21:56,,0.0,,,114,236,0,31.68,0.0,0.5,0.0,0.0,1.0,35.68,,,distance_invalide;passagers_invalides;
2,2024-01-16 11:09:10,2024-01-16 11:09:38,1.0,0.0,5.0,N,246,246,4,51.1,0.0,0.0,13.65,0.0,1.0,68.25,2.5,0.0,distance_invalide;
2,2024-01-14 23:13:29,2024-01-14 23:33:25,,7.95,,,107,244,0,30.02,0.0,0.5,0.0,0.0,1.0,34.02,,,passagers_invalides;
2,2024-01-09 18:21:09,2024-01-09 18:37:18,,3.53,,,249,230,0,25.01,0.0,0.5,0.0,0.0,1.0,29.01,,,passagers_invalides;
1,2024-01-16 14:50:39,2024-01-16 15:04:23,,1.5,,,140,233,0,10.16,0.0,0.5,0.0,0.0,1.0,14.16,,,passagers_invalides;
1,2024-01-30 18:31:20,2024-01-30 18:42:26,,0.9,,,161,48,0,10.7,2.5,0.5,2.58,0.0,1.0,19.78,,,passagers_invalides;
2,2024-01-25 04:43:40,2024-01-25 04:44:31,1.0,0.21,1.0,N,79,79,4,-3.7,-1.0,-0.5,0.0,0.0,-1.0,-8.7,-2.5,0.0,montant_invalide;
2,2024-01-26 17:37:05,2024-01-26 18:15:47,,12.43,,,244,79,0,48.2,0.0,0.5,0.0,0.0,1.0,52.2,,,passagers_invalides;
2,2024-01-20 00:41:32,2024-01-20 01:03:17,,3.37,,,261,137,0,18.83,0.0,0.5,0.0,0.0,1.0,22.83,,,passagers_invalides;
1,2024-01-15 20:02:43,2024-01-15 20:10:42,,1.8,,,162,236,0,10.0,1.0,0.5,2.25,0.0,1.0,17.25,,,passagers_invalides;
2,2024-01-17 21:53:07,2024-01-17 22:13:14,,4.79,,,13,48,0,24.02,0.0,0.5,0.0,0.0,1.0,28.02,,,passagers_invalides;
2,2024-01-28 19:24:00,2024-01-28 19:37:00,,1.44,,,79,249,0,12.03,0.0,0.5,3.21,0.0,1.0,19.24,,,passagers_invalides;
2,2024-01-26 11:56:38,2024-01-26 11:57:46,1.0,0.0,1.0,N,68,186,2,-3.7,0.0,-0.5,0.0,0.0,-1.0,-7.7,-2.5,0.0,distance_invalide;montant_invalide;
2,2024-01-05 15:20:56,2024-01-05 15:26:07,,0.75,,,41,42,0,6.83,0.0,0.5,0.0,0.0,1.0,8.33,,,passagers_invalides;
1,2024-01-30 16:51:49,2024-01-30 18:07:37,1.0,0.0,1.0,N,45,10,1,48.5,0.0,0.5,0.0,0.0,1.0,50.0,0.0,0.0,distance_invalide;
2,2024-01-04 09:50:00,2024-01-04 10:33:00,,7.97,,,33,230,0,34.15,0.0,0.5,7.63,0.0,1.0,45.78,,,passagers_invalides;
2,2024-01-03 21:36:37,2024-01-03 21:45:01,1.0,1.66,1.0,N,100,161,4,-10.7,-1.0,-0.5,0.0,0.0,-1.0,-15.7,-2.5,0.0,montant_invalide;
2,2024-01-06 11:59:00,2024-01-06 11:59:07,2.0,0.0,5.0,N,246,246,1,21.0,0.0,0.0,5.0,0.0,1.0,29.5,2.5,0.0,distance_invalide;
1,2024-01-07 15:00:49,2024-01-07 15:09:01,0.0,1.9,1.0,N,239,48,1,11.4,2.5,0.5,3.85,0.0,1.0,19.25,2.5,0.0,passagers_invalides;
2,2024-01-24 23:07:28,2024-01-24 23:27:45,1.0,3.7,1.0,N,163,7,4,-22.6,-1.0,-0.5,0.0,0.0,-1.0,-27.6,-2.5,0.0,montant_invalide;
1,2024-01-25 06:40:53,2024-01-25 06:59:53,,8.1,,,107,138,0,36.16,0.0,0.5,0.0,6.94,1.0,47.1,,,passagers_invalides;
2,2024-01-10 08:45:02,2024-01-10 09:08:50,,7.5,,,262,13,0,42.13,0.0,0.5,3.0,0.0,1.0,49.13,,,passagers_invalides;
1,2024-01-01 05:40:28,2024-01-01 05:51:09,,0.0,,,164,100,0,9.08,0.0,0.5,0.0,0.0,1.0,13.08,,,distance_invalide;passagers_invalides;
2,2024-01-06 19:28:00,2024-01-06 19:38:10,,1.55,,,236,141,0,13.43,0.0,0.5,0.0,0.0,1.0,17.43,,,passagers_invalides;
1,2024-01-05 06:43:59,2024-01-05 07:08:27,,5.5,,,49,68,0,26.13,0.0,0.5,0.0,0.0,1.0,27.63,,,passagers_invalides;
2,2024-01-22 00:31:16,2024-01-22 00:36:10,1.0,1.18,1.0,N,41,75,4,-7.9,-1.0,-0.5,0.0,0.0,-1.0,-10.4,0.0,0.0,montant_invalide;
2,2024-01-25 09:56:31,2024-01-25 10:32:31,,13.07,,,234,121,0,49.92,0.0,0.5,12.17,6.94,1.0,73.03,,,passagers_invalides;
2,2024-01-26 19:19:53,2024-01-26 19:30:44,,1.4,,,236,141,0,13.38,0.0,0.5,0.0,0.0,1.0,17.38,,,passagers_invalides;
2,2024-01-08 05:45:55,2024-01-08 05:46:00,1.0,0.0,5.0,N,80,80,1,67.33,0.0,0.0,7.0,0.0,1.0,75.33,0.0,0.0,distance_invalide;
2,2024-01-19 09:09:42,2024-01-19 09:13:14,,0.61,,,262,263,0,11.74,0.0,0.5,3.15,0.0,1.0,18.89,,,passagers_invalides;
2,2024-01-17 13:05:29,2024-01-17 13:29:50,,3.2,,,170,143,0,28.7,0.0,0.5,5.56,0.0,1.0,38.26,,,passagers_invalides;
1,2024-01-20 18:23:58,2024-01-20 18:27:29,0.0,0.7,1.0,N,137,233,1,5.8,2.5,0.5,2.0,0.0,1.0,11.8,2.5,0.0,passagers_invalides;
2,2024-01-15 13:04:43,2024-01-15 13:14:53,1.0,1.13,1.0,N,161,137,4,-10.7,0.0,-0.5,0.0,0.0,-1.0,-14.7,-2.5,0.0,montant_invalide;
2,2024-01-19 14:54:43,2024-01-19 15:05:04,,1.52,,,238,142,0,12.13,0.0,0.5,3.23,0.0,1.0,19.36,,,passagers_invalides;
1,2024-01-02 16:25:12,2024-01-02 17:09:37,,17.5,,,132,79,0,70.0,6.75,0.5,16.15,0.0,1.0,96.9,,,passagers_invalides;
2,2024-01-22 08:26:32,2024-01-22 08:40:37,,2.28,,,143,236,0,19.67,0.0,0.5,0.0,0.0,1.0,23.67,,,passagers_invalides;
1,2024-01-24 08:38:00,2024-01-24 09:12:55,0.0,7.5,1.0,N,186,168,1,39.4,2.5,0.5,10.8,0.0,1.0,54.2,2.5,0.0,passagers_invalides;
1,2024-01-13 22:32:52,2024-01-13 22:43:57,,1.1,,,48,229,0,10.7,1.0,0.5,2.36,0.0,1.0,18.06,,,passagers_invalides;
2,2024-01-19 18:29:00,2024-01-19 18:48:00,,3.48,,,50,107,0,18.54,0.0,0.5,3.38,0.0,1.0,25.92,,,passagers_invalides;
2,2024-01-01 06:34:44,2024-01-01 06:40:53,,1.98,,,211,68,0,11.43,0.0,0.5,0.0,0.0,1.0,15.43,,,passagers_invalides;
1,2024-01-31 09:32:30,2024-01-31 09:51:26,,4.8,,,79,13,0,23.3,0.0,0.5,5.46,0.0,1.0,32.76,,,passagers_invalides;
1,2024-01-31 07:57:44,2024-01-31 08:13:03,,1.5,,,264,264,0,14.9,0.0,0.5,0.95,0.0,1.0,19.85,,,passagers_invalides;
1,2024-01-23 19:28:14,2024-01-23 19:39:20,0.0,1.2,1.0,N,113,144,1,11.4,5.0,0.5,3.55,0.0,1.0,21.45,2.5,0.0,passagers_invalides;
1,2024-01-06 00:33:28,2024-01-06 00:48:11,,3.9,,,141,7,0,24.19,0.0,0.5,0.0,0.0,1.0,28.19,,,passagers_invalides;
2,2024-01-12 23:34:34,2024-01-12 23:47:35,,1.99,,,239,262,0,16.25,0.0,0.5,0.0,0.0,1.0,20.25,,,passagers_invalides;
2,2024-01-08 07:46:53,2024-01-08 07:53:59,,1.2,,,75,237,0,17.56,0.0,0.5,4.31,0.0,1.0,25.87,,,passagers_invalides;
1,2024-01-04 21:03:36,2024-01-04 21:28:36,,2.9,,,164,239,0,22.6,1.0,0.5,5.52,0.0,1.0,33.12,,,passagers_invalides;
1,2024-01-22 08:37:57,2024-01-22 08:37:57,,0.0,,,229,229,0,10.96,0.0,0.5,0.0,0.0,1.0,14.96,,,distance_invalide;passagers_invalides;
2,2024-01-25 15:19:44,2024-01-25 15:35:47,,2.19,,,238,74,0,16.73,0.0,0.5,0.0,0.0,1.0,20.73,,,passagers_invalides;
2,2024-01-01 00:58:32,2024-01-01 01:09:11,,3.28,,,216,102,0,17.11,0.0,0.5,0.0,0.0,1.0,18.61,,,passagers_invalides;
1,2024-01-15 18:24:14,2024-01-15 18:49:19,,2.9,,,186,264,0,22.6,0.0,0.5,5.32,0.0,1.0,31.92,,,passagers_invalides;
1,2024-01-24 09:33:11,2024-01-24 09:54:36,,2.7,,,114,48,0,19.13,0.0,0.5,0.0,0.0,1.0,23.13,,,passagers_invalides;
2,2024-01-28 01:21:04,2024-01-28 01:44:42,,7.39,,,249,116,0,34.17,0.0,0.5,0.0,0.0,1.0,38.17,,,passagers_invalides;
2,2024-01-15 21:56:54,2024-01-15 22:17:18,,5.68,,,239,232,0,24.79,0.0,0.5,0.0,0.0,1.0,28.79,,,passagers_invalides;
2,2024-01-09 18:51:24,2024-01-09 19:02:07,,1.56,,,90,114,0,10.64,0.0,0.5,0.0,0.0,1.0,14.64,,,passagers_invalides;
2,2024-01-27 12:34:10,2024-01-27 12:56:38,,3.53,,,140,68,0,25.44,0.0,0.5,0.0,0.0,1.0,29.44,,,passagers_invalides;
2,2024-01-16 13:00:19,2024-01-16 13:16:44,,4.59,,,261,170,0,25.05,0.0,0.5,0.0,0.0,1.0,29.05,,,passagers_invalides;
2,2024-01-16 12:28:11,2024-01-16 12:48:31,2.0,5.49,1.0,N,87,217,4,-26.8,0.0,-0.5,0.0,0.0,-1.0,-30.8,-2.5,0.0,montant_invalide;
1,2024-01-19 05:05:51,2024-01-19 05:13:29,,1.5,,,236,238,0,9.3,1.0,0.5,2.14,0.0,1.0,16.44,,,passagers_invalides;
2,2024-01-01 20:34:31,2024-01-01 20:44:25,,2.23,,,162,107,0,11.74,0.0,0.5,3.15,0.0,1.0,18.89,,,passagers_invalides;
2,2024-01-19 19:37:00,2024-01-19 19:37:17,1.0,0.0,1.0,N,162,162,3,-3.0,-2.5,-0.5,0.0,0.0,-1.0,-9.5,-2.5,0.0,distance_invalide;montant_invalide;
1,2024-01-19 22:38:46,2024-01-19 22:44:48,,0.7,,,237,229,0,6.5,1.0,0.5,1.72,0.0,1.0,13.22,,,passagers_invalides;
2,2024-01-06 14:54:16,2024-01-06 14:54:25,1.0,0.0,1.0,N,7,7,3,-3.0,0.0,-0.5,0.0,0.0,-1.0,-4.5,0.0,0.0,distance_invalide;montant_invalide;
2,2024-01-27 19:08:08,2024-01-27 19:28:41,,3.76,,,263,50,0,25.86,0.0,0.5,0.0,0.0,1.0,29.86,,,passagers_invalides;
1,2024-01-10 14:49:02,2024-01-10 14:58:44,1.0,0.0,1.0,N,74,166,1,12.5,0.0,0.5,0.0,0.0,1.0,14.0,0.0,0.0,distance_invalide;
2,2024-01-27 02:27:26,2024-01-27 03:03:36,,17.42,,,148,127,0,41.09,0.0,0.5,0.0,0.0,1.0,45.09,,,passagers_invalides;
1,2024-01-17 21:56:15,2024-01-17 21:59:19,,0.0,,,234,164,0,13.08,0.0,0.5,0.0,0.0,1.0,17.08,,,distance_invalide;passagers_invalides;
2,2024-01-27 14:33:34,2024-01-27 15:18:04,,4.83,,,145,246,0,32.41,0.0,0.5,0.0,6.94,1.0,43.35,,,passagers_invalides;
1,2024-01-28 07:07:48,2024-01-28 07:14:32,,0.0,,,86,86,0,11.58,0.0,0.5,0.0,0.0,1.0,13.08,,,distance_invalide;passagers_invalides;
2,2024-01-28 10:53:44,2024-01-28 11:04:12,,1.95,,,262,163,0,13.28,0.0,0.5,0.0,0.0,1.0,17.28,,,passagers_invalides;
2,2024-01-19 18:43:26,2024-01-19 18:57:09,,1.43,,,137,113,0,10.03,0.0,0.5,0.0,0.0,1.0,14.03,,,passagers_invalides;
2,2024-01-06 07:35:21,2024-01-06 08:14:04,,17.94,,,143,132,0,66.05,0.0,0.5,14.01,0.0,1.0,84.06,,,passagers_invalides;
1,2024-01-09 13:24:45,2024-01-09 13:31:11,0.0,0.9,1.0,N,113,144,1,7.2,2.5,0.5,3.35,0.0,1.0,14.55,2.5,0.0,passagers_invalides;
1,2024-01-16 16:02:35,2024-01-16 16:41:20,,0.0,,,170,243,0,45.34,0.0,0.5,0.0,0.0,1.0,49.34,,,distance_invalide;passagers_invalides;
1,2024-01-22 07:08:42,2024-01-22 07:16:21,0.0,1.2,1.0,N,140,43,1,9.3,2.5,0.5,2.0,0.0,1.0,15.3,2.5,0.0,passagers_invalides;
2,2024-01-07 11:25:44,2024-01-07 11:32:05,,1.33,,,140,75,0,6.83,0.0,0.5,0.0,0.0,1.0,10.83,,,passagers_invalides;
2,2024-01-28 04:26:07,2024-01-28 04:32:07,,1.06,,,79,144,0,6.93,0.0,0.5,0.0,0.0,1.0,10.93,,,passagers_invalides;
1,2024-01-02 23:58:55,2024-01-03 00:32:56,,18.8,,,132,43,0,70.0,1.75,0.5,12.03,6.94,1.0,92.22,,,passagers_invalides;
1,2024-01-27 16:54:00,2024-01-27 17:20:07,0.0,7.9,1.0,N,132,95,1,34.5,1.75,0.5,7.55,0.0,1.0,45.3,0.0,1.75,passagers_invalides;
2,2024-01-07 08:02:48,2024-01-07 08:03:17,2.0,0.0,1.0,N,132,132,2,3.0,0.0,0.5,0.0,0.0,1.0,6.25,0.0,1.75,distance_invalide;
2,2024-01-13 14:59:24,2024-01-13 15:15:02,,1.98,,,238,50,0,19.33,0.0,0.5,0.0,0.0,1.0,23.33,,,passagers_invalides;
1,2024-01-17 08:23:09,2024-01-17 08:29:24,,0.0,,,234,249,0,26.9,0.0,0.5,0.0,0.0,1.0,30.9,,,distance_invalide;passagers_invalides;
2,2024-01-28 00:27:44,2024-01-28 00:38:58,,2.5,,,246,231,0,18.04,0.0,0.5,0.0,0.0,1.0,22.04,,,passagers_invalides;
2,2024-01-20 19:50:36,2024-01-20 20:08:06,,2.8,,,229,239,0,20.31,0.0,0.5,0.0,0.0,1.0,24.31,,,passagers_invalides;
1,2024-01-18 14:21:19,2024-01-18 14:32:36,0.0,0.8,1.0,N,161,170,1,9.3,2.5,0.5,3.3,0.0,1.0,16.6,2.5,0.0,passagers_invalides;
2,2024-01-01 00:42:18,2024-01-01 01:09:33,,18.04,,,10,174,0,51.31,0.0,0.5,0.0,6.94,1.0,59.75,,,passagers_invalides;
2,2024-01-27 20:50:43,2024-01-27 20:57:21,,1.07,,,50,142,0,11.74,0.0,0.5,2.36,0.0,1.0,18.1,,,passagers_invalides;
2,2024-01-09 19:12:33,2024-01-09 19:29:45,1.0,2.24,1.0,N,231,224,4,-16.3,-2.5,-0.5,0.0,0.0,-1.0,-22.8,-2.5,0.0,montant_invalide;
1,2024-01-20 19:23:56,2024-01-20 19:52:22,,0.0,,,87,143,0,37.7,0.0,0.5,0.0,0.0,1.0,41.7,,,distance_invalide;passagers_invalides;
2,2024-01-20 23:32:10,2024-01-20 23:53:19,,4.34,,,249,236,0,34.31,0.0,0.5,0.0,0.0,1.0,38.31,,,passagers_invalides;
2,2024-01-16 05:32:57,2024-01-16 06:03:04,1.0,12.01,1.0,N,132,35,3,-47.1,-1.0,-0.5,0.0,0.0,-1.0,-51.35,0.0,-1.75,montant_invalide;
2,2024-01-28 03:39:47,2024-01-28 03:58:54,,4.81,,,114,145,0,20.89,0.0,0.5,0.0,0.0,1.0,24.89,,,passagers_invalides;
1,2024-01-01 03:10:28,2024-01-01 03:13:14,0.0,1.0,1.0,N,229,263,1,6.5,3.5,0.5,3.4,0.0,1.0,14.9,2.5,0.0,passagers_invalides;
2,2024-01-24 22:41:57,2024-01-24 23:10:16,,7.65,,,234,42,0,34.5,0.0,0.5,0.0,0.0,1.0,38.5,,,passagers_invalides;
2,2024-01-18 09:22:51,2024-01-18 09:57:33,,5.08,,,249,237,0,36.43,0.0,0.5,16.17,0.0,1.0,56.6,,,passagers_invalides;
2,2024-01-20 06:32:22,2024-01-20 06:44:20,,2.74,,,7,163,0,13.69,0.0,0.5,0.0,0.0,1.0,17.69,,,passagers_invalides;
1,2024-01-17 10:03:32,2024-01-17 10:08:41,0.0,0.9,1.0,N,211,79,2,7.2,2.5,0.5,0.0,0.0,1.0,11.2,2.5,0.0,passagers_invalides;
1,2024-01-29 08:43:57,2024-01-29 09:01:15,,0.0,,,229,236,0,18.09,0.0,0.5,0.0,0.0,1.0,22.09,,,distance_invalide;passagers_invalides;
2,2024-01-20 19:46:59,2024-01-20 20:02:40,,3.13,,,262,163,0,20.8,0.0,0.5,0.0,0.0,1.0,24.8,,,passagers_invalides;
1,2024-01-11 22:31:24,2024-01-11 22:36:54,0.0,1.7,1.0,N,246,163,2,9.3,3.5,0.5,0.0,0.0,1.0,14.3,2.5,0.0,passagers_invalides;
1,2024-01-05 06:25:46,2024-01-05 06:29:24,0.0,0.8,1.0,N,164,230,4,5.8,2.5,0.5,0.0,0.0,1.0,9.8,2.5,0.0,passagers_invalides;
1,2024-01-26 23:28:30,2024-01-26 23:30:49,1.0,0.0,5.0,N,265,265,1,110.0,0.0,0.0,22.2,0.0,1.0,133.2,0.0,0.0,distance_invalide;
2,2024-01-17 14:33:20,2024-01-17 14:56:20,,3.13,,,238,162,0,28.12,0.0,0.5,0.0,0.0,1.0,32.12,,,passagers_invalides;
2,2024-01-31 17:40:50,2024-01-31 18:05:45,,3.16,,,161,231,0,29.38,0.0,0.5,0.0,0.0,1.0,33.38,,,passagers_invalides;
2,2024-01-19 03:29:24,2024-01-19 03:29:32,4.0,0.0,5.0,N,144,144,1,40.0,0.0,0.0,8.7,0.0,1.0,52.2,2.5,0.0,distance_invalide;
2,2024-01-25 23:03:12,2024-01-25 23:04:03,1.0,0.09,1.0,N,246,246,4,-3.0,-1.0,-0.5,0.0,0.0,-1.0,-8.0,-2.5,0.0,montant_invalide;
2,2024-01-18 22:49:19,2024-01-18 22:54:57,1.0,0.36,1.0,N,186,68,4,-6.5,-1.0,-0.5,0.0,0.0,-1.0,-11.5,-2.5,0.0,montant_invalide;
2,2024-01-30 08:35:14,2024-01-30 08:59:44,,7.29,,,33,140,0,37.19,0.0,0.5,8.24,0.0,1.0,49.43,,,passagers_invalides;
2,2024-01-04 13:18:01,2024-01-04 13:25:46,1.0,0.46,1.0,N,233,161,4,-7.9,0.0,-0.5,0.0,0.0,-1.0,-11.9,-2.5,0.0,montant_invalide;
2,2024-01-18 22:01:23,2024-01-18 22:17:19,,2.68,,,230,236,0,16.49,0.0,0.5,4.1,0.0,1.0,24.59,,,passagers_invalides;
1,2024-01-18 23:32:44,2024-01-18 23:47:14,,0.0,,,230,152,0,28.86,0.0,0.5,0.0,0.0,1.0,32.86,,,distance_invalide;passagers_invalides;
2,2024-01-17 22:17:28,2024-01-17 22:29:02,,4.92,,,87,162,0,20.15,0.0,0.5,0.0,0.0,1.0,24.15,,,passagers_invalides;
1,2024-01-29 14:58:05,2024-01-29 14:58:36,1.0,0.0,1.0,N,74,74,3,3.0,0.0,0.5,0.0,0.0,1.0,4.5,0.0,0.0,distance_invalide;
2,2024-01-13 00:12:48,2024-01-13 00:26:43,,3.64,,,41,143,0,23.87,0.0,0.5,0.0,0.0,1.0,27.87,,,passagers_invalides;
2,2024-01-28 14:23:25,2024-01-28 14:33:41,,2.09,,,48,238,0,13.31,0.0,0.5,0.0,0.0,1.0,17.31,,,passagers_invalides;
2,2024-01-13 12:21:29,2024-01-13 12:21:37,1.0,0.0,1.0,N,132,132,2,3.0,0.0,0.5,0.0,0.0,1.0,6.25,0.0,1.75,distance_invalide;
1,2024-01-04 18:52:03,2024-01-04 19:01:33,0.0,1.6,1.0,N,166,244,1,10.7,2.5,0.5,3.65,0.0,1.0,18.35,0.0,0.0,passagers_invalides;
1,2024-01-29 09:06:14,2024-01-29 09:21:43,,0.0,,,262,88,0,23.84,0.0,0.5,0.0,0.0,1.0,27.84,,,distance_invalide;passagers_invalides;
2,2024-01-01 03:44:24,2024-01-01 04:06:38,,3.02,,,162,144,0,42.33,0.0,0.5,0.0,0.0,1.0,46.33,,,passagers_invalides;
2,2024-01-09 17:55:58,2024-01-09 18:11:32,,1.74,,,163,164,0,14.06,0.0,0.5,0.0,0.0,1.0,18.06,,,passagers_invalides;
2,2024-01-23 18:22:48,2024-01-23 18:41:55,,8.01,,,87,263,0,31.64,0.0,0.5,0.0,0.0,1.0,35.64,,,passagers_invalides;
2,2024-01-12 23:45:27,2024-01-12 23:56:37,,2.96,,,236,50,0,24.14,0.0,0.5,0.0,0.0,1.0,28.14,,,passagers_invalides;
2,2024-01-07 02:03:07,2024-01-07 02:09:00,,0.6,,,144,144,0,8.83,0.0,0.5,0.0,0.0,1.0,12.83,,,passagers_invalides;
2,2024-01-06 16:57:21,2024-01-06 17:05:10,,1.26,,,263,141,0,9.22,0.0,0.5,0.0,0.0,1.0,13.22,,,passagers_invalides;
2,2024-01-25 18:46:14,2024-01-25 19:02:37,,3.55,,,87,79,0,-1.11,0.0,0.5,0.0,0.0,1.0,2.89,,,montant_invalide;passagers_invalides;
1,2024-01-26 21:21:16,2024-01-26 21:27:21,,0.7,,,237,236,0,7.9,1.0,0.5,2.55,0.0,1.0,15.45,,,passagers_invalides;
1,2024-01-19 07:35:34,2024-01-19 07:45:37,,2.8,,,125,162,0,14.2,0.0,0.5,3.64,0.0,1.0,21.84,,,passagers_invalides;
1,2024-01-05 21:14:17,2024-01-05 21:34:57,,2.8,,,249,161,0,17.0,1.0,0.5,3.3,0.0,1.0,25.3,,,passagers_invalides;
2,2024-01-09 22:23:24,2024-01-09 22:46:44,,4.36,,,161,41,0,28.87,0.0,0.5,0.0,0.0,1.0,32.87,,,passagers_invalides;
1,2024-01-12 13:18:36,2024-01-12 13:33:14,0.0,1.7,1.0,N,161,143,1,14.2,2.5,0.5,3.25,0.0,1.0,21.45,2.5,0.0,passagers_invalides;
1,2024-01-10 16:31:42,2024-01-10 16:54:42,0.0,3.3,1.0,N,237,43,1,22.6,5.0,0.5,3.0,0.0,1.0,32.1,2.5,0.0,passagers_invalides;
1,2024-01-26 13:21:37,2024-01-26 14:11:09,1.0,0.0,1.0,N,50,210,1,52.0,0.0,0.5,0.0,6.94,1.0,60.44,0.0,0.0,distance_invalide;
2,2024-01-14 01:32:24,2024-01-14 01:39:40,,1.84,,,148,170,0,13.56,0.0,0.5,0.0,0.0,1.0,17.56,,,passagers_invalides;
1,2024-01-22 09:06:43,2024-01-22 09:37:26,1.0,0.0,1.0,N,56,137,1,32.0,0.0,0.5,0.0,6.94,1.0,40.44,0.0,0.0,distance_invalide;
2,2024-01-01 05:59:45,2024-01-01 06:21:09,,3.65,,,246,263,0,21.01,0.0,0.5,0.0,0.0,1.0,25.01,,,passagers_invalides;
1,2024-01-10 12:24:34,2024-01-10 12:39:38,0.0,2.1,1.0,N,229,236,1,15.6,2.5,0.5,3.9,0.0,1.0,23.5,2.5,0.0,passagers_invalides;
2,2024-01-27 08:25:57,2024-01-27 08:40:48,1.0,2.17,1.0,N,233,186,4,-14.9,0.0,-0.5,4.72,0.0,-1.0,-14.18,-2.5,0.0,montant_invalide;
2,2024-01-07 02:24:37,2024-01-07 02:50:18,,5.75,,,48,223,0,36.83,0.0,0.5,8.17,0.0,1.0,49.0,,,passagers_invalides;
2,2024-01-31 17:41:21,2024-01-31 17:49:20,,1.28,,,262,236,0,11.98,0.0,0.5,0.0,0.0,1.0,15.98,,,passagers_invalides;
2,2024-01-14 23:19:15,2024-01-14 23:33:50,,3.6,,,249,237,0,19.11,0.0,0.5,0.0,0.0,1.0,23.11,,,passagers_invalides;
1,2024-01-31 20:59:25,2024-01-31 20:59:44,0.0,0.0,1.0,N,237,237,4,3.0,3.5,0.5,0.0,0.0,1.0,8.0,2.5,0.0,distance_invalide;passagers_invalides;
2,2024-01-02 08:38:30,2024-01-02 08:43:50,1.0,0.98,1.0,N,230,50,4,-7.9,0.0,-0.5,0.0,0.0,-1.0,-11.9,-2.5,0.0,montant_invalide;
1,2024-01-26 18:55:53,2024-01-26 19:19:42,0.0,2.9,1.0,N,161,249,1,21.9,5.0,0.5,5.65,0.0,1.0,34.05,2.5,0.0,passagers_invalides;
1,2024-01-25 13:36:45,2024-01-25 13:43:15,0.0,0.9,1.0,N,68,249,1,7.9,2.5,0.5,1.0,0.0,1.0,12.9,2.5,0.0,passagers_invalides;
2,2024-01-20 23:15:57,2024-01-20 23:33:50,,3.68,,,263,50,0,26.44,0.0,0.5,0.0,0.0,1.0,30.44,,,passagers_invalides;
1,2024-01-11 17:48:02,2024-01-11 17:58:08,,0.0,,,164,107,0,10.39,0.0,0.5,0.0,0.0,1.0,14.39,,,distance_invalide;passagers_invalides;
1,2024-01-02 15:40:39,2024-01-02 15:52:54,,1.7,,,238,141,0,10.92,0.0,0.5,0.0,0.0,1.0,14.92,,,passagers_invalides;
2,2024-01-19 09:36:27,2024-01-19 09:45:48,,1.12,,,50,161,0,12.0,0.0,0.5,0.0,0.0,1.0,16.0,,,passagers_invalides;
1,2024-01-03 18:44:18,2024-01-03 18:48:20,0.0,0.9,1.0,N,142,238,1,6.5,5.0,0.5,3.0,0.0,1.0,16.0,2.5,0.0,passagers_invalides;
2,2024-01-12 15:50:00,2024-01-12 16:27:00,,10.31,,,48,138,0,49.28,0.0,0.5,12.04,6.94,1.0,72.26,,,passagers_invalides;
1,2024-01-31 11:33:10,2024-01-31 11:35:18,1.0,0.0,1.0,N,211,211,2,14.16,0.0,0.0,0.0,0.0,0.0,14.16,0.0,0.0,distance_invalide;
2,2024-01-17 21:18:57,2024-01-17 21:27:26,,0.67,,,161,230,0,9.5,0.0,0.5,0.0,0.0,1.0,13.5,,,passagers_invalides;
2,2024-01-19 18:45:12,2024-01-19 18:56:09,,1.48,,,238,263,0,11.57,0.0,0.5,0.0,0.0,1.0,15.57,,,passagers_invalides;
2,2024-01-05 17:22:28,2024-01-05 17:22:35,1.0,0.0,1.0,N,193,193,3,-3.0,-2.5,-0.5,-0.01,0.0,-1.0,-7.01,0.0,0.0,distance_invalide;montant_invalide;
2,2024-01-29 19:01:33,2024-01-29 19:17:44,,5.53,,,236,4,0,26.46,0.0,0.5,0.0,0.0,1.0,30.46,,,passagers_invalides;
2,2024-01-28 10:43:51,2024-01-28 10:55:09,,4.85,,,263,232,0,22.1,0.0,0.5,0.0,0.0,1.0,26.1,,,passagers_invalides;
2,2024-01-06 14:24:39,2024-01-06 14:24:42,1.0,0.0,5.0,N,186,264,1,86.69,0.0,0.0,8.0,0.0,1.0,95.69,0.0,0.0,distance_invalide;
2,2024-01-03 07:54:00,2024-01-03 07:54:33,1.0,0.0,1.0,N,158,158,2,3.0,0.0,0.5,0.0,0.0,1.0,7.0,2.5,0.0,distance_invalide;
2,2024-01-17 21:53:25,2024-01-17 22:17:48,,10.19,,,233,258,0,39.35,0.0,0.5,2.51,6.94,1.0,52.8,,,passagers_invalides;
2,2024-01-25 08:18:23,2024-01-25 09:01:47,,7.99,,,61,68,0,53.83,0.0,0.5,0.0,0.0,1.0,57.83,,,passagers_invalides;
1,2024-01-25 15:32:00,2024-01-25 15:32:09,0.0,0.0,1.0,N,145,145,2,3.0,0.0,0.5,0.0,0.0,1.0,4.5,0.0,0.0,distance_invalide;passagers_invalides;
2,2024-01-24 11:09:45,2024-01-24 11:19:52,1.0,0.74,1.0,N,229,237,4,-10.0,0.0,-0.5,0.0,0.0,-1.0,-14.0,-2.5,0.0,montant_invalide;
2,2024-01-13 17:35:38,2024-01-13 17:51:14,,2.09,,,224,164,0,18.89,0.0,0.5,5.72,0.0,1.0,28.61,,,passagers_invalides;
1,2024-01-04 23:28:10,2024-01-04 23:54:12,1.0,0.0,99.0,N,140,47,1,32.5,0.0,0.5,0.0,0.0,1.0,34.0,0.0,0.0,distance_invalide;
2,2024-01-12 06:44:02,2024-01-12 06:52:59,,3.8,,,262,137,0,16.49,0.0,0.5,5.12,0.0,1.0,25.61,,,passagers_invalides;
2,2024-01-11 07:38:25,2024-01-11 07:55:17,1.0,2.87,1.0,N,140,164,4,-17.7,0.0,-0.5,0.0,0.0,-1.0,-21.7,-2.5,0.0,montant_invalide;
1,2024-01-31 14:40:08,2024-01-31 14:51:17,0.0,1.2,1.0,N,68,90,1,10.0,2.5,0.5,2.8,0.0,1.0,16.8,2.5,0.0,passagers_invalides;
2,2024-01-08 22:35:10,2024-01-08 22:46:04,1.0,2.93,1.0,N,142,90,4,-14.9,-1.0,-0.5,0.0,0.0,-1.0,-19.9,-2.5,0.0,montant_invalide;
2,2024-01-23 22:29:28,2024-01-23 22:45:32,,3.16,,,163,75,0,16.08,0.0,0.5,0.0,0.0,1.0,20.08,,,passagers_invalides;
1,2024-01-01 14:06:10,2024-01-01 14:22:21,,3.2,,,24,237,0,19.65,0.0,0.5,0.0,0.0,1.0,23.65,,,passagers_invalides;
2,2024-01-07 17:33:53,2024-01-07 17:33:59,1.0,0.0,5.0,N,230,230,1,87.69,0.0,0.0,4.0,0.0,1.0,95.19,2.5,0.0,distance_invalide;
1,2024-01-18 12:01:39,2024-01-18 12:05:41,0.0,0.2,1.0,N,161,161,1,5.8,2.5,0.5,1.0,0.0,1.0,10.8,2.5,0.0,passagers_invalides;
1,2024-01-01 02:36:51,2024-01-01 02:40:30,0.0,0.6,1.0,N,163,142,1,6.5,3.5,0.5,2.3,0.0,1.0,13.8,2.5,0.0,passagers_invalides;
2,2024-01-28 17:27:41,2024-01-28 17:27:51,1.0,0.0,5.0,N,230,161,1,70.0,0.0,0.0,16.09,6.94,1.0,96.53,2.5,0.0,distance_invalide;
2,2024-01-11 23:44:00,2024-01-11 23:56:00,,2.87,,,74,238,0,15.59,0.0,0.5,1.96,0.0,1.0,21.55,,,passagers_invalides;
2,2024-01-10 18:50:43,2024-01-10 19:12:52,1.0,9.1,1.0,N,132,77,2,-38.0,-2.5,-0.5,0.0,0.0,-1.0,-43.75,0.0,-1.75,montant_invalide;
2,2024-01-30 09:50:03,2024-01-30 10:22:23,,9.79,,,238,138,0,40.23,0.0,0.5,10.23,6.94,1.0,61.4,,,passagers_invalides;
2,2024-01-11 14:12:55,2024-01-11 14:13:13,1.0,0.0,1.0,N,90,90,2,3.0,0.0,0.5,0.0,0.0,1.0,7.0,2.5,0.0,distance_invalide;
2,2024-01-07 01:55:22,2024-01-07 02:07:22,,1.69,,,79,125,0,13.08,0.0,0.5,0.0,0.0,1.0,17.08,,,passagers_invalides;
2,2024-01-01 00:30:47,2024-01-01 01:31:49,,10.97,,,113,244,0,36.56,0.0,0.5,0.0,0.0,1.0,40.56,,,passagers_invalides;
2,2024-01-15 11:56:51,2024-01-15 11:59:13,,0.55,,,170,107,0,6.83,0.0,0.5,0.0,0.0,1.0,10.83,,,passagers_invalides;
1,2024-01-22 19:30:05,2024-01-22 19:40:06,0.0,1.4,1.0,N,186,233,1,10.7,5.0,0.5,3.4,0.0,1.0,20.6,2.5,0.0,passagers_invalides;
2,2024-01-31 21:50:30,2024-01-31 21:59:50,,1.63,,,230,107,0,9.79,0.0,0.5,0.0,0.0,1.0,13.79,,,passagers_invalides;
2,2024-01-01 05:44:54,2024-01-01 05:58:45,,3.19,,,142,41,0,15.87,0.0,0.5,0.0,0.0,1.0,19.87,,,passagers_invalides;
1,2024-01-17 21:23:24,2024-01-17 21:25:09,1.0,0.0,1.0,N,237,237,2,3.7,3.5,0.5,0.0,0.0,1.0,8.7,2.5,0.0,distance_invalide;
2,2024-01-25 23:20:51,2024-01-25 23:20:59,2.0,0.0,2.0,N,230,230,4,70.0,0.0,0.5,0.0,0.0,1.0,74.0,2.5,0.0,distance_invalide;
2,2024-01-12 15:33:30,2024-01-12 15:43:46,,1.51,,,161,107,0,1.87,0.0,0.5,3.0,0.0,1.0,8.87,,,passagers_invalides;
1,2024-01-27 11:48:48,2024-01-27 11:55:38,0.0,1.4,1.0,N,142,68,1,9.3,2.5,0.5,2.0,0.0,1.0,15.3,2.5,0.0,passagers_invalides;
2,2024-01-31 15:47:55,2024-01-31 15:55:48,,0.95,,,231,211,0,9.3,0.0,0.5,0.0,0.0,1.0,13.3,,,passagers_invalides;
2,2024-01-20 23:41:39,2024-01-20 23:44:17,,0.36,,,100,164,0,10.63,0.0,0.5,0.0,0.0,1.0,14.63,,,passagers_invalides;
2,2024-01-31 09:25:41,2024-01-31 10:08:30,,4.66,,,232,48,0,32.51,0.0,0.5,0.0,0.0,1.0,36.51,,,passagers_invalides;
1,2024-01-25 20:48:56,2024-01-25 20:58:19,0.0,2.0,1.0,N,161,237,1,11.4,3.5,0.5,3.0,0.0,1.0,19.4,2.5,0.0,passagers_invalides;
2,2024-01-22 17:27:56,2024-01-22 17:28:05,1.0,0.0,1.0,N,7,146,3,3.0,2.5,0.5,0.0,0.0,1.0,7.0,0.0,0.0,distance_invalide;
2,2024-01-07 03:18:32,2024-01-07 03:26:21,,2.1,,,141,137,0,12.34,0.0,0.5,2.0,0.0,1.0,18.34,,,passagers_invalides;
1,2024-01-08 18:39:40,2024-01-08 18:46:50,,1.3,,,163,141,0,8.6,0.0,0.5,1.89,0.0,1.0,14.49,,,passagers_invalides;
2,2024-01-17 21:16:21,2024-01-17 21:24:56,,1.29,,,164,90,0,9.58,0.0,0.5,0.0,0.0,1.0,13.58,,,passagers_invalides;
1,2024-01-02 10:47:20,2024-01-02 10:55:50,0.0,1.5,1.0,N,237,164,1,10.0,2.5,0.5,2.8,0.0,1.0,16.8,2.5,0.0,passagers_invalides;
2,2024-01-21 03:25:47,2024-01-21 03:26:38,4.0,0.19,2.0,N,79,234,2,-70.0,0.0,-0.5,0.0,0.0,-1.0,-74.0,-2.5,0.0,montant_invalide;
2,2024-01-26 17:29:23,2024-01-26 17:43:11,1.0,0.96,1.0,N,186,137,4,-12.8,-2.5,-0.5,0.0,0.0,-1.0,-19.3,-2.5,0.0,montant_invalide;
2,2024-01-12 23:50:44,2024-01-13 00:05:27,,2.4,,,186,143,0,18.06,0.0,0.5,0.0,0.0,1.0,22.06,,,passagers_invalides;
1,2024-01-11 20:11:26,2024-01-11 20:24:47,,1.3,,,236,161,0,12.8,1.0,0.5,2.67,0.0,1.0,20.47,,,passagers_invalides;
1,2024-01-31 21:23:44,2024-01-31 21:45:28,,0.0,,,142,74,0,20.05,0.0,0.5,0.0,0.0,1.0,24.05,,,distance_invalide;passagers_invalides;
1,2024-01-01 01:55:15,2024-01-01 02:06:57,,0.0,,,244,48,0,32.63,0.0,0.5,0.0,0.0,1.0,36.63,,,distance_invalide;passagers_invalides;
2,2024-01-24 14:17:49,2024-01-24 14:39:47,,3.6,,,142,249,0,26.09,0.0,0.5,2.0,0.0,1.0,32.09,,,passagers_invalides;
2,2024-01-06 04:28:53,2024-01-06 04:53:51,,17.11,,,231,132,0,58.53,0.0,0.5,15.0,0.0,1.0,77.53,,,passagers_invalides;
2,2024-01-17 21:46:31,2024-01-17 21:58:42,1.0,3.39,1.0,N,170,232,2,-17.7,-1.0,-0.5,0.0,0.0,-1.0,-22.7,-2.5,0.0,montant_invalide;
1,2024-01-15 07:37:51,2024-01-15 07:46:40,0.0,1.4,1.0,N,162,246,1,10.7,2.5,0.5,3.65,0.0,1.0,18.35,2.5,0.0,passagers_invalides;
2,2024-01-09 18:21:11,2024-01-09 18:34:45,,2.08,,,100,50,0,15.02,0.0,0.5,0.0,0.0,1.0,19.02,,,passagers_invalides;
2,2024-01-03 18:12:55,2024-01-03 18:12:59,0.0,0.0,5.0,N,48,48,1,18.8,0.0,0.5,4.06,0.0,1.0,24.36,0.0,0.0,distance_invalide;passagers_invalides;
1,2024-01-20 16:17:04,2024-01-20 16:36:53,,4.0,,,236,107,0,21.2,0.0,0.5,2.52,0.0,1.0,27.72,,,passagers_invalides;
2,2024-01-31 18:25:51,2024-01-31 18:35:44,,1.58,,,260,157,0,9.87,0.0,0.5,0.0,0.0,1.0,11.37,,,passagers_invalides;
1,2024-01-10 09:22:52,2024-01-10 09:31:53,0.0,1.0,1.0,N,43,262,1,10.0,2.5,0.5,2.8,0.0,1.0,16.8,2.5,0.0,passagers_invalides;
2,2024-01-13 16:39:52,2024-01-13 16:59:51,2.0,3.81,1.0,N,229,223,2,-21.9,0.0,-0.5,0.0,0.0,-1.0,-25.9,-2.5,0.0,montant_invalide;
2,2024-01-27 09:07:36,2024-01-27 09:14:43,,1.25,,,41,42,0,7.19,0.0,0.5,0.0,0.0,1.0,8.69,,,passagers_invalides;
1,2024-01-11 17:04:51,2024-01-11 17:10:57,,0.9,,,107,170,0,6.5,2.5,0.5,1.95,0.0,1.0,14.95,,,passagers_invalides;
2,2024-01-29 13:04:53,2024-01-29 13:04:59,1.0,0.0,2.0,N,162,162,3,70.0,0.0,0.5,0.0,0.0,1.0,74.0,2.5,0.0,distance_invalide;
2,2024-01-14 23:36:58,2024-01-14 23:45:10,,1.67,,,114,164,0,11.05,0.0,0.5,0.0,0.0,1.0,15.05,,,passagers_invalides;
1,2024-01-20 04:15:52,2024-01-20 04:22:23,,0.0,,,223,82,0,14.91,0.0,0.5,0.0,0.0,1.0,16.41,,,distance_invalide;passagers_invalides;
2,2024-01-25 19:57:22,2024-01-25 20:09:57,1.0,0.0,1.0,N,137,140,1,11.4,2.5,0.5,5.37,0.0,1.0,23.27,2.5,0.0,distance_invalide;
2,2024-01-29 12:17:34,2024-01-29 12:49:53,,8.68,,,68,138,0,43.14,0.0,0.5,10.82,6.94,1.0,64.9,,,passagers_invalides;
1,2024-01-24 20:23:03,2024-01-24 20:36:43,,1.5,,,237,233,0,10.16,0.0,0.5,0.0,0.0,1.0,14.16,,,passagers_invalides;
2,2024-01-21 13:50:45,2024-01-21 13:53:20,1.0,0.34,1.0,N,237,237,2,-5.1,0.0,-0.5,0.0,0.0,-1.0,-9.1,-2.5,0.0,montant_invalide;
1,2024-01-06 22:43:28,2024-01-06 22:51:10,,1.0,,,25,181,0,7.9,1.0,0.5,1.04,0.0,1.0,11.44,,,passagers_invalides;
1,2024-01-28 01:07:22,2024-01-28 01:23:28,,0.0,,,90,236,0,19.52,0.0,0.5,0.0,0.0,1.0,23.52,,,distance_invalide;passagers_invalides;
2,2024-01-01 15:29:23,2024-01-01 15:44:41,,2.61,,,74,140,0,11.63,0.0,0.5,0.0,0.0,1.0,15.63,,,passagers_invalides;
1,2024-01-04 11:15:49,2024-01-04 11:25:30,0.0,1.8,1.0,N,162,107,1,11.4,2.5,0.5,3.05,0.0,1.0,18.45,2.5,0.0,passagers_invalides;
2,2024-01-04 17:57:32,2024-01-04 18:20:49,,3.36,,,166,142,0,26.09,0.0,0.5,6.02,0.0,1.0,36.11,,,passagers_invalides;
2,2024-01-19 13:31:27,2024-01-19 13:40:08,1.0,0.72,1.0,N,236,236,4,-8.6,0.0,-0.5,0.0,0.0,-1.0,-12.6,-2.5,0.0,montant_invalide;
2,2024-01-12 14:33:39,2024-01-12 14:34:36,1.0,0.0,1.0,N,242,242,3,3.0,0.0,0.5,0.0,0.0,1.0,4.5,0.0,0.0,distance_invalide;
2,2024-01-15 17:09:59,2024-01-15 17:49:59,1.0,11.88,1.0,N,132,201,4,-49.9,0.0,-0.5,0.0,-10.4,-1.0,-63.55,0.0,-1.75,montant_invalide;
1,2024-01-25 16:07:21,2024-01-25 16:40:57,0.0,10.6,1.0,N,50,200,1,44.3,5.0,0.5,10.0,3.18,1.0,63.98,2.5,0.0,passagers_invalides;
1,2024-01-21 01:38:34,2024-01-21 01:50:42,0.0,1.9,1.0,N,114,13,1,13.5,3.5,0.5,3.7,0.0,1.0,22.2,2.5,0.0,passagers_invalides;
1,2024-01-12 23:41:20,2024-01-12 23:52:40,,1.9,,,236,143,0,12.1,1.0,0.5,1.71,0.0,1.0,18.81,,,passagers_invalides;
2,2024-01-09 18:48:09,2024-01-09 19:06:58,,4.99,,,262,114,0,-0.38,0.0,0.5,0.0,0.0,1.0,3.62,,,montant_invalide;passagers_invalides;
1,2024-01-28 12:29:33,2024-01-28 12:33:10,0.0,0.4,1.0,N,144,144,1,5.1,2.5,0.5,1.8,0.0,1.0,10.9,2.5,0.0,passagers_invalides;
2,2024-01-05 12:37:49,2024-01-05 13:03:15,,4.4,,,137,238,0,31.73,0.0,0.5,7.15,0.0,1.0,42.88,,,passagers_invalides;
1,2024-01-28 03:27:40,2024-01-28 03:35:52,,0.0,,,113,224,0,15.24,0.0,0.5,0.0,0.0,1.0,19.24,,,distance_invalide;passagers_invalides;
1,2024-01-15 18:40:25,2024-01-15 18:43:04,,0.6,,,236,75,0,5.1,0.0,0.5,0.91,0.0,1.0,10.01,,,passagers_invalides;
1,2024-01-03 09:00:38,2024-01-03 09:17:36,0.0,2.5,1.0,N,249,161,1,17.0,2.5,0.5,2.0,0.0,1.0,23.0,2.5,0.0,passagers_invalides;
1,2024-01-29 12:40:56,2024-01-29 13:03:05,,7.2,,,236,138,0,38.4,0.0,0.5,0.0,6.94,1.0,49.34,,,passagers_invalides;
2,2024-01-15 17:51:44,2024-01-15 18:04:08,,4.58,,,261,224,0,20.44,0.0,0.5,0.0,0.0,1.0,24.44,,,passagers_invalides;
2,2024-01-05 13:40:00,2024-01-05 13:57:00,,2.43,,,113,48,0,18.35,0.0,0.5,2.0,0.0,1.0,24.35,,,passagers_invalides;
2,2024-01-17 22:07:22,2024-01-17 22:13:27,,1.12,,,230,233,0,11.89,0.0,0.5,0.0,0.0,1.0,15.89,,,passagers_invalides;
2,2024-01-27 08:56:22,2024-01-27 09:03:58,,1.2,,,143,239,0,11.58,0.0,0.5,3.12,0.0,1.0,18.7,,,passagers_invalides;
2,2024-01-26 19:48:44,2024-01-26 20:11:22,,3.9,,,237,68,0,25.4,0.0,0.5,0.0,0.0,1.0,29.4,,,passagers_invalides;
2,2024-01-23 21:44:52,2024-01-23 21:53:01,,1.44,,,162,237,0,8.06,0.0,0.5,0.0,0.0,1.0,12.06,,,passagers_invalides;
2,2024-01-17 16:17:54,2024-01-17 16:31:24,,0.92,,,162,237,0,11.74,0.0,0.5,3.15,0.0,1.0,18.89,,,passagers_invalides;
1,2024-01-28 13:23:34,2024-01-28 13:36:53,,0.0,,,238,68,0,20.64,0.0,0.5,0.0,0.0,1.0,24.64,,,distance_invalide;passagers_invalides;
2,2024-01-28 16:43:46,2024-01-28 16:43:53,1.0,0.0,5.0,N,83,83,1,60.0,0.0,0.0,1.11,0.0,1.0,62.11,0.0,0.0,distance_invalide;
2,2024-01-26 11:34:19,2024-01-26 11:34:25,2.0,0.0,5.0,N,195,195,3,-60.0,0.0,0.0,0.0,0.0,-1.0,-61.0,0.0,0.0,distance_invalide;montant_invalide;
1,2024-01-31 06:40:48,2024-01-31 06:50:39,,1.6,,,186,107,0,11.4,0.0,0.5,7.7,0.0,1.0,23.1,,,passagers_invalides;
2,2024-01-16 08:46:17,2024-01-16 08:57:36,1.0,0.62,1.0,N,142,163,4,-10.7,0.0,-0.5,0.0,0.0,-1.0,-14.7,-2.5,0.0,montant_invalide;
2,2024-01-28 12:58:44,2024-01-28 13:13:45,,8.02,,,263,138,0,31.66,0.0,0.5,6.39,6.94,1.0,48.99,,,passagers_invalides;
2,2024-01-02 12:31:27,2024-01-02 12:31:47,1.0,0.0,3.0,N,162,162,3,-23.0,0.0,0.0,0.0,0.0,-1.0,-24.0,0.0,0.0,distance_invalide;montant_invalide;
2,2024-01-07 03:35:38,2024-01-07 03:35:44,1.0,0.0,5.0,N,265,265,1,50.0,0.0,0.0,10.2,0.0,1.0,61.2,0.0,0.0,distance_invalide;
2,2024-01-08 19:00:22,2024-01-08 19:06:00,1.0,0.69,1.0,N,233,161,4,-6.5,-2.5,-0.5,0.0,0.0,-1.0,-13.0,-2.5,0.0,montant_invalide;
2,2024-01-12 16:28:28,2024-01-12 17:03:45,,10.97,,,246,138,0,39.92,0.0,0.5,15.22,6.94,1.0,66.08,,,passagers_invalides;
2,2024-01-27 02:24:23,2024-01-27 02:35:30,,2.1,,,4,68,0,14.18,0.0,0.5,0.0,0.0,1.0,18.18,,,passagers_invalides;
2,2024-01-06 19:20:30,2024-01-06 19:41:51,,2.17,,,7,129,0,20.33,0.0,0.5,0.0,0.0,1.0,21.83,,,passagers_invalides;
2,2024-01-26 18:15:59,2024-01-26 18:32:48,,2.94,,,140,137,0,24.26,0.0,0.5,1.0,0.0,1.0,29.26,,,passagers_invalides;
2,2024-01-28 00:23:32,2024-01-28 00:37:51,,2.57,,,90,143,0,19.49,0.0,0.5,0.0,0.0,1.0,23.49,,,passagers_invalides;
2,2024-01-09 20:57:34,2024-01-09 21:17:48,,7.58,,,140,13,0,32.8,0.0,0.5,5.52,0.0,1.0,42.32,,,passagers_invalides;
1,2024-01-01 04:59:21,2024-01-01 05:29:02,,6.2,,,249,61,0,28.21,0.0,0.5,0.0,0.0,1.0,29.71,,,passagers_invalides;
1,2024-01-16 06:23:18,2024-01-16 06:51:28,0.0,11.9,1.0,N,161,138,1,47.8,7.5,0.5,8.0,6.94,1.0,71.74,2.5,0.0,passagers_invalides;
2,2024-01-09 19:38:11,2024-01-09 19:38:41,1.0,0.0,1.0,N,50,50,1,3.0,2.5,0.5,5.0,0.0,1.0,14.5,2.5,0.0,distance_invalide;
1,2024-01-04 16:42:13,2024-01-04 17:19:43,,0.0,,,41,68,0,31.83,0.0,0.5,0.0,0.0,1.0,35.83,,,distance_invalide;passagers_invalides;
2,2024-01-14 13:59:53,2024-01-14 14:20:09,,8.14,,,88,263,0,27.43,0.0,0.5,0.0,0.0,1.0,31.43,,,passagers_invalides;
2,2024-01-16 13:12:12,2024-01-16 13:12:39,2.0,0.0,1.0,N,140,140,2,3.0,0.0,0.5,0.0,0.0,1.0,7.0,2.5,0.0,distance_invalide;
1,2024-01-07 13:08:53,2024-01-07 13:22:06,0.0,2.3,1.0,N,68,141,1,14.2,2.5,0.5,0.01,0.0,1.0,18.21,2.5,0.0,passagers_invalides;
1,2024-01-17 09:39:59,2024-01-17 09:40:16,1.0,0.0,5.0,N,100,100,4,0.01,0.0,0.0,0.0,0.0,1.0,1.01,0.0,0.0,distance_invalide;
1,2024-01-06 19:29:37,2024-01-06 19:40:27,,0.0,,,226,179,0,12.2,0.0,0.5,0.0,0.0,1.0,13.7,,,distance_invalide;passagers_invalides;
1,2024-01-31 15:18:15,2024-01-31 15:25:24,0.0,1.0,1.0,N,234,249,1,8.6,2.5,0.5,1.26,0.0,1.0,13.86,2.5,0.0,passagers_invalides;
2,2024-01-22 07:20:43,2024-01-22 07:41:48,,8.7,,,263,13,0,32.36,0.0,0.5,0.0,0.0,1.0,36.36,,,passagers_invalides;
2,2024-01-01 04:00:02,2024-01-01 04:00:10,0.0,0.0,5.0,N,170,170,1,13.1,0.0,0.5,3.42,0.0,1.0,20.52,2.5,0.0,distance_invalide;passagers_invalides;
2,2024-01-13 04:14:56,2024-01-13 04:35:16,1.0,4.73,1.0,N,230,7,4,-24.7,-1.0,-0.5,0.0,0.0,-1.0,-29.7,-2.5,0.0,montant_invalide;
2,2024-01-21 23:36:19,2024-01-21 23:58:45,,4.46,,,97,133,0,22.46,0.0,0.5,3.59,0.0,1.0,27.55,,,passagers_invalides;
1,2024-01-13 08:53:01,2024-01-13 09:06:39,,0.0,,,244,262,0,26.01,0.0,0.5,0.0,0.0,1.0,30.01,,,distance_invalide;passagers_invalides;
1,2024-01-05 19:46:52,2024-01-05 19:52:11,0.0,0.8,1.0,N,141,264,1,7.2,5.0,0.5,2.7,0.0,1.0,16.4,2.5,0.0,passagers_invalides;
2,2024-01-14 22:39:47,2024-01-14 22:51:39,,4.87,,,216,63,0,16.6,0.0,0.5,0.0,0.0,1.0,18.1,,,passagers_invalides;
2,2024-01-01 12:33:20,2024-01-01 12:42:30,,2.95,,,237,233,0,13.29,0.0,0.5,0.0,0.0,1.0,17.29,,,passagers_invalides;
2,2024-01-21 15:27:57,2024-01-21 15:56:02,,7.68,,,179,82,0,29.25,0.0,0.5,0.0,0.0,1.0,30.75,,,passagers_invalides;
2,2024-01-18 16:03:49,2024-01-18 16:07:25,1.0,0.54,1.0,N,263,43,2,-5.8,0.0,-0.5,0.0,0.0,-1.0,-9.8,-2.5,0.0,montant_invalide;
1,2024-01-03 16:04:33,2024-01-03 16:11:15,,1.3,,,237,236,0,9.3,0.0,0.5,1.33,0.0,1.0,14.63,,,passagers_invalides;
2,2024-01-17 21:42:56,2024-01-17 21:51:38,,2.83,,,48,238,0,14.3,0.0,0.5,0.0,0.0,1.0,18.3,,,passagers_invalides;
2,2024-01-07 08:13:26,2024-01-07 08:19:36,1.0,0.0,1.0,N,234,161,1,7.2,0.0,0.5,1.34,0.0,1.0,12.54,2.5,0.0,distance_invalide;
1,2024-01-05 12:48:56,2024-01-05 13:03:57,,1.7,,,68,170,0,14.2,0.0,0.5,2.73,0.0,1.0,20.93,,,passagers_invalides;
2,2024-01-18 16:48:27,2024-01-18 17:30:46,,9.04,,,217,26,0,45.33,0.0,0.5,0.0,0.0,1.0,46.83,,,passagers_invalides;
1,2024-01-18 14:26:47,2024-01-18 14:56:07,0.0,3.4,1.0,N,230,45,2,25.4,2.5,0.5,0.0,0.0,1.0,29.4,2.5,0.0,passagers_invalides;
1,2024-01-14 00:27:48,2024-01-14 00:35:25,,0.0,,,107,4,0,15.11,0.0,0.5,0.0,0.0,1.0,19.11,,,distance_invalide;passagers_invalides;
2,2024-01-18 23:01:42,2024-01-18 23:10:54,,1.18,,,79,114,0,14.22,0.0,0.5,3.64,0.0,1.0,21.86,,,passagers_invalides;
1,2024-01-26 08:56:15,2024-01-26 09:16:46,,3.2,,,45,68,0,17.7,0.0,0.5,3.26,0.0,1.0,24.96,,,passagers_invalides;
2,2024-01-26 20:40:22,2024-01-26 20:40:35,1.0,0.0,5.0,N,230,230,2,85.0,0.0,0.0,0.0,0.0,1.0,88.5,2.5,0.0,distance_invalide;
2,2024-01-12 08:24:00,2024-01-12 08:48:00,,3.83,,,237,79,0,25.56,0.0,0.5,7.39,0.0,1.0,36.95,,,passagers_invalides;
1,2024-01-23 12:45:43,2024-01-23 13:06:44,,4.9,,,223,43,0,26.61,0.0,0.5,0.0,6.94,1.0,35.05,,,passagers_invalides;
2,2024-01-19 22:13:30,2024-01-19 23:08:08,1.0,4.29,1.0,N,162,100,3,-45.7,-1.0,-0.5,0.0,0.0,-1.0,-50.7,-2.5,0.0,montant_invalide;
2,2024-01-12 17:55:07,2024-01-12 18:08:58,,1.41,,,74,75,0,12.2,0.0,0.5,2.74,0.0,1.0,16.44,,,passagers_invalides;
2,2024-01-11 02:49:00,2024-01-11 02:56:16,1.0,2.86,1.0,N,74,179,4,-13.5,-1.0,-0.5,0.0,-6.94,-1.0,-22.94,0.0,0.0,montant_invalide;
1,2024-01-29 20:03:40,2024-01-29 20:04:22,0.0,0.4,1.0,N,130,130,4,3.7,1.0,0.5,0.0,0.0,1.0,6.2,0.0,0.0,passagers_invalides;
2,2024-01-12 07:37:24,2024-01-12 07:54:08,,2.22,,,231,234,0,11.96,0.0,0.5,0.0,0.0,1.0,15.96,,,passagers_invalides;
1,2024-01-16 17:33:46,2024-01-16 17:53:46,,0.0,,,161,141,0,18.38,0.0,0.5,0.0,0.0,1.0,22.38,,,distance_invalide;passagers_invalides;
1,2024-01-25 10:17:35,2024-01-25 10:25:24,,0.9,,,263,236,0,9.3,0.0,0.5,2.0,0.0,1.0,15.3,,,passagers_invalides;
2,2024-01-20 01:11:55,2024-01-20 01:22:57,,1.87,,,148,158,0,13.84,0.0,0.5,0.0,0.0,1.0,17.84,,,passagers_invalides;
1,2024-01-06 14:15:10,2024-01-06 14:18:18,0.0,0.7,1.0,N,166,166,2,5.8,0.0,0.5,0.0,0.0,1.0,7.3,0.0,0.0,passagers_invalides;
2,2024-01-14 19:46:14,2024-01-14 19:47:56,1.0,0.0,1.0,N,36,36,2,3.7,0.0,0.5,0.0,0.0,1.0,5.2,0.0,0.0,distance_invalide;
2,2024-01-28 14:01:22,2024-01-28 14:20:09,,5.0,,,233,41,0,26.18,0.0,0.5,0.0,0.0,1.0,30.18,,,passagers_invalides;
2,2024-01-17 20:52:33,2024-01-17 21:01:05,,1.26,,,234,100,0,13.84,0.0,0.5,0.0,0.0,1.0,17.84,,,passagers_invalides;
1,2024-01-01 15:26:03,2024-01-01 15:49:26,,10.8,,,88,138,0,46.23,0.0,0.5,0.0,0.0,1.0,50.23,,,passagers_invalides;
2,2024-01-20 20:30:20,2024-01-20 20:38:21,,1.35,,,166,239,0,-3.0,0.0,0.5,0.0,0.0,1.0,1.0,,,montant_invalide;passagers_invalides;
1,2024-01-29 17:55:29,2024-01-29 18:22:47,,10.6,,,138,161,0,43.6,9.25,0.5,12.75,6.94,1.0,76.54,,,passagers_invalides;
1,2024-01-31 17:37:10,2024-01-31 18:18:46,,11.4,,,138,230,0,53.4,9.25,0.5,11.04,6.94,1.0,84.63,,,passagers_invalides;
1,2024-01-01 08:28:17,2024-01-01 08:44:52,,0.0,,,164,12,0,21.16,0.0,0.5,0.0,0.0,1.0,25.16,,,distance_invalide;passagers_invalides;
2,2024-01-10 21:59:56,2024-01-10 22:17:59,,2.24,,,249,230,0,17.1,0.0,0.5,4.22,0.0,1.0,25.32,,,passagers_invalides;
2,2024-01-12 08:03:19,2024-01-12 08:08:10,,0.26,,,263,236,0,8.83,0.0,0.5,0.0,0.0,1.0,12.83,,,passagers_invalides;
1,2024-01-02 00:38:10,2024-01-02 00:38:13,0.0,1.2,1.0,N,132,132,3,3.0,2.75,0.5,0.0,0.0,1.0,7.25,0.0,1.75,passagers_invalides;
2,2024-01-29 15:16:22,2024-01-29 15:18:49,1.0,0.43,1.0,N,114,113,2,-5.1,0.0,-0.5,0.0,0.0,-1.0,-9.1,-2.5,0.0,montant_invalide;
2,2024-01-01 18:04:08,2024-01-01 18:23:57,1.0,3.52,1.0,N,114,237,4,-21.2,0.0,-0.5,0.0,0.0,-1.0,-25.2,-2.5,0.0,montant_invalide;
2,2024-01-13 00:05:49,2024-01-13 00:16:38,,1.86,,,148,137,0,13.13,0.0,0.5,0.0,0.0,1.0,17.13,,,passagers_invalides;
1,2024-01-07 19:32:40,2024-01-07 19:57:05,,7.4,,,113,166,0,33.01,0.0,0.5,0.0,0.0,1.0,37.01,,,passagers_invalides;
1,2024-01-13 16:36:54,2024-01-13 16:42:54,0.0,1.3,1.0,N,151,142,1,8.6,2.5,0.5,1.26,0.0,1.0,13.86,2.5,0.0,passagers_invalides;
2,2024-01-27 18:58:21,2024-01-27 19:04:58,,0.95,,,107,4,0,8.72,0.0,0.5,0.0,0.0,1.0,12.72,,,passagers_invalides;
2,2024-01-21 18:33:15,2024-01-21 18:42:24,,1.14,,,143,239,0,14.58,0.0,0.5,0.0,0.0,1.0,18.58,,,passagers_invalides;
2,2024-01-17 14:29:08,2024-01-17 14:29:16,1.0,0.0,5.0,N,48,48,1,23.5,0.0,0.0,0.0,0.0,1.0,27.0,2.5,0.0,distance_invalide;
2,2024-01-12 14:32:35,2024-01-12 14:42:17,1.0,1.48,1.0,N,234,246,4,-10.7,0.0,-0.5,0.0,0.0,-1.0,-14.7,-2.5,0.0,montant_invalide;
2,2024-01-16 16:08:35,2024-01-16 16:14:36,,0.84,,,143,142,0,11.74,0.0,0.5,3.15,0.0,1.0,18.89,,,passagers_invalides;
1,2024-01-11 15:06:02,2024-01-11 15:13:56,0.0,0.5,1.0,N,262,236,2,7.9,2.5,0.5,0.0,0.0,1.0,11.9,2.5,0.0,passagers_invalides;
1,2024-01-15 14:43:16,2024-01-15 15:04:15,,9.7,,,107,138,0,39.4,5.0,0.5,11.07,6.94,1.0,66.41,,,passagers_invalides;
2,2024-01-23 22:23:52,2024-01-23 22:31:43,,1.21,,,158,68,0,-1.0,0.0,0.5,0.0,0.0,1.0,3.0,,,montant_invalide;passagers_invalides;
2,2024-01-24 14:04:20,2024-01-24 14:47:23,,9.39,,,234,119,0,46.37,0.0,0.5,2.0,0.0,1.0,52.37,,,passagers_invalides;
1,2024-01-09 12:38:30,2024-01-09 12:53:15,0.0,2.1,1.0,N,141,161,2,14.2,2.5,0.5,0.0,0.0,1.0,18.2,2.5,0.0,passagers_invalides;
1,2024-01-04 21:34:07,2024-01-04 21:59:06,,3.1,,,186,141,0,24.0,1.0,0.5,4.35,0.0,1.0,33.35,,,passagers_invalides;
2,2024-01-16 21:30:22,2024-01-16 21:48:39,4.0,15.79,1.0,N,132,194,3,-57.6,-1.0,-0.5,0.0,0.0,-1.0,-61.85,0.0,-1.75,montant_invalide;
2,2024-01-05 19:29:15,2024-01-05 19:38:07,,1.47,,,137,164,0,14.22,0.0,0.5,1.82,0.0,1.0,20.04,,,passagers_invalides;
1,2024-01-18 17:26:51,2024-01-18 17:34:06,1.0,0.0,1.0,N,262,74,1,12.0,2.5,0.5,0.0,0.0,1.0,16.0,0.0,0.0,distance_invalide;
2,2024-01-19 08:22:30,2024-01-19 08:42:39,,4.25,,,52,246,0,30.3,0.0,0.5,0.0,6.94,1.0,41.24,,,passagers_invalides;
1,2024-01-24 00:31:32,2024-01-24 00:54:20,,4.2,,,186,238,0,22.6,1.0,0.5,5.52,0.0,1.0,33.12,,,passagers_invalides;
2,2024-01-27 13:24:17,2024-01-27 13:24:23,1.0,0.0,3.0,N,143,142,4,23.0,0.0,0.0,0.0,0.0,1.0,24.0,0.0,0.0,distance_invalide;
1,2024-01-16 11:04:21,2024-01-16 11:05:25,1.0,0.0,5.0,N,246,246,1,18.0,0.0,0.0,5.7,0.0,1.0,24.7,0.0,0.0,distance_invalide;
2,2024-01-20 14:54:13,2024-01-20 15:08:46,,2.0,,,142,246,0,13.78,0.0,0.5,3.56,0.0,1.0,21.34,,,passagers_invalides;
2,2024-01-23 23:08:48,2024-01-23 23:22:43,,2.77,,,161,238,0,17.71,0.0,0.5,4.34,0.0,1.0,26.05,,,passagers_invalides;
2,2024-01-18 13:39:27,2024-01-18 14:52:37,2.0,0.0,2.0,N,230,132,1,70.0,0.0,0.5,16.19,6.94,1.0,97.13,2.5,0.0,distance_invalide;
1,2024-01-20 22:57:19,2024-01-20 23:22:30,,0.0,,,249,262,0,35.75,0.0,0.5,0.0,0.0,1.0,39.75,,,distance_invalide;passagers_invalides;
2,2024-01-02 17:23:28,2024-01-02 18:09:54,,6.46,,,88,50,0,42.08,0.0,0.5,6.91,0.0,1.0,52.99,,,passagers_invalides;
2,2024-01-12 23:31:43,2024-01-12 23:43:21,,1.68,,,239,50,0,16.61,0.0,0.5,0.0,0.0,1.0,20.61,,,passagers_invalides;
2,2024-01-20 12:02:50,2024-01-20 12:30:07,1.0,0.0,1.0,N,113,236,1,21.9,0.0,0.5,5.18,0.0,1.0,31.08,2.5,0.0,distance_invalide;
2,2024-01-04 17:49:56,2024-01-04 17:56:32,1.0,1.11,1.0,N,234,249,4,-8.6,-2.5,-0.5,0.0,0.0,-1.0,-15.1,-2.5,0.0,montant_invalide;
1,2024-01-08 07:34:43,2024-01-08 07:59:23,,8.9,,,238,88,0,40.1,0.0,0.5,6.62,0.0,1.0,50.72,,,passagers_invalides;
1,2024-01-13 18:43:21,2024-01-13 19:04:19,0.0,8.7,1.0,N,138,236,1,36.6,11.75,0.5,11.35,6.94,1.0,68.14,2.5,1.75,passagers_invalides;
1,2024-01-11 19:00:29,2024-01-11 19:05:44,0.0,0.7,1.0,N,236,262,2,7.2,5.0,0.5,0.0,0.0,1.0,13.7,2.5,0.0,passagers_invalides;
2,2024-01-28 03:54:06,2024-01-28 04:20:23,,9.07,,,37,92,0,41.52,0.0,0.5,0.0,0.0,1.0,43.02,,,passagers_invalides;
1,2024-01-08 17:44:30,2024-01-08 17:50:54,0.0,0.8,1.0,N,79,224,2,7.9,5.0,0.5,0.0,0.0,1.0,14.4,2.5,0.0,passagers_invalides;
1,2024-01-13 13:41:22,2024-01-13 13:59:22,,2.6,,,246,233,0,18.61,0.0,0.5,0.0,0.0,1.0,22.61,,,passagers_invalides;
2,2024-01-24 19:44:06,2024-01-24 20:14:43,1.0,5.25,1.0,N,234,75,2,-30.3,-2.5,-0.5,0.0,0.0,-1.0,-36.8,-2.5,0.0,montant_invalide;
2,2024-01-18 08:08:23,2024-01-18 08:30:36,,2.52,,,79,162,0,18.85,0.0,0.5,3.0,0.0,1.0,25.85,,,passagers_invalides;
2,2024-01-16 17:06:42,2024-01-16 17:29:57,,3.7,,,162,74,0,25.26,0.0,0.5,8.78,0.0,1.0,38.04,,,passagers_invalides;
2,2024-01-13 17:07:20,2024-01-13 17:21:19,,1.95,,,161,234,0,16.7,0.0,0.5,2.07,0.0,1.0,22.77,,,passagers_invalides;
2,2024-01-15 08:20:08,2024-01-15 08:31:27,1.0,2.0,1.0,N,48,234,4,-12.8,0.0,-0.5,0.0,0.0,-1.0,-16.8,-2.5,0.0,montant_invalide;
2,2024-01-26 17:48:27,2024-01-26 18:34:09,1.0,10.76,1.0,N,162,31,4,-53.4,-2.5,-0.5,0.0,0.0,-1.0,-59.9,-2.5,0.0,montant_invalide;
2,2024-01-07 13:07:11,2024-01-07 13:27:16,,3.6,,,233,239,0,23.32,0.0,0.5,5.46,0.0,1.0,32.78,,,passagers_invalides;
2,2024-01-17 19:20:09,2024-01-17 19:31:43,,1.64,,,230,143,0,2.81,0.0,0.5,5.04,0.0,1.0,11.85,,,passagers_invalides;
1,2024-01-18 16:49:27,2024-01-18 17:19:17,,0.0,,,237,231,0,44.61,0.0,0.5,0.0,0.0,1.0,48.61,,,distance_invalide;passagers_invalides;
1,2024-01-11 21:17:17,2024-01-11 21:30:30,0.0,2.1,1.0,N,234,230,1,14.2,3.5,0.5,1.0,0.0,1.0,20.2,2.5,0.0,passagers_invalides;
2,2024-01-10 22:42:50,2024-01-10 22:57:35,,2.43,,,170,50,0,12.8,0.0,0.5,0.0,0.0,1.0,16.8,,,passagers_invalides;
2,2024-01-12 14:21:08,2024-01-12 14:36:39,,5.64,,,88,161,0,22.53,0.0,0.5,0.0,0.0,1.0,26.53,,,passagers_invalides;
2,2024-01-11 17:56:59,2024-01-11 18:07:50,,1.22,,,90,211,0,14.22,0.0,0.5,3.64,0.0,1.0,21.86,,,passagers_invalides;
2,2024-01-17 12:51:12,2024-01-17 13:01:49,1.0,0.81,1.0,N,100,170,4,-10.0,0.0,-0.5,0.0,0.0,-1.0,-14.0,-2.5,0.0,montant_invalide;
2,2024-01-06 17:09:05,2024-01-06 17:30:27,,2.68,,,170,158,0,14.65,0.0,0.5,0.0,0.0,1.0,18.65,,,passagers_invalides;
2,2024-01-31 19:13:46,2024-01-31 19:27:37,3.0,3.25,1.0,N,48,236,4,-17.0,-2.5,-0.5,0.0,0.0,-1.0,-23.5,-2.5,0.0,montant_invalide;
1,2024-01-21 01:04:49,2024-01-21 01:23:34,,4.5,,,41,234,0,22.91,0.0,0.5,0.0,0.0,1.0,26.91,,,passagers_invalides;
1,2024-01-31 11:57:02,2024-01-31 12:10:17,,1.9,,,230,249,0,12.1,0.0,0.5,2.42,0.0,1.0,18.52,,,passagers_invalides;
2,2024-01-06 17:05:44,2024-01-06 17:09:01,1.0,0.48,1.0,N,137,233,4,-5.1,0.0,-0.5,0.0,0.0,-1.0,-9.1,-2.5,0.0,montant_invalide;
1,2024-01-22 16:00:21,2024-01-22 16:12:49,0.0,2.2,1.0,N,264,264,1,14.2,5.0,0.5,6.2,0.0,1.0,26.9,2.5,0.0,passagers_invalides;
1,2024-01-18 20:04:52,2024-01-18 20:15:42,,0.0,,,161,170,0,8.05,0.0,0.5,0.0,0.0,1.0,12.05,,,distance_invalide;passagers_invalides;
2,2024-01-01 04:00:17,2024-01-01 04:16:01,,3.91,,,239,137,0,21.1,0.0,0.5,0.0,0.0,1.0,25.1,,,passagers_invalides;
1,2024-01-13 17:42:04,2024-01-13 17:46:22,1.0,0.0,1.0,N,170,170,1,5.8,2.5,0.5,0.0,0.0,1.0,9.8,2.5,0.0,distance_invalide;
2,2024-01-23 18:39:40,2024-01-23 18:56:27,,3.25,,,87,246,0,26.9,0.0,0.5,0.0,0.0,1.0,30.9,,,passagers_invalides;
2,2024-01-09 21:28:19,2024-01-09 21:37:12,,0.95,,,163,233,0,9.58,0.0,0.5,0.0,0.0,1.0,13.58,,,passagers_invalides;
2,2024-01-27 02:36:06,2024-01-27 02:43:25,3.0,1.15,1.0,N,125,249,4,-9.3,-1.0,-0.5,0.0,0.0,-1.0,-14.3,-2.5,0.0,montant_invalide;
2,2024-01-04 23:36:06,2024-01-04 23:45:16,,1.09,,,230,48,0,7.13,0.0,0.5,0.0,0.0,1.0,11.13,,,passagers_invalides;
2,2024-01-31 20:57:33,2024-01-31 20:57:41,1.0,0.0,5.0,N,233,233,1,17.1,0.0,0.0,2.0,0.0,1.0,22.6,2.5,0.0,distance_invalide;
2,2024-01-12 16:47:13,2024-01-12 16:47:23,2.0,0.0,2.0,N,230,230,1,70.0,5.0,0.5,15.8,0.0,1.0,94.8,2.5,0.0,distance_invalide;
2,2024-01-25 11:37:25,2024-01-25 12:05:44,1.0,2.34,1.0,N,140,164,4,-24.0,0.0,-0.5,0.0,0.0,-1.0,-28.0,-2.5,0.0,montant_invalide;
1,2024-01-07 10:33:35,2024-01-07 10:33:50,1.0,0.0,5.0,N,170,170,1,14.0,0.0,0.0,3.75,0.0,1.0,18.75,0.0,0.0,distance_invalide;
1,2024-01-12 17:32:04,2024-01-12 18:23:22,0.0,7.5,1.0,N,68,129,1,45.7,5.0,0.5,10.4,0.0,1.0,62.6,2.5,0.0,passagers_invalides;
2,2024-01-19 07:52:00,2024-01-19 08:06:00,,3.05,,,140,74,0,20.03,0.0,0.5,4.81,0.0,1.0,28.84,,,passagers_invalides;
2,2024-01-27 19:40:43,2024-01-27 19:40:54,1.0,0.0,5.0,N,141,141,1,11.9,0.0,0.0,1.0,0.0,1.0,16.4,2.5,0.0,distance_invalide;
1,2024-01-24 17:46:30,2024-01-24 17:58:32,0.0,0.8,1.0,N,229,237,1,11.4,5.0,0.5,3.55,0.0,1.0,21.45,2.5,0.0,passagers_invalides;
1,2024-01-30 13:34:39,2024-01-30 13:45:44,0.0,1.6,1.0,N,236,163,2,12.1,2.5,0.5,0.0,0.0,1.0,16.1,2.5,0.0,passagers_invalides;
2,2024-01-27 01:21:12,2024-01-27 01:32:14,,1.46,,,79,231,0,13.82,0.0,0.5,3.21,0.0,1.0,21.03,,,passagers_invalides;
2,2024-01-21 18:27:21,2024-01-21 18:37:39,,2.31,,,142,238,0,11.27,0.0,0.5,0.0,0.0,1.0,15.27,,,passagers_invalides;
2,2024-01-15 10:09:04,2024-01-15 10:39:40,1.0,21.08,1.0,N,132,183,4,-77.2,0.0,-0.5,0.0,-6.94,-1.0,-87.39,0.0,-1.75,montant_invalide;
1,2024-01-26 09:47:57,2024-01-26 10:00:19,,1.7,,,170,237,0,13.5,0.0,0.5,0.0,0.0,1.0,17.5,,,passagers_invalides;
2,2024-01-31 10:30:00,2024-01-31 10:52:00,,1.14,,,229,162,0,15.5,0.0,0.5,3.9,0.0,1.0,23.4,,,passagers_invalides;
2,2024-01-21 03:34:11,2024-01-21 03:34:19,1.0,0.0,1.0,N,125,125,4,3.0,1.0,0.5,0.0,0.0,1.0,8.0,2.5,0.0,distance_invalide;
2,2024-01-19 08:03:57,2024-01-19 08:13:40,,2.55,,,239,152,0,18.94,0.0,0.5,0.0,0.0,1.0,22.94,,,passagers_invalides;
2,2024-01-30 16:16:56,2024-01-30 16:31:06,,1.68,,,62,188,0,17.76,0.0,0.5,0.0,0.0,1.0,19.26,,,passagers_invalides;
2,2024-01-21 02:36:28,2024-01-21 03:00:15,,5.16,,,114,239,0,24.42,0.0,0.5,0.0,0.0,1.0,28.42,,,passagers_invalides;
2,2024-01-01 06:53:58,2024-01-01 07:13:11,,10.48,,,7,215,0,35.63,0.0,0.5,0.0,0.0,1.0,37.13,,,passagers_invalides;
1,2024-01-12 22:21:59,2024-01-12 22:41:15,0.0,10.8,1.0,N,138,97,2,41.5,7.75,0.5,0.0,0.0,1.0,50.75,0.0,1.75,passagers_invalides;
2,2024-01-01 15:57:31,2024-01-01 16:04:50,,1.54,,,164,237,0,-1.0,0.0,0.5,0.0,0.0,1.0,3.0,,,montant_invalide;passagers_invalides;
1,2024-01-23 14:15:36,2024-01-23 14:22:56,,1.1,,,239,236,0,9.3,0.0,0.5,2.0,0.0,1.0,15.3,,,passagers_invalides;
2,2024-01-25 19:50:17,2024-01-25 19:53:13,1.0,0.0,1.0,N,236,263,1,4.4,2.5,0.5,1.0,0.0,1.0,11.9,2.5,0.0,distance_invalide;
2,2024-01-21 00:02:29,2024-01-21 00:22:07,,8.18,,,68,244,0,34.83,0.0,0.5,0.0,0.0,1.0,38.83,,,passagers_invalides;
1,2024-01-08 17:19:48,2024-01-08 17:23:19,,0.7,,,239,142,0,5.8,2.5,0.5,1.85,0.0,1.0,14.15,,,passagers_invalides;
1,2024-01-10 09:12:25,2024-01-10 09:22:00,0.0,1.4,1.0,N,186,249,3,10.0,2.5,0.5,0.0,0.0,1.0,14.0,2.5,0.0,passagers_invalides;
2,2024-01-02 16:12:21,2024-01-02 16:17:22,1.0,0.73,1.0,N,163,237,4,-7.2,-2.5,-0.5,0.0,0.0,-1.0,-13.7,-2.5,0.0,montant_invalide;
2,2024-01-18 07:38:00,2024-01-18 08:05:20,,3.72,,,255,230,0,33.95,0.0,0.5,0.0,6.94,1.0,44.89,,,passagers_invalides;
2,2024-01-30 16:05:14,2024-01-30 16:10:43,,0.86,,,239,239,0,9.33,0.0,0.5,0.0,0.0,1.0,13.33,,,passagers_invalides;
2,2024-01-08 21:00:04,2024-01-08 21:00:11,1.0,0.0,1.0,N,263,263,1,3.0,1.0,0.5,2.0,0.0,1.0,10.0,2.5,0.0,distance_invalide;
2,2024-01-31 10:28:43,2024-01-31 10:45:26,,1.36,,,79,158,0,12.11,0.0,0.5,3.22,0.0,1.0,19.33,,,passagers_invalides;
1,2024-01-30 17:31:47,2024-01-30 17:34:56,0.0,0.2,1.0,N,263,262,1,5.1,5.0,0.5,1.25,0.0,1.0,12.85,2.5,0.0,passagers_invalides;
2,2024-01-01 00:48:00,2024-01-01 01:36:00,,4.59,,,68,263,0,27.15,0.0,0.5,1.56,0.0,1.0,32.71,,,passagers_invalides;
2,2024-01-01 04:10:32,2024-01-01 04:25:57,,4.08,,,17,79,0,33.29,0.0,0.5,0.0,0.0,1.0,37.29,,,passagers_invalides;
2,2024-01-04 11:12:24,2024-01-04 11:33:48,1.0,1.28,1.0,N,162,236,4,-18.4,0.0,-0.5,0.0,0.0,-1.0,-22.4,-2.5,0.0,montant_invalide;
1,2024-01-26 07:54:18,2024-01-26 08:10:32,,0.0,,,137,232,0,15.44,0.0,0.5,0.0,0.0,1.0,19.44,,,distance_invalide;passagers_invalides;
2,2024-01-08 16:52:22,2024-01-08 16:59:45,1.0,0.81,1.0,N,107,90,4,-8.6,-2.5,-0.5,0.0,0.0,-1.0,-15.1,-2.5,0.0,montant_invalide;
2,2024-01-21 21:17:37,2024-01-21 21:22:41,1.0,0.93,1.0,N,68,246,4,-7.2,-1.0,-0.5,0.0,0.0,-1.0,-12.2,-2.5,0.0,montant_invalide;
2,2024-01-04 21:15:27,2024-01-04 21:28:25,1.0,1.45,1.0,N,162,186,4,-13.5,-1.0,-0.5,0.0,0.0,-1.0,-18.5,-2.5,0.0,montant_invalide;
2,2024-01-17 22:33:44,2024-01-17 22:33:54,,0.0,,,158,158,0,8.17,0.0,0.5,0.0,0.0,1.0,12.17,,,distance_invalide;passagers_invalides;
1,2024-01-06 08:21:23,2024-01-06 08:30:34,,2.5,,,238,163,0,13.44,0.0,0.5,0.0,0.0,1.0,17.44,,,passagers_invalides;
1,2024-01-21 00:28:21,2024-01-21 00:36:27,0.0,1.3,1.0,N,249,68,1,10.0,3.5,0.5,3.0,0.0,1.0,18.0,2.5,0.0,passagers_invalides;
2,2024-01-09 20:25:48,2024-01-09 20:55:25,2.0,9.28,1.0,N,186,257,4,-40.8,-1.0,-0.5,0.0,-6.94,-1.0,-52.74,-2.5,0.0,montant_invalide;
2,2024-01-18 19:51:48,2024-01-18 20:26:51,,5.85,,,87,142,0,33.76,0.0,0.5,0.0,0.0,1.0,37.76,,,passagers_invalides;
2,2024-01-15 08:58:20,2024-01-15 08:58:59,1.0,0.0,3.0,N,88,88,2,0.0,0.0,0.0,0.0,0.0,1.0,1.0,0.0,0.0,distance_invalide;montant_invalide;
2,2024-01-11 12:09:03,2024-01-11 12:31:42,1.0,2.97,1.0,N,161,114,2,-20.5,0.0,-0.5,0.0,0.0,-1.0,-24.5,-2.5,0.0,montant_invalide;
1,2024-01-22 08:00:16,2024-01-22 08:08:14,0.0,1.6,1.0,N,236,161,1,10.7,2.5,0.5,2.5,0.0,1.0,17.2,2.5,0.0,passagers_invalides;
2,2024-01-09 10:32:12,2024-01-09 10:32:19,1.0,0.0,1.0,N,193,193,1,3.0,0.0,0.5,0.0,0.0,1.0,4.5,0.0,0.0,distance_invalide;
2,2024-01-16 19:53:36,2024-01-16 19:53:46,2.0,0.0,5.0,N,249,249,1,33.0,0.0,0.0,0.0,0.0,1.0,36.5,2.5,0.0,distance_invalide;
2,2024-01-25 08:55:32,2024-01-25 09:06:41,1.0,0.0,1.0,N,48,161,1,10.7,0.0,0.5,1.5,0.0,1.0,16.2,2.5,0.0,distance_invalide;
1,2024-01-19 09:42:41,2024-01-19 10:12:51,,0.0,,,239,87,0,42.0,0.0,0.5,6.9,0.0,1.0,54.9,,,distance_invalide;passagers_invalides;
1,2024-01-29 21:30:43,2024-01-29 21:58:27,0.0,7.5,1.0,N,144,166,1,32.4,3.5,0.5,7.45,0.0,1.0,44.85,2.5,0.0,passagers_invalides;
2,2024-01-28 00:23:20,2024-01-28 00:28:11,,0.0,,,231,231,0,17.82,0.0,0.5,0.0,0.0,1.0,21.82,,,distance_invalide;passagers_invalides;
2,2024-01-07 05:03:17,2024-01-07 05:06:18,,0.72,,,209,232,0,7.83,0.0,0.5,0.0,0.0,1.0,11.83,,,passagers_invalides;
2,2024-01-07 16:54:53,2024-01-07 17:16:40,1.0,10.29,1.0,N,138,162,2,-42.2,-5.0,-0.5,0.0,-6.94,-1.0,-59.89,-2.5,-1.75,montant_invalide;
1,2024-01-06 12:01:47,2024-01-06 12:25:23,,3.7,,,237,158,0,23.66,0.0,0.5,0.0,0.0,1.0,27.66,,,passagers_invalides;
1,2024-01-11 16:22:14,2024-01-11 16:44:21,0.0,5.9,1.0,N,88,162,4,28.2,5.0,0.5,0.0,0.0,1.0,34.7,2.5,0.0,passagers_invalides;
1,2024-01-22 07:18:38,2024-01-22 08:01:54,1.0,0.0,1.0,N,188,100,1,32.0,0.0,0.5,0.0,0.0,1.0,33.5,0.0,0.0,distance_invalide;
2,2024-01-13 15:01:00,2024-01-13 15:12:00,,2.48,,,162,75,0,26.66,0.0,0.5,0.0,0.0,1.0,30.66,,,passagers_invalides;
1,2024-01-10 17:30:25,2024-01-10 17:38:39,,0.7,,,164,186,0,8.6,2.5,0.5,2.26,0.0,1.0,17.36,,,passagers_invalides;
1,2024-01-28 16:17:19,2024-01-28 16:39:17,1.0,0.0,1.0,N,254,167,1,27.5,0.0,0.5,0.0,0.0,1.0,29.0,0.0,0.0,distance_invalide;
2,2024-01-01 07:47:09,2024-01-01 08:02:42,,8.02,,,229,243,0,26.22,0.0,0.5,0.0,0.0,1.0,30.22,,,passagers_invalides;
2,2024-01-12 22:31:36,2024-01-12 22:48:31,,4.04,,,48,75,0,22.27,0.0,0.5,0.0,0.0,1.0,26.27,,,passagers_invalides;
2,2024-01-20 19:21:25,2024-01-20 19:39:47,,2.52,,,262,163,0,22.06,0.0,0.5,0.0,0.0,1.0,26.06,,,passagers_invalides;
1,2024-01-26 17:15:56,2024-01-26 17:47:26,,4.5,,,164,166,0,29.77,0.0,0.5,0.0,0.0,1.0,33.77,,,passagers_invalides;
1,2024-01-11 12:29:11,2024-01-11 12:31:22,1.0,0.0,1.0,N,145,145,2,4.4,0.0,0.5,0.0,0.0,1.0,5.9,0.0,0.0,distance_invalide;
1,2024-01-29 17:20:32,2024-01-29 17:42:57,,2.6,,,234,141,0,19.1,2.5,0.5,0.0,0.0,1.0,25.6,,,passagers_invalides;
2,2024-01-02 13:06:28,2024-01-02 13:34:39,1.0,5.15,1.0,N,12,230,2,-31.0,0.0,-0.5,0.0,0.0,-1.0,-35.0,-2.5,0.0,montant_invalide;
2,2024-01-06 19:20:16,2024-01-06 19:33:36,,1.84,,,97,66,0,13.72,0.0,0.5,0.0,0.0,1.0,15.22,,,passagers_invalides;
2,2024-01-06 19:21:06,2024-01-06 19:34:00,,1.46,,,211,148,0,12.52,0.0,0.5,0.0,0.0,1.0,16.52,,,passagers_invalides;
2,2024-01-23 02:38:16,2024-01-23 02:39:00,1.0,0.0,1.0,N,190,190,2,3.0,1.0,0.5,0.0,0.0,1.0,5.5,0.0,0.0,distance_invalide;
2,2024-01-20 01:15:42,2024-01-20 01:31:54,,2.52,,,90,148,0,15.32,0.0,0.5,0.0,0.0,1.0,19.32,,,passagers_invalides;
2,2024-01-21 06:32:45,2024-01-21 06:57:58,,12.03,,,235,45,0,41.51,0.0,0.5,0.0,0.0,1.0,45.51,,,passagers_invalides;
2,2024-01-26 08:26:00,2024-01-26 09:07:00,,6.81,,,237,261,0,40.3,0.0,0.5,8.86,0.0,1.0,53.16,,,passagers_invalides;
1,2024-01-10 05:22:51,2024-01-10 05:23:23,1.0,0.0,1.0,N,132,132,4,3.0,2.75,0.5,0.0,0.0,1.0,7.25,0.0,1.75,distance_invalide;
2,2024-01-17 22:16:31,2024-01-17 22:40:34,,6.7,,,13,238,0,27.31,0.0,0.5,0.0,0.0,1.0,31.31,,,passagers_invalides;
2,2024-01-09 16:53:54,2024-01-09 18:04:11,,9.21,,,233,228,0,77.91,0.0,0.5,0.0,6.94,1.0,88.85,,,passagers_invalides;
1,2024-01-25 09:04:20,2024-01-25 09:18:36,,0.0,,,238,236,0,13.2,0.0,0.5,0.0,0.0,1.0,17.2,,,distance_invalide;passagers_invalides;
2,2024-01-05 13:54:06,2024-01-05 13:59:34,1.0,0.0,1.0,N,13,87,1,6.5,0.0,0.5,2.1,0.0,1.0,12.6,2.5,0.0,distance_invalide;
1,2024-01-17 18:31:54,2024-01-17 18:35:41,,0.4,,,43,237,0,5.8,2.5,0.5,1.85,0.0,1.0,14.15,,,passagers_invalides;
2,2024-01-21 03:42:50,2024-01-21 03:42:58,3.0,0.0,5.0,N,90,90,1,15.0,0.0,0.0,5.0,0.0,1.0,23.5,2.5,0.0,distance_invalide;
2,2024-01-21 03:22:19,2024-01-21 03:29:48,,2.24,,,249,230,0,17.88,0.0,0.5,0.0,0.0,1.0,21.88,,,passagers_invalides;
2,2024-01-18 23:18:16,2024-01-18 23:23:08,,0.82,,,116,152,0,6.83,0.0,0.5,0.0,0.0,1.0,8.33,,,passagers_invalides;
2,2024-01-19 11:42:26,2024-01-19 11:44:30,1.0,0.35,1.0,N,107,137,2,-4.4,0.0,-0.5,0.0,0.0,-1.0,-8.4,-2.5,0.0,montant_invalide;
2,2024-01-13 14:39:58,2024-01-13 14:40:11,,0.0,,,138,138,0,33.74,0.0,0.5,8.44,6.94,1.0,50.62,,,distance_invalide;passagers_invalides;
1,2024-01-28 21:18:28,2024-01-28 21:44:19,0.0,5.8,1.0,N,100,223,1,27.5,3.5,0.5,6.5,0.0,1.0,39.0,2.5,0.0,passagers_invalides;
1,2024-01-13 21:01:51,2024-01-13 21:13:49,,0.0,,,263,162,0,10.54,0.0,0.5,0.0,0.0,1.0,14.54,,,distance_invalide;passagers_invalides;
2,2024-01-07 02:18:49,2024-01-07 02:37:06,,4.42,,,79,142,0,22.01,0.0,0.5,0.0,0.0,1.0,26.01,,,passagers_invalides;
1,2024-01-22 14:04:41,2024-01-22 14:04:52,3.0,0.0,2.0,Y,68,68,1,70.0,2.5,0.5,0.0,6.94,1.0,80.94,2.5,0.0,distance_invalide;
2,2024-01-01 04:32:36,2024-01-01 04:53:11,1.0,4.01,1.0,N,107,230,4,-21.9,-1.0,-0.5,0.0,0.0,-1.0,-26.9,-2.5,0.0,montant_invalide;
2,2024-01-21 02:18:19,2024-01-21 02:23:37,,0.64,,,125,114,0,7.83,0.0,0.5,0.0,0.0,1.0,11.83,,,passagers_invalides;
1,2024-01-20 23:03:34,2024-01-20 23:13:44,,0.0,,,239,236,0,15.49,0.0,0.5,0.0,0.0,1.0,19.49,,,distance_invalide;passagers_invalides;
2,2024-01-17 11:09:16,2024-01-17 11:09:28,1.0,0.0,1.0,N,193,193,4,3.0,0.0,0.5,0.0,0.0,1.0,4.5,0.0,0.0,distance_invalide;
2,2024-01-24 12:05:43,2024-01-24 12:07:36,2.0,0.09,5.0,N,140,140,2,-15.0,0.0,-0.5,0.0,0.0,-1.0,-19.0,-2.5,0.0,montant_invalide;
2,2024-01-05 11:20:09,2024-01-05 11:23:40,1.0,0.54,1.0,N,74,74,3,-5.8,0.0,-0.5,0.0,0.0,-1.0,-7.3,0.0,0.0,montant_invalide;
2,2024-01-30 00:56:12,2024-01-30 01:02:57,,1.41,,,186,48,0,11.74,0.0,0.5,3.15,0.0,1.0,18.89,,,passagers_invalides;
1,2024-01-18 08:57:16,2024-01-18 09:05:10,,1.7,,,143,246,0,10.96,0.0,0.5,0.0,0.0,1.0,14.96,,,passagers_invalides;
2,2024-01-11 17:51:34,2024-01-11 18:03:17,,2.39,,,231,68,0,15.94,0.0,0.5,0.0,0.0,1.0,19.94,,,passagers_invalides;
2,2024-01-07 10:59:57,2024-01-07 11:01:00,1.0,0.29,1.0,N,236,236,3,-3.7,0.0,-0.5,0.0,0.0,-1.0,-7.7,-2.5,0.0,montant_invalide;
1,2024-01-22 07:46:24,2024-01-22 08:05:34,,0.0,,,166,236,0,24.32,0.0,0.5,0.0,0.0,1.0,28.32,,,distance_invalide;passagers_invalides;
2,2024-01-22 02:56:14,2024-01-22 03:04:49,1.0,1.56,1.0,N,68,163,2,-10.7,-1.0,-0.5,0.0,0.0,-1.0,-15.7,-2.5,0.0,montant_invalide;
2,2024-01-23 18:38:01,2024-01-23 18:51:49,,5.27,,,88,233,0,20.09,0.0,0.5,0.0,0.0,1.0,24.09,,,passagers_invalides;
2,2024-01-20 09:44:31,2024-01-20 09:52:30,,1.26,,,107,144,0,7.34,0.0,0.5,0.0,0.0,1.0,11.34,,,passagers_invalides;
1,2024-01-02 07:48:49,2024-01-02 08:04:44,,0.0,,,232,75,0,30.74,0.0,0.5,0.0,0.0,1.0,34.74,,,distance_invalide;passagers_invalides;
2,2024-01-14 17:49:56,2024-01-14 17:57:40,,0.76,,,164,230,0,14.32,0.0,0.5,3.66,0.0,1.0,21.98,,,passagers_invalides;
2,2024-01-29 08:21:09,2024-01-29 08:48:42,,6.71,,,25,137,0,30.06,0.0,0.5,3.41,0.0,1.0,37.47,,,passagers_invalides;
1,2024-01-24 10:57:00,2024-01-24 11:03:09,0.0,0.8,1.0,N,263,141,1,7.9,2.5,0.5,2.35,0.0,1.0,14.25,2.5,0.0,passagers_invalides;
1,2024-01-20 17:37:17,2024-01-20 17:41:17,0.0,0.7,1.0,N,107,79,1,6.5,2.5,0.5,2.1,0.0,1.0,12.6,2.5,0.0,passagers_invalides;
1,2024-01-21 02:01:09,2024-01-21 02:14:02,,0.0,,,148,229,0,26.23,0.0,0.5,0.0,0.0,1.0,30.23,,,distance_invalide;passagers_invalides;
1,2024-01-19 16:51:50,2024-01-19 16:57:29,0.0,0.3,1.0,N,141,140,1,6.5,5.0,0.5,2.6,0.0,1.0,15.6,2.5,0.0,passagers_invalides;
1,2024-01-01 03:45:19,2024-01-01 03:57:55,,0.0,,,113,141,0,22.29,0.0,0.5,0.0,0.0,1.0,26.29,,,distance_invalide;passagers_invalides;
2,2024-01-16 20:29:32,2024-01-16 20:38:13,3.0,0.0,1.0,N,236,140,1,8.6,1.0,0.5,2.72,0.0,1.0,16.32,2.5,0.0,distance_invalide;
1,2024-01-14 20:41:24,2024-01-14 20:41:50,1.0,0.0,1.0,N,163,163,3,3.0,3.5,0.5,0.0,0.0,1.0,8.0,2.5,0.0,distance_invalide;
1,2024-01-02 17:21:17,2024-01-02 17:31:29,,1.8,,,237,229,0,11.36,0.0,0.5,0.0,0.0,1.0,12.86,,,passagers_invalides;
1,2024-01-08 17:37:03,2024-01-08 17:45:18,0.0,1.2,1.0,N,239,143,1,10.0,5.0,0.5,2.0,0.0,1.0,18.5,2.5,0.0,passagers_invalides;
2,2024-01-10 08:54:41,2024-01-10 09:16:27,,3.68,,,232,246,0,31.41,0.0,0.5,3.54,0.0,1.0,38.95,,,passagers_invalides;
1,2024-01-17 15:27:14,2024-01-17 15:52:57,,2.0,,,164,229,0,19.8,0.0,0.5,4.76,0.0,1.0,28.56,,,passagers_invalides;
2,2024-01-08 12:38:48,2024-01-08 12:46:13,1.0,1.1,1.0,N,163,142,4,-8.6,0.0,-0.5,0.0,0.0,-1.0,-12.6,-2.5,0.0,montant_invalide;
2,2024-01-14 13:10:05,2024-01-14 13:10:09,1.0,0.0,5.0,N,246,246,1,9.0,0.0,0.0,0.0,0.0,1.0,12.5,2.5,0.0,distance_invalide;
2,2024-01-24 22:31:18,2024-01-24 22:43:33,,3.03,,,161,236,0,0.78,0.0,0.5,0.0,0.0,1.0,4.78,,,passagers_invalides;
1,2024-01-25 17:25:58,2024-01-25 17:55:09,1.0,0.0,99.0,N,141,42,1,25.5,0.0,0.5,0.0,0.0,1.0,27.0,0.0,0.0,distance_invalide;
1,2024-01-19 08:58:24,2024-01-19 09:33:50,1.0,0.0,1.0,N,13,92,1,44.0,0.0,0.5,0.0,0.0,1.0,45.5,0.0,0.0,distance_invalide;
1,2024-01-01 21:17:03,2024-01-01 21:29:19,,0.0,,,114,163,0,16.62,0.0,0.5,0.0,0.0,1.0,20.62,,,distance_invalide;passagers_invalides;
2,2024-01-17 08:46:18,2024-01-17 08:53:34,,0.65,,,230,163,0,21.83,0.0,0.5,0.0,0.0,1.0,25.83,,,passagers_invalides;
2,2024-01-20 03:48:55,2024-01-20 03:52:41,,0.89,,,114,79,0,9.58,0.0,0.5,0.0,0.0,1.0,13.58,,,passagers_invalides;
1,2024-01-14 23:15:27,2024-01-14 23:18:43,,0.0,,,113,79,0,6.83,0.0,0.5,0.0,0.0,1.0,10.83,,,distance_invalide;passagers_invalides;
2,2024-01-06 19:19:40,2024-01-06 19:31:09,,1.76,,,229,170,0,13.09,0.0,0.5,0.0,0.0,1.0,17.09,,,passagers_invalides;
1,2024-01-02 15:55:33,2024-01-02 16:05:37,0.0,2.4,1.0,N,170,144,2,12.8,2.5,0.5,0.0,0.0,1.0,16.8,2.5,0.0,passagers_invalides;
2,2024-01-17 08:07:31,2024-01-17 08:15:07,,0.99,,,141,263,0,18.51,0.0,0.5,0.0,0.0,1.0,22.51,,,passagers_invalides;
2,2024-01-09 23:18:56,2024-01-09 23:46:19,,10.71,,,113,243,0,46.79,0.0,0.5,9.0,0.0,1.0,59.79,,,passagers_invalides;
2,2024-01-21 01:53:34,2024-01-21 01:53:39,1.0,0.0,5.0,N,209,209,1,14.3,0.0,0.5,3.16,0.0,1.0,18.96,0.0,0.0,distance_invalide;
1,2024-01-15 17:44:29,2024-01-15 18:02:03,,1.4,,,246,161,0,14.9,0.0,0.5,2.83,0.0,1.0,21.73,,,passagers_invalides;
1,2024-01-29 20:35:59,2024-01-29 21:10:10,,19.3,,,132,114,0,70.0,1.75,0.5,12.4,6.94,1.0,95.09,,,passagers_invalides;
1,2024-01-16 15:35:44,2024-01-16 16:05:12,0.0,5.0,1.0,N,162,45,2,31.0,2.5,0.5,0.0,0.0,1.0,35.0,2.5,0.0,passagers_invalides;
1,2024-01-06 14:30:01,2024-01-06 14:40:23,,1.5,,,229,237,0,11.8,0.0,0.5,0.0,0.0,1.0,15.8,,,passagers_invalides;
1,2024-01-04 23:30:52,2024-01-05 00:06:48,,0.0,,,35,136,0,84.0,0.0,0.0,0.0,13.88,0.0,97.88,,,distance_invalide;passagers_invalides;
1,2024-01-15 03:08:27,2024-01-15 03:16:01,,0.0,,,127,243,0,10.11,0.0,0.5,0.0,0.0,1.0,11.61,,,distance_invalide;passagers_invalides;
2,2024-01-21 11:49:13,2024-01-21 12:17:07,,7.1,,,41,186,0,27.19,0.0,0.5,0.0,0.0,1.0,31.19,,,passagers_invalides;
1,2024-01-28 00:26:22,2024-01-28 00:57:51,,6.0,,,4,238,0,36.89,0.0,0.5,0.0,0.0,1.0,40.89,,,passagers_invalides;
1,2024-01-12 23:01:05,2024-01-12 23:14:29,0.0,1.4,1.0,N,107,233,1,12.8,3.5,0.5,3.0,0.0,1.0,20.8,2.5,0.0,passagers_invalides;
2,2024-01-18 19:21:49,2024-01-18 19:39:19,,1.86,,,163,68,0,17.89,0.0,0.5,0.0,0.0,1.0,21.89,,,passagers_invalides;
2,2024-01-01 20:33:21,2024-01-01 20:48:58,3.0,1.79,1.0,N,100,43,4,-14.9,-1.0,-0.5,0.0,0.0,-1.0,-19.9,-2.5,0.0,montant_invalide;
2,2024-01-28 00:58:38,2024-01-28 01:16:53,,3.44,,,170,148,0,20.02,0.0,0.5,0.0,0.0,1.0,24.02,,,passagers_invalides;
1,2024-01-07 14:16:20,2024-01-07 14:35:48,,0.0,,,140,249,0,23.27,0.0,0.5,0.0,0.0,1.0,27.27,,,distance_invalide;passagers_invalides;
1,2024-01-13 02:01:48,2024-01-13 02:22:37,,0.0,,,79,50,0,25.87,0.0,0.5,0.0,0.0,1.0,29.87,,,distance_invalide;passagers_invalides;
2,2024-01-12 17:59:18,2024-01-12 18:11:06,1.0,0.0,1.0,N,158,113,1,10.7,2.5,0.5,2.0,0.0,1.0,19.2,2.5,0.0,distance_invalide;
2,2024-01-14 21:09:59,2024-01-14 21:23:53,4.0,2.42,1.0,N,113,233,2,-15.6,-1.0,-0.5,0.0,0.0,-1.0,-20.6,-2.5,0.0,montant_invalide;
2,2024-01-25 19:31:04,2024-01-25 19:41:44,1.0,1.8,1.0,N,142,246,2,-12.1,-2.5,-0.5,3.72,0.0,-1.0,-14.88,-2.5,0.0,montant_invalide;
2,2024-01-02 15:29:56,2024-01-02 15:36:14,1.0,0.65,1.0,N,50,230,2,-7.2,0.0,-0.5,0.0,0.0,-1.0,-11.2,-2.5,0.0,montant_invalide;
1,2024-01-01 12:29:39,2024-01-01 12:45:00,,0.0,,,114,43,0,21.38,0.0,0.5,0.0,0.0,1.0,25.38,,,distance_invalide;passagers_invalides;
1,2024-01-20 23:46:44,2024-01-20 23:56:30,,0.0,,,170,229,0,15.24,0.0,0.5,0.0,0.0,1.0,19.24,,,distance_invalide;passagers_invalides;
1,2024-01-03 16:07:12,2024-01-03 16:20:24,,2.7,,,142,236,0,15.6,2.5,0.5,3.32,0.0,1.0,25.42,,,passagers_invalides;
1,2024-01-02 22:39:53,2024-01-02 22:53:05,,0.0,,,232,233,0,12.38,0.0,0.5,0.0,0.0,1.0,16.38,,,distance_invalide;passagers_invalides;
2,2024-01-17 21:34:54,2024-01-17 21:43:53,,1.79,,,79,162,0,12.14,0.0,0.5,0.0,0.0,1.0,16.14,,,passagers_invalides;
2,2024-01-30 00:52:41,2024-01-30 00:57:54,,0.54,,,186,100,0,6.83,0.0,0.5,0.0,0.0,1.0,10.83,,,passagers_invalides;
2,2024-01-19 18:24:58,2024-01-19 18:45:37,1.0,0.0,1.0,N,138,164,1,17.0,7.5,0.5,8.86,6.94,1.0,46.05,2.5,1.75,distance_invalide;
2,2024-01-06 18:23:05,2024-01-06 18:31:51,1.0,1.02,1.0,N,230,142,4,-9.3,0.0,-0.5,0.0,0.0,-1.0,-13.3,-2.5,0.0,montant_invalide;
2,2024-01-20 12:30:52,2024-01-20 12:41:47,,2.64,,,263,170,0,16.3,0.0,0.5,4.06,0.0,1.0,24.36,,,passagers_invalides;
2,2024-01-25 01:22:16,2024-01-25 01:33:14,1.0,3.02,1.0,N,186,261,4,-14.9,-1.0,-0.5,0.0,0.0,-1.0,-19.9,-2.5,0.0,montant_invalide;
1,2024-01-25 09:15:57,2024-01-25 09:27:07,0.0,2.0,1.0,N,236,239,1,12.8,2.5,0.5,3.35,0.0,1.0,20.15,2.5,0.0,passagers_invalides;
1,2024-01-18 07:24:37,2024-01-18 07:49:05,0.0,11.7,1.0,N,230,138,1,46.4,7.5,0.5,12.45,6.94,1.0,74.79,2.5,0.0,passagers_invalides;
1,2024-01-30 12:22:14,2024-01-30 12:35:13,0.0,1.3,1.0,N,140,236,1,10.7,2.5,0.5,2.9,0.0,1.0,17.6,2.5,0.0,passagers_invalides;
2,2024-01-28 17:47:48,2024-01-28 18:02:30,1.0,0.0,1.0,N,158,211,1,12.8,0.0,0.5,3.36,0.0,1.0,20.16,2.5,0.0,distance_invalide;
1,2024-01-11 20:53:05,2024-01-11 21:02:40,,1.8,,,142,236,0,10.7,1.0,0.5,2.35,0.0,1.0,18.05,,,passagers_invalides;
1,2024-01-20 19:35:42,2024-01-20 19:45:26,,0.0,,,232,137,0,15.61,0.0,0.5,0.0,0.0,1.0,19.61,,,distance_invalide;passagers_invalides;
2,2024-01-01 01:10:58,2024-01-01 01:20:20,,1.7,,,262,229,0,21.79,0.0,0.5,0.0,0.0,1.0,25.79,,,passagers_invalides;
2,2024-01-09 15:50:12,2024-01-09 16:04:41,,2.05,,,236,74,0,16.33,0.0,0.5,0.0,0.0,1.0,20.33,,,passagers_invalides;
1,2024-01-20 09:43:09,2024-01-20 09:44:08,1.0,0.0,1.0,N,186,186,3,3.7,2.5,0.5,0.0,0.0,1.0,7.7,2.5,0.0,distance_invalide;
2,2024-01-06 18:19:32,2024-01-06 18:20:01,1.0,0.03,1.0,N,237,237,3,-3.0,0.0,-0.5,0.0,0.0,-1.0,-7.0,-2.5,0.0,montant_invalide;
2,2024-01-30 11:29:55,2024-01-30 12:06:14,1.0,0.0,1.0,N,70,87,1,28.2,0.0,0.5,7.83,6.94,1.0,46.97,2.5,0.0,distance_invalide;
2,2024-01-13 03:37:51,2024-01-13 03:51:07,1.0,3.21,1.0,N,48,107,4,-17.0,-1.0,-0.5,0.0,0.0,-1.0,-22.0,-2.5,0.0,montant_invalide;
2,2024-01-16 22:52:38,2024-01-16 22:55:38,,0.69,,,68,50,0,6.83,0.0,0.5,0.0,0.0,1.0,10.83,,,passagers_invalides;
2,2024-01-25 08:46:43,2024-01-25 09:02:35,,2.16,,,113,162,0,24.59,0.0,0.5,0.0,0.0,1.0,28.59,,,passagers_invalides;
1,2024-01-02 13:41:57,2024-01-02 14:09:13,,4.2,,,229,151,0,26.3,0.0,0.5,0.0,0.0,1.0,30.3,,,passagers_invalides;
1,2024-01-02 09:57:53,2024-01-02 10:31:44,1.0,0.0,1.0,N,47,49,1,46.5,0.0,0.5,0.0,6.94,1.0,54.94,0.0,0.0,distance_invalide;
2,2024-01-28 00:45:16,2024-01-28 00:50:25,,0.68,,,249,113,0,23.05,0.0,0.5,0.0,0.0,1.0,27.05,,,passagers_invalides;
1,2024-01-25 23:24:20,2024-01-25 23:39:00,,6.2,,,143,243,0,25.18,0.0,0.5,0.0,0.0,1.0,29.18,,,passagers_invalides;
2,2024-01-12 23:00:32,2024-01-12 23:07:22,,0.74,,,249,125,0,10.54,0.0,0.5,0.0,0.0,1.0,14.54,,,passagers_invalides;
2,2024-01-08 09:37:00,2024-01-08 09:49:00,,1.75,,,142,229,0,14.5,0.0,0.5,2.0,0.0,1.0,20.5,,,passagers_invalides;
1,2024-01-04 15:35:41,2024-01-04 15:37:05,1.0,0.0,5.0,N,132,132,1,87.0,1.75,0.0,5.0,0.0,1.0,94.75,0.0,1.75,distance_invalide;
2,2024-01-01 05:50:56,2024-01-01 06:01:01,,3.0,,,237,24,0,13.27,0.0,0.5,0.0,0.0,1.0,17.27,,,passagers_invalides;
1,2024-01-24 14:59:08,2024-01-24 15:22:28,0.0,1.8,1.0,N,237,262,1,19.8,2.5,0.5,3.57,0.0,1.0,27.37,2.5,0.0,passagers_invalides;
2,2024-01-02 21:30:50,2024-01-02 21:43:47,2.0,3.42,1.0,N,48,41,4,-17.0,-1.0,-0.5,0.0,0.0,-1.0,-22.0,-2.5,0.0,montant_invalide;
2,2024-01-01 10:46:55,2024-01-01 11:11:04,,6.01,,,7,239,0,47.5,0.0,0.5,0.0,0.0,1.0,51.5,,,passagers_invalides;
1,2024-01-27 23:23:00,2024-01-27 23:29:04,0.0,0.9,1.0,N,164,100,2,7.2,3.5,0.5,0.0,0.0,1.0,12.2,2.5,0.0,passagers_invalides;
2,2024-01-18 07:58:12,2024-01-18 08:14:50,,2.63,,,35,76,0,23.39,0.0,0.5,0.0,0.0,1.0,24.89,,,passagers_invalides;
1,2024-01-28 14:48:51,2024-01-28 15:13:20,0.0,2.7,1.0,N,68,79,1,21.9,2.5,0.5,5.18,0.0,1.0,31.08,2.5,0.0,passagers_invalides;
2,2024-01-04 09:40:57,2024-01-04 09:41:59,1.0,0.0,5.0,N,163,163,1,8.0,0.0,0.5,3.6,0.0,1.0,15.6,2.5,0.0,distance_invalide;
1,2024-01-08 10:47:12,2024-01-08 11:04:38,1.0,0.0,99.0,N,260,233,1,22.5,0.0,0.5,0.0,6.94,1.0,30.94,0.0,0.0,distance_invalide;
1,2024-01-06 14:36:33,2024-01-06 14:53:47,0.0,2.3,1.0,N,162,263,1,14.9,2.5,0.5,4.7,0.0,1.0,23.6,2.5,0.0,passagers_invalides;
2,2024-01-30 20:08:26,2024-01-30 20:21:11,,2.08,,,161,140,0,17.75,0.0,0.5,0.0,0.0,1.0,21.75,,,passagers_invalides;
1,2024-01-18 07:30:24,2024-01-18 07:45:36,,0.0,,,158,161,0,18.66,0.0,0.5,0.0,0.0,1.0,22.66,,,distance_invalide;passagers_invalides;
2,2024-01-25 15:14:09,2024-01-25 15:25:40,1.0,1.37,1.0,N,236,237,4,-12.1,0.0,-0.5,0.0,0.0,-1.0,-16.1,-2.5,0.0,montant_invalide;
1,2024-01-06 10:06:08,2024-01-06 10:30:33,,5.8,,,7,114,0,28.4,0.0,0.5,0.0,0.0,1.0,32.4,,,passagers_invalides;
2,2024-01-29 01:54:38,2024-01-29 01:54:43,2.0,0.0,5.0,N,186,186,2,215.0,0.0,0.5,0.0,0.0,1.0,216.5,0.0,0.0,distance_invalide;
2,2024-01-18 16:48:09,2024-01-18 16:58:17,1.0,1.83,1.0,N,238,75,4,-12.1,-2.5,-0.5,0.0,0.0,-1.0,-18.6,-2.5,0.0,montant_invalide;
2,2024-01-09 00:02:00,2024-01-09 00:02:10,1.0,0.0,2.0,N,41,41,1,70.0,0.0,0.5,0.0,6.94,1.0,78.44,0.0,0.0,distance_invalide;
1,2024-01-24 20:50:17,2024-01-24 20:50:17,1.0,0.0,1.0,N,142,264,2,22.6,3.5,0.5,0.0,0.0,1.0,27.6,2.5,0.0,distance_invalide;
2,2024-01-28 13:59:56,2024-01-28 14:17:40,,2.94,,,141,90,0,26.22,0.0,0.5,0.0,0.0,1.0,30.22,,,passagers_invalides;
2,2024-01-04 06:52:56,2024-01-04 06:58:31,,1.28,,,41,75,0,7.85,0.0,0.5,0.0,0.0,1.0,9.35,,,passagers_invalides;
2,2024-01-29 13:52:21,2024-01-29 14:15:12,,4.58,,,90,262,0,31.16,0.0,0.5,2.46,0.0,1.0,37.62,,,passagers_invalides;
2,2024-01-02 16:20:10,2024-01-02 16:24:13,2.0,0.36,1.0,N,113,113,3,-5.8,-2.5,-0.5,0.0,0.0,-1.0,-12.3,-2.5,0.0,montant_invalide;
2,2024-01-10 16:15:25,2024-01-10 16:19:38,,0.64,,,239,239,0,8.83,0.0,0.5,0.0,0.0,1.0,12.83,,,passagers_invalides;
2,2024-01-01 15:23:36,2024-01-01 15:29:54,,1.08,,,231,114,0,13.84,0.0,0.5,0.0,0.0,1.0,17.84,,,passagers_invalides;
2,2024-01-20 04:03:35,2024-01-20 04:18:23,,4.27,,,248,126,0,18.47,0.0,0.5,0.0,0.0,1.0,19.97,,,passagers_invalides;
2,2024-01-14 01:00:17,2024-01-14 01:11:48,,1.65,,,114,107,0,10.82,0.0,0.5,0.0,0.0,1.0,14.82,,,passagers_invalides;
2,2024-01-01 11:37:46,2024-01-01 12:04:21,,7.98,,,36,143,0,39.45,0.0,0.5,0.0,0.0,1.0,43.45,,,passagers_invalides;
1,2024-01-09 17:51:14,2024-01-09 18:06:28,,2.3,,,163,236,0,16.3,2.5,0.5,3.42,0.0,1.0,26.22,,,passagers_invalides;
1,2024-01-05 08:32:39,2024-01-05 08:36:03,1.0,0.0,1.0,N,229,229,1,4.4,2.5,0.5,1.0,0.0,1.0,9.4,2.5,0.0,distance_invalide;
2,2024-01-24 15:25:05,2024-01-24 15:25:14,1.0,0.0,1.0,N,140,140,1,3.0,0.0,0.5,1.4,0.0,1.0,8.4,2.5,0.0,distance_invalide;
2,2024-01-09 17:47:00,2024-01-09 17:56:49,,1.69,,,48,162,0,-1.61,0.0,0.5,0.0,0.0,1.0,2.39,,,montant_invalide;passagers_invalides;
2,2024-01-26 11:42:39,2024-01-26 12:00:44,,2.29,,,4,170,0,18.83,0.0,0.5,2.28,0.0,1.0,25.11,,,passagers_invalides;
1,2024-01-17 10:36:36,2024-01-17 11:25:02,,12.7,,,138,113,0,57.6,6.75,0.5,15.06,6.94,1.0,90.35,,,passagers_invalides;
2,2024-01-18 23:21:50,2024-01-18 23:41:05,,8.31,,,90,244,0,30.66,0.0,0.5,0.0,0.0,1.0,34.66,,,passagers_invalides;
2,2024-01-28 21:01:26,2024-01-28 21:15:00,1.0,3.04,1.0,N,144,162,4,-16.3,-1.0,-0.5,0.0,0.0,-1.0,-21.3,-2.5,0.0,montant_invalide;
1,2024-01-11 10:28:15,2024-01-11 10:39:47,0.0,1.6,1.0,N,161,137,1,12.1,2.5,0.5,3.2,0.0,1.0,19.3,2.5,0.0,passagers_invalides;
2,2024-01-26 06:46:21,2024-01-26 06:54:14,,1.26,,,262,75,0,11.74,0.0,0.5,3.15,0.0,1.0,18.89,,,passagers_invalides;
1,2024-01-05 14:16:34,2024-01-05 14:28:59,,2.2,,,234,162,0,13.67,0.0,0.5,0.0,0.0,1.0,17.67,,,passagers_invalides;
2,2024-01-16 08:02:25,2024-01-16 08:21:17,,2.05,,,85,91,0,1.09,0.0,0.5,0.0,0.0,1.0,2.59,,,passagers_invalides;
2,2024-01-12 22:30:08,2024-01-12 22:46:51,1.0,0.0,1.0,N,249,142,1,14.2,1.0,0.5,3.84,0.0,1.0,23.04,2.5,0.0,distance_invalide;
2,2024-01-20 13:44:21,2024-01-20 13:49:47,2.0,3.72,5.0,N,216,132,2,-82.69,0.0,0.0,0.0,0.0,-1.0,-83.69,0.0,0.0,montant_invalide;
2,2024-01-20 23:33:08,2024-01-20 23:48:30,,3.45,,,238,162,0,18.52,0.0,0.5,0.0,0.0,1.0,22.52,,,passagers_invalides;
2,2024-01-21 22:23:07,2024-01-21 22:33:26,1.0,2.3,1.0,N,68,125,4,-12.8,-1.0,-0.5,0.0,0.0,-1.0,-17.8,-2.5,0.0,montant_invalide;
1,2024-01-23 15:15:55,2024-01-23 15:16:57,1.0,0.0,1.0,N,236,236,4,0.0,0.0,0.0,0.0,0.0,0.0,0.0,0.0,0.0,distance_invalide;montant_invalide;
1,2024-01-29 17:12:58,2024-01-29 17:47:24,,9.2,,,162,138,0,39.4,7.5,0.5,8.67,6.94,1.0,66.51,,,passagers_invalides;
2,2024-01-20 01:28:36,2024-01-20 01:31:53,,0.46,,,148,144,0,6.83,0.0,0.5,0.0,0.0,1.0,10.83,,,passagers_invalides;
2,2024-01-30 11:08:45,2024-01-30 11:08:58,1.0,0.0,1.0,N,193,193,1,3.0,0.0,0.5,0.0,0.0,1.0,4.5,0.0,0.0,distance_invalide;
2,2024-01-25 16:05:08,2024-01-25 16:18:23,,2.31,,,246,125,0,19.88,0.0,0.5,0.0,0.0,1.0,23.88,,,passagers_invalides;
2,2024-01-07 00:17:02,2024-01-07 00:26:43,1.0,2.49,1.0,N,138,223,4,-13.5,-6.0,-0.5,0.0,0.0,-1.0,-22.75,0.0,-1.75,montant_invalide;
1,2024-01-28 04:06:53,2024-01-28 04:19:50,,0.0,,,148,90,0,19.97,0.0,0.5,0.0,0.0,1.0,23.97,,,distance_invalide;passagers_invalides;
1,2024-01-24 04:49:29,2024-01-24 04:58:57,,2.1,,,43,236,0,12.1,1.0,0.5,2.57,0.0,1.0,19.67,,,passagers_invalides;
2,2024-01-21 02:17:17,2024-01-21 02:19:16,,0.26,,,256,255,0,11.33,0.0,0.5,0.0,0.0,1.0,12.83,,,passagers_invalides;
1,2024-01-01 19:09:43,2024-01-01 19:16:13,,0.0,,,262,137,0,11.89,0.0,0.5,0.0,0.0,1.0,15.89,,,distance_invalide;passagers_invalides;
2,2024-01-26 19:29:00,2024-01-26 20:19:00,,9.74,,,237,61,0,49.5,0.0,0.5,5.35,0.0,1.0,58.85,,,passagers_invalides;
1,2024-01-08 13:16:03,2024-01-08 13:22:54,0.0,0.8,1.0,N,142,142,1,7.2,2.5,0.5,2.2,0.0,1.0,13.4,2.5,0.0,passagers_invalides;
1,2024-01-21 18:09:21,2024-01-21 18:21:52,,0.0,,,234,237,0,20.82,0.0,0.5,0.0,0.0,1.0,24.82,,,distance_invalide;passagers_invalides;
2,2024-01-09 15:52:14,2024-01-09 16:11:56,,3.68,,,236,42,0,25.06,0.0,0.5,0.0,0.0,1.0,29.06,,,passagers_invalides;
2,2024-01-17 21:48:38,2024-01-17 22:03:20,,2.99,,,230,238,0,20.06,0.0,0.5,0.0,0.0,1.0,24.06,,,passagers_invalides;
2,2024-01-28 22:03:41,2024-01-28 22:15:46,1.0,8.58,1.0,N,132,56,3,-32.4,-1.0,-0.5,0.0,0.0,-1.0,-36.65,0.0,-1.75,montant_invalide;
1,2024-01-02 20:05:26,2024-01-02 20:05:49,1.0,0.0,1.0,N,132,132,3,3.0,2.75,0.5,0.0,0.0,1.0,7.25,0.0,1.75,distance_invalide;
2,2024-01-25 22:05:40,2024-01-25 22:18:49,,2.15,,,161,137,0,16.02,0.0,0.5,0.0,0.0,1.0,20.02,,,passagers_invalides;
1,2024-01-18 12:40:02,2024-01-18 12:48:39,1.0,0.0,99.0,N,124,124,1,16.5,0.0,0.5,0.0,0.0,1.0,18.0,0.0,0.0,distance_invalide;
1,2024-01-20 23:04:15,2024-01-20 23:23:02,,0.0,,,263,244,0,30.36,0.0,0.5,0.0,0.0,1.0,34.36,,,distance_invalide;passagers_invalides;
2,2024-01-22 17:22:52,2024-01-22 17:35:55,1.0,0.67,1.0,N,170,186,4,-12.1,-2.5,-0.5,0.0,0.0,-1.0,-18.6,-2.5,0.0,montant_invalide;
2,2024-01-01 03:51:44,2024-01-01 04:01:23,,2.46,,,158,261,0,17.93,0.0,0.5,0.0,0.0,1.0,21.93,,,passagers_invalides;
1,2024-01-13 22:49:37,2024-01-13 22:56:06,0.0,0.9,1.0,N,234,170,1,7.2,3.5,0.5,2.4,0.0,1.0,14.6,2.5,0.0,passagers_invalides;
2,2024-01-01 03:22:49,2024-01-01 03:25:54,1.0,0.4,1.0,N,234,90,4,-5.1,-1.0,-0.5,0.0,0.0,-1.0,-10.1,-2.5,0.0,montant_invalide;
2,2024-01-08 18:06:32,2024-01-08 18:21:01,1.0,1.95,1.0,N,107,229,3,-14.9,-2.5,-0.5,0.0,0.0,-1.0,-21.4,-2.5,0.0,montant_invalide;
2,2024-01-02 14:43:59,2024-01-02 14:50:11,,1.24,,,233,224,0,11.74,0.0,0.5,3.94,0.0,1.0,19.68,,,passagers_invalides;
1,2024-01-31 17:47:30,2024-01-31 18:11:03,,0.0,,,161,249,0,22.81,0.0,0.5,0.0,0.0,1.0,26.81,,,distance_invalide;passagers_invalides;
2,2024-01-01 18:47:09,2024-01-01 18:47:35,1.0,0.0,2.0,N,233,233,1,70.0,0.0,0.5,16.19,6.94,1.0,97.13,2.5,0.0,distance_invalide;
1,2024-01-21 09:53:57,2024-01-21 09:59:15,0.0,1.0,1.0,N,143,48,1,7.9,2.5,0.5,2.35,0.0,1.0,14.25,2.5,0.0,passagers_invalides;
2,2024-01-21 18:42:00,2024-01-21 19:09:00,,5.44,,,233,166,0,40.43,0.0,0.5,4.44,0.0,1.0,48.87,,,passagers_invalides;
2,2024-01-18 16:04:35,2024-01-18 16:29:40,,4.27,,,50,74,0,27.77,0.0,0.5,0.0,0.0,1.0,31.77,,,passagers_invalides;
2,2024-01-16 17:22:33,2024-01-16 17:38:24,,2.58,,,151,237,0,30.65,0.0,0.5,0.0,0.0,1.0,34.65,,,passagers_invalides;
2,2024-01-26 04:56:00,2024-01-26 05:15:29,,8.74,,,263,138,0,31.9,0.0,0.5,6.43,6.94,1.0,49.27,,,passagers_invalides;
2,2024-01-25 00:39:00,2024-01-25 00:58:00,,5.36,,,68,74,0,26.01,0.0,0.5,0.0,0.0,1.0,30.01,,,passagers_invalides;
2,2024-01-19 20:45:00,2024-01-19 21:07:00,,4.07,,,238,233,0,23.35,0.0,0.5,1.37,0.0,1.0,28.72,,,passagers_invalides;
2,2024-01-01 11:40:25,2024-01-01 11:49:48,,2.1,,,170,211,0,12.23,0.0,0.5,0.0,0.0,1.0,16.23,,,passagers_invalides;
2,2024-01-12 23:43:06,2024-01-12 23:56:34,,1.61,,,249,144,0,15.4,0.0,0.5,0.0,0.0,1.0,19.4,,,passagers_invalides;
2,2024-01-28 13:39:11,2024-01-28 13:51:40,,0.93,,,170,161,0,10.9,0.0,0.5,0.0,0.0,1.0,14.9,,,passagers_invalides;
1,2024-01-08 07:57:37,2024-01-08 08:48:13,1.0,0.0,99.0,N,56,41,1,36.5,0.0,0.5,0.0,6.94,1.0,44.94,0.0,0.0,distance_invalide;
1,2024-01-15 18:11:06,2024-01-15 18:21:52,0.0,1.5,1.0,N,68,163,1,11.4,2.5,0.5,3.05,0.0,1.0,18.45,2.5,0.0,passagers_invalides;
2,2024-01-20 20:32:43,2024-01-20 20:48:50,,2.87,,,236,234,0,21.71,0.0,0.5,0.0,0.0,1.0,25.71,,,passagers_invalides;
2,2024-01-03 17:55:39,2024-01-03 18:03:50,4.0,0.82,1.0,N,163,142,4,-9.3,-2.5,-0.5,0.0,0.0,-1.0,-15.8,-2.5,0.0,montant_invalide;
2,2024-01-31 16:59:11,2024-01-31 17:12:31,,1.34,,,230,229,0,13.56,0.0,0.5,0.0,0.0,1.0,17.56,,,passagers_invalides;
1,2024-01-16 20:24:12,2024-01-16 20:31:09,0.0,1.1,1.0,N,144,79,1,7.9,3.5,0.5,2.55,0.0,1.0,15.45,2.5,0.0,passagers_invalides;
1,2024-01-25 16:29:07,2024-01-25 16:35:46,,0.5,,,79,114,0,10.16,0.0,0.5,0.0,0.0,1.0,14.16,,,passagers_invalides;
1,2024-01-29 09:34:34,2024-01-29 09:43:38,0.0,0.8,1.0,N,236,237,1,9.3,2.5,0.5,3.95,0.0,1.0,17.25,2.5,0.0,passagers_invalides;
2,2024-01-08 14:29:28,2024-01-08 14:50:06,2.0,3.43,1.0,N,162,114,4,-21.2,0.0,-0.5,0.0,0.0,-1.0,-25.2,-2.5,0.0,montant_invalide;
2,2024-01-27 13:17:31,2024-01-27 13:29:13,1.0,3.17,1.0,N,262,170,4,-17.0,0.0,-0.5,0.0,0.0,-1.0,-21.0,-2.5,0.0,montant_invalide;
2,2024-01-14 20:51:28,2024-01-14 21:27:33,1.0,11.23,1.0,N,132,61,3,-47.8,-1.0,-0.5,0.0,0.0,-1.0,-52.05,0.0,-1.75,montant_invalide;
2,2024-01-16 20:33:33,2024-01-16 20:40:35,,1.53,,,162,107,0,10.31,0.0,0.5,0.0,0.0,1.0,14.31,,,passagers_invalides;
2,2024-01-16 02:51:59,2024-01-16 02:54:59,1.0,0.99,1.0,N,48,43,4,-6.5,-1.0,-0.5,0.0,0.0,-1.0,-11.5,-2.5,0.0,montant_invalide;
2,2024-01-09 11:48:49,2024-01-09 11:48:57,1.0,0.0,1.0,N,239,239,2,3.0,0.0,0.5,0.0,0.0,1.0,7.0,2.5,0.0,distance_invalide;
2,2024-01-18 14:50:57,2024-01-18 14:51:01,1.0,0.0,1.0,N,226,226,2,3.0,0.0,0.5,0.0,0.0,1.0,4.5,0.0,0.0,distance_invalide;
2,2024-01-09 18:14:30,2024-01-09 18:26:27,,1.34,,,164,229,0,16.03,0.0,0.5,0.0,0.0,1.0,20.03,,,passagers_invalides;
2,2024-01-05 01:58:46,2024-01-05 02:11:26,,2.05,,,201,201,0,-0.5,0.0,0.5,0.0,0.0,1.0,1.0,,,montant_invalide;passagers_invalides;
1,2024-01-23 06:26:38,2024-01-23 06:38:25,0.0,6.2,1.0,N,132,205,1,25.4,1.75,0.5,0.0,0.0,1.0,28.65,0.0,1.75,passagers_invalides;
1,2024-01-27 02:32:51,2024-01-27 02:46:16,,0.0,,,79,87,0,13.03,0.0,0.5,0.0,0.0,1.0,17.03,,,distance_invalide;passagers_invalides;
2,2024-01-26 23:38:46,2024-01-26 23:38:52,1.0,0.0,1.0,N,79,79,2,3.0,1.0,0.5,0.0,0.0,1.0,8.0,2.5,0.0,distance_invalide;
2,2024-01-28 03:13:29,2024-01-28 03:23:53,1.0,0.64,1.0,N,158,114,4,-10.0,-1.0,-0.5,0.0,0.0,-1.0,-15.0,-2.5,0.0,montant_invalide;
2,2024-01-14 18:49:10,2024-01-14 18:49:25,1.0,0.0,1.0,N,132,132,2,3.0,0.0,0.5,0.0,0.0,1.0,6.25,0.0,1.75,distance_invalide;
2,2024-01-05 22:18:40,2024-01-05 22:46:01,,5.06,,,181,36,0,29.28,0.0,0.5,0.0,0.0,1.0,30.78,,,passagers_invalides;
1,2024-01-23 12:17:48,2024-01-23 12:29:47,0.0,0.6,1.0,N,162,237,1,11.4,2.5,0.5,3.05,0.0,1.0,18.45,2.5,0.0,passagers_invalides;
1,2024-01-17 14:49:58,2024-01-17 14:57:59,,0.0,,,237,161,0,10.92,0.0,0.5,0.0,0.0,1.0,14.92,,,distance_invalide;passagers_invalides;
2,2024-01-09 18:21:45,2024-01-09 18:21:47,1.0,0.0,5.0,N,263,264,1,12.0,0.0,0.0,2.6,0.0,1.0,15.6,0.0,0.0,distance_invalide;
1,2024-01-05 14:39:44,2024-01-05 14:47:25,0.0,1.0,1.0,N,43,142,2,9.3,2.5,0.5,0.0,0.0,1.0,13.3,2.5,0.0,passagers_invalides;
2,2024-01-22 09:28:16,2024-01-22 09:28:55,1.0,0.0,1.0,N,193,193,4,3.0,0.0,0.5,0.0,0.0,1.0,4.5,0.0,0.0,distance_invalide;
1,2024-01-19 10:22:03,2024-01-19 10:33:25,,1.5,,,162,107,0,12.1,0.0,0.5,0.0,0.0,1.0,16.1,,,passagers_invalides;
2,2024-01-20 23:02:54,2024-01-20 23:12:33,,0.62,,,249,125,0,7.29,0.0,0.5,0.0,0.0,1.0,11.29,,,passagers_invalides;
1,2024-01-14 17:28:07,2024-01-14 17:35:33,,0.8,,,236,262,0,7.9,0.0,0.5,1.78,0.0,1.0,13.68,,,passagers_invalides;
1,2024-01-02 12:28:15,2024-01-02 12:31:24,0.0,0.5,1.0,N,237,141,1,5.1,2.5,0.5,2.7,0.0,1.0,11.8,2.5,0.0,passagers_invalides;
1,2024-01-25 17:25:50,2024-01-25 17:34:05,,1.6,,,75,239,0,9.3,2.5,0.5,3.16,0.0,1.0,18.96,,,passagers_invalides;
2,2024-01-04 23:09:56,2024-01-04 23:22:39,3.0,2.96,1.0,N,166,143,2,-15.6,-1.0,-0.5,0.0,0.0,-1.0,-20.6,-2.5,0.0,montant_invalide;
2,2024-01-27 13:55:54,2024-01-27 14:09:01,,2.16,,,114,246,0,4.79,0.0,0.5,0.0,0.0,1.0,8.79,,,passagers_invalides;
2,2024-01-17 22:16:28,2024-01-17 22:22:52,,0.97,,,137,233,0,10.58,0.0,0.5,0.0,0.0,1.0,14.58,,,passagers_invalides;
2,2024-01-17 17:49:27,2024-01-17 17:49:37,2.0,0.07,2.0,N,138,138,3,-70.0,-5.0,-0.5,0.0,0.0,-1.0,-78.25,0.0,-1.75,montant_invalide;
2,2024-01-26 12:22:02,2024-01-26 12:22:09,2.0,0.0,5.0,N,132,132,1,89.0,0.0,0.0,0.0,0.0,1.0,91.75,0.0,1.75,distance_invalide;
2,2024-01-26 17:56:08,2024-01-26 18:14:38,1.0,2.69,1.0,N,140,100,4,-18.4,-2.5,-0.5,0.0,0.0,-1.0,-24.9,-2.5,0.0,montant_invalide;
2,2024-01-07 00:24:09,2024-01-07 00:52:36,1.0,5.79,1.0,N,249,263,4,-30.3,-1.0,-0.5,0.0,0.0,-1.0,-35.3,-2.5,0.0,montant_invalide;
2,2024-01-26 19:13:23,2024-01-26 19:13:41,1.0,0.05,2.0,N,141,141,2,-70.0,-5.0,-0.5,0.0,0.0,-1.0,-79.0,-2.5,0.0,montant_invalide;
2,2024-01-18 19:58:35,2024-01-18 19:58:40,1.0,0.0,5.0,N,114,114,1,87.0,0.0,0.0,25.0,0.0,1.0,115.5,2.5,0.0,distance_invalide;
2,2024-01-12 10:44:15,2024-01-12 10:57:34,,2.93,,,261,234,0,18.22,0.0,0.5,3.33,0.0,1.0,25.55,,,passagers_invalides;
1,2024-01-11 21:30:54,2024-01-11 21:35:42,,0.9,,,237,229,0,7.2,1.0,0.5,2.44,0.0,1.0,14.64,,,passagers_invalides;
2,2024-01-02 06:39:00,2024-01-02 06:52:22,,3.12,,,65,249,0,16.78,0.0,0.5,0.0,0.0,1.0,20.78,,,passagers_invalides;
2,2024-01-20 13:23:33,2024-01-20 13:40:48,,3.94,,,166,237,0,25.38,0.0,0.5,5.88,0.0,1.0,35.26,,,passagers_invalides;
2,2024-01-04 23:04:21,2024-01-04 23:08:44,1.0,0.71,1.0,N,163,48,4,-6.5,-1.0,-0.5,0.0,0.0,-1.0,-11.5,-2.5,0.0,montant_invalide;
1,2024-01-18 23:11:59,2024-01-18 23:24:33,,0.0,,,170,141,0,17.87,0.0,0.5,0.0,0.0,1.0,21.87,,,distance_invalide;passagers_invalides;
1,2024-01-17 21:07:45,2024-01-17 21:20:03,,0.0,,,68,161,0,16.53,0.0,0.5,0.0,0.0,1.0,20.53,,,distance_invalide;passagers_invalides;
2,2024-01-01 04:23:09,2024-01-01 04:29:51,,0.7,,,79,79,0,10.33,0.0,0.5,0.0,0.0,1.0,14.33,,,passagers_invalides;
2,2024-01-28 21:50:00,2024-01-28 22:04:00,,3.67,,,79,142,0,20.07,0.0,0.5,0.0,0.0,1.0,24.07,,,passagers_invalides;
1,2024-01-25 21:23:08,2024-01-25 21:36:21,,0.0,,,137,144,0,12.79,0.0,0.5,0.0,0.0,1.0,16.79,,,distance_invalide;passagers_invalides;
1,2024-01-24 10:50:29,2024-01-24 10:56:29,0.0,0.8,1.0,N,142,264,1,7.2,2.5,0.5,2.2,0.0,1.0,13.4,2.5,0.0,passagers_invalides;
2,2024-01-01 21:06:23,2024-01-01 21:09:20,,0.3,,,231,211,0,8.08,0.0,0.5,0.0,0.0,1.0,12.08,,,passagers_invalides;
1,2024-01-18 20:48:55,2024-01-18 21:00:35,,0.0,,,88,79,0,21.08,0.0,0.5,0.0,0.0,1.0,25.08,,,distance_invalide;passagers_invalides;
2,2024-01-13 17:53:30,2024-01-13 18:09:29,,1.77,,,231,79,0,14.55,0.0,0.5,0.0,0.0,1.0,18.55,,,passagers_invalides;
2,2024-01-14 22:57:45,2024-01-14 23:17:18,,4.76,,,239,249,0,22.95,0.0,0.5,0.0,0.0,1.0,26.95,,,passagers_invalides;
2,2024-01-30 14:50:52,2024-01-30 15:09:06,1.0,6.08,1.0,N,75,129,4,-26.1,0.0,-0.5,0.0,-6.94,-1.0,-34.54,0.0,0.0,montant_invalide;
2,2024-01-12 05:10:00,2024-01-12 05:23:00,,2.84,,,140,50,0,15.76,0.0,0.5,3.95,0.0,1.0,23.71,,,passagers_invalides;
1,2024-01-01 02:13:34,2024-01-01 02:22:30,,0.0,,,41,75,0,14.62,0.0,0.5,0.0,0.0,1.0,18.62,,,distance_invalide;passagers_invalides;
1,2024-01-08 15:45:36,2024-01-08 15:58:46,,1.4,,,161,68,0,13.09,0.0,0.5,0.0,0.0,1.0,17.09,,,passagers_invalides;
2,2024-01-31 19:42:39,2024-01-31 19:48:46,1.0,0.89,1.0,N,170,186,3,-7.2,-2.5,-0.5,0.0,0.0,-1.0,-13.7,-2.5,0.0,montant_invalide;
1,2024-01-23 21:12:53,2024-01-23 21:21:01,,1.0,,,249,211,0,10.16,0.0,0.5,0.0,0.0,1.0,14.16,,,passagers_invalides;
1,2024-01-08 09:11:11,2024-01-08 09:28:42,0.0,1.2,1.0,N,141,162,1,14.9,2.5,0.5,3.75,0.0,1.0,22.65,2.5,0.0,passagers_invalides;
2,2024-01-15 19:50:23,2024-01-15 19:50:25,2.0,0.0,5.0,N,264,264,1,86.69,0.0,0.0,10.0,0.0,1.0,97.69,0.0,0.0,distance_invalide;
1,2024-01-21 18:17:01,2024-01-21 18:38:49,,0.0,,,13,236,0,33.74,0.0,0.5,0.0,0.0,1.0,37.74,,,distance_invalide;passagers_invalides;
1,2024-01-07 15:03:47,2024-01-07 15:35:39,,10.1,,,164,31,0,50.9,0.0,0.5,0.0,0.0,1.0,54.9,,,passagers_invalides;
1,2024-01-22 09:30:07,2024-01-22 09:41:39,0.0,1.5,1.0,N,237,142,1,12.8,2.5,0.5,3.35,0.0,1.0,20.15,2.5,0.0,passagers_invalides;
1,2024-01-30 22:39:07,2024-01-30 22:47:25,0.0,1.1,1.0,N,163,229,1,9.3,3.5,0.5,5.0,0.0,1.0,19.3,2.5,0.0,passagers_invalides;
1,2024-01-30 13:14:57,2024-01-30 13:25:11,,1.5,,,161,237,0,12.1,0.0,0.5,2.42,0.0,1.0,18.52,,,passagers_invalides;
1,2024-01-09 11:41:58,2024-01-09 11:49:19,,0.7,,,237,237,0,7.9,0.0,0.5,1.79,0.0,1.0,13.69,,,passagers_invalides;
1,2024-01-17 10:05:28,2024-01-17 11:06:49,0.0,17.3,2.0,N,48,132,1,70.0,2.5,0.5,16.15,6.94,1.0,97.09,2.5,0.0,passagers_invalides;
1,2024-01-21 12:21:33,2024-01-21 12:27:56,0.0,1.2,1.0,N,238,142,1,8.6,2.5,0.5,2.5,0.0,1.0,15.1,2.5,0.0,passagers_invalides;
2,2024-01-18 23:36:14,2024-01-18 23:45:20,,1.48,,,234,79,0,9.22,0.0,0.5,0.0,0.0,1.0,13.22,,,passagers_invalides;
2,2024-01-20 20:07:35,2024-01-20 20:18:55,,2.27,,,75,237,0,13.32,0.0,0.5,0.0,0.0,1.0,17.32,,,passagers_invalides;
2,2024-01-08 15:14:53,2024-01-08 15:26:53,1.0,1.25,1.0,N,236,237,3,-12.1,0.0,-0.5,0.0,0.0,-1.0,-16.1,-2.5,0.0,montant_invalide;
2,2024-01-24 13:23:18,2024-01-24 13:23:34,2.0,0.0,5.0,N,230,230,1,14.0,0.0,0.0,3.5,0.0,1.0,21.0,2.5,0.0,distance_invalide;
2,2024-01-24 18:26:55,2024-01-24 18:31:05,1.0,0.52,1.0,N,90,90,4,-5.8,-2.5,-0.5,0.0,0.0,-1.0,-12.3,-2.5,0.0,montant_invalide;
2,2024-01-01 15:15:22,2024-01-01 15:23:04,,2.05,,,143,68,0,14.48,0.0,0.5,0.0,0.0,1.0,18.48,,,passagers_invalides;
2,2024-01-13 17:45:31,2024-01-13 17:51:42,,0.77,,,144,79,0,7.46,0.0,0.5,0.0,0.0,1.0,11.46,,,passagers_invalides;
1,2024-01-31 12:51:59,2024-01-31 13:35:34,0.0,5.8,1.0,N,161,231,1,42.9,2.5,0.5,11.7,0.0,1.0,58.6,2.5,0.0,passagers_invalides;
2,2024-01-27 22:15:20,2024-01-27 22:29:44,,1.63,,,249,186,0,18.92,0.0,0.5,4.58,0.0,1.0,27.5,,,passagers_invalides;
2,2024-01-21 12:22:56,2024-01-21 12:30:25,1.0,1.43,1.0,N,237,263,4,-9.3,0.0,-0.5,0.0,0.0,-1.0,-13.3,-2.5,0.0,montant_invalide;
2,2024-01-01 00:37:33,2024-01-01 00:50:43,,3.23,,,142,166,0,17.03,0.0,0.5,3.79,0.0,1.0,24.82,,,passagers_invalides;
1,2024-01-23 20:38:04,2024-01-23 20:45:00,0.0,0.4,1.0,N,164,186,2,7.9,3.5,0.5,0.0,0.0,1.0,12.9,2.5,0.0,passagers_invalides;
6,2024-01-15 00:01:27,2024-01-15 01:01:23,,20.71,,,265,210,0,64.2,0.0,0.5,0.0,0.0,0.3,65.0,,,passagers_invalides;
2,2024-01-30 08:49:33,2024-01-30 09:01:19,,1.53,,,143,230,0,14.73,0.0,0.5,3.75,0.0,1.0,22.48,,,passagers_invalides;
2,2024-01-03 13:31:26,2024-01-03 13:31:33,1.0,0.0,5.0,N,230,230,1,22.0,0.0,0.0,5.1,0.0,1.0,30.6,2.5,0.0,distance_invalide;
1,2024-01-12 23:19:49,2024-01-12 23:34:23,,0.0,,,114,209,0,16.05,0.0,0.5,0.0,0.0,1.0,20.05,,,distance_invalide;passagers_invalides;
1,2024-01-31 21:02:17,2024-01-31 21:07:55,,1.0,,,43,43,0,7.9,1.0,0.5,1.94,0.0,1.0,14.84,,,passagers_invalides;
2,2024-01-24 07:03:33,2024-01-24 07:12:27,,0.91,,,48,246,0,17.56,0.0,0.5,4.31,0.0,1.0,25.87,,,passagers_invalides;
2,2024-01-06 21:35:02,2024-01-06 21:38:40,1.0,0.32,1.0,N,114,114,4,-5.1,-1.0,-0.5,0.0,0.0,-1.0,-10.1,-2.5,0.0,montant_invalide;
2,2024-01-19 17:01:43,2024-01-19 17:12:48,,2.22,,,143,236,0,16.0,0.0,0.5,1.0,0.0,1.0,21.0,,,passagers_invalides;
2,2024-01-28 15:37:16,2024-01-28 15:47:06,1.0,0.0,1.0,N,141,143,1,9.3,0.0,0.5,2.66,0.0,1.0,15.96,2.5,0.0,distance_invalide;
1,2024-01-07 17:08:34,2024-01-07 17:20:13,,2.2,,,229,236,0,13.5,0.0,0.5,3.5,0.0,1.0,21.0,,,passagers_invalides;
2,2024-01-02 23:38:58,2024-01-02 23:46:08,1.0,1.79,1.0,N,229,137,4,-10.0,-1.0,-0.5,0.0,0.0,-1.0,-15.0,-2.5,0.0,montant_invalide;
2,2024-01-13 18:35:00,2024-01-13 19:02:00,,9.01,,,179,164,0,39.13,0.0,0.5,10.01,6.94,1.0,60.08,,,passagers_invalides;
1,2024-01-29 16:22:41,2024-01-29 16:59:30,2.0,0.0,1.0,N,237,97,1,21.2,5.0,0.5,8.3,0.0,1.0,36.0,2.5,0.0,distance_invalide;
2,2024-01-27 15:09:00,2024-01-27 15:48:48,,10.41,,,93,151,0,53.69,0.0,0.5,12.43,6.94,1.0,74.56,,,passagers_invalides;
2,2024-01-06 22:42:22,2024-01-06 23:04:28,,0.0,,,249,262,0,31.18,0.0,0.5,0.0,0.0,1.0,35.18,,,distance_invalide;passagers_invalides;
2,2024-01-13 15:05:33,2024-01-13 15:20:22,,2.27,,,263,75,0,11.04,0.0,0.5,0.0,0.0,1.0,15.04,,,passagers_invalides;
1,2024-01-16 13:55:51,2024-01-16 14:25:40,0.0,15.3,5.0,N,246,265,1,91.0,0.0,0.0,22.25,19.38,1.0,133.63,0.0,0.0,passagers_invalides;
2,2024-01-24 14:25:00,2024-01-24 14:51:00,,3.07,,,140,164,0,21.24,0.0,0.5,5.05,0.0,1.0,30.29,,,passagers_invalides;
2,2024-01-19 15:47:49,2024-01-19 15:48:09,2.0,0.0,2.0,N,161,161,2,70.0,0.0,0.5,0.0,0.0,1.0,74.0,2.5,0.0,distance_invalide;
2,2024-01-09 21:41:22,2024-01-09 21:54:56,,2.44,,,74,116,0,10.61,0.0,0.5,0.0,0.0,1.0,12.11,,,passagers_invalides;
2,2024-01-26 19:16:23,2024-01-26 19:22:24,1.0,0.0,3.0,N,234,79,1,26.5,2.5,0.0,6.0,0.0,1.0,36.0,0.0,0.0,distance_invalide;
1,2024-01-25 19:30:11,2024-01-25 19:39:18,0.0,1.3,1.0,N,234,162,1,10.7,5.0,0.5,5.15,0.0,1.0,22.35,2.5,0.0,passagers_invalides;
1,2024-01-18 16:05:24,2024-01-18 16:05:45,1.0,0.0,1.0,N,87,87,1,0.0,0.0,0.0,0.0,0.0,0.0,0.0,0.0,0.0,distance_invalide;montant_invalide;
2,2024-01-19 20:05:28,2024-01-19 20:10:15,1.0,0.59,1.0,N,161,237,4,-5.8,-1.0,-0.5,0.0,0.0,-1.0,-10.8,-2.5,0.0,montant_invalide;
2,2024-01-27 03:08:48,2024-01-27 03:09:00,4.0,0.0,5.0,N,13,13,4,-12.0,0.0,0.0,0.0,0.0,-1.0,-15.5,-2.5,0.0,distance_invalide;montant_invalide;
2,2024-01-22 15:53:27,2024-01-22 15:53:40,1.0,0.0,1.0,N,193,193,3,-3.0,0.0,-0.5,0.0,0.0,-1.0,-4.5,0.0,0.0,distance_invalide;montant_invalide;
2,2024-01-09 18:07:42,2024-01-09 18:19:06,,1.78,,,13,211,0,17.88,0.0,0.5,0.0,0.0,1.0,21.88,,,passagers_invalides;
1,2024-01-04 10:48:54,2024-01-04 11:09:22,,8.0,,,16,132,0,40.78,0.0,0.5,0.0,0.0,1.0,42.28,,,passagers_invalides;
2,2024-01-26 16:09:16,2024-01-26 17:13:18,,20.11,,,238,132,0,75.7,0.0,0.5,6.0,6.94,1.0,92.64,,,passagers_invalides;
2,2024-01-28 13:12:18,2024-01-28 13:30:21,,3.05,,,140,186,0,19.3,0.0,0.5,0.0,0.0,1.0,23.3,,,passagers_invalides;
2,2024-01-13 23:29:23,2024-01-13 23:30:00,1.0,0.0,5.0,N,107,107,2,19.84,0.0,0.5,0.0,0.0,1.0,23.84,2.5,0.0,distance_invalide;
2,2024-01-07 12:07:07,2024-01-07 12:10:52,,0.59,,,140,141,0,8.33,0.0,0.5,0.0,0.0,1.0,12.33,,,passagers_invalides;
1,2024-01-13 21:08:31,2024-01-13 21:35:28,0.0,6.8,1.0,N,263,60,3,31.0,3.5,0.5,0.0,0.0,1.0,36.0,2.5,0.0,passagers_invalides;
2,2024-01-18 10:30:00,2024-01-18 10:51:00,,2.32,,,90,161,0,22.29,0.0,0.5,3.94,0.0,1.0,30.23,,,passagers_invalides;
1,2024-01-29 19:21:23,2024-01-29 19:33:20,,3.9,,,246,238,0,18.4,2.5,0.5,2.49,0.0,1.0,27.39,,,passagers_invalides;
2,2024-01-05 20:30:03,2024-01-05 20:41:09,,1.61,,,249,246,0,11.74,0.0,0.5,1.57,0.0,1.0,17.31,,,passagers_invalides;
1,2024-01-02 15:25:52,2024-01-02 15:34:05,,0.7,,,237,237,0,9.3,0.0,0.5,2.0,0.0,1.0,15.3,,,passagers_invalides;
1,2024-01-16 14:11:02,2024-01-16 14:36:16,,3.3,,,229,68,0,22.6,0.0,0.5,3.99,0.0,1.0,30.59,,,passagers_invalides;
2,2024-01-19 14:13:06,2024-01-19 14:19:07,1.0,0.0,1.0,N,138,223,2,3.0,5.0,0.5,0.0,0.0,1.0,11.25,0.0,1.75,distance_invalide;
2,2024-01-03 20:33:13,2024-01-03 20:33:30,1.0,0.0,5.0,N,211,211,1,32.95,0.0,0.0,0.0,0.0,1.0,36.45,2.5,0.0,distance_invalide;
2,2024-01-25 08:39:56,2024-01-25 08:46:09,,0.75,,,148,148,0,12.33,0.0,0.5,0.0,0.0,1.0,16.33,,,passagers_invalides;
2,2024-01-10 13:32:10,2024-01-10 13:32:32,3.0,0.0,3.0,N,239,239,4,-23.0,0.0,0.0,0.0,0.0,-1.0,-24.0,0.0,0.0,distance_invalide;montant_invalide;
2,2024-01-12 23:17:23,2024-01-12 23:40:32,,3.79,,,113,142,0,27.23,0.0,0.5,0.0,0.0,1.0,31.23,,,passagers_invalides;
2,2024-01-18 23:15:26,2024-01-18 23:16:15,1.0,0.01,1.0,N,230,230,4,-3.0,-1.0,-0.5,0.0,0.0,-1.0,-8.0,-2.5,0.0,montant_invalide;
2,2024-01-17 08:20:57,2024-01-17 08:52:41,,7.65,,,54,162,0,41.67,0.0,0.5,0.0,0.0,1.0,45.67,,,passagers_invalides;
1,2024-01-11 08:51:15,2024-01-11 09:06:34,,1.3,,,137,100,0,12.08,0.0,0.5,0.0,0.0,1.0,16.08,,,passagers_invalides;
1,2024-01-31 20:20:37,2024-01-31 20:35:58,,2.6,,,143,234,0,14.9,1.0,0.5,0.0,0.0,1.0,19.9,,,passagers_invalides;
1,2024-01-10 11:39:45,2024-01-10 11:49:38,0.0,0.8,1.0,N,100,186,2,10.0,2.5,0.5,0.0,0.0,1.0,14.0,2.5,0.0,passagers_invalides;
1,2024-01-19 20:13:53,2024-01-19 20:27:43,,2.5,,,143,263,0,15.6,1.0,0.5,2.0,0.0,1.0,22.6,,,passagers_invalides;
2,2024-01-11 15:06:53,2024-01-11 15:11:23,1.0,0.64,1.0,N,237,229,3,-6.5,0.0,-0.5,0.0,0.0,-1.0,-10.5,-2.5,0.0,montant_invalide;
2,2024-01-01 15:07:00,2024-01-01 15:21:00,,3.06,,,211,246,0,19.71,0.0,0.5,3.56,0.0,1.0,27.27,,,passagers_invalides;
1,2024-01-23 13:08:33,2024-01-23 13:20:01,0.0,1.0,1.0,N,161,163,1,11.4,2.5,0.5,3.05,0.0,1.0,18.45,2.5,0.0,passagers_invalides;
2,2024-01-13 03:00:22,2024-01-13 03:13:35,,3.77,,,255,79,0,25.37,0.0,0.5,0.0,0.0,1.0,29.37,,,passagers_invalides;
2,2024-01-18 20:18:55,2024-01-18 20:45:06,,7.72,,,100,244,0,32.25,0.0,0.5,0.0,0.0,1.0,36.25,,,passagers_invalides;
1,2024-01-08 23:29:01,2024-01-08 23:36:18,,2.3,,,137,141,0,11.4,1.0,0.5,2.46,0.0,1.0,18.86,,,passagers_invalides;
2,2024-01-30 22:50:03,2024-01-30 22:50:09,1.0,0.01,2.0,N,50,48,4,-70.0,0.0,-0.5,0.0,0.0,-1.0,-74.0,-2.5,0.0,montant_invalide;
2,2024-01-14 04:27:24,2024-01-14 04:27:42,1.0,0.0,5.0,N,265,265,1,100.0,0.0,0.0,3.08,0.0,1.0,104.08,0.0,0.0,distance_invalide;
2,2024-01-19 00:11:32,2024-01-19 00:21:23,1.0,2.04,1.0,N,161,141,2,-12.1,-1.0,-0.5,0.0,0.0,-1.0,-17.1,-2.5,0.0,montant_invalide;
1,2024-01-31 10:40:23,2024-01-31 11:01:39,,1.8,,,100,143,0,18.4,0.0,0.5,4.48,0.0,1.0,26.88,,,passagers_invalides;
2,2024-01-23 13:49:34,2024-01-23 14:02:04,1.0,0.67,1.0,N,141,140,2,-11.4,0.0,-0.5,0.0,0.0,-1.0,-15.4,-2.5,0.0,montant_invalide;
1,2024-01-13 02:28:21,2024-01-13 02:44:12,,0.0,,,249,140,0,30.0,0.0,0.5,0.0,0.0,1.0,34.0,,,distance_invalide;passagers_invalides;
1,2024-01-28 21:02:57,2024-01-28 21:05:18,0.0,0.5,1.0,N,164,90,1,5.1,3.5,0.5,3.0,0.0,1.0,13.1,2.5,0.0,passagers_invalides;
2,2024-01-20 07:15:52,2024-01-20 07:41:53,,14.16,,,248,231,0,44.37,0.0,0.5,0.0,6.94,1.0,55.31,,,passagers_invalides;
2,2024-01-10 20:31:45,2024-01-10 20:44:39,1.0,1.5,1.0,N,161,90,2,-12.8,-1.0,-0.5,0.0,0.0,-1.0,-17.8,-2.5,0.0,montant_invalide;
2,2024-01-20 15:56:56,2024-01-20 16:15:33,1.0,2.44,1.0,N,234,142,4,-17.7,0.0,-0.5,0.0,0.0,-1.0,-21.7,-2.5,0.0,montant_invalide;
1,2024-01-26 13:50:20,2024-01-26 14:01:49,,1.7,,,143,48,0,14.53,0.0,0.5,0.0,0.0,1.0,18.53,,,passagers_invalides;
2,2024-01-11 22:18:18,2024-01-11 22:23:34,,1.07,,,230,164,0,10.11,0.0,0.5,0.0,0.0,1.0,14.11,,,passagers_invalides;
2,2024-01-28 03:51:08,2024-01-28 03:51:29,4.0,0.0,5.0,N,170,170,1,80.0,0.0,0.0,0.0,0.0,1.0,83.5,2.5,0.0,distance_invalide;
2,2024-01-28 00:17:25,2024-01-28 00:18:02,1.0,0.0,1.0,N,125,125,4,-3.0,-1.0,-0.5,0.0,0.0,-1.0,-8.0,-2.5,0.0,distance_invalide;montant_invalide;
1,2024-01-27 16:11:47,2024-01-27 16:24:07,,3.5,,,88,224,0,17.7,0.0,0.5,3.25,0.0,1.0,24.95,,,passagers_invalides;
2,2024-01-01 11:30:21,2024-01-01 11:39:04,,1.96,,,224,162,0,9.51,0.0,0.5,0.0,0.0,1.0,13.51,,,passagers_invalides;
1,2024-01-05 14:46:18,2024-01-05 14:47:33,1.0,0.0,1.0,N,141,141,4,3.7,2.5,0.5,0.0,0.0,1.0,7.7,2.5,0.0,distance_invalide;
2,2024-01-07 10:01:38,2024-01-07 10:13:47,1.0,8.48,1.0,N,132,93,4,-32.4,0.0,-0.5,0.0,0.0,-1.0,-35.65,0.0,-1.75,montant_invalide;
1,2024-01-20 12:30:30,2024-01-20 12:45:49,0.0,4.0,1.0,N,68,87,1,19.1,2.5,0.5,4.6,0.0,1.0,27.7,2.5,0.0,passagers_invalides;
1,2024-01-28 02:57:50,2024-01-28 03:10:29,0.0,2.7,1.0,N,148,97,1,15.6,3.5,0.5,2.0,0.0,1.0,22.6,2.5,0.0,passagers_invalides;
2,2024-01-28 05:49:02,2024-01-28 05:49:26,1.0,0.02,3.0,N,48,48,3,-23.0,-1.0,0.0,0.0,0.0,-1.0,-25.0,0.0,0.0,montant_invalide;
2,2024-01-14 20:40:35,2024-01-14 20:47:17,,0.94,,,163,161,0,7.32,0.0,0.5,0.0,0.0,1.0,11.32,,,passagers_invalides;
2,2024-01-25 07:00:34,2024-01-25 07:18:52,,4.65,,,41,140,0,23.85,0.0,0.5,5.57,0.0,1.0,33.42,,,passagers_invalides;
2,2024-01-01 15:17:16,2024-01-01 15:23:52,,1.25,,,75,75,0,7.02,0.0,0.5,0.0,0.0,1.0,8.52,,,passagers_invalides;
2,2024-01-23 15:54:59,2024-01-23 16:13:35,,2.84,,,75,239,0,-0.15,0.0,0.5,0.0,0.0,1.0,3.85,,,montant_invalide;passagers_invalides;
2,2024-01-11 06:26:15,2024-01-11 07:04:09,,9.92,,,51,159,0,48.41,0.0,0.5,2.0,0.0,1.0,51.91,,,passagers_invalides;
2,2024-01-05 07:20:14,2024-01-05 07:38:19,,3.07,,,239,162,0,19.16,0.0,0.5,3.47,0.0,1.0,26.63,,,passagers_invalides;
2,2024-01-31 22:11:12,2024-01-31 22:27:43,,3.51,,,186,239,0,18.66,0.0,0.5,0.0,0.0,1.0,22.66,,,passagers_invalides;
2,2024-01-06 16:31:52,2024-01-06 16:42:41,,2.17,,,263,229,0,16.87,0.0,0.5,0.0,0.0,1.0,20.87,,,passagers_invalides;
2,2024-01-07 03:57:19,2024-01-07 03:59:01,1.0,0.63,1.0,N,249,68,4,-5.1,-1.0,-0.5,0.0,0.0,-1.0,-10.1,-2.5,0.0,montant_invalide;
2,2024-01-06 22:46:54,2024-01-06 23:00:04,,2.7,,,68,13,0,15.79,0.0,0.5,0.0,0.0,1.0,19.79,,,passagers_invalides;
2,2024-01-16 10:00:39,2024-01-16 10:09:56,1.0,2.25,1.0,N,125,246,4,-12.8,0.0,-0.5,0.0,0.0,-1.0,-16.8,-2.5,0.0,montant_invalide;
1,2024-01-13 21:11:49,2024-01-13 21:26:21,0.0,1.7,1.0,N,170,114,1,12.1,3.5,0.5,4.25,0.0,1.0,21.35,2.5,0.0,passagers_invalides;
1,2024-01-27 15:23:04,2024-01-27 15:25:22,0.0,0.2,1.0,N,48,50,2,4.4,2.5,0.5,0.0,0.0,1.0,8.4,2.5,0.0,passagers_invalides;
2,2024-01-06 12:07:41,2024-01-06 12:07:47,1.0,0.0,1.0,N,152,152,2,3.0,0.0,0.5,0.0,0.0,1.0,4.5,0.0,0.0,distance_invalide;
1,2024-01-01 03:15:44,2024-01-01 03:24:12,,0.0,,,232,231,0,32.9,0.0,0.5,0.0,0.0,1.0,36.9,,,distance_invalide;passagers_invalides;
2,2024-01-28 22:33:12,2024-01-28 22:33:16,1.0,0.02,1.0,N,132,132,4,-3.0,-1.0,-0.5,0.0,0.0,-1.0,-7.25,0.0,-1.75,montant_invalide;
2,2024-01-20 11:17:10,2024-01-20 11:26:45,,1.61,,,107,211,0,12.25,0.0,0.5,2.0,0.0,1.0,18.25,,,passagers_invalides;
1,2024-01-07 15:27:30,2024-01-07 15:53:02,,15.7,,,138,87,0,59.0,6.75,0.5,11.5,6.94,1.0,88.19,,,passagers_invalides;
2,2024-01-05 10:47:33,2024-01-05 10:47:39,1.0,0.0,5.0,N,141,140,1,82.0,0.0,0.0,8.0,0.0,1.0,91.0,0.0,0.0,distance_invalide;
1,2024-01-26 19:59:08,2024-01-26 20:12:34,,2.5,,,42,236,0,16.56,0.0,0.5,0.0,0.0,1.0,20.56,,,passagers_invalides;
2,2024-01-23 22:18:42,2024-01-23 22:50:24,,6.18,,,181,91,0,34.67,0.0,0.5,0.0,0.0,1.0,36.17,,,passagers_invalides;
1,2024-01-06 19:51:54,2024-01-06 19:59:08,,0.0,,,137,162,0,12.33,0.0,0.5,0.0,0.0,1.0,16.33,,,distance_invalide;passagers_invalides;
2,2024-01-09 17:32:51,2024-01-09 17:54:27,1.0,0.0,1.0,N,100,239,1,17.7,2.5,0.5,2.5,0.0,1.0,26.7,2.5,0.0,distance_invalide;
2,2024-01-21 15:27:01,2024-01-21 15:43:24,1.0,1.4,1.0,N,100,163,4,-13.5,0.0,-0.5,0.0,0.0,-1.0,-17.5,-2.5,0.0,montant_invalide;
1,2024-01-30 15:48:56,2024-01-30 16:02:08,,1.9,,,236,151,0,13.5,0.0,0.5,3.5,0.0,1.0,21.0,,,passagers_invalides;
1,2024-01-22 11:58:59,2024-01-22 12:10:58,,2.2,,,239,166,0,10.64,0.0,0.5,0.0,0.0,1.0,14.64,,,passagers_invalides;
2,2024-01-02 15:07:00,2024-01-02 15:17:00,,1.73,,,166,152,0,11.74,0.0,0.5,1.99,0.0,1.0,15.23,,,passagers_invalides;
2,2024-01-10 22:30:00,2024-01-10 22:57:00,,5.94,,,107,37,0,36.65,0.0,0.5,0.0,0.0,1.0,40.65,,,passagers_invalides;
1,2024-01-28 13:58:33,2024-01-28 14:03:33,,1.3,,,239,151,0,7.9,0.0,0.5,1.79,0.0,1.0,13.69,,,passagers_invalides;
1,2024-01-09 13:51:04,2024-01-09 13:53:53,,0.8,,,142,43,0,5.8,0.0,0.5,1.96,0.0,1.0,11.76,,,passagers_invalides;
2,2024-01-24 21:28:26,2024-01-24 21:31:39,1.0,2.07,1.0,N,132,219,4,-10.0,-1.0,-0.5,0.0,0.0,-1.0,-14.25,0.0,-1.75,montant_invalide;
2,2024-01-29 08:05:04,2024-01-29 08:09:20,1.0,0.63,1.0,N,161,163,3,-6.5,0.0,-0.5,0.0,0.0,-1.0,-10.5,-2.5,0.0,montant_invalide;
1,2024-01-17 10:54:35,2024-01-17 11:03:14,,1.1,,,161,170,0,10.0,0.0,0.5,2.1,0.0,1.0,16.1,,,passagers_invalides;
2,2024-01-05 19:31:21,2024-01-05 19:31:37,1.0,0.0,1.0,N,132,132,4,-3.0,-2.5,-0.5,0.0,0.0,-1.0,-8.75,0.0,-1.75,distance_invalide;montant_invalide;
1,2024-01-01 02:13:58,2024-01-01 02:20:38,,0.0,,,141,263,0,16.94,0.0,0.5,0.0,0.0,1.0,20.94,,,distance_invalide;passagers_invalides;
1,2024-01-19 15:15:34,2024-01-19 15:22:48,0.0,1.1,1.0,N,43,163,1,9.3,2.5,0.5,4.0,0.0,1.0,17.3,2.5,0.0,passagers_invalides;
1,2024-01-16 22:07:12,2024-01-16 22:21:59,0.0,2.0,1.0,N,48,107,2,12.8,3.5,0.5,0.0,0.0,1.0,17.8,2.5,0.0,passagers_invalides;
2,2024-01-17 08:44:38,2024-01-17 08:53:47,,1.2,,,246,100,0,13.82,0.0,0.5,1.78,0.0,1.0,19.6,,,passagers_invalides;
2,2024-01-19 15:13:08,2024-01-19 15:13:11,4.0,0.0,5.0,N,158,158,1,83.0,0.0,0.0,10.0,0.0,1.0,96.5,2.5,0.0,distance_invalide;
2,2024-01-24 22:50:39,2024-01-24 22:56:05,,0.9,,,148,4,0,8.08,0.0,0.5,0.0,0.0,1.0,12.08,,,passagers_invalides;
2,2024-01-14 17:41:30,2024-01-14 17:57:34,1.0,0.0,1.0,N,142,90,1,14.2,0.0,0.5,3.64,0.0,1.0,21.84,2.5,0.0,distance_invalide;
2,2024-01-31 15:13:43,2024-01-31 15:15:41,3.0,0.0,1.0,N,145,145,3,3.7,0.0,0.5,0.0,0.0,1.0,5.2,0.0,0.0,distance_invalide;
2,2024-01-20 00:07:37,2024-01-20 00:29:00,,4.72,,,68,236,0,23.32,0.0,0.5,0.0,0.0,1.0,27.32,,,passagers_invalides;
2,2024-01-20 15:56:05,2024-01-20 16:24:39,,4.25,,,79,48,0,29.16,0.0,0.5,2.0,0.0,1.0,35.16,,,passagers_invalides;
1,2024-01-08 08:32:30,2024-01-08 08:45:19,,2.2,,,239,264,0,12.8,0.0,0.5,3.36,0.0,1.0,20.16,,,passagers_invalides;
1,2024-01-24 16:04:20,2024-01-24 17:28:59,0.0,19.9,2.0,Y,141,132,2,70.0,7.5,0.5,0.0,6.94,1.0,85.94,2.5,0.0,passagers_invalides;
2,2024-01-14 01:28:18,2024-01-14 01:31:50,1.0,0.17,1.0,N,87,87,4,-5.1,-1.0,-0.5,0.0,0.0,-1.0,-10.1,-2.5,0.0,montant_invalide;
2,2024-01-29 19:26:35,2024-01-29 19:38:04,1.0,0.0,1.0,N,161,164,1,10.7,2.5,0.5,3.44,0.0,1.0,20.64,2.5,0.0,distance_invalide;
2,2024-01-02 14:15:00,2024-01-02 14:23:00,,0.93,,,166,42,0,16.28,0.0,0.5,3.56,0.0,1.0,21.34,,,passagers_invalides;
2,2024-01-01 18:16:37,2024-01-01 18:36:12,,3.33,,,68,231,0,19.07,0.0,0.5,0.0,0.0,1.0,23.07,,,passagers_invalides;
2,2024-01-24 22:56:17,2024-01-24 22:57:30,,0.2,,,68,68,0,33.87,0.0,0.5,0.0,0.0,1.0,37.87,,,passagers_invalides;
2,2024-01-09 15:04:59,2024-01-09 15:48:05,,7.42,,,236,198,0,48.8,0.0,0.5,8.96,6.94,1.0,68.7,,,passagers_invalides;
1,2024-01-14 01:02:11,2024-01-14 01:03:14,0.0,0.1,1.0,N,48,48,3,3.7,3.5,0.5,0.0,0.0,1.0,8.7,2.5,0.0,passagers_invalides;
1,2024-01-10 16:00:12,2024-01-10 16:03:38,,0.5,,,143,142,0,4.4,2.5,0.5,1.09,0.0,1.0,11.99,,,passagers_invalides;
2,2024-01-28 02:52:22,2024-01-28 02:52:30,1.0,0.0,5.0,N,25,25,1,35.0,0.0,0.0,7.2,0.0,1.0,43.2,0.0,0.0,distance_invalide;
2,2024-01-22 07:35:55,2024-01-22 07:43:01,,1.14,,,48,161,0,10.78,0.0,0.5,0.0,0.0,1.0,14.78,,,passagers_invalides;
2,2024-01-21 00:23:00,2024-01-21 00:46:14,,5.05,,,144,143,0,32.86,0.0,0.5,5.53,0.0,1.0,42.39,,,passagers_invalides;
1,2024-01-01 14:58:28,2024-01-01 15:07:44,,0.0,,,234,158,0,10.65,0.0,0.5,0.0,0.0,1.0,14.65,,,distance_invalide;passagers_invalides;
2,2024-01-27 21:50:26,2024-01-27 22:09:32,,1.52,,,249,4,0,17.33,0.0,0.5,0.0,0.0,1.0,21.33,,,passagers_invalides;
2,2024-01-04 23:18:53,2024-01-04 23:30:03,1.0,2.87,1.0,N,142,263,4,-14.9,-1.0,-0.5,0.0,0.0,-1.0,-19.9,-2.5,0.0,montant_invalide;
1,2024-01-16 15:28:23,2024-01-16 15:29:03,1.0,0.0,99.0,N,123,123,1,0.0,0.0,0.0,0.0,0.0,0.0,0.0,0.0,0.0,distance_invalide;montant_invalide;
2,2024-01-25 21:20:29,2024-01-25 21:36:18,,2.62,,,75,162,0,18.78,0.0,0.5,3.42,0.0,1.0,26.2,,,passagers_invalides;
1,2024-01-25 06:19:54,2024-01-25 06:32:57,0.0,2.8,1.0,N,141,170,1,16.3,2.5,0.5,4.05,0.0,1.0,24.35,2.5,0.0,passagers_invalides;
1,2024-01-28 16:13:04,2024-01-28 16:44:17,,0.0,,,246,243,0,36.84,0.0,0.5,0.0,0.0,1.0,40.84,,,distance_invalide;passagers_invalides;
2,2024-01-18 23:37:31,2024-01-18 23:50:35,,2.49,,,161,125,0,19.53,0.0,0.5,0.0,0.0,1.0,23.53,,,passagers_invalides;
2,2024-01-01 16:51:23,2024-01-01 17:22:58,,15.91,,,80,132,0,49.56,0.0,0.5,10.21,0.0,1.0,61.27,,,passagers_invalides;
2,2024-01-29 19:01:27,2024-01-29 19:13:46,1.0,1.6,1.0,N,142,246,2,-12.8,-2.5,-0.5,0.0,0.0,-1.0,-19.3,-2.5,0.0,montant_invalide;
1,2024-01-05 00:10:59,2024-01-05 00:18:46,0.0,0.9,1.0,N,249,114,1,7.9,3.5,0.5,2.55,0.0,1.0,15.45,2.5,0.0,passagers_invalides;
2,2024-01-30 21:44:52,2024-01-30 21:58:15,,3.05,,,162,263,0,14.47,0.0,0.5,3.32,0.0,1.0,21.79,,,passagers_invalides;
2,2024-01-30 23:10:17,2024-01-30 23:18:56,,1.18,,,90,137,0,12.3,0.0,0.5,0.0,0.0,1.0,16.3,,,passagers_invalides;
1,2024-01-16 15:27:02,2024-01-16 16:44:17,0.0,6.5,1.0,N,163,17,2,64.6,2.5,0.5,0.0,0.0,1.0,68.6,2.5,0.0,passagers_invalides;
2,2024-01-07 06:53:59,2024-01-07 07:05:18,,7.04,,,261,140,0,26.04,0.0,0.5,6.01,0.0,1.0,36.05,,,passagers_invalides;
2,2024-01-07 20:43:04,2024-01-07 20:58:18,3.0,0.0,1.0,N,142,107,1,13.5,0.0,0.5,3.5,0.0,1.0,21.0,2.5,0.0,distance_invalide;
2,2024-01-22 18:41:51,2024-01-22 18:52:15,,1.64,,,143,237,0,12.33,0.0,0.5,1.63,0.0,1.0,17.96,,,passagers_invalides;
2,2024-01-01 08:45:59,2024-01-01 08:50:11,1.0,1.01,1.0,N,162,140,4,-7.2,0.0,-0.5,0.0,0.0,-1.0,-11.2,-2.5,0.0,montant_invalide;
1,2024-01-11 08:04:33,2024-01-11 08:12:30,0.0,1.4,1.0,N,233,162,1,10.0,2.5,0.5,2.8,0.0,1.0,16.8,2.5,0.0,passagers_invalides;
2,2024-01-04 03:51:33,2024-01-04 03:51:39,4.0,0.0,5.0,N,137,137,4,-12.5,0.0,0.0,0.0,0.0,-1.0,-16.0,-2.5,0.0,distance_invalide;montant_invalide;
2,2024-01-14 00:21:50,2024-01-14 00:36:21,,1.32,,,114,231,0,10.51,0.0,0.5,0.0,0.0,1.0,14.51,,,passagers_invalides;
2,2024-01-17 16:25:45,2024-01-17 16:39:52,1.0,4.08,1.0,N,132,130,4,-19.1,-2.5,-0.5,0.0,0.0,-1.0,-24.85,0.0,-1.75,montant_invalide;
1,2024-01-25 19:56:30,2024-01-25 20:03:15,0.0,0.9,1.0,N,163,48,1,8.6,3.5,0.5,2.7,0.0,1.0,16.3,2.5,0.0,passagers_invalides;
2,2024-01-12 22:33:12,2024-01-12 23:06:47,,6.76,,,238,114,0,31.5,0.0,0.5,0.0,0.0,1.0,35.5,,,passagers_invalides;
2,2024-01-09 21:27:26,2024-01-09 21:34:44,,0.69,,,230,230,0,6.83,0.0,0.5,0.0,0.0,1.0,10.83,,,passagers_invalides;
2,2024-01-07 09:27:21,2024-01-07 09:38:54,,2.7,,,24,151,0,12.94,0.0,0.5,3.39,0.0,1.0,20.33,,,passagers_invalides;
1,2024-01-07 15:16:17,2024-01-07 15:22:59,0.0,0.9,1.0,N,141,262,1,7.9,2.5,0.5,2.35,0.0,1.0,14.25,2.5,0.0,passagers_invalides;
1,2024-01-02 19:03:59,2024-01-02 19:14:51,,1.7,,,262,237,0,10.83,0.0,0.5,0.0,0.0,1.0,14.83,,,passagers_invalides;
2,2024-01-24 19:36:19,2024-01-24 19:48:20,,3.08,,,140,224,0,15.9,0.0,0.5,3.98,0.0,1.0,23.88,,,passagers_invalides;
2,2024-01-20 23:56:14,2024-01-21 00:12:01,,4.74,,,107,13,0,25.31,0.0,0.5,0.0,0.0,1.0,29.31,,,passagers_invalides;
2,2024-01-22 22:54:21,2024-01-22 23:28:00,,16.86,,,179,39,0,49.95,0.0,0.5,0.0,0.0,1.0,51.45,,,passagers_invalides;
2,2024-01-20 10:39:28,2024-01-20 10:46:11,1.0,0.89,1.0,N,229,162,4,-7.9,0.0,-0.5,0.0,0.0,-1.0,-11.9,-2.5,0.0,montant_invalide;
2,2024-01-08 13:54:37,2024-01-08 14:23:46,,5.42,,,232,142,0,35.56,0.0,0.5,5.93,0.0,1.0,45.49,,,passagers_invalides;
1,2024-01-29 18:03:06,2024-01-29 18:03:36,1.0,0.0,5.0,N,43,163,1,11.2,0.0,0.0,2.45,0.0,1.0,14.65,0.0,0.0,distance_invalide;
2,2024-01-21 02:21:53,2024-01-21 02:28:02,,0.92,,,211,148,0,6.83,0.0,0.5,0.0,0.0,1.0,10.83,,,passagers_invalides;
1,2024-01-06 23:18:30,2024-01-06 23:34:08,,0.0,,,186,141,0,25.02,0.0,0.5,0.0,0.0,1.0,29.02,,,distance_invalide;passagers_invalides;
1,2024-01-18 15:28:19,2024-01-18 15:40:36,0.0,2.6,1.0,N,211,164,1,14.2,2.5,0.5,0.0,0.0,1.0,18.2,2.5,0.0,passagers_invalides;
1,2024-01-05 15:43:18,2024-01-05 15:54:29,,1.2,,,262,237,0,10.7,0.0,0.5,2.94,0.0,1.0,17.64,,,passagers_invalides;
2,2024-01-14 03:43:55,2024-01-14 03:44:08,1.0,0.02,1.0,N,68,68,4,-3.0,-1.0,-0.5,0.0,0.0,-1.0,-8.0,-2.5,0.0,montant_invalide;
1,2024-01-09 13:55:41,2024-01-09 14:48:31,0.0,20.1,2.0,N,132,161,1,70.0,4.25,0.5,16.54,6.94,1.0,99.23,2.5,1.75,passagers_invalides;
1,2024-01-09 21:35:50,2024-01-09 21:51:23,,0.0,,,230,158,0,12.62,0.0,0.5,0.0,0.0,1.0,16.62,,,distance_invalide;passagers_invalides;
1,2024-01-03 07:40:20,2024-01-03 07:43:19,,0.6,,,239,143,0,10.96,0.0,0.5,0.0,0.0,1.0,14.96,,,passagers_invalides;
2,2024-01-11 18:34:50,2024-01-11 18:53:19,,5.15,,,231,170,0,25.11,0.0,0.5,0.0,0.0,1.0,29.11,,,passagers_invalides;
2,2024-01-06 16:41:38,2024-01-06 16:50:34,,1.46,,,144,107,0,10.69,0.0,0.5,0.0,0.0,1.0,14.69,,,passagers_invalides;
2,2024-01-29 16:34:41,2024-01-29 16:35:26,1.0,0.0,1.0,N,163,161,4,3.0,2.5,0.5,0.0,0.0,1.0,9.5,2.5,0.0,distance_invalide;
2,2024-01-11 21:33:27,2024-01-11 21:57:39,,1.91,,,163,68,0,16.13,0.0,0.5,0.0,0.0,1.0,20.13,,,passagers_invalides;
1,2024-01-11 15:29:41,2024-01-11 15:43:24,1.0,0.0,1.0,N,79,231,1,19.0,0.0,0.5,0.0,0.0,1.0,20.5,0.0,0.0,distance_invalide;
2,2024-01-03 15:51:45,2024-01-03 15:51:51,4.0,0.0,5.0,N,132,132,1,90.0,0.0,0.0,18.2,0.0,1.0,110.95,0.0,1.75,distance_invalide;
2,2024-01-31 09:07:26,2024-01-31 09:16:21,1.0,1.01,1.0,N,186,234,4,-10.0,0.0,-0.5,0.0,0.0,-1.0,-14.0,-2.5,0.0,montant_invalide;
2,2024-01-15 17:44:35,2024-01-15 17:57:23,,3.03,,,140,79,0,20.85,0.0,0.5,0.0,0.0,1.0,24.85,,,passagers_invalides;
1,2024-01-06 00:45:59,2024-01-06 01:00:28,,3.5,,,107,87,0,22.17,0.0,0.5,0.0,0.0,1.0,26.17,,,passagers_invalides;
1,2024-01-03 11:30:51,2024-01-03 11:41:53,0.0,1.1,1.0,N,161,237,1,10.7,2.5,0.5,3.0,0.0,1.0,17.7,2.5,0.0,passagers_invalides;
1,2024-01-07 01:59:14,2024-01-07 02:07:13,,0.0,,,148,137,0,9.42,0.0,0.5,0.0,0.0,1.0,13.42,,,distance_invalide;passagers_invalides;
1,2024-01-08 12:55:50,2024-01-08 13:31:51,1.0,0.0,1.0,N,236,145,4,11.4,2.5,0.5,0.0,0.0,1.0,15.4,2.5,0.0,distance_invalide;
2,2024-01-26 07:28:31,2024-01-26 07:35:27,,1.19,,,79,107,0,8.97,0.0,0.5,0.0,0.0,1.0,12.97,,,passagers_invalides;
1,2024-01-10 06:50:43,2024-01-10 07:02:06,,0.0,,,116,166,0,9.4,0.0,0.5,0.0,0.0,1.0,10.9,,,distance_invalide;passagers_invalides;
2,2024-01-17 21:10:25,2024-01-17 21:23:30,,2.09,,,246,211,0,14.06,0.0,0.5,0.0,0.0,1.0,18.06,,,passagers_invalides;
2,2024-01-26 14:32:46,2024-01-26 14:49:33,1.0,2.51,1.0,N,161,43,4,-16.3,0.0,-0.5,0.0,0.0,-1.0,-20.3,-2.5,0.0,montant_invalide;
2,2024-01-13 02:30:00,2024-01-13 02:50:00,,5.5,,,211,263,0,32.98,0.0,0.5,0.0,0.0,1.0,36.98,,,passagers_invalides;
2,2024-01-18 23:50:34,2024-01-19 00:11:04,,9.47,,,230,127,0,35.2,0.0,0.5,0.0,0.0,1.0,39.2,,,passagers_invalides;
2,2024-01-09 19:08:51,2024-01-09 19:20:08,,4.68,,,137,87,0,18.01,0.0,0.5,0.0,0.0,1.0,22.01,,,passagers_invalides;
2,2024-01-13 06:20:25,2024-01-13 06:41:02,,12.54,,,88,138,0,42.87,0.0,0.5,0.0,0.0,1.0,46.87,,,passagers_invalides;
1,2024-01-06 07:33:16,2024-01-06 07:35:12,0.0,0.3,1.0,N,50,50,1,4.4,2.5,0.5,1.65,0.0,1.0,10.05,2.5,0.0,passagers_invalides;
1,2024-01-16 00:25:09,2024-01-16 00:33:00,,0.0,,,114,113,0,13.83,0.0,0.5,0.0,0.0,1.0,17.83,,,distance_invalide;passagers_invalides;
1,2024-01-30 22:24:05,2024-01-30 22:48:12,,2.2,,,113,48,0,20.11,0.0,0.5,0.0,0.0,1.0,24.11,,,passagers_invalides;
1,2024-01-17 15:15:24,2024-01-17 15:27:10,0.0,0.8,1.0,N,90,68,1,11.4,2.5,0.5,3.05,0.0,1.0,18.45,2.5,0.0,passagers_invalides;
1,2024-01-30 12:25:06,2024-01-30 12:35:29,,1.0,,,170,43,0,9.3,0.0,0.5,2.66,0.0,1.0,15.96,,,passagers_invalides;
1,2024-01-17 21:53:21,2024-01-17 22:13:45,,0.0,,,113,237,0,26.98,0.0,0.5,0.0,0.0,1.0,30.98,,,distance_invalide;passagers_invalides;
2,2024-01-08 19:55:06,2024-01-08 19:55:14,3.0,0.02,1.0,N,132,132,3,-3.0,-2.5,-0.5,0.0,0.0,-1.0,-8.75,0.0,-1.75,montant_invalide;
2,2024-01-16 07:05:32,2024-01-16 07:12:56,,1.1,,,164,229,0,13.95,0.0,0.5,0.0,0.0,1.0,17.95,,,passagers_invalides;
2,2024-01-22 16:33:45,2024-01-22 17:00:58,,5.67,,,262,144,0,32.31,0.0,0.5,0.0,0.0,1.0,36.31,,,passagers_invalides;
2,2024-01-11 18:51:25,2024-01-11 19:00:04,1.0,0.0,1.0,N,236,239,1,8.6,2.5,0.5,2.72,0.0,1.0,17.82,2.5,0.0,distance_invalide;
1,2024-01-15 15:11:52,2024-01-15 15:21:29,,1.9,,,158,231,0,12.8,0.0,0.5,2.52,0.0,1.0,19.32,,,passagers_invalides;
2,2024-01-11 13:01:52,2024-01-11 13:04:51,1.0,0.53,1.0,N,234,113,2,-5.1,0.0,-0.5,0.0,0.0,-1.0,-9.1,-2.5,0.0,montant_invalide;
1,2024-01-29 09:11:13,2024-01-29 09:20:42,,0.9,,,236,237,0,10.0,0.0,0.5,2.8,0.0,1.0,16.8,,,passagers_invalides;
2,2024-01-20 21:08:54,2024-01-20 21:28:42,2.0,2.87,1.0,N,186,236,4,-19.1,-1.0,-0.5,0.0,0.0,-1.0,-24.1,-2.5,0.0,montant_invalide;
2,2024-01-24 20:31:32,2024-01-24 21:02:23,,5.53,,,164,49,0,34.82,0.0,0.5,7.76,0.0,1.0,46.58,,,passagers_invalides;
1,2024-01-11 18:48:38,2024-01-11 19:04:04,,2.4,,,246,125,0,16.3,2.5,0.5,3.42,0.0,1.0,26.22,,,passagers_invalides;
2,2024-01-23 19:09:57,2024-01-23 19:31:31,,3.47,,,161,231,0,26.72,0.0,0.5,3.0,0.0,1.0,33.72,,,passagers_invalides;
1,2024-01-18 09:57:17,2024-01-18 10:11:18,0.0,1.3,1.0,N,48,161,1,13.5,2.5,0.5,4.38,0.0,1.0,21.88,2.5,0.0,passagers_invalides;
2,2024-01-25 21:41:25,2024-01-25 21:59:35,,3.85,,,230,41,0,23.28,0.0,0.5,0.0,0.0,1.0,27.28,,,passagers_invalides;
1,2024-01-27 02:58:26,2024-01-27 03:19:01,,0.0,,,148,75,0,25.7,0.0,0.5,0.0,0.0,1.0,29.7,,,distance_invalide;passagers_invalides;
2,2024-01-02 14:20:33,2024-01-02 14:30:43,2.0,0.0,1.0,N,263,239,1,10.0,0.0,0.5,0.0,0.0,1.0,14.0,2.5,0.0,distance_invalide;
2,2024-01-12 23:41:26,2024-01-12 23:52:15,,1.77,,,148,88,0,13.29,0.0,0.5,0.0,0.0,1.0,17.29,,,passagers_invalides;
2,2024-01-25 08:54:08,2024-01-25 09:18:35,,3.13,,,249,162,0,29.47,0.0,0.5,0.0,0.0,1.0,33.47,,,passagers_invalides;
2,2024-01-12 22:11:13,2024-01-12 22:12:04,1.0,0.0,1.0,N,148,148,2,3.0,1.0,0.5,0.0,0.0,1.0,9.75,2.5,1.75,distance_invalide;
2,2024-01-09 18:33:57,2024-01-09 18:45:26,,1.67,,,230,143,0,15.8,0.0,0.5,0.0,0.0,1.0,19.8,,,passagers_invalides;
2,2024-01-22 21:00:53,2024-01-22 21:01:27,1.0,0.0,5.0,N,238,238,1,81.0,0.0,0.0,16.9,0.0,1.0,101.4,2.5,0.0,distance_invalide;
1,2024-01-13 12:06:41,2024-01-13 12:07:11,1.0,0.0,1.0,N,145,145,2,3.0,0.0,0.5,0.0,0.0,1.0,4.5,0.0,0.0,distance_invalide;
1,2024-01-20 06:33:27,2024-01-20 06:48:11,,3.0,,,262,142,0,17.7,0.0,0.5,0.0,0.0,1.0,21.7,,,passagers_invalides;
1,2024-01-05 19:10:11,2024-01-05 19:18:35,,0.0,,,237,142,0,10.1,0.0,0.5,0.0,0.0,1.0,14.1,,,distance_invalide;passagers_invalides;
2,2024-01-01 06:13:28,2024-01-01 06:25:57,,4.09,,,100,45,0,19.08,0.0,0.5,0.0,0.0,1.0,23.08,,,passagers_invalides;
2,2024-01-07 02:17:42,2024-01-07 02:17:55,,0.0,,,144,144,0,8.08,0.0,0.5,0.0,0.0,1.0,12.08,,,distance_invalide;passagers_invalides;
2,2024-01-23 19:03:54,2024-01-23 19:26:07,1.0,3.73,1.0,N,163,144,4,-21.9,-2.5,-0.5,0.0,0.0,-1.0,-28.4,-2.5,0.0,montant_invalide;
1,2024-01-21 00:08:31,2024-01-21 00:24:13,,2.1,,,170,48,0,16.19,0.0,0.5,0.0,0.0,1.0,20.19,,,passagers_invalides;
2,2024-01-11 01:43:57,2024-01-11 01:54:26,4.0,1.93,1.0,N,114,186,4,-12.1,-1.0,-0.5,0.0,0.0,-1.0,-17.1,-2.5,0.0,montant_invalide;
2,2024-01-21 08:43:59,2024-01-21 08:51:47,,0.87,,,148,211,0,6.83,0.0,0.5,0.0,0.0,1.0,10.83,,,passagers_invalides;
2,2024-01-07 02:34:32,2024-01-07 02:35:12,1.0,0.09,1.0,N,79,79,2,-3.0,-1.0,-0.5,0.0,0.0,-1.0,-8.0,-2.5,0.0,montant_invalide;
1,2024-01-13 16:46:50,2024-01-13 17:39:46,0.0,18.0,2.0,N,132,186,1,70.0,4.25,0.5,5.0,6.94,1.0,87.69,2.5,1.75,passagers_invalides;
1,2024-01-03 14:53:19,2024-01-03 15:03:25,,1.2,,,140,75,0,12.22,0.0,0.5,0.0,0.0,1.0,13.72,,,passagers_invalides;
2,2024-01-06 00:34:04,2024-01-06 00:53:30,,4.01,,,79,48,0,23.82,0.0,0.5,0.0,0.0,1.0,27.82,,,passagers_invalides;
2,2024-01-18 14:38:39,2024-01-18 15:37:25,,16.58,,,164,132,0,61.76,0.0,0.5,16.54,6.94,1.0,89.24,,,passagers_invalides;
1,2024-01-29 14:53:54,2024-01-29 14:59:30,,0.0,,,179,7,0,6.83,0.0,0.5,0.0,0.0,1.0,8.33,,,distance_invalide;passagers_invalides;
2,2024-01-01 14:33:48,2024-01-01 14:45:02,,2.26,,,233,114,0,19.15,0.0,0.5,0.0,0.0,1.0,23.15,,,passagers_invalides;
2,2024-01-28 08:29:40,2024-01-28 08:36:12,1.0,1.58,1.0,N,48,90,4,-9.3,0.0,-0.5,0.0,0.0,-1.0,-13.3,-2.5,0.0,montant_invalide;
1,2024-01-26 08:45:25,2024-01-26 09:06:50,,1.9,,,236,140,0,14.47,0.0,0.5,0.0,0.0,1.0,18.47,,,passagers_invalides;
2,2024-01-26 16:31:26,2024-01-26 17:01:52,,7.77,,,43,261,0,39.2,0.0,0.5,0.0,0.0,1.0,43.2,,,passagers_invalides;
1,2024-01-17 22:28:12,2024-01-17 22:36:55,,0.0,,,163,141,0,17.53,0.0,0.5,0.0,0.0,1.0,21.53,,,distance_invalide;passagers_invalides;
1,2024-01-06 18:29:54,2024-01-06 19:13:46,,4.2,,,142,226,0,34.98,0.0,0.5,0.0,0.0,1.0,38.98,,,passagers_invalides;
1,2024-01-05 15:47:35,2024-01-05 16:19:29,,0.0,,,41,230,0,32.31,0.0,0.5,0.0,0.0,1.0,36.31,,,distance_invalide;passagers_invalides;
2,2024-01-09 20:00:11,2024-01-09 20:03:58,3.0,0.59,1.0,N,161,163,4,-5.8,-1.0,-0.5,2.16,0.0,-1.0,-8.64,-2.5,0.0,montant_invalide;
1,2024-01-31 13:15:05,2024-01-31 13:25:56,,1.6,,,143,161,0,11.4,0.0,0.5,2.31,0.0,1.0,17.71,,,passagers_invalides;
2,2024-01-12 12:36:47,2024-01-12 12:44:36,1.0,0.0,1.0,N,121,121,2,7.9,0.0,0.5,0.0,0.0,1.0,9.4,0.0,0.0,distance_invalide;
1,2024-01-02 17:26:12,2024-01-02 17:41:04,,1.8,,,43,229,0,12.8,2.5,0.5,2.89,0.0,1.0,22.19,,,passagers_invalides;
2,2024-01-09 18:57:54,2024-01-09 19:01:59,,0.47,,,68,48,0,1.0,0.0,0.5,0.0,0.0,1.0,5.0,,,passagers_invalides;
2,2024-01-11 13:56:27,2024-01-11 13:56:36,1.0,0.0,5.0,N,233,233,1,15.4,0.0,0.0,0.0,0.0,1.0,18.9,2.5,0.0,distance_invalide;
2,2024-01-23 08:28:45,2024-01-23 08:39:32,,2.33,,,239,166,0,0.78,0.0,0.5,0.0,0.0,1.0,4.78,,,passagers_invalides;
2,2024-01-26 14:16:32,2024-01-26 14:16:56,1.0,0.0,2.0,N,234,234,1,70.0,0.0,0.5,16.54,8.69,1.0,99.23,2.5,0.0,distance_invalide;
2,2024-01-19 18:47:39,2024-01-19 19:02:01,,4.79,,,50,116,0,27.8,0.0,0.5,0.0,0.0,1.0,31.8,,,passagers_invalides;
1,2024-01-29 20:59:11,2024-01-29 21:00:39,0.0,0.3,1.0,N,97,65,2,3.7,1.0,0.5,0.0,0.0,1.0,6.2,0.0,0.0,passagers_invalides;
1,2024-01-25 22:23:30,2024-01-25 22:56:19,,0.0,,,158,42,0,40.14,0.0,0.5,0.0,0.0,1.0,44.14,,,distance_invalide;passagers_invalides;
2,2024-01-09 15:01:10,2024-01-09 15:16:14,1.0,2.0,1.0,N,236,74,4,-14.9,0.0,-0.5,0.0,0.0,-1.0,-18.9,-2.5,0.0,montant_invalide;
2,2024-01-27 04:49:37,2024-01-27 05:02:19,,8.04,,,262,138,0,31.64,0.0,0.5,8.52,6.94,1.0,51.1,,,passagers_invalides;
2,2024-01-27 00:05:42,2024-01-27 00:22:56,,3.1,,,230,211,0,21.19,0.0,0.5,0.0,0.0,1.0,25.19,,,passagers_invalides;
1,2024-01-22 17:42:21,2024-01-22 18:03:33,,3.4,,,230,24,0,21.2,2.5,0.5,4.15,0.0,1.0,31.85,,,passagers_invalides;
1,2024-01-23 17:22:06,2024-01-23 18:12:27,1.0,0.0,1.0,N,229,78,1,34.0,0.0,0.5,0.0,6.94,1.0,42.44,0.0,0.0,distance_invalide;
2,2024-01-12 19:34:22,2024-01-12 19:47:17,,2.01,,,143,237,0,16.64,0.0,0.5,4.13,0.0,1.0,24.77,,,passagers_invalides;
1,2024-01-25 18:09:08,2024-01-25 18:47:42,1.0,0.0,99.0,N,193,100,1,29.5,5.0,0.5,0.0,13.88,1.0,49.88,0.0,0.0,distance_invalide;
2,2024-01-25 22:26:18,2024-01-25 22:48:29,,3.33,,,107,113,0,6.83,0.0,0.5,0.0,0.0,1.0,10.83,,,passagers_invalides;
2,2024-01-04 12:02:05,2024-01-04 12:02:17,1.0,0.0,5.0,N,151,151,1,9.8,0.0,0.0,2.66,0.0,1.0,15.96,2.5,0.0,distance_invalide;
1,2024-01-04 19:33:14,2024-01-04 19:48:10,,2.6,,,48,211,0,17.79,0.0,0.5,0.0,0.0,1.0,21.79,,,passagers_invalides;
2,2024-01-16 07:46:46,2024-01-16 08:00:37,,3.74,,,141,107,0,23.69,0.0,0.5,0.0,0.0,1.0,27.69,,,passagers_invalides;
1,2024-01-18 07:01:20,2024-01-18 07:18:26,,3.4,,,113,142,0,17.0,0.0,0.5,3.15,0.0,1.0,26.15,,,passagers_invalides;
2,2024-01-04 13:57:38,2024-01-04 13:58:25,2.0,0.0,2.0,N,261,261,2,70.0,0.0,0.5,0.0,0.0,1.0,74.0,2.5,0.0,distance_invalide;
2,2024-01-18 00:09:41,2024-01-18 00:17:52,,1.4,,,114,4,0,9.52,0.0,0.5,0.0,0.0,1.0,13.52,,,passagers_invalides;
2,2024-01-28 04:03:51,2024-01-28 04:22:56,,4.84,,,76,61,0,22.19,0.0,0.5,0.0,0.0,1.0,23.69,,,passagers_invalides;
1,2024-01-18 19:33:27,2024-01-18 19:46:12,,0.0,,,141,142,0,18.16,0.0,0.5,0.0,0.0,1.0,22.16,,,distance_invalide;passagers_invalides;
2,2024-01-01 03:45:59,2024-01-01 03:59:40,,2.66,,,74,116,0,19.09,0.0,0.5,0.0,0.0,1.0,20.59,,,passagers_invalides;
2,2024-01-03 15:31:38,2024-01-03 15:38:22,2.0,0.7,1.0,N,179,223,2,-7.9,0.0,-0.5,0.0,0.0,-1.0,-9.4,0.0,0.0,montant_invalide;
2,2024-01-24 10:46:33,2024-01-24 10:51:59,1.0,1.46,1.0,N,143,50,2,-8.6,0.0,-0.5,0.0,0.0,-1.0,-12.6,-2.5,0.0,montant_invalide;
1,2024-01-04 05:49:50,2024-01-04 06:00:46,,3.1,,,239,246,0,15.0,0.0,0.5,0.0,0.0,1.0,19.0,,,passagers_invalides;
2,2024-01-01 00:48:23,2024-01-01 00:55:32,,1.39,,,237,263,0,13.18,0.0,0.5,0.0,0.0,1.0,17.18,,,passagers_invalides;
1,2024-01-14 10:19:06,2024-01-14 10:25:05,0.0,0.6,1.0,N,237,140,1,7.2,2.5,0.5,2.2,0.0,1.0,13.4,2.5,0.0,passagers_invalides;
1,2024-01-29 15:47:38,2024-01-29 16:14:08,0.0,6.7,1.0,N,236,144,2,33.1,2.5,0.5,0.0,0.0,1.0,37.1,2.5,0.0,passagers_invalides;
1,2024-01-27 17:11:29,2024-01-27 17:17:34,,0.9,,,262,141,0,7.2,2.5,0.5,2.05,0.0,1.0,15.75,,,passagers_invalides;
2,2024-01-04 09:10:10,2024-01-04 09:28:05,1.0,1.62,1.0,N,162,140,2,-16.3,0.0,-0.5,0.0,0.0,-1.0,-20.3,-2.5,0.0,montant_invalide;
2,2024-01-11 15:56:49,2024-01-11 16:17:20,,5.91,,,263,45,0,36.13,0.0,0.5,0.0,0.0,1.0,40.13,,,passagers_invalides;
1,2024-01-12 10:48:32,2024-01-12 11:11:05,0.0,2.7,1.0,N,161,236,1,21.2,2.5,0.5,5.0,0.0,1.0,30.2,2.5,0.0,passagers_invalides;
2,2024-01-17 11:27:55,2024-01-17 11:43:13,,3.17,,,238,74,0,25.74,0.0,0.5,0.0,0.0,1.0,29.74,,,passagers_invalides;
2,2024-01-09 13:23:50,2024-01-09 13:24:55,1.0,0.0,1.0,N,193,193,3,-3.0,0.0,-0.5,0.0,0.0,-1.0,-4.5,0.0,0.0,distance_invalide;montant_invalide;
1,2024-01-17 17:01:06,2024-01-17 17:11:38,,1.5,,,162,236,0,11.4,2.5,0.5,3.58,0.0,1.0,21.48,,,passagers_invalides;
2,2024-01-01 01:50:31,2024-01-01 01:51:29,1.0,0.17,1.0,N,107,107,4,-3.7,-1.0,-0.5,0.0,0.0,-1.0,-8.7,-2.5,0.0,montant_invalide;
1,2024-01-06 15:46:20,2024-01-06 16:00:58,,1.2,,,246,164,0,13.5,0.0,0.5,0.88,0.0,1.0,18.38,,,passagers_invalides;
2,2024-01-11 12:29:00,2024-01-11 12:49:00,,2.39,,,141,239,0,23.11,0.0,0.5,4.07,0.0,1.0,31.18,,,passagers_invalides;
1,2024-01-20 19:08:23,2024-01-20 19:17:02,0.0,1.4,1.0,N,236,238,1,10.7,2.5,0.5,2.9,0.0,1.0,17.6,2.5,0.0,passagers_invalides;
2,2024-01-12 17:14:56,2024-01-12 17:45:48,,6.53,,,42,50,0,34.06,0.0,0.5,1.9,0.0,1.0,39.96,,,passagers_invalides;
1,2024-01-10 06:34:04,2024-01-10 06:42:22,,0.0,,,141,75,0,10.23,0.0,0.5,0.0,0.0,1.0,14.23,,,distance_invalide;passagers_invalides;
2,2024-01-15 21:53:17,2024-01-15 22:07:19,,1.67,,,249,100,0,15.44,0.0,0.5,0.0,0.0,1.0,19.44,,,passagers_invalides;
2,2024-01-26 07:39:02,2024-01-26 07:53:52,,3.91,,,151,230,0,19.2,0.0,0.5,0.0,0.0,1.0,23.2,,,passagers_invalides;
1,2024-01-21 04:04:26,2024-01-21 04:05:12,1.0,0.0,5.0,N,148,148,1,20.0,0.0,0.0,4.2,0.0,1.0,25.2,0.0,0.0,distance_invalide;
2,2024-01-05 17:31:07,2024-01-05 17:45:49,,2.18,,,263,161,0,17.0,0.0,0.5,2.1,0.0,1.0,23.1,,,passagers_invalides;
1,2024-01-03 19:11:42,2024-01-03 19:25:57,,2.3,,,246,143,0,15.24,0.0,0.5,0.0,0.0,1.0,19.24,,,passagers_invalides;
2,2024-01-27 23:04:52,2024-01-27 23:04:58,1.0,0.0,5.0,N,141,141,1,84.0,0.0,0.0,2.0,0.0,1.0,89.5,2.5,0.0,distance_invalide;
1,2024-01-28 09:53:27,2024-01-28 09:56:03,,0.0,,,238,239,0,6.83,0.0,0.5,0.0,0.0,1.0,10.83,,,distance_invalide;passagers_invalides;
2,2024-01-17 21:44:23,2024-01-17 21:55:08,,2.48,,,170,4,0,14.96,0.0,0.5,0.0,0.0,1.0,18.96,,,passagers_invalides;
1,2024-01-23 15:57:06,2024-01-23 16:42:24,,7.4,,,170,106,0,41.38,0.0,0.5,0.0,0.0,1.0,45.38,,,passagers_invalides;
1,2024-01-24 09:53:40,2024-01-24 10:16:39,,1.2,,,233,161,0,12.09,0.0,0.5,0.0,0.0,1.0,16.09,,,passagers_invalides;
1,2024-01-04 18:56:32,2024-01-04 19:06:44,,1.6,,,161,90,0,10.7,2.5,0.5,2.58,0.0,1.0,19.78,,,passagers_invalides;
2,2024-01-21 02:53:04,2024-01-21 03:01:19,,1.11,,,249,79,0,10.06,0.0,0.5,0.0,0.0,1.0,14.06,,,passagers_invalides;
1,2024-01-29 08:22:25,2024-01-29 08:33:29,0.0,1.4,1.0,N,238,236,2,12.1,2.5,0.5,0.0,0.0,1.0,16.1,2.5,0.0,passagers_invalides;
2,2024-01-23 12:16:53,2024-01-23 12:35:32,1.0,0.0,1.0,N,233,107,1,15.6,0.0,0.5,3.92,0.0,1.0,23.52,2.5,0.0,distance_invalide;
1,2024-01-07 18:17:52,2024-01-07 18:24:56,,1.2,,,263,229,0,8.6,0.0,0.5,1.89,0.0,1.0,14.49,,,passagers_invalides;
2,2024-01-18 23:35:32,2024-01-18 23:36:02,1.0,0.0,1.0,N,41,41,2,3.0,1.0,0.5,0.0,0.0,1.0,5.5,0.0,0.0,distance_invalide;
2,2024-01-14 16:46:58,2024-01-14 16:47:35,1.0,0.0,1.0,N,113,113,2,3.0,0.0,0.5,0.0,0.0,1.0,7.0,2.5,0.0,distance_invalide;
1,2024-01-04 16:46:51,2024-01-04 16:54:51,0.0,0.9,1.0,N,236,75,1,8.6,5.0,0.5,3.0,0.0,1.0,18.1,2.5,0.0,passagers_invalides;
1,2024-01-01 03:58:55,2024-01-01 04:05:21,,0.0,,,249,158,0,7.83,0.0,0.5,0.0,0.0,1.0,11.83,,,distance_invalide;passagers_invalides;
1,2024-01-18 09:13:51,2024-01-18 09:34:56,,5.4,,,107,75,0,26.8,0.0,0.5,3.08,0.0,1.0,33.88,,,passagers_invalides;
2,2024-01-19 01:26:26,2024-01-19 01:29:32,1.0,0.59,1.0,N,114,249,4,-5.1,-1.0,-0.5,0.0,0.0,-1.0,-10.1,-2.5,0.0,montant_invalide;
2,2024-01-26 07:58:58,2024-01-26 08:07:20,,0.64,,,262,236,0,11.74,0.0,0.5,2.36,0.0,1.0,18.1,,,passagers_invalides;
2,2024-01-18 23:33:08,2024-01-18 23:41:39,,1.83,,,107,230,0,11.13,0.0,0.5,0.0,0.0,1.0,15.13,,,passagers_invalides;
1,2024-01-06 18:41:28,2024-01-06 18:54:02,0.0,2.1,1.0,Y,161,263,1,14.2,2.5,0.5,1.0,0.0,1.0,19.2,2.5,0.0,passagers_invalides;
1,2024-01-16 15:05:58,2024-01-16 15:19:00,,1.8,,,140,142,0,12.1,0.0,0.5,2.41,0.0,1.0,18.51,,,passagers_invalides;
1,2024-01-07 22:04:57,2024-01-07 22:13:41,0.0,1.2,1.0,N,186,233,1,10.0,3.5,0.5,3.0,0.0,1.0,18.0,2.5,0.0,passagers_invalides;
2,2024-01-20 10:59:51,2024-01-20 11:10:43,,1.79,,,87,232,0,15.2,0.0,0.5,3.84,0.0,1.0,23.04,,,passagers_invalides;
2,2024-01-27 21:27:43,2024-01-27 21:50:23,,2.63,,,246,79,0,20.36,0.0,0.5,0.0,0.0,1.0,24.36,,,passagers_invalides;
1,2024-01-18 21:42:14,2024-01-18 21:50:05,,1.3,,,263,141,0,9.3,1.0,0.5,2.15,0.0,1.0,16.45,,,passagers_invalides;
1,2024-01-25 09:40:45,2024-01-25 10:07:12,,1.7,,,137,237,0,18.29,0.0,0.5,0.0,0.0,1.0,22.29,,,passagers_invalides;
2,2024-01-29 18:23:20,2024-01-29 18:37:44,1.0,2.55,1.0,N,164,79,2,-16.3,-2.5,-0.5,0.0,0.0,-1.0,-22.8,-2.5,0.0,montant_invalide;
2,2024-01-31 05:26:21,2024-01-31 05:30:25,1.0,0.7,1.0,N,107,113,4,-6.5,-1.0,-0.5,0.0,0.0,-1.0,-11.5,-2.5,0.0,montant_invalide;
2,2024-01-04 19:16:44,2024-01-04 19:50:18,4.0,16.68,2.0,N,132,164,2,-70.0,-5.0,-0.5,0.0,-6.94,-1.0,-87.69,-2.5,-1.75,montant_invalide;
1,2024-01-23 00:22:16,2024-01-23 00:40:38,,4.7,,,79,239,0,28.9,1.0,0.5,5.09,0.0,1.0,38.99,,,passagers_invalides;
2,2024-01-18 23:33:43,2024-01-18 23:39:00,,1.21,,,249,231,0,7.67,0.0,0.5,0.0,0.0,1.0,11.67,,,passagers_invalides;
2,2024-01-24 18:28:11,2024-01-24 18:47:31,,1.99,,,141,142,0,22.95,0.0,0.5,6.74,0.0,1.0,33.69,,,passagers_invalides;
1,2024-01-01 10:56:45,2024-01-01 11:23:36,0.0,18.8,1.0,Y,132,255,1,69.5,1.75,0.5,14.55,0.0,1.0,87.3,0.0,1.75,passagers_invalides;
2,2024-01-14 01:03:16,2024-01-14 01:14:16,,3.1,,,79,141,0,17.51,0.0,0.5,0.0,0.0,1.0,21.51,,,passagers_invalides;
1,2024-01-11 18:43:28,2024-01-11 18:45:34,2.0,0.0,1.0,N,230,230,1,4.4,5.0,0.5,5.0,0.0,1.0,15.9,2.5,0.0,distance_invalide;
2,2024-01-27 17:17:41,2024-01-27 17:31:32,,1.52,,,113,164,0,17.47,0.0,0.5,3.22,0.0,1.0,24.69,,,passagers_invalides;
1,2024-01-18 10:14:15,2024-01-18 10:15:05,1.0,0.0,5.0,N,168,168,2,125.0,0.0,0.0,0.0,0.0,1.0,126.0,0.0,0.0,distance_invalide;
2,2024-01-25 00:50:41,2024-01-25 01:00:49,1.0,3.36,1.0,N,234,236,2,-15.6,-1.0,-0.5,0.0,0.0,-1.0,-20.6,-2.5,0.0,montant_invalide;
1,2024-01-27 11:01:45,2024-01-27 11:09:58,0.0,1.2,1.0,N,24,74,1,10.0,0.0,0.5,2.5,0.0,1.0,14.0,0.0,0.0,passagers_invalides;
2,2024-01-11 00:08:42,2024-01-11 00:16:16,3.0,1.28,1.0,N,158,246,4,-9.3,-1.0,-0.5,0.0,0.0,-1.0,-14.3,-2.5,0.0,montant_invalide;
2,2024-01-02 14:25:21,2024-01-02 14:25:24,3.0,0.0,5.0,N,1,264,1,110.0,0.0,0.5,22.3,0.0,1.0,133.8,0.0,0.0,distance_invalide;
1,2024-01-24 09:00:19,2024-01-24 09:17:45,,2.0,,,50,164,0,17.45,0.0,0.5,0.0,0.0,1.0,21.45,,,passagers_invalides;
2,2024-01-25 07:48:06,2024-01-25 08:12:18,,2.63,,,236,170,0,22.68,0.0,0.5,1.0,0.0,1.0,27.68,,,passagers_invalides;
2,2024-01-18 20:16:39,2024-01-18 20:22:34,,0.74,,,246,68,0,9.72,0.0,0.5,0.0,0.0,1.0,13.72,,,passagers_invalides;
2,2024-01-05 22:08:44,2024-01-05 22:19:27,,1.3,,,79,249,0,12.79,0.0,0.5,0.0,0.0,1.0,16.79,,,passagers_invalides;
1,2024-01-19 18:43:45,2024-01-19 18:53:19,,1.4,,,236,239,0,10.0,2.5,0.5,2.48,0.0,1.0,18.98,,,passagers_invalides;
2,2024-01-23 20:47:56,2024-01-23 20:59:34,,2.25,,,231,90,0,15.27,0.0,0.5,3.85,0.0,1.0,23.12,,,passagers_invalides;
1,2024-01-13 23:44:42,2024-01-13 23:45:52,2.0,0.0,1.0,N,79,79,1,3.7,3.5,0.5,1.0,0.0,1.0,9.7,2.5,0.0,distance_invalide;
1,2024-01-08 15:47:53,2024-01-08 15:56:57,1.0,0.0,99.0,N,107,234,1,16.5,0.0,0.5,0.0,0.0,1.0,18.0,0.0,0.0,distance_invalide;
1,2024-01-23 14:00:37,2024-01-23 14:09:14,0.0,1.7,1.0,N,264,230,1,10.7,2.5,0.5,3.0,0.0,1.0,17.7,2.5,0.0,passagers_invalides;
2,2024-01-02 16:43:04,2024-01-02 16:43:10,3.0,0.0,1.0,N,186,186,2,-3.0,-2.5,-0.5,0.0,0.0,-1.0,-9.5,-2.5,0.0,distance_invalide;montant_invalide;
2,2024-01-23 18:02:43,2024-01-23 18:19:59,,2.3,,,87,158,0,17.8,0.0,0.5,0.0,0.0,1.0,21.8,,,passagers_invalides;
2,2024-01-02 07:41:53,2024-01-02 07:59:03,,5.21,,,263,42,0,20.11,0.0,0.5,0.0,0.0,1.0,24.11,,,passagers_invalides;
2,2024-01-03 18:26:33,2024-01-03 18:53:40,,4.8,,,236,249,0,32.09,0.0,0.5,0.0,0.0,1.0,36.09,,,passagers_invalides;
1,2024-01-23 15:09:11,2024-01-23 15:15:27,0.0,0.7,1.0,N,164,107,1,7.9,2.5,0.5,3.57,0.0,1.0,15.47,2.5,0.0,passagers_invalides;
2,2024-01-26 08:09:56,2024-01-26 08:10:07,2.0,0.0,2.0,N,132,132,2,0.0,0.0,0.5,0.0,0.0,1.0,3.25,0.0,1.75,distance_invalide;montant_invalide;
2,2024-01-18 16:44:33,2024-01-18 17:47:17,,16.53,,,233,1,0,79.22,0.0,0.0,0.0,22.38,1.0,102.6,,,passagers_invalides;
2,2024-01-10 08:19:41,2024-01-10 08:29:45,1.0,1.18,1.0,N,41,75,4,-9.3,0.0,-0.5,0.0,0.0,-1.0,-10.8,0.0,0.0,montant_invalide;
2,2024-01-10 16:46:11,2024-01-10 17:03:13,1.0,0.0,1.0,N,237,113,2,14.2,2.5,0.5,0.0,0.0,1.0,20.7,2.5,0.0,distance_invalide;
2,2024-01-15 20:17:03,2024-01-15 20:56:43,1.0,18.79,2.0,N,132,211,4,-70.0,0.0,-0.5,0.0,0.0,-1.0,-75.75,-2.5,-1.75,montant_invalide;
1,2024-01-05 14:52:43,2024-01-05 15:00:58,0.0,0.3,1.0,N,237,237,1,8.6,2.5,0.5,2.5,0.0,1.0,15.1,2.5,0.0,passagers_invalides;
1,2024-01-07 01:42:46,2024-01-07 01:49:33,,0.0,,,211,234,0,13.43,0.0,0.5,0.0,0.0,1.0,17.43,,,distance_invalide;passagers_invalides;
2,2024-01-13 01:28:03,2024-01-13 01:28:17,1.0,0.0,5.0,N,142,142,1,9.1,0.0,0.0,2.5,0.0,1.0,15.1,2.5,0.0,distance_invalide;
1,2024-01-27 18:22:25,2024-01-27 18:30:03,0.0,0.7,1.0,N,249,90,1,8.6,2.5,0.5,2.5,0.0,1.0,15.1,2.5,0.0,passagers_invalides;
2,2024-01-14 23:52:19,2024-01-15 00:12:34,1.0,13.23,1.0,N,132,198,2,-49.9,-1.0,-0.5,0.0,0.0,-1.0,-54.15,0.0,-1.75,montant_invalide;
2,2024-01-28 03:38:56,2024-01-28 03:45:35,,1.26,,,249,211,0,12.44,0.0,0.5,0.0,0.0,1.0,16.44,,,passagers_invalides;
1,2024-01-19 15:50:37,2024-01-19 15:51:11,0.0,0.0,1.0,N,145,145,3,3.0,0.0,0.5,0.0,0.0,1.0,4.5,0.0,0.0,distance_invalide;passagers_invalides;
2,2024-01-31 18:39:23,2024-01-31 18:39:35,1.0,0.0,1.0,N,90,90,1,3.0,2.5,0.5,5.0,0.0,1.0,14.5,2.5,0.0,distance_invalide;
1,2024-01-06 22:32:56,2024-01-06 22:46:42,,0.0,,,249,79,0,11.86,0.0,0.5,0.0,0.0,1.0,15.86,,,distance_invalide;passagers_invalides;
1,2024-01-13 12:01:25,2024-01-13 12:06:36,0.0,1.0,1.0,N,236,140,2,7.9,2.5,0.5,0.0,0.0,1.0,11.9,2.5,0.0,passagers_invalides;
1,2024-01-31 15:59:40,2024-01-31 16:34:46,,4.8,,,238,107,0,30.21,0.0,0.5,0.0,0.0,1.0,34.21,,,passagers_invalides;
2,2024-01-16 22:35:58,2024-01-16 22:41:41,,0.92,,,230,100,0,11.1,0.0,0.5,0.0,0.0,1.0,15.1,,,passagers_invalides;
1,2024-01-10 13:30:53,2024-01-10 13:43:40,0.0,2.0,1.0,N,141,43,1,14.2,2.5,0.5,3.6,0.0,1.0,21.8,2.5,0.0,passagers_invalides;
2,2024-01-06 16:44:19,2024-01-06 17:10:32,,4.92,,,140,158,0,31.34,0.0,0.5,0.0,0.0,1.0,35.34,,,passagers_invalides;
2,2024-01-11 17:35:40,2024-01-11 17:36:22,2.0,0.0,5.0,N,87,264,1,35.0,0.0,0.5,7.3,0.0,1.0,43.8,0.0,0.0,distance_invalide;
2,2024-01-25 18:59:35,2024-01-25 19:05:59,,1.23,,,43,236,0,10.93,0.0,0.5,0.0,0.0,1.0,14.93,,,passagers_invalides;
1,2024-01-07 10:37:32,2024-01-07 10:44:14,0.0,2.2,1.0,N,224,140,2,10.7,2.5,0.5,0.0,0.0,1.0,14.7,2.5,0.0,passagers_invalides;
1,2024-01-05 12:59:29,2024-01-05 13:19:43,,2.6,,,162,238,0,16.5,0.0,0.5,0.0,0.0,1.0,20.5,,,passagers_invalides;
1,2024-01-13 17:56:45,2024-01-13 18:15:38,,0.0,,,143,263,0,14.09,0.0,0.5,0.0,0.0,1.0,18.09,,,distance_invalide;passagers_invalides;
1,2024-01-07 01:42:47,2024-01-07 01:58:33,,0.0,,,211,141,0,21.61,0.0,0.5,0.0,0.0,1.0,25.61,,,distance_invalide;passagers_invalides;
1,2024-01-14 04:33:50,2024-01-14 04:54:10,,3.5,,,141,68,0,21.9,1.0,0.5,5.38,0.0,1.0,32.28,,,passagers_invalides;
1,2024-01-29 18:03:35,2024-01-29 18:03:53,1.0,0.0,1.0,N,237,237,3,3.0,5.0,0.5,0.0,0.0,1.0,9.5,2.5,0.0,distance_invalide;
2,2024-01-29 19:36:23,2024-01-29 19:36:32,2.0,0.0,1.0,N,132,132,2,3.0,2.5,0.5,0.0,0.0,1.0,8.75,0.0,1.75,distance_invalide;
1,2024-01-30 21:16:33,2024-01-30 21:20:36,0.0,0.5,1.0,N,113,113,1,5.8,3.5,0.5,0.0,0.0,1.0,10.8,2.5,0.0,passagers_invalides;
2,2024-01-04 16:24:54,2024-01-04 16:42:55,2.0,8.39,1.0,N,138,229,4,-33.8,-7.5,-0.5,0.0,-6.94,-1.0,-53.99,-2.5,-1.75,montant_invalide;
6,2024-01-20 09:01:43,2024-01-20 10:01:07,,11.97,,,265,238,0,32.39,0.5,0.0,0.0,0.0,0.3,33.19,,,passagers_invalides;
2,2024-01-20 23:54:36,2024-01-21 00:08:53,,4.61,,,107,87,0,19.83,0.0,0.5,0.0,0.0,1.0,23.83,,,passagers_invalides;
2,2024-01-10 19:26:04,2024-01-10 19:46:01,1.0,3.36,1.0,N,100,236,4,-21.2,-2.5,-0.5,0.0,0.0,-1.0,-27.7,-2.5,0.0,montant_invalide;
1,2024-01-24 22:45:02,2024-01-24 22:52:17,0.0,1.6,1.0,N,161,234,1,10.0,3.5,0.5,3.0,0.0,1.0,18.0,2.5,0.0,passagers_invalides;
2,2024-01-18 20:14:50,2024-01-18 20:33:03,,3.23,,,161,238,0,20.79,0.0,0.5,0.0,0.0,1.0,24.79,,,passagers_invalides;
2,2024-01-12 17:58:18,2024-01-12 18:13:30,2.0,3.19,1.0,N,33,255,4,-19.1,-2.5,-0.5,0.0,0.0,-1.0,-23.1,0.0,0.0,montant_invalide;
1,2024-01-08 11:00:19,2024-01-08 11:19:54,0.0,2.4,1.0,N,261,246,2,18.4,2.5,0.5,0.0,0.0,1.0,22.4,2.5,0.0,passagers_invalides;
2,2024-01-30 14:01:16,2024-01-30 14:05:35,,0.65,,,140,262,0,10.33,0.0,0.5,0.0,0.0,1.0,14.33,,,passagers_invalides;
2,2024-01-14 13:12:00,2024-01-14 13:27:00,,2.79,,,143,186,0,16.37,0.0,0.5,3.06,0.0,1.0,23.43,,,passagers_invalides;
1,2024-01-18 07:39:13,2024-01-18 07:39:26,0.0,0.0,1.0,N,145,145,2,3.0,0.0,0.5,0.0,0.0,1.0,4.5,0.0,0.0,distance_invalide;passagers_invalides;
1,2024-01-28 09:34:00,2024-01-28 09:48:57,,2.6,,,236,230,0,14.2,0.0,0.5,3.64,0.0,1.0,21.84,,,passagers_invalides;
1,2024-01-08 08:18:09,2024-01-08 08:23:05,0.0,0.8,1.0,N,237,161,1,7.2,2.5,0.5,2.75,0.0,1.0,13.95,2.5,0.0,passagers_invalides;
2,2024-01-20 14:26:33,2024-01-20 14:44:53,,3.28,,,244,47,0,20.03,0.0,0.5,4.31,0.0,1.0,25.84,,,passagers_invalides;
2,2024-01-28 22:52:00,2024-01-28 23:08:49,1.0,9.68,1.0,N,138,65,4,-37.3,-6.0,-0.5,0.0,0.0,-1.0,-46.55,0.0,-1.75,montant_invalide;
2,2024-01-23 18:48:41,2024-01-23 18:53:47,1.0,0.47,1.0,N,239,142,4,-6.5,-2.5,-0.5,0.0,0.0,-1.0,-13.0,-2.5,0.0,montant_invalide;
2,2024-01-16 20:31:01,2024-01-16 20:40:23,,0.61,,,161,162,0,8.08,0.0,0.5,0.0,0.0,1.0,12.08,,,passagers_invalides;
2,2024-01-20 20:01:07,2024-01-20 20:25:07,,2.5,,,170,158,0,21.42,0.0,0.5,0.0,0.0,1.0,25.42,,,passagers_invalides;
2,2024-01-18 23:21:35,2024-01-18 23:29:23,,1.37,,,68,113,0,14.58,0.0,0.5,0.0,0.0,1.0,18.58,,,passagers_invalides;
2,2024-01-07 02:02:37,2024-01-07 02:07:04,,0.67,,,114,144,0,12.33,0.0,0.5,0.0,0.0,1.0,16.33,,,passagers_invalides;
1,2024-01-12 14:14:03,2024-01-12 14:34:25,,0.0,,,262,239,0,19.87,0.0,0.5,0.0,0.0,1.0,23.87,,,distance_invalide;passagers_invalides;
1,2024-01-30 10:43:14,2024-01-30 10:49:20,,0.7,,,90,164,0,7.2,0.0,0.5,1.68,0.0,1.0,12.88,,,passagers_invalides;
2,2024-01-15 11:34:24,2024-01-15 11:44:19,,4.36,,,262,4,0,17.34,0.0,0.5,0.0,0.0,1.0,21.34,,,passagers_invalides;
1,2024-01-01 06:57:16,2024-01-01 07:13:53,,0.0,,,244,238,0,19.96,0.0,0.5,0.0,0.0,1.0,23.96,,,distance_invalide;passagers_invalides;
1,2024-01-01 03:39:59,2024-01-01 04:09:44,,0.0,,,150,91,0,23.31,0.0,0.5,0.0,0.0,1.0,24.81,,,distance_invalide;passagers_invalides;
2,2024-01-04 21:25:50,2024-01-04 21:46:36,2.0,6.19,1.0,N,224,238,4,-29.6,-1.0,-0.5,0.0,0.0,-1.0,-34.6,-2.5,0.0,montant_invalide;
2,2024-01-17 16:34:58,2024-01-17 16:35:04,1.0,0.0,5.0,N,100,100,1,86.0,0.0,0.0,22.38,0.0,1.0,111.88,2.5,0.0,distance_invalide;
1,2024-01-08 21:20:11,2024-01-08 21:55:51,0.0,17.9,2.0,N,132,164,1,70.0,4.25,0.5,16.5,6.94,1.0,99.19,2.5,1.75,passagers_invalides;
2,2024-01-06 23:36:42,2024-01-06 23:58:01,,4.93,,,158,236,0,25.16,0.0,0.5,0.0,0.0,1.0,29.16,,,passagers_invalides;
1,2024-01-15 13:40:38,2024-01-15 13:45:29,0.0,0.9,1.0,N,170,229,1,7.2,2.5,0.5,2.2,0.0,1.0,13.4,2.5,0.0,passagers_invalides;
1,2024-01-06 19:39:36,2024-01-06 20:09:03,0.0,4.8,1.0,N,141,68,1,30.3,2.5,0.5,6.85,0.0,1.0,41.15,2.5,0.0,passagers_invalides;
2,2024-01-17 09:11:23,2024-01-17 09:33:11,,2.48,,,50,170,0,19.29,0.0,0.5,2.0,0.0,1.0,25.29,,,passagers_invalides;
2,2024-01-17 23:05:40,2024-01-17 23:08:50,1.0,0.68,1.0,N,48,100,4,-5.8,-1.0,-0.5,0.0,0.0,-1.0,-10.8,-2.5,0.0,montant_invalide;
2,2024-01-29 12:13:14,2024-01-29 12:24:30,,1.69,,,71,188,0,12.58,0.0,0.5,0.0,0.0,1.0,14.08,,,passagers_invalides;
2,2024-01-05 00:01:02,2024-01-05 00:06:13,5.0,0.59,1.0,N,113,113,3,-6.5,-1.0,-0.5,0.0,0.0,-1.0,-11.5,-2.5,0.0,montant_invalide;
2,2024-01-09 18:30:44,2024-01-09 18:52:47,,4.1,,,79,50,0,-0.92,0.0,0.5,0.0,0.0,1.0,3.08,,,montant_invalide;passagers_invalides;
1,2024-01-10 13:41:17,2024-01-10 13:42:36,1.0,0.0,5.0,N,132,132,1,90.0,1.75,0.0,0.0,0.0,1.0,92.75,0.0,1.75,distance_invalide;
2,2024-01-30 22:35:05,2024-01-30 22:45:56,,1.16,,,161,141,0,8.58,0.0,0.5,0.0,0.0,1.0,12.58,,,passagers_invalides;
2,2024-01-09 21:20:34,2024-01-09 21:24:23,,0.47,,,234,79,0,9.58,0.0,0.5,0.0,0.0,1.0,13.58,,,passagers_invalides;
1,2024-01-18 20:11:30,2024-01-18 20:19:50,,0.9,,,161,162,0,7.9,1.0,0.5,1.94,0.0,1.0,14.84,,,passagers_invalides;
2,2024-01-28 00:50:06,2024-01-28 01:09:59,,4.86,,,114,236,0,30.16,0.0,0.5,0.0,0.0,1.0,34.16,,,passagers_invalides;
1,2024-01-27 12:53:40,2024-01-27 12:59:06,0.0,0.9,1.0,N,163,237,1,7.2,2.5,0.5,1.0,0.0,1.0,12.2,2.5,0.0,passagers_invalides;
2,2024-01-13 09:37:04,2024-01-13 09:41:13,,0.75,,,230,230,0,11.74,0.0,0.5,3.15,0.0,1.0,18.89,,,passagers_invalides;
2,2024-01-06 00:47:49,2024-01-06 00:56:30,,1.61,,,148,107,0,-1.0,0.0,0.5,0.0,0.0,1.0,3.0,,,montant_invalide;passagers_invalides;
2,2024-01-09 17:54:01,2024-01-09 18:10:48,,1.71,,,231,232,0,27.05,0.0,0.5,3.1,0.0,1.0,34.15,,,passagers_invalides;
1,2024-01-20 13:53:56,2024-01-20 14:14:05,,0.0,,,140,186,0,20.47,0.0,0.5,0.0,0.0,1.0,24.47,,,distance_invalide;passagers_invalides;
2,2024-01-17 08:58:04,2024-01-17 09:18:41,,2.1,,,48,140,0,16.8,0.0,0.5,4.16,0.0,1.0,24.96,,,passagers_invalides;
1,2024-01-06 05:24:28,2024-01-06 05:45:15,1.0,0.0,1.0,N,18,243,1,22.5,0.0,0.5,0.0,0.0,1.0,24.0,0.0,0.0,distance_invalide;
1,2024-01-26 13:06:07,2024-01-26 13:16:44,0.0,2.0,1.0,N,236,239,1,12.8,2.5,0.5,1.0,0.0,1.0,17.8,2.5,0.0,passagers_invalides;
2,2024-01-02 07:11:28,2024-01-02 07:26:27,,3.58,,,42,75,0,17.43,0.0,0.5,0.0,0.0,1.0,18.93,,,passagers_invalides;
2,2024-01-26 19:48:46,2024-01-26 19:52:57,1.0,0.8,1.0,N,229,161,2,-6.5,-2.5,-0.5,0.0,0.0,-1.0,-13.0,-2.5,0.0,montant_invalide;
2,2024-01-16 16:42:39,2024-01-16 16:51:32,,1.59,,,100,107,0,15.84,0.0,0.5,0.0,0.0,1.0,19.84,,,passagers_invalides;
2,2024-01-17 17:48:41,2024-01-17 17:59:20,,1.22,,,161,100,0,16.73,0.0,0.5,0.0,0.0,1.0,20.73,,,passagers_invalides;
2,2024-01-23 08:56:31,2024-01-23 09:23:22,,4.93,,,239,158,0,27.52,0.0,0.5,0.0,0.0,1.0,31.52,,,passagers_invalides;
1,2024-01-17 16:18:17,2024-01-17 17:06:38,1.0,0.0,99.0,N,107,258,1,36.5,0.0,0.5,0.0,6.94,1.0,44.94,0.0,0.0,distance_invalide;
2,2024-01-28 10:47:11,2024-01-28 10:55:32,,1.78,,,238,141,0,10.17,0.0,0.5,0.0,0.0,1.0,14.17,,,passagers_invalides;
2,2024-01-23 07:10:15,2024-01-23 07:18:48,1.0,0.96,1.0,N,52,33,4,-9.3,0.0,-0.5,0.0,0.0,-1.0,-10.8,0.0,0.0,montant_invalide;
1,2024-01-24 16:18:01,2024-01-24 16:40:06,,1.4,,,50,164,0,14.85,0.0,0.5,0.0,0.0,1.0,18.85,,,passagers_invalides;
2,2024-01-27 19:41:47,2024-01-27 19:42:14,4.0,0.0,5.0,N,13,13,1,3.0,0.0,0.0,0.0,0.0,1.0,6.5,2.5,0.0,distance_invalide;
2,2024-01-06 16:27:18,2024-01-06 16:35:09,,0.96,,,163,230,0,13.65,0.0,0.5,0.0,0.0,1.0,17.65,,,passagers_invalides;
2,2024-01-18 07:32:12,2024-01-18 07:41:31,,2.37,,,239,161,0,12.24,0.0,0.5,0.0,0.0,1.0,16.24,,,passagers_invalides;
1,2024-01-08 19:41:34,2024-01-08 20:00:17,,0.0,,,141,87,0,23.55,0.0,0.5,0.0,0.0,1.0,27.55,,,distance_invalide;passagers_invalides;
2,2024-01-11 20:45:08,2024-01-11 20:45:14,2.0,0.0,1.0,N,132,132,2,3.0,1.0,0.5,0.0,0.0,1.0,7.25,0.0,1.75,distance_invalide;
1,2024-01-18 15:10:11,2024-01-18 15:23:21,0.0,1.5,1.0,N,75,237,2,13.5,2.5,0.5,0.0,0.0,1.0,17.5,2.5,0.0,passagers_invalides;
1,2024-01-24 21:49:06,2024-01-24 22:06:25,1.0,0.0,1.0,N,249,256,1,14.9,3.5,0.5,4.95,0.0,1.0,24.85,2.5,0.0,distance_invalide;
1,2024-01-23 12:09:05,2024-01-23 12:36:08,,2.7,,,237,48,0,20.5,0.0,0.5,4.9,0.0,1.0,29.4,,,passagers_invalides;
2,2024-01-18 16:56:15,2024-01-18 16:56:20,1.0,0.0,2.0,N,142,142,2,70.0,5.0,0.5,0.0,0.0,1.0,79.0,2.5,0.0,distance_invalide;
1,2024-01-19 12:22:42,2024-01-19 12:40:08,,5.2,,,186,13,0,22.16,0.0,0.5,0.0,0.0,1.0,26.16,,,passagers_invalides;
2,2024-01-26 10:17:27,2024-01-26 10:22:31,,0.83,,,263,262,0,13.02,0.0,0.5,0.0,0.0,1.0,17.02,,,passagers_invalides;
2,2024-01-23 19:30:27,2024-01-23 19:38:06,1.0,1.36,1.0,N,162,107,4,-9.3,-2.5,-0.5,0.0,0.0,-1.0,-15.8,-2.5,0.0,montant_invalide;
2,2024-01-06 17:33:17,2024-01-06 17:41:26,,0.69,,,263,236,0,11.74,0.0,0.5,3.15,0.0,1.0,18.89,,,passagers_invalides;
1,2024-01-16 20:37:00,2024-01-16 20:44:36,,0.0,,,230,229,0,15.77,0.0,0.5,0.0,0.0,1.0,19.77,,,distance_invalide;passagers_invalides;
2,2024-01-18 01:23:52,2024-01-18 01:35:52,,1.87,,,90,170,0,8.46,0.0,0.5,0.0,0.0,1.0,12.46,,,passagers_invalides;
2,2024-01-02 13:36:48,2024-01-02 13:36:56,1.0,0.0,1.0,N,193,193,2,3.0,0.0,0.5,0.0,0.0,1.0,4.5,0.0,0.0,distance_invalide;
1,2024-01-10 10:20:41,2024-01-10 10:39:22,,2.2,,,236,161,0,17.7,0.0,0.5,3.26,0.0,1.0,24.96,,,passagers_invalides;
1,2024-01-17 20:28:17,2024-01-17 20:33:17,,1.2,,,142,100,0,7.9,1.0,0.5,1.94,0.0,1.0,14.84,,,passagers_invalides;
2,2024-01-31 21:19:34,2024-01-31 21:30:08,1.0,0.0,1.0,N,239,152,1,10.0,1.0,0.5,3.0,0.0,1.0,18.0,2.5,0.0,distance_invalide;
1,2024-01-19 21:52:36,2024-01-19 22:03:33,0.0,1.4,1.0,N,90,114,1,11.4,3.5,0.5,3.25,0.0,1.0,19.65,2.5,0.0,passagers_invalides;
1,2024-01-09 21:59:47,2024-01-09 22:10:36,,0.0,,,163,48,0,11.73,0.0,0.5,0.0,0.0,1.0,15.73,,,distance_invalide;passagers_invalides;
2,2024-01-01 03:41:37,2024-01-01 03:54:17,,3.27,,,164,263,0,31.48,0.0,0.5,0.0,0.0,1.0,35.48,,,passagers_invalides;
2,2024-01-20 21:22:35,2024-01-20 21:29:37,1.0,1.32,1.0,N,161,142,4,-9.3,-1.0,-0.5,0.0,0.0,-1.0,-14.3,-2.5,0.0,montant_invalide;
2,2024-01-17 21:08:39,2024-01-17 21:23:46,,2.14,,,162,239,0,14.75,0.0,0.5,0.0,0.0,1.0,18.75,,,passagers_invalides;
2,2024-01-20 22:37:59,2024-01-20 22:56:48,,2.29,,,231,4,0,20.12,0.0,0.5,0.0,0.0,1.0,24.12,,,passagers_invalides;
2,2024-01-28 10:50:45,2024-01-28 10:57:28,,1.91,,,239,48,0,11.74,0.0,0.5,3.15,0.0,1.0,18.89,,,passagers_invalides;
2,2024-01-28 14:17:07,2024-01-28 14:59:39,,11.48,,,189,151,0,1.09,0.0,0.5,0.0,0.0,1.0,5.09,,,passagers_invalides;
2,2024-01-16 06:30:26,2024-01-16 06:41:11,,1.71,,,209,114,0,11.74,0.0,0.5,0.0,0.0,1.0,15.74,,,passagers_invalides;
2,2024-01-20 23:13:01,2024-01-20 23:24:54,,1.37,,,144,79,0,9.17,0.0,0.5,0.0,0.0,1.0,13.17,,,passagers_invalides;
2,2024-01-30 07:44:12,2024-01-30 08:05:29,,4.3,,,100,166,0,26.14,0.0,0.5,0.0,0.0,1.0,30.14,,,passagers_invalides;
2,2024-01-20 19:56:56,2024-01-20 20:08:04,,3.58,,,263,233,0,14.88,0.0,0.5,0.0,0.0,1.0,18.88,,,passagers_invalides;
1,2024-01-31 13:51:58,2024-01-31 14:01:49,1.0,0.0,1.0,N,114,249,1,9.3,2.5,0.5,2.65,0.0,1.0,15.95,2.5,0.0,distance_invalide;
2,2024-01-11 08:55:37,2024-01-11 09:22:47,,2.43,,,137,48,0,25.85,0.0,0.5,0.0,0.0,1.0,29.85,,,passagers_invalides;
1,2024-01-11 20:37:38,2024-01-11 20:50:01,,1.2,,,162,230,0,11.4,1.0,0.5,3.28,0.0,1.0,19.68,,,passagers_invalides;
2,2024-01-07 14:53:19,2024-01-07 15:42:00,1.0,19.25,2.0,N,132,50,4,-70.0,0.0,-0.5,0.0,-6.94,-1.0,-82.69,-2.5,-1.75,montant_invalide;
2,2024-01-16 22:59:24,2024-01-16 23:06:36,,1.33,,,234,68,0,10.54,0.0,0.5,0.0,0.0,1.0,14.54,,,passagers_invalides;
2,2024-01-16 21:39:14,2024-01-16 22:01:04,,4.8,,,48,232,0,29.5,0.0,0.5,6.7,0.0,1.0,40.2,,,passagers_invalides;
1,2024-01-14 20:36:50,2024-01-14 20:47:32,0.0,2.4,1.0,N,230,238,1,13.5,3.5,0.5,2.78,0.0,1.0,21.28,2.5,0.0,passagers_invalides;
1,2024-01-10 08:02:11,2024-01-10 08:13:07,,0.0,,,143,249,0,17.02,0.0,0.5,0.0,0.0,1.0,21.02,,,distance_invalide;passagers_invalides;
2,2024-01-01 04:49:07,2024-01-01 05:06:57,,5.67,,,112,48,0,25.47,0.0,0.5,0.0,6.94,1.0,36.41,,,passagers_invalides;
2,2024-01-25 17:59:50,2024-01-25 18:14:27,,2.12,,,238,237,0,15.54,0.0,0.5,0.0,0.0,1.0,19.54,,,passagers_invalides;
1,2024-01-29 11:17:55,2024-01-29 11:38:04,0.0,2.2,1.0,N,246,234,2,19.8,2.5,0.5,0.0,0.0,1.0,23.8,2.5,0.0,passagers_invalides;
2,2024-01-18 23:22:11,2024-01-18 23:28:38,,1.23,,,114,125,0,9.44,0.0,0.5,0.0,0.0,1.0,13.44,,,passagers_invalides;
1,2024-01-13 01:04:11,2024-01-13 01:05:19,1.0,0.0,1.0,N,48,48,1,3.7,3.5,0.5,1.7,0.0,1.0,10.4,2.5,0.0,distance_invalide;
2,2024-01-16 06:47:01,2024-01-16 06:49:53,1.0,0.96,1.0,N,263,75,3,-5.8,0.0,-0.5,0.0,0.0,-1.0,-9.8,-2.5,0.0,montant_invalide;
2,2024-01-27 14:56:22,2024-01-27 15:06:09,1.0,1.26,1.0,N,164,137,2,-10.7,0.0,-0.5,0.0,0.0,-1.0,-14.7,-2.5,0.0,montant_invalide;
1,2024-01-02 00:31:05,2024-01-02 00:45:19,,0.0,,,85,72,0,8.63,0.0,0.5,0.0,0.0,1.0,10.13,,,distance_invalide;passagers_invalides;
2,2024-01-28 14:06:34,2024-01-28 14:14:22,,0.62,,,140,237,0,8.33,0.0,0.5,0.0,0.0,1.0,12.33,,,passagers_invalides;
1,2024-01-17 08:26:54,2024-01-17 08:33:43,0.0,0.6,1.0,N,52,33,1,6.5,0.0,0.5,2.0,0.0,1.0,10.0,0.0,0.0,passagers_invalides;
2,2024-01-08 15:23:37,2024-01-08 15:27:01,2.0,0.11,1.0,N,100,68,4,-5.1,0.0,-0.5,0.0,0.0,-1.0,-9.1,-2.5,0.0,montant_invalide;
1,2024-01-10 00:02:40,2024-01-10 00:03:17,1.0,0.0,5.0,N,186,186,1,123.0,0.0,0.0,0.0,6.94,1.0,130.94,0.0,0.0,distance_invalide;
2,2024-01-16 17:02:11,2024-01-16 17:58:41,1.0,28.5,2.0,N,132,13,2,0.0,0.0,-0.5,0.0,0.0,-1.0,-5.75,-2.5,-1.75,montant_invalide;
2,2024-01-31 22:04:56,2024-01-31 22:20:01,,3.33,,,234,87,0,28.23,0.0,0.5,6.45,0.0,1.0,38.68,,,passagers_invalides;
2,2024-01-19 13:28:16,2024-01-19 13:37:21,,0.93,,,141,262,0,11.74,0.0,0.5,4.72,0.0,1.0,20.46,,,passagers_invalides;
2,2024-01-29 01:51:49,2024-01-29 01:52:15,1.0,0.0,1.0,N,151,238,3,3.0,1.0,0.5,0.0,0.0,1.0,5.5,0.0,0.0,distance_invalide;
1,2024-01-16 09:26:26,2024-01-16 09:44:28,,6.3,,,140,88,0,23.27,0.0,0.5,0.0,0.0,1.0,27.27,,,passagers_invalides;
1,2024-01-23 21:46:52,2024-01-23 21:53:05,,1.0,,,238,236,0,7.9,1.0,0.5,1.93,0.0,1.0,14.83,,,passagers_invalides;
2,2024-01-01 00:46:43,2024-01-01 01:17:13,,4.78,,,113,236,0,27.58,0.0,0.5,0.0,0.0,1.0,31.58,,,passagers_invalides;
2,2024-01-30 20:29:53,2024-01-30 20:42:20,,1.14,,,161,233,0,8.65,0.0,0.5,0.0,0.0,1.0,12.65,,,passagers_invalides;
2,2024-01-30 22:44:27,2024-01-30 22:54:47,,1.47,,,68,114,0,12.03,0.0,0.5,0.0,0.0,1.0,16.03,,,passagers_invalides;
2,2024-01-04 08:53:18,2024-01-04 08:53:30,1.0,0.0,1.0,N,234,234,2,3.0,0.0,0.5,0.0,0.0,1.0,7.0,2.5,0.0,distance_invalide;
2,2024-01-24 17:30:31,2024-01-24 17:51:45,,2.29,,,246,163,0,17.0,0.0,0.5,0.0,0.0,1.0,21.0,,,passagers_invalides;
1,2024-01-10 17:14:42,2024-01-10 17:37:54,0.0,2.8,1.0,N,170,43,1,18.4,5.0,0.5,7.45,0.0,1.0,32.35,2.5,0.0,passagers_invalides;
1,2024-01-18 16:49:01,2024-01-18 17:07:26,0.0,2.3,1.0,N,249,170,1,17.7,5.0,0.5,3.0,0.0,1.0,27.2,2.5,0.0,passagers_invalides;
2,2024-01-28 17:30:24,2024-01-28 17:33:54,,0.01,,,237,237,0,9.99,0.0,0.5,0.0,0.0,1.0,13.99,,,passagers_invalides;
1,2024-01-12 17:17:41,2024-01-12 17:23:47,,1.0,,,143,163,0,7.2,2.5,0.5,2.05,0.0,1.0,15.75,,,passagers_invalides;
1,2024-01-04 06:47:09,2024-01-04 07:08:18,,0.0,,,264,138,0,35.33,5.0,0.5,0.0,6.94,1.0,51.27,,,distance_invalide;passagers_invalides;
1,2024-01-18 06:57:12,2024-01-18 07:15:24,,0.0,,,74,107,0,29.63,0.0,0.5,0.0,0.0,1.0,33.63,,,distance_invalide;passagers_invalides;
2,2024-01-20 23:27:56,2024-01-20 23:44:55,,2.36,,,231,107,0,16.6,0.0,0.5,0.0,0.0,1.0,20.6,,,passagers_invalides;
1,2024-01-18 23:20:00,2024-01-18 23:34:12,,0.0,,,79,263,0,26.08,0.0,0.5,0.0,0.0,1.0,30.08,,,distance_invalide;passagers_invalides;
1,2024-01-15 09:18:07,2024-01-15 09:27:11,0.0,1.8,1.0,N,236,229,1,11.4,2.5,0.5,3.05,0.0,1.0,18.45,2.5,0.0,passagers_invalides;
2,2024-01-12 11:29:09,2024-01-12 11:29:39,1.0,0.0,2.0,N,140,140,2,70.0,0.0,0.5,0.0,6.94,1.0,80.94,2.5,0.0,distance_invalide;
1,2024-01-19 01:05:42,2024-01-19 01:23:49,,4.1,,,234,238,0,17.74,0.0,0.5,0.0,0.0,1.0,21.74,,,passagers_invalides;
2,2024-01-20 17:09:43,2024-01-20 17:16:54,,0.92,,,236,141,0,6.83,0.0,0.5,0.0,0.0,1.0,10.83,,,passagers_invalides;
2,2024-01-13 17:37:11,2024-01-13 18:04:02,,5.16,,,228,68,0,35.93,0.0,0.5,4.69,6.94,1.0,51.56,,,passagers_invalides;
2,2024-01-12 20:53:41,2024-01-12 20:53:49,1.0,0.0,5.0,N,161,161,1,37.0,0.0,0.0,0.05,0.0,1.0,40.55,2.5,0.0,distance_invalide;
2,2024-01-27 19:28:09,2024-01-27 19:42:35,4.0,1.32,1.0,N,142,230,2,-13.5,0.0,-0.5,0.0,0.0,-1.0,-17.5,-2.5,0.0,montant_invalide;
1,2024-01-20 16:27:55,2024-01-20 16:42:43,,2.8,,,237,151,0,17.0,0.0,0.5,1.0,0.0,1.0,22.0,,,passagers_invalides;
2,2024-01-27 10:49:15,2024-01-27 11:11:18,,2.68,,,68,141,0,20.65,0.0,0.5,6.16,0.0,1.0,30.81,,,passagers_invalides;
2,2024-01-17 20:00:48,2024-01-17 20:06:53,1.0,0.6,1.0,N,50,48,3,-7.2,-1.0,-0.5,0.0,0.0,-1.0,-12.2,-2.5,0.0,montant_invalide;
1,2024-01-29 09:30:18,2024-01-29 10:01:55,,2.9,,,236,170,0,26.8,0.0,0.5,6.16,0.0,1.0,36.96,,,passagers_invalides;
1,2024-01-28 15:12:14,2024-01-28 15:18:36,,0.6,,,249,249,0,10.16,0.0,0.5,0.0,0.0,1.0,14.16,,,passagers_invalides;
2,2024-01-28 18:55:40,2024-01-28 19:05:09,2.0,1.31,1.0,N,79,113,4,-10.0,0.0,-0.5,0.0,0.0,-1.0,-14.0,-2.5,0.0,montant_invalide;
1,2024-01-04 17:45:36,2024-01-04 18:09:43,1.0,0.0,1.0,N,151,236,3,3.0,5.0,0.5,0.0,0.0,1.0,9.5,2.5,0.0,distance_invalide;
2,2024-01-04 07:02:19,2024-01-04 07:17:34,1.0,2.59,3.0,N,132,132,4,-38.4,0.0,0.0,0.0,0.0,-1.0,-39.4,0.0,0.0,montant_invalide;
2,2024-01-30 16:38:26,2024-01-30 16:41:16,1.0,0.37,1.0,N,239,239,4,-5.1,-2.5,-0.5,0.0,0.0,-1.0,-11.6,-2.5,0.0,montant_invalide;
2,2024-01-11 20:00:16,2024-01-11 20:00:37,1.0,5.6,2.0,N,95,132,2,-70.0,0.0,-0.5,0.0,0.0,-1.0,-73.25,0.0,-1.75,montant_invalide;
2,2024-01-18 19:15:10,2024-01-18 19:37:24,,2.05,,,87,113,0,19.85,0.0,0.5,0.0,0.0,1.0,23.85,,,passagers_invalides;
2,2024-01-23 17:42:06,2024-01-23 17:57:01,,2.09,,,166,238,0,11.87,0.0,0.5,0.0,0.0,1.0,15.87,,,passagers_invalides;
2,2024-01-18 22:47:31,2024-01-18 22:55:06,,1.06,,,68,50,0,10.47,0.0,0.5,0.0,0.0,1.0,14.47,,,passagers_invalides;
2,2024-01-10 00:21:59,2024-01-10 00:33:48,,2.77,,,79,230,0,18.61,0.0,0.5,0.0,0.0,1.0,22.61,,,passagers_invalides;
2,2024-01-11 21:35:55,2024-01-11 21:48:47,,2.39,,,164,79,0,14.54,0.0,0.5,0.0,0.0,1.0,18.54,,,passagers_invalides;
2,2024-01-22 17:17:06,2024-01-22 17:34:19,,2.41,,,141,143,0,17.25,0.0,0.5,0.0,0.0,1.0,21.25,,,passagers_invalides;
1,2024-01-08 16:43:01,2024-01-08 16:58:40,0.0,1.6,1.0,N,43,161,1,15.6,5.0,0.5,4.4,0.0,1.0,26.5,2.5,0.0,passagers_invalides;
2,2024-01-19 07:31:54,2024-01-19 07:44:54,,5.92,,,239,244,0,25.24,0.0,0.5,0.0,0.0,1.0,29.24,,,passagers_invalides;
2,2024-01-20 09:50:51,2024-01-20 09:51:34,1.0,0.02,1.0,N,162,162,4,-3.0,0.0,-0.5,0.0,0.0,-1.0,-7.0,-2.5,0.0,montant_invalide;
1,2024-01-18 10:02:42,2024-01-18 10:24:32,0.0,2.7,1.0,N,236,234,1,20.5,2.5,0.5,4.9,0.0,1.0,29.4,2.5,0.0,passagers_invalides;
2,2024-01-20 01:11:23,2024-01-20 01:22:15,,3.49,,,79,87,0,15.14,0.0,0.5,0.0,0.0,1.0,19.14,,,passagers_invalides;
2,2024-01-12 13:06:46,2024-01-12 13:32:03,1.0,12.57,1.0,N,132,223,2,-49.2,0.0,-0.5,0.0,0.0,-1.0,-52.45,0.0,-1.75,montant_invalide;
2,2024-01-15 13:32:20,2024-01-15 13:39:30,1.0,1.39,1.0,N,236,161,4,-10.0,0.0,-0.5,0.0,0.0,-1.0,-14.0,-2.5,0.0,montant_invalide;
1,2024-01-19 12:26:20,2024-01-19 12:55:58,,5.4,,,75,107,0,27.5,0.0,0.5,6.3,0.0,1.0,37.8,,,passagers_invalides;
2,2024-01-23 10:33:15,2024-01-23 10:36:50,4.0,0.6,1.0,N,236,236,4,-5.8,0.0,-0.5,0.0,0.0,-1.0,-9.8,-2.5,0.0,montant_invalide;
1,2024-01-10 16:05:54,2024-01-10 16:06:02,1.0,0.0,2.0,N,161,161,3,70.0,7.5,0.5,0.0,0.0,1.0,79.0,2.5,0.0,distance_invalide;
2,2024-01-31 22:10:37,2024-01-31 22:31:01,,4.15,,,33,234,0,25.09,0.0,0.5,5.82,0.0,1.0,34.91,,,passagers_invalides;
2,2024-01-10 03:16:17,2024-01-10 03:44:25,,14.48,,,68,1,0,61.91,0.0,0.0,19.4,22.0,1.0,104.31,,,passagers_invalides;
2,2024-01-15 13:29:00,2024-01-15 13:39:00,,2.1,,,166,239,0,14.04,0.0,0.5,0.0,0.0,1.0,18.04,,,passagers_invalides;
2,2024-01-08 21:50:04,2024-01-08 21:51:51,2.0,0.0,1.0,N,170,162,2,3.7,1.0,0.5,0.0,0.0,1.0,8.7,2.5,0.0,distance_invalide;
2,2024-01-17 06:51:52,2024-01-17 07:02:45,,2.88,,,238,161,0,15.73,0.0,0.5,3.95,0.0,1.0,23.68,,,passagers_invalides;
2,2024-01-13 17:47:02,2024-01-13 18:11:07,,7.84,,,231,141,0,31.99,0.0,0.5,0.0,0.0,1.0,35.99,,,passagers_invalides;
2,2024-01-18 14:39:27,2024-01-18 14:39:32,1.0,0.0,1.0,N,193,193,3,3.0,0.0,0.5,0.0,0.0,1.0,4.5,0.0,0.0,distance_invalide;
1,2024-01-20 18:19:30,2024-01-20 18:40:59,0.0,2.2,1.0,N,141,186,2,19.1,2.5,0.5,0.0,0.0,1.0,23.1,2.5,0.0,passagers_invalides;
2,2024-01-31 19:46:14,2024-01-31 19:51:39,1.0,0.97,1.0,N,239,238,4,-7.9,-2.5,-0.5,0.0,0.0,-1.0,-14.4,-2.5,0.0,montant_invalide;
1,2024-01-25 16:01:04,2024-01-25 16:05:51,,0.0,,,86,86,0,12.08,0.0,0.5,0.0,0.0,1.0,13.58,,,distance_invalide;passagers_invalides;
1,2024-01-31 11:26:18,2024-01-31 11:37:40,0.0,1.6,1.0,N,140,233,1,13.5,2.5,0.5,4.35,0.0,1.0,21.85,2.5,0.0,passagers_invalides;
2,2024-01-03 10:16:00,2024-01-03 10:36:00,,3.27,,,229,113,0,32.76,0.0,0.5,7.35,0.0,1.0,44.11,,,passagers_invalides;
2,2024-01-12 04:05:27,2024-01-12 04:05:35,1.0,0.0,5.0,N,142,239,1,10.0,0.0,0.0,2.7,0.0,1.0,16.2,2.5,0.0,distance_invalide;
1,2024-01-12 04:46:16,2024-01-12 04:53:29,,0.0,,,50,186,0,10.91,0.0,0.5,0.0,0.0,1.0,14.91,,,distance_invalide;passagers_invalides;
2,2024-01-24 11:36:00,2024-01-24 11:54:00,,2.38,,,141,239,0,22.77,0.0,0.5,4.02,0.0,1.0,30.79,,,passagers_invalides;
2,2024-01-31 12:55:29,2024-01-31 13:07:51,1.0,0.0,1.0,N,186,125,1,11.4,0.0,0.5,3.08,0.0,1.0,18.48,2.5,0.0,distance_invalide;
1,2024-01-01 12:30:01,2024-01-01 12:37:01,,0.0,,,224,79,0,6.83,0.0,0.5,0.0,0.0,1.0,10.83,,,distance_invalide;passagers_invalides;
1,2024-01-09 18:41:57,2024-01-09 18:49:16,,0.0,,,45,79,0,10.39,0.0,0.5,0.0,0.0,1.0,14.39,,,distance_invalide;passagers_invalides;
1,2024-01-25 15:56:43,2024-01-25 16:04:02,,1.2,,,264,264,0,8.6,0.0,0.5,1.89,0.0,1.0,14.49,,,passagers_invalides;
1,2024-01-17 18:36:36,2024-01-17 18:42:38,,0.6,,,161,170,0,7.2,2.5,0.5,2.74,0.0,1.0,16.44,,,passagers_invalides;
2,2024-01-18 01:55:52,2024-01-18 01:56:00,1.0,0.0,5.0,N,90,90,1,83.0,0.0,0.0,0.0,0.0,1.0,86.5,2.5,0.0,distance_invalide;
2,2024-01-09 17:47:17,2024-01-09 17:51:57,1.0,0.0,1.0,N,230,141,1,5.8,2.5,0.5,3.69,0.0,1.0,15.99,2.5,0.0,distance_invalide;
2,2024-01-28 01:25:13,2024-01-28 01:25:23,2.0,0.0,5.0,N,265,265,1,74.38,0.0,0.0,10.0,0.0,1.0,85.38,0.0,0.0,distance_invalide;
2,2024-01-04 23:44:18,2024-01-05 00:16:27,,9.29,,,170,258,0,52.18,0.0,0.5,3.0,6.94,1.0,66.12,,,passagers_invalides;
2,2024-01-18 20:00:09,2024-01-18 20:00:21,1.0,0.0,2.0,N,107,107,2,70.0,0.0,0.5,0.0,0.0,1.0,74.0,2.5,0.0,distance_invalide;
1,2024-01-30 21:56:28,2024-01-30 22:04:01,,1.8,,,162,141,0,10.0,1.0,0.5,2.25,0.0,1.0,17.25,,,passagers_invalides;
2,2024-01-14 23:52:08,2024-01-15 00:14:13,1.0,11.03,1.0,N,132,173,2,-45.0,-1.0,-0.5,0.0,0.0,-1.0,-51.75,-2.5,-1.75,montant_invalide;
2,2024-01-26 07:48:37,2024-01-26 07:57:38,,0.32,,,140,141,0,9.33,0.0,0.5,0.0,0.0,1.0,13.33,,,passagers_invalides;
2,2024-01-28 13:26:52,2024-01-28 13:47:05,,2.38,,,263,163,0,16.02,0.0,0.5,0.0,0.0,1.0,20.02,,,passagers_invalides;
2,2024-01-31 23:26:59,2024-01-31 23:27:06,2.0,0.0,1.0,N,132,132,2,3.0,1.0,0.5,0.0,0.0,1.0,7.25,0.0,1.75,distance_invalide;
2,2024-01-24 09:58:13,2024-01-24 10:12:09,,2.29,,,143,161,0,22.01,0.0,0.5,1.0,0.0,1.0,27.01,,,passagers_invalides;
1,2024-01-09 16:53:37,2024-01-09 17:02:55,0.0,1.3,1.0,N,236,140,1,10.0,10.0,0.5,5.35,0.0,1.0,26.85,2.5,0.0,passagers_invalides;
1,2024-01-21 16:52:13,2024-01-21 17:01:21,,1.8,,,162,141,0,10.7,0.0,0.5,2.2,0.0,1.0,16.9,,,passagers_invalides;
2,2024-01-01 03:39:51,2024-01-01 03:51:36,,1.33,,,233,186,0,28.5,0.0,0.5,0.0,0.0,1.0,32.5,,,passagers_invalides;
2,2024-01-13 07:51:00,2024-01-13 08:12:00,,10.31,,,48,138,0,42.52,0.0,0.5,0.0,6.93,1.0,53.45,,,passagers_invalides;
1,2024-01-27 08:08:53,2024-01-27 08:16:25,,2.2,,,239,68,0,12.55,0.0,0.5,0.0,0.0,1.0,16.55,,,passagers_invalides;
2,2024-01-20 22:33:44,2024-01-20 22:46:57,,1.9,,,239,140,0,13.88,0.0,0.5,0.0,0.0,1.0,17.88,,,passagers_invalides;
2,2024-01-19 18:00:29,2024-01-19 18:31:14,,5.21,,,239,231,0,31.68,0.0,0.5,0.0,0.0,1.0,35.68,,,passagers_invalides;
1,2024-01-25 13:40:37,2024-01-25 13:50:13,0.0,0.4,1.0,N,107,107,2,9.3,2.5,0.5,0.0,0.0,1.0,13.3,2.5,0.0,passagers_invalides;
2,2024-01-08 08:03:24,2024-01-08 08:09:57,,1.95,,,143,246,0,15.27,0.0,0.5,2.89,0.0,1.0,22.16,,,passagers_invalides;
1,2024-01-04 18:21:30,2024-01-04 18:41:02,0.0,3.7,1.0,N,43,48,1,19.1,5.0,0.5,2.56,0.0,1.0,28.16,2.5,0.0,passagers_invalides;
1,2024-01-18 19:08:37,2024-01-18 19:46:48,0.0,6.4,1.0,N,90,42,1,38.0,5.0,0.5,5.0,0.0,1.0,49.5,2.5,0.0,passagers_invalides;
2,2024-01-13 02:28:48,2024-01-13 02:38:30,,2.34,,,48,249,0,14.47,0.0,0.5,0.0,0.0,1.0,18.47,,,passagers_invalides;
2,2024-01-24 00:45:32,2024-01-24 00:45:52,1.0,0.0,5.0,N,265,265,1,65.0,0.0,0.0,13.2,0.0,1.0,79.2,0.0,0.0,distance_invalide;
2,2024-01-30 13:11:15,2024-01-30 13:11:23,1.0,0.0,1.0,N,207,207,2,3.0,0.0,0.5,0.0,0.0,1.0,4.5,0.0,0.0,distance_invalide;
2,2024-01-12 14:49:59,2024-01-12 14:55:41,1.0,0.6,1.0,N,170,233,2,-7.2,0.0,-0.5,0.0,0.0,-1.0,-11.2,-2.5,0.0,montant_invalide;
2,2024-01-25 21:00:14,2024-01-25 21:06:16,1.0,1.01,1.0,N,230,186,2,-7.9,-1.0,-0.5,0.0,0.0,-1.0,-12.9,-2.5,0.0,montant_invalide;
2,2024-01-12 07:13:44,2024-01-12 07:19:47,,1.22,,,239,236,0,11.74,0.0,0.5,3.15,0.0,1.0,18.89,,,passagers_invalides;
2,2024-01-24 22:55:59,2024-01-24 23:38:06,,9.25,,,186,243,0,34.09,0.0,0.5,0.0,0.0,1.0,38.09,,,passagers_invalides;
2,2024-01-16 14:05:08,2024-01-16 14:15:51,,0.95,,,237,262,0,10.26,0.0,0.5,0.0,0.0,1.0,14.26,,,passagers_invalides;
2,2024-01-06 13:43:59,2024-01-06 13:49:30,,0.78,,,164,107,0,9.08,0.0,0.5,0.0,0.0,1.0,13.08,,,passagers_invalides;
2,2024-01-19 20:27:32,2024-01-19 20:35:59,2.0,0.93,1.0,N,48,48,4,-9.3,-1.0,-0.5,0.0,0.0,-1.0,-14.3,-2.5,0.0,montant_invalide;
2,2024-01-06 22:17:50,2024-01-06 22:17:52,2.0,0.0,5.0,N,13,264,1,81.52,0.0,0.5,10.0,0.0,1.0,93.02,0.0,0.0,distance_invalide;
2,2024-01-18 22:47:01,2024-01-18 23:05:48,,2.96,,,249,142,0,22.67,0.0,0.5,0.0,0.0,1.0,26.67,,,passagers_invalides;
1,2024-01-17 09:26:09,2024-01-17 09:52:16,,0.0,,,148,87,0,22.85,0.0,0.5,0.0,0.0,1.0,26.85,,,distance_invalide;passagers_invalides;
1,2024-01-11 10:04:42,2024-01-11 10:36:15,,3.0,,,249,161,0,26.8,0.0,0.5,4.62,0.0,1.0,35.42,,,passagers_invalides;
1,2024-01-05 19:31:03,2024-01-05 19:43:26,0.0,2.4,1.0,N,140,142,1,14.2,5.0,0.5,4.1,0.0,1.0,24.8,2.5,0.0,passagers_invalides;
1,2024-01-18 19:11:34,2024-01-18 19:19:23,0.0,1.2,1.0,N,229,263,1,9.3,5.0,0.5,2.0,0.0,1.0,17.8,2.5,0.0,passagers_invalides;
2,2024-01-03 10:43:10,2024-01-03 11:04:37,1.0,3.35,1.0,N,140,41,4,-21.9,0.0,-0.5,0.0,0.0,-1.0,-25.9,-2.5,0.0,montant_invalide;
2,2024-01-04 00:25:33,2024-01-04 00:31:59,,2.01,,,161,263,0,10.31,0.0,0.5,0.0,0.0,1.0,14.31,,,passagers_invalides;
1,2024-01-01 06:51:00,2024-01-01 07:18:05,,0.0,,,144,128,0,45.64,0.0,0.5,0.0,0.0,1.0,49.64,,,distance_invalide;passagers_invalides;
2,2024-01-16 17:02:32,2024-01-16 17:19:59,,5.21,,,45,255,0,26.05,0.0,0.5,6.01,0.0,1.0,36.06,,,passagers_invalides;
1,2024-01-15 09:24:33,2024-01-15 09:26:35,0.0,0.6,1.0,N,142,237,1,5.1,2.5,0.5,0.5,0.0,1.0,9.6,2.5,0.0,passagers_invalides;
2,2024-01-21 09:10:16,2024-01-21 09:26:59,2.0,2.71,1.0,N,138,82,2,-17.7,-5.0,-0.5,0.0,0.0,-1.0,-25.95,0.0,-1.75,montant_invalide;
1,2024-01-31 13:08:01,2024-01-31 13:17:30,0.0,1.2,1.0,N,163,100,1,10.0,2.5,0.5,2.8,0.0,1.0,16.8,2.5,0.0,passagers_invalides;
2,2024-01-05 04:38:05,2024-01-05 04:38:13,3.0,0.0,5.0,N,138,138,1,64.55,5.0,0.0,5.0,6.94,1.0,84.24,0.0,1.75,distance_invalide;
2,2024-01-24 19:53:20,2024-01-24 20:06:32,,3.7,,,13,232,0,16.93,0.0,0.5,0.0,0.0,1.0,20.93,,,passagers_invalides;
1,2024-01-18 17:13:36,2024-01-18 17:27:49,,1.0,,,164,230,0,12.8,2.5,0.5,2.9,0.0,1.0,22.2,,,passagers_invalides;
1,2024-01-23 20:47:21,2024-01-23 20:53:18,,1.2,,,238,24,0,7.9,1.0,0.5,1.29,0.0,1.0,14.19,,,passagers_invalides;
1,2024-01-06 10:38:12,2024-01-06 10:59:08,,6.0,,,143,144,0,30.3,0.0,0.5,5.15,0.0,1.0,39.45,,,passagers_invalides;
2,2024-01-14 03:39:50,2024-01-14 04:12:11,,13.04,,,112,116,0,40.69,0.0,0.5,8.94,0.0,1.0,53.63,,,passagers_invalides;
2,2024-01-03 00:26:36,2024-01-03 00:29:58,1.0,1.0,1.0,N,263,75,4,-6.5,-1.0,-0.5,0.0,0.0,-1.0,-11.5,-2.5,0.0,montant_invalide;
1,2024-01-31 18:42:18,2024-01-31 18:57:11,0.0,2.2,1.0,N,158,137,1,13.5,5.0,0.5,3.0,0.0,1.0,23.0,2.5,0.0,passagers_invalides;
2,2024-01-27 12:39:32,2024-01-27 12:55:40,,3.31,,,261,246,0,19.86,0.0,0.5,0.0,0.0,1.0,23.86,,,passagers_invalides;
1,2024-01-26 21:45:41,2024-01-26 21:59:27,,2.3,,,164,237,0,14.9,1.0,0.5,2.99,0.0,1.0,22.89,,,passagers_invalides;
1,2024-01-13 03:13:39,2024-01-13 03:14:09,0.0,5.2,5.0,N,132,132,3,0.0,0.0,0.0,0.0,0.0,1.0,1.0,0.0,0.0,montant_invalide;passagers_invalides;
2,2024-01-01 02:21:41,2024-01-01 02:27:42,,1.38,,,160,160,0,21.76,0.0,0.5,0.0,0.0,1.0,23.26,,,passagers_invalides;
2,2024-01-20 17:50:24,2024-01-20 17:56:44,1.0,0.83,1.0,N,161,162,4,-7.9,0.0,-0.5,0.0,0.0,-1.0,-11.9,-2.5,0.0,montant_invalide;
2,2024-01-12 22:38:09,2024-01-12 22:38:26,1.0,0.0,1.0,N,48,48,3,-3.0,-1.0,-0.5,0.0,0.0,-1.0,-8.0,-2.5,0.0,distance_invalide;montant_invalide;
2,2024-01-04 16:24:07,2024-01-04 16:32:14,1.0,0.73,1.0,N,164,161,3,-8.6,-2.5,-0.5,0.0,0.0,-1.0,-15.1,-2.5,0.0,montant_invalide;
1,2024-01-14 19:19:38,2024-01-14 19:33:06,0.0,2.5,1.0,N,229,79,2,13.5,2.5,0.5,0.0,0.0,1.0,17.5,2.5,0.0,passagers_invalides;
2,2024-01-17 11:52:57,2024-01-17 11:57:41,1.0,1.23,1.0,N,75,74,4,-7.9,0.0,-0.5,0.0,0.0,-1.0,-9.4,0.0,0.0,montant_invalide;
1,2024-01-03 12:22:31,2024-01-03 12:32:31,,2.4,,,262,233,0,13.5,0.0,0.5,2.63,0.0,1.0,20.13,,,passagers_invalides;
2,2024-01-27 05:38:06,2024-01-27 05:52:05,,7.62,,,137,138,0,31.85,0.0,0.5,8.56,6.94,1.0,51.35,,,passagers_invalides;
2,2024-01-20 19:17:27,2024-01-20 19:31:20,,1.67,,,141,163,0,14.39,0.0,0.5,0.0,0.0,1.0,18.39,,,passagers_invalides;
2,2024-01-24 22:45:58,2024-01-24 22:59:25,,2.87,,,238,116,0,15.85,0.0,0.5,0.0,0.0,1.0,19.85,,,passagers_invalides;
1,2024-01-18 10:21:00,2024-01-18 10:22:09,1.0,0.0,5.0,N,230,230,1,16.0,0.0,0.0,3.4,0.0,1.0,20.4,0.0,0.0,distance_invalide;
2,2024-01-04 12:03:13,2024-01-04 12:12:36,1.0,1.64,1.0,N,164,68,4,-10.7,0.0,-0.5,0.0,0.0,-1.0,-14.7,-2.5,0.0,montant_invalide;
2,2024-01-12 13:41:25,2024-01-12 13:49:17,1.0,1.76,1.0,N,90,231,2,-10.0,0.0,-0.5,0.0,0.0,-1.0,-14.0,-2.5,0.0,montant_invalide;
1,2024-01-26 08:44:34,2024-01-26 08:57:01,0.0,1.6,1.0,N,68,142,1,11.4,2.5,0.5,1.0,0.0,1.0,16.4,2.5,0.0,passagers_invalides;
1,2024-01-20 18:10:48,2024-01-20 18:19:59,0.0,1.2,1.0,N,237,163,4,10.7,2.5,0.5,0.0,0.0,1.0,14.7,2.5,0.0,passagers_invalides;
1,2024-01-03 14:22:55,2024-01-03 14:23:27,1.0,0.0,1.0,N,145,145,2,3.0,0.0,0.5,0.0,0.0,1.0,4.5,0.0,0.0,distance_invalide;
2,2024-01-07 21:58:54,2024-01-07 22:14:16,1.0,9.53,1.0,N,132,39,3,-36.6,-1.0,-0.5,0.0,0.0,-1.0,-40.85,0.0,-1.75,montant_invalide;
1,2024-01-22 14:01:13,2024-01-22 14:15:59,0.0,1.3,1.0,N,43,229,1,13.5,2.5,0.5,1.75,0.0,1.0,19.25,2.5,0.0,passagers_invalides;
2,2024-01-12 09:35:56,2024-01-12 09:36:15,1.0,0.0,1.0,N,132,132,4,3.0,0.0,0.5,0.0,0.0,1.0,6.25,0.0,1.75,distance_invalide;
1,2024-01-05 17:05:39,2024-01-05 17:14:10,,1.0,,,137,234,0,20.36,0.0,0.5,0.0,0.0,1.0,24.36,,,passagers_invalides;
1,2024-01-22 10:37:39,2024-01-22 10:56:21,,1.7,,,236,161,0,14.2,0.0,0.5,2.73,0.0,1.0,20.93,,,passagers_invalides;
2,2024-01-30 14:13:38,2024-01-30 14:38:08,,2.49,,,239,140,0,19.73,0.0,0.5,4.75,0.0,1.0,28.48,,,passagers_invalides;
2,2024-01-04 22:36:04,2024-01-04 23:02:59,,5.01,,,97,72,0,28.94,0.0,0.5,6.09,0.0,1.0,36.53,,,passagers_invalides;
1,2024-01-29 14:04:00,2024-01-29 14:19:12,0.0,2.2,1.0,N,161,140,1,15.6,2.5,0.5,4.9,0.0,1.0,24.5,2.5,0.0,passagers_invalides;
1,2024-01-29 12:46:42,2024-01-29 12:46:42,1.0,0.0,1.0,N,161,264,2,3.0,2.5,0.5,0.0,0.0,1.0,7.0,2.5,0.0,distance_invalide;
2,2024-01-24 19:13:48,2024-01-24 19:26:18,,2.16,,,140,75,0,15.2,0.0,0.5,2.0,0.0,1.0,21.2,,,passagers_invalides;
2,2024-01-09 13:50:21,2024-01-09 14:19:34,,3.81,,,151,161,0,30.19,0.0,0.5,6.84,0.0,1.0,41.03,,,passagers_invalides;
2,2024-01-27 21:49:34,2024-01-27 21:50:07,1.0,0.0,1.0,N,234,234,1,3.0,1.0,0.5,10.0,0.0,1.0,18.0,2.5,0.0,distance_invalide;
1,2024-01-04 10:27:31,2024-01-04 10:45:11,,1.8,,,186,163,0,14.9,0.0,0.5,1.89,0.0,1.0,20.79,,,passagers_invalides;
2,2024-01-06 19:54:37,2024-01-06 20:21:15,,4.42,,,141,211,0,28.77,0.0,0.5,0.0,0.0,1.0,32.77,,,passagers_invalides;
1,2024-01-18 13:20:28,2024-01-18 13:28:59,,1.6,,,24,236,0,10.7,0.0,0.5,2.94,0.0,1.0,17.64,,,passagers_invalides;
2,2024-01-20 22:54:26,2024-01-20 23:07:19,,2.15,,,142,170,0,14.26,0.0,0.5,0.0,0.0,1.0,18.26,,,passagers_invalides;
2,2024-01-01 00:32:19,2024-01-01 00:37:22,,0.77,,,263,237,0,11.74,0.0,0.5,1.89,0.0,1.0,17.63,,,passagers_invalides;
2,2024-01-07 21:58:44,2024-01-07 21:59:11,1.0,0.0,1.0,N,79,79,4,-3.0,-1.0,-0.5,0.0,0.0,-1.0,-10.5,-2.5,0.0,distance_invalide;montant_invalide;
2,2024-01-20 19:31:04,2024-01-20 19:39:44,2.0,1.64,1.0,N,142,151,4,-10.7,0.0,-0.5,0.0,0.0,-1.0,-14.7,-2.5,0.0,montant_invalide;
2,2024-01-06 23:51:56,2024-01-07 00:00:06,,1.55,,,231,114,0,10.17,0.0,0.5,0.0,0.0,1.0,14.17,,,passagers_invalides;
1,2024-01-22 15:33:34,2024-01-22 15:41:34,,1.1,,,166,238,0,10.16,0.0,0.5,0.0,0.0,1.0,11.66,,,passagers_invalides;
1,2024-01-11 19:02:50,2024-01-11 19:23:13,,0.0,,,166,48,0,24.93,0.0,0.5,0.0,0.0,1.0,28.93,,,distance_invalide;passagers_invalides;
2,2024-01-19 13:38:30,2024-01-19 13:46:09,1.0,0.0,1.0,N,249,234,1,7.9,0.0,0.5,2.38,0.0,1.0,14.28,2.5,0.0,distance_invalide;
2,2024-01-06 16:24:06,2024-01-06 16:37:43,,5.0,,,223,75,0,16.46,0.0,0.5,4.98,6.94,1.0,29.88,,,passagers_invalides;
1,2024-01-28 07:02:40,2024-01-28 07:38:48,,0.0,,,37,186,0,36.26,0.0,0.5,0.0,0.0,1.0,40.26,,,distance_invalide;passagers_invalides;
1,2024-01-26 17:35:49,2024-01-26 17:44:53,0.0,1.0,1.0,N,141,142,1,10.0,5.0,0.5,2.0,0.0,1.0,18.5,2.5,0.0,passagers_invalides;
2,2024-01-09 18:04:08,2024-01-09 18:17:45,,2.12,,,162,50,0,24.41,0.0,0.5,0.0,0.0,1.0,28.41,,,passagers_invalides;
1,2024-01-30 10:08:41,2024-01-30 10:30:23,,3.0,,,24,237,0,18.67,0.0,0.5,0.0,0.0,1.0,22.67,,,passagers_invalides;
2,2024-01-16 06:32:11,2024-01-16 06:44:01,,2.06,,,62,17,0,13.76,0.0,0.5,0.0,0.0,1.0,15.26,,,passagers_invalides;
2,2024-01-17 12:35:43,2024-01-17 13:08:29,2.0,7.58,1.0,N,162,95,2,-38.0,0.0,-0.5,0.0,0.0,-1.0,-42.0,-2.5,0.0,montant_invalide;
2,2024-01-26 18:54:00,2024-01-26 19:25:21,1.0,9.16,1.0,N,186,70,4,-42.2,-2.5,-0.5,0.0,-6.94,-1.0,-55.64,-2.5,0.0,montant_invalide;
2,2024-01-23 16:59:32,2024-01-23 17:11:21,1.0,0.75,1.0,N,107,224,4,-11.4,-2.5,-0.5,0.0,0.0,-1.0,-17.9,-2.5,0.0,montant_invalide;
2,2024-01-18 22:59:06,2024-01-18 23:16:28,,5.65,,,79,75,0,24.57,0.0,0.5,0.0,0.0,1.0,28.57,,,passagers_invalides;
1,2024-01-24 08:47:54,2024-01-24 08:53:29,0.0,1.0,1.0,N,237,230,1,7.9,2.5,0.5,1.75,0.0,1.0,13.65,2.5,0.0,passagers_invalides;
1,2024-01-11 18:28:51,2024-01-11 18:53:39,,0.0,,,164,263,0,24.95,0.0,0.5,0.0,0.0,1.0,28.95,,,distance_invalide;passagers_invalides;
1,2024-01-31 10:55:10,2024-01-31 11:14:30,,1.4,,,237,262,0,16.3,0.0,0.5,3.05,0.0,1.0,23.35,,,passagers_invalides;
2,2024-01-21 11:46:57,2024-01-21 12:04:02,,2.31,,,229,68,0,17.81,0.0,0.5,0.0,0.0,1.0,21.81,,,passagers_invalides;
1,2024-01-21 00:32:31,2024-01-21 00:51:31,,3.5,,,142,145,0,21.68,0.0,0.5,0.0,0.0,1.0,25.68,,,passagers_invalides;
1,2024-01-24 15:24:45,2024-01-24 15:52:22,0.0,3.1,1.0,N,162,68,1,25.4,2.5,0.5,8.8,0.0,1.0,38.2,2.5,0.0,passagers_invalides;
2,2024-01-09 09:34:30,2024-01-09 09:38:09,,0.5,,,137,170,0,16.28,0.0,0.5,3.04,0.0,1.0,23.32,,,passagers_invalides;
1,2024-01-24 08:22:32,2024-01-24 08:35:12,0.0,2.2,1.0,N,79,233,1,12.1,2.5,0.5,4.0,0.0,1.0,20.1,2.5,0.0,passagers_invalides;
2,2024-01-13 02:47:19,2024-01-13 02:54:08,,1.08,,,234,79,0,10.52,0.0,0.5,0.0,0.0,1.0,14.52,,,passagers_invalides;
2,2024-01-25 11:46:52,2024-01-25 11:59:12,,2.05,,,151,143,0,15.86,0.0,0.5,2.98,0.0,1.0,22.84,,,passagers_invalides;
2,2024-01-28 04:10:48,2024-01-28 04:17:16,,1.54,,,246,48,0,13.48,0.0,0.5,0.0,0.0,1.0,17.48,,,passagers_invalides;
2,2024-01-07 18:36:13,2024-01-07 18:48:33,,2.63,,,246,113,0,15.25,0.0,0.5,3.85,0.0,1.0,23.1,,,passagers_invalides;
2,2024-01-25 05:53:56,2024-01-25 06:01:59,,1.13,,,107,144,0,8.08,0.0,0.5,0.0,0.0,1.0,12.08,,,passagers_invalides;
1,2024-01-28 00:34:51,2024-01-28 00:44:41,,1.5,,,79,90,0,10.0,1.0,0.5,1.5,0.0,1.0,16.5,,,passagers_invalides;
1,2024-01-26 18:44:04,2024-01-26 19:08:34,1.0,0.0,1.0,N,129,244,1,44.0,0.0,0.5,0.0,6.94,1.0,52.44,0.0,0.0,distance_invalide;
1,2024-01-01 22:59:46,2024-01-01 23:03:27,0.0,0.8,1.0,N,237,162,2,6.5,3.5,0.5,0.0,0.0,1.0,11.5,2.5,0.0,passagers_invalides;
2,2024-01-14 13:02:55,2024-01-14 13:15:01,,2.23,,,238,142,0,12.95,0.0,0.5,0.0,0.0,1.0,16.95,,,passagers_invalides;
2,2024-01-20 18:37:38,2024-01-20 18:46:05,2.0,1.22,1.0,N,230,142,4,-10.0,0.0,-0.5,0.0,0.0,-1.0,-14.0,-2.5,0.0,montant_invalide;
2,2024-01-27 19:20:09,2024-01-27 19:37:30,,1.44,,,249,164,0,18.05,0.0,0.5,4.0,0.0,1.0,26.05,,,passagers_invalides;
1,2024-01-30 08:06:16,2024-01-30 08:06:43,1.0,0.0,1.0,N,161,161,1,3.0,2.5,0.5,3.0,0.0,1.0,10.0,2.5,0.0,distance_invalide;
2,2024-01-06 21:18:34,2024-01-06 21:18:46,1.0,0.0,5.0,N,132,132,1,22.0,0.0,0.0,0.0,0.0,1.0,23.0,0.0,0.0,distance_invalide;
2,2024-01-17 18:17:24,2024-01-17 18:27:56,,1.41,,,164,68,0,12.45,0.0,0.5,0.0,0.0,1.0,16.45,,,passagers_invalides;
2,2024-01-11 16:43:50,2024-01-11 16:43:59,1.0,0.0,1.0,N,170,170,2,3.0,2.5,0.5,0.0,0.0,1.0,9.5,2.5,0.0,distance_invalide;
1,2024-01-09 21:18:43,2024-01-09 21:24:25,,0.0,,,48,50,0,8.33,0.0,0.5,0.0,0.0,1.0,12.33,,,distance_invalide;passagers_invalides;
2,2024-01-30 13:30:29,2024-01-30 13:35:34,1.0,2.08,1.0,N,132,132,4,-10.7,0.0,-0.5,0.0,0.0,-1.0,-13.95,0.0,-1.75,montant_invalide;
1,2024-01-19 09:18:20,2024-01-19 09:34:37,,2.8,,,143,170,0,17.08,0.0,0.5,0.0,0.0,1.0,21.08,,,passagers_invalides;
2,2024-01-28 03:15:47,2024-01-28 03:22:36,,1.25,,,249,125,0,13.08,0.0,0.5,0.0,0.0,1.0,17.08,,,passagers_invalides;
2,2024-01-28 01:23:19,2024-01-28 01:38:52,,2.55,,,158,170,0,-0.42,0.0,0.5,0.0,0.0,1.0,3.58,,,montant_invalide;passagers_invalides;
2,2024-01-13 22:07:51,2024-01-13 22:25:59,1.0,4.67,1.0,N,68,226,2,-23.3,-1.0,-0.5,0.0,-6.94,-1.0,-35.24,-2.5,0.0,montant_invalide;
2,2024-01-28 01:25:04,2024-01-28 01:38:50,,1.77,,,79,164,0,15.55,0.0,0.5,0.0,0.0,1.0,19.55,,,passagers_invalides;
1,2024-01-22 06:40:44,2024-01-22 06:59:01,,0.0,,,13,230,0,20.59,0.0,0.5,0.0,0.0,1.0,24.59,,,distance_invalide;passagers_invalides;
1,2024-01-31 19:37:27,2024-01-31 19:44:26,,0.9,,,113,211,0,7.9,2.5,0.5,2.88,0.0,1.0,17.28,,,passagers_invalides;
2,2024-01-10 07:07:46,2024-01-10 07:20:15,,1.86,,,189,34,0,17.18,0.0,0.5,0.0,0.0,1.0,18.68,,,passagers_invalides;
2,2024-01-13 02:21:20,2024-01-13 02:26:51,,1.17,,,90,48,0,7.18,0.0,0.5,0.0,0.0,1.0,11.18,,,passagers_invalides;
1,2024-01-24 18:20:40,2024-01-24 18:30:00,,0.8,,,161,237,0,8.6,2.5,0.5,1.51,0.0,1.0,16.61,,,passagers_invalides;
1,2024-01-01 15:32:56,2024-01-01 15:41:40,,0.0,,,79,233,0,7.76,0.0,0.5,0.0,0.0,1.0,11.76,,,distance_invalide;passagers_invalides;
2,2024-01-11 22:09:10,2024-01-11 22:23:13,,2.49,,,170,143,0,19.53,0.0,0.5,5.18,0.0,1.0,28.71,,,passagers_invalides;
1,2024-01-17 20:04:58,2024-01-17 20:30:09,0.0,10.1,1.0,N,70,189,1,40.8,7.75,0.5,10.0,0.0,1.0,60.05,0.0,1.75,passagers_invalides;
2,2024-01-21 06:05:50,2024-01-21 06:13:30,,1.39,,,157,36,0,8.81,0.0,0.5,0.0,0.0,1.0,10.31,,,passagers_invalides;
2,2024-01-17 00:08:36,2024-01-17 00:08:41,4.0,0.0,5.0,N,249,158,1,85.0,0.0,0.0,17.7,0.0,1.0,106.2,2.5,0.0,distance_invalide;
1,2024-01-06 21:33:36,2024-01-06 22:20:15,,12.6,,,236,14,0,55.19,0.0,0.5,0.0,0.0,1.0,59.19,,,passagers_invalides;
2,2024-01-21 14:44:58,2024-01-21 14:45:06,2.0,0.0,5.0,N,132,132,1,87.0,0.0,0.0,18.99,6.94,1.0,115.68,0.0,1.75,distance_invalide;
2,2024-01-18 15:08:34,2024-01-18 15:30:55,,4.18,,,88,234,0,26.55,0.0,0.5,6.11,0.0,1.0,36.66,,,passagers_invalides;
2,2024-01-31 20:22:23,2024-01-31 20:31:34,,1.2,,,238,142,0,11.74,0.0,0.5,3.15,0.0,1.0,18.89,,,passagers_invalides;
1,2024-01-03 07:32:08,2024-01-03 07:40:11,1.0,0.0,1.0,N,108,21,1,16.5,0.0,0.5,0.0,0.0,1.0,18.0,0.0,0.0,distance_invalide;
2,2024-01-09 18:49:48,2024-01-09 18:59:31,,1.28,,,161,170,0,12.27,0.0,0.5,0.0,0.0,1.0,16.27,,,passagers_invalides;
1,2024-01-24 10:41:40,2024-01-24 11:05:10,0.0,1.8,1.0,N,237,230,2,19.8,2.5,0.5,0.0,0.0,1.0,23.8,2.5,0.0,passagers_invalides;
2,2024-01-05 19:08:50,2024-01-05 19:19:12,1.0,1.67,1.0,N,170,237,4,-12.1,-2.5,-0.5,0.0,0.0,-1.0,-18.6,-2.5,0.0,montant_invalide;
1,2024-01-05 08:06:28,2024-01-05 08:35:00,1.0,0.0,99.0,N,238,137,1,26.5,0.0,0.5,0.0,0.0,1.0,28.0,0.0,0.0,distance_invalide;
1,2024-01-13 17:04:59,2024-01-13 17:05:06,0.0,0.0,2.0,N,161,161,1,70.0,2.5,0.5,16.15,7.0,1.0,97.15,2.5,0.0,distance_invalide;passagers_invalides;
2,2024-01-01 03:38:53,2024-01-01 04:01:36,,7.41,,,68,244,0,45.0,0.0,0.5,0.0,0.0,1.0,49.0,,,passagers_invalides;
1,2024-01-06 20:34:12,2024-01-06 20:48:06,,1.2,,,246,107,0,11.25,0.0,0.5,0.0,0.0,1.0,15.25,,,passagers_invalides;
2,2024-01-28 15:09:00,2024-01-28 15:30:00,,3.71,,,116,236,0,23.25,0.0,0.5,5.45,0.0,1.0,32.7,,,passagers_invalides;
2,2024-01-05 21:10:59,2024-01-05 21:11:02,1.0,0.0,5.0,N,264,264,1,85.0,0.0,0.0,10.0,0.0,1.0,96.0,0.0,0.0,distance_invalide;
1,2024-01-10 16:55:21,2024-01-10 16:58:11,0.0,0.5,1.0,N,125,249,1,5.1,5.0,0.5,0.0,0.0,1.0,11.6,2.5,0.0,passagers_invalides;
2,2024-01-31 13:21:29,2024-01-31 13:57:02,,2.97,,,113,237,0,28.74,0.0,0.5,6.55,0.0,1.0,39.29,,,passagers_invalides;
1,2024-01-09 18:26:43,2024-01-09 18:30:57,0.0,0.8,1.0,N,141,229,1,6.5,5.0,0.5,3.9,0.0,1.0,16.9,2.5,0.0,passagers_invalides;
2,2024-01-28 00:38:54,2024-01-28 00:55:25,,3.14,,,161,246,0,25.65,0.0,0.5,0.0,0.0,1.0,29.65,,,passagers_invalides;
2,2024-01-14 13:01:36,2024-01-14 13:19:04,1.0,0.53,1.0,N,230,230,3,-14.9,0.0,-0.5,0.0,0.0,-1.0,-18.9,-2.5,0.0,montant_invalide;
2,2024-01-11 02:20:28,2024-01-11 02:31:13,2.0,2.94,1.0,N,137,263,4,-14.9,-1.0,-0.5,0.0,0.0,-1.0,-19.9,-2.5,0.0,montant_invalide;
1,2024-01-24 10:21:15,2024-01-24 10:43:48,0.0,7.1,1.0,N,13,141,1,32.4,2.5,0.5,7.25,0.0,1.0,43.65,2.5,0.0,passagers_invalides;
2,2024-01-09 13:20:00,2024-01-09 13:33:40,1.0,0.0,1.0,N,90,230,1,12.1,0.0,0.5,3.22,0.0,1.0,19.32,2.5,0.0,distance_invalide;
1,2024-01-14 08:57:14,2024-01-14 09:07:34,0.0,2.1,1.0,N,229,186,1,12.8,2.5,0.5,3.35,0.0,1.0,20.15,2.5,0.0,passagers_invalides;
2,2024-01-11 19:16:20,2024-01-11 19:23:49,2.0,0.76,1.0,N,43,237,4,-8.6,-2.5,-0.5,0.0,0.0,-1.0,-15.1,-2.5,0.0,montant_invalide;
2,2024-01-13 12:54:41,2024-01-13 13:05:16,1.0,0.0,1.0,N,231,12,2,10.0,0.0,0.5,0.0,0.0,1.0,14.0,2.5,0.0,distance_invalide;
2,2024-01-06 00:16:02,2024-01-06 00:19:16,2.0,1.06,1.0,N,246,48,4,-6.5,-1.0,-0.5,0.0,0.0,-1.0,-11.5,-2.5,0.0,montant_invalide;
2,2024-01-16 00:10:50,2024-01-16 00:22:47,,2.33,,,186,148,0,13.56,0.0,0.5,1.0,0.0,1.0,18.56,,,passagers_invalides;
2,2024-01-09 20:01:16,2024-01-09 20:26:37,,6.47,,,162,13,0,34.73,0.0,0.5,1.55,0.0,1.0,40.28,,,passagers_invalides;
1,2024-01-16 21:05:25,2024-01-16 21:16:26,0.0,1.5,1.0,N,68,164,1,12.1,3.5,0.5,0.0,0.0,1.0,17.1,2.5,0.0,passagers_invalides;
2,2024-01-06 23:27:27,2024-01-06 23:35:55,,1.63,,,113,231,0,11.38,0.0,0.5,0.0,0.0,1.0,15.38,,,passagers_invalides;
2,2024-01-31 16:27:02,2024-01-31 16:57:43,1.0,2.02,1.0,N,161,237,4,-24.7,-2.5,-0.5,0.0,0.0,-1.0,-31.2,-2.5,0.0,montant_invalide;
1,2024-01-22 11:42:48,2024-01-22 11:51:21,,1.2,,,142,48,0,9.3,0.0,0.5,2.66,0.0,1.0,15.96,,,passagers_invalides;
1,2024-01-27 22:23:20,2024-01-27 22:51:01,,0.0,,,4,24,0,29.24,0.0,0.5,0.0,0.0,1.0,33.24,,,distance_invalide;passagers_invalides;
1,2024-01-19 21:58:47,2024-01-19 22:09:03,,0.0,,,246,144,0,17.38,0.0,0.5,0.0,0.0,1.0,21.38,,,distance_invalide;passagers_invalides;
2,2024-01-17 15:11:53,2024-01-17 15:35:19,,7.67,,,236,87,0,35.38,0.0,0.5,0.0,0.0,1.0,39.38,,,passagers_invalides;
2,2024-01-15 06:45:07,2024-01-15 07:04:35,,9.4,,,244,231,0,37.42,0.0,0.5,8.28,0.0,1.0,49.7,,,passagers_invalides;
1,2024-01-29 12:30:36,2024-01-29 12:49:19,,0.0,,,237,90,0,24.34,0.0,0.5,0.0,0.0,1.0,28.34,,,distance_invalide;passagers_invalides;
2,2024-01-30 19:20:24,2024-01-30 19:39:58,1.0,3.89,1.0,N,249,142,4,-21.9,-2.5,-0.5,0.0,0.0,-1.0,-28.4,-2.5,0.0,montant_invalide;
2,2024-01-16 08:16:00,2024-01-16 08:32:00,,2.18,,,79,246,0,18.93,0.0,0.5,4.59,0.0,1.0,27.52,,,passagers_invalides;
2,2024-01-20 12:12:18,2024-01-20 12:20:25,1.0,1.37,1.0,N,163,164,4,-9.3,0.0,-0.5,0.0,0.0,-1.0,-13.3,-2.5,0.0,montant_invalide;
1,2024-01-23 15:56:47,2024-01-23 16:10:22,0.0,1.5,1.0,N,113,137,1,11.4,2.5,0.5,3.85,0.0,1.0,19.25,2.5,0.0,passagers_invalides;
1,2024-01-05 20:10:34,2024-01-05 20:24:13,,2.8,,,143,186,0,16.59,0.0,0.5,0.0,0.0,1.0,20.59,,,passagers_invalides;
2,2024-01-06 14:10:56,2024-01-06 14:20:20,,1.37,,,262,236,0,11.34,0.0,0.5,0.0,0.0,1.0,15.34,,,passagers_invalides;
1,2024-01-29 21:49:21,2024-01-29 21:57:41,,5.0,,,132,28,0,20.5,2.75,0.5,2.47,0.0,1.0,27.22,,,passagers_invalides;
2,2024-01-19 17:52:25,2024-01-19 18:01:27,,1.15,,,161,100,0,15.53,0.0,0.5,0.0,0.0,1.0,19.53,,,passagers_invalides;
1,2024-01-04 18:46:27,2024-01-04 18:54:56,,1.4,,,239,151,0,10.0,2.5,0.5,2.48,0.0,1.0,18.98,,,passagers_invalides;
1,2024-01-13 18:50:09,2024-01-13 18:50:09,1.0,0.0,1.0,N,107,264,2,15.36,0.0,0.0,0.0,0.0,0.0,15.36,0.0,0.0,distance_invalide;
1,2024-01-30 16:17:33,2024-01-30 16:26:15,0.0,0.6,1.0,N,236,237,3,7.2,5.0,0.5,0.0,0.0,1.0,13.7,2.5,0.0,passagers_invalides;
2,2024-01-21 09:11:22,2024-01-21 09:14:52,,1.65,,,14,227,0,8.61,0.0,0.5,0.0,0.0,1.0,10.11,,,passagers_invalides;
1,2024-01-25 21:05:39,2024-01-25 21:28:16,,0.0,,,230,144,0,21.75,0.0,0.5,0.0,0.0,1.0,25.75,,,distance_invalide;passagers_invalides;
1,2024-01-30 14:03:39,2024-01-30 14:15:25,,1.9,,,231,158,0,11.37,0.0,0.5,0.0,0.0,1.0,15.37,,,passagers_invalides;
2,2024-01-28 13:56:41,2024-01-28 14:04:50,,0.97,,,234,79,0,7.24,0.0,0.5,0.0,0.0,1.0,11.24,,,passagers_invalides;
2,2024-01-28 01:13:40,2024-01-28 01:38:11,,6.97,,,79,41,0,-0.94,0.0,0.5,0.0,0.0,1.0,3.06,,,montant_invalide;passagers_invalides;
1,2024-01-17 16:24:37,2024-01-17 17:07:11,,3.9,,,113,142,0,35.2,0.0,0.5,7.84,0.0,1.0,47.04,,,passagers_invalides;
1,2024-01-23 09:17:46,2024-01-23 10:27:16,0.0,17.6,2.0,N,132,163,1,70.0,2.5,0.5,5.0,6.94,1.0,85.94,2.5,0.0,passagers_invalides;
2,2024-01-18 10:41:08,2024-01-18 10:50:21,1.0,0.0,1.0,N,231,211,1,9.3,0.0,0.5,3.0,0.0,1.0,16.3,2.5,0.0,distance_invalide;
2,2024-01-11 09:15:11,2024-01-11 09:28:00,,1.55,,,4,144,0,12.87,0.0,0.5,0.0,0.0,1.0,16.87,,,passagers_invalides;
1,2024-01-28 02:57:48,2024-01-28 03:07:33,0.0,2.0,1.0,N,249,68,2,12.1,3.5,0.5,0.0,0.0,1.0,17.1,2.5,0.0,passagers_invalides;
2,2024-01-23 21:58:14,2024-01-23 22:08:39,,1.11,,,161,142,0,6.83,0.0,0.5,0.0,0.0,1.0,10.83,,,passagers_invalides;
1,2024-01-29 17:25:17,2024-01-29 17:30:26,,1.0,,,239,238,0,7.2,2.5,0.5,2.74,0.0,1.0,16.44,,,passagers_invalides;
2,2024-01-24 16:01:39,2024-01-24 16:16:18,2.0,1.45,1.0,N,88,231,2,-13.5,-2.5,-0.5,0.0,0.0,-1.0,-20.0,-2.5,0.0,montant_invalide;
2,2024-01-10 19:52:20,2024-01-10 20:17:21,,3.42,,,162,148,0,24.38,0.0,0.5,0.0,0.0,1.0,28.38,,,passagers_invalides;
2,2024-01-12 14:15:43,2024-01-12 14:41:05,,10.02,,,186,138,0,43.11,0.0,0.5,8.11,6.94,1.0,62.16,,,passagers_invalides;
1,2024-01-31 17:48:31,2024-01-31 18:13:37,,3.3,,,263,137,0,23.3,2.5,0.5,2.98,0.0,1.0,32.78,,,passagers_invalides;
2,2024-01-01 04:18:01,2024-01-01 04:33:50,1.0,1.7,1.0,N,48,100,4,-14.9,-1.0,-0.5,0.0,0.0,-1.0,-19.9,-2.5,0.0,montant_invalide;
2,2024-01-13 12:18:43,2024-01-13 12:33:41,,3.02,,,13,68,0,18.13,0.0,0.5,0.0,0.0,1.0,22.13,,,passagers_invalides;
2,2024-01-20 06:50:23,2024-01-20 07:05:31,,3.55,,,74,239,0,17.6,0.0,0.5,0.0,0.0,1.0,21.6,,,passagers_invalides;
2,2024-01-09 06:18:35,2024-01-09 06:24:38,1.0,1.08,1.0,N,186,170,3,-7.9,0.0,-0.5,0.0,0.0,-1.0,-11.9,-2.5,0.0,montant_invalide;
1,2024-01-22 17:24:24,2024-01-22 17:25:14,1.0,0.0,1.0,N,246,246,3,3.0,5.0,0.5,0.0,0.0,1.0,9.5,2.5,0.0,distance_invalide;
1,2024-01-27 18:53:20,2024-01-27 19:03:38,0.0,1.9,1.0,N,236,161,1,12.8,2.5,0.5,3.35,0.0,1.0,20.15,2.5,0.0,passagers_invalides;
1,2024-01-08 17:17:18,2024-01-08 17:32:42,,1.4,,,161,48,0,13.5,2.5,0.5,2.0,0.0,1.0,22.0,,,passagers_invalides;
1,2024-01-17 20:38:23,2024-01-17 20:57:18,0.0,2.4,1.0,N,164,141,2,17.7,3.5,0.5,0.0,0.0,1.0,22.7,2.5,0.0,passagers_invalides;
2,2024-01-10 14:43:16,2024-01-10 14:54:35,1.0,1.4,1.0,N,164,229,4,-12.1,0.0,-0.5,0.0,0.0,-1.0,-16.1,-2.5,0.0,montant_invalide;
2,2024-01-12 18:30:43,2024-01-12 18:39:11,1.0,0.78,1.0,N,231,261,4,-8.6,-2.5,-0.5,0.0,0.0,-1.0,-15.1,-2.5,0.0,montant_invalide;
1,2024-01-20 09:51:51,2024-01-20 09:52:14,1.0,0.0,1.0,N,168,168,2,3.0,0.0,0.5,0.0,0.0,1.0,4.5,0.0,0.0,distance_invalide;
2,2024-01-19 19:12:14,2024-01-19 19:19:34,,1.2,,,137,162,0,11.8,0.0,0.5,0.0,0.0,1.0,15.8,,,passagers_invalides;
1,2024-01-28 02:14:38,2024-01-28 02:30:21,0.0,4.2,1.0,N,114,263,1,20.5,3.5,0.5,5.1,0.0,1.0,30.6,2.5,0.0,passagers_invalides;
1,2024-01-04 17:25:14,2024-01-04 17:46:38,,3.3,,,162,239,0,18.4,2.5,0.5,3.73,0.0,1.0,28.63,,,passagers_invalides;
2,2024-01-04 17:12:06,2024-01-04 17:40:45,1.0,0.0,1.0,N,230,238,1,22.6,2.5,0.5,5.82,0.0,1.0,34.92,2.5,0.0,distance_invalide;
1,2024-01-07 19:27:48,2024-01-07 19:37:14,,1.5,,,234,249,0,10.36,0.0,0.5,0.0,0.0,1.0,14.36,,,passagers_invalides;
2,2024-01-17 21:27:15,2024-01-17 21:53:37,1.0,14.24,1.0,N,162,122,4,-55.5,-1.0,-0.5,0.0,-6.94,-1.0,-67.44,-2.5,0.0,montant_invalide;
2,2024-01-09 18:46:26,2024-01-09 18:55:31,,1.22,,,161,140,0,12.39,0.0,0.5,0.0,0.0,1.0,16.39,,,passagers_invalides;
2,2024-01-20 01:16:50,2024-01-20 01:27:17,,1.88,,,79,246,0,12.61,0.0,0.5,0.0,0.0,1.0,16.61,,,passagers_invalides;
2,2024-01-12 20:29:59,2024-01-12 20:38:48,,2.03,,,252,171,0,15.53,0.0,0.5,0.0,0.0,1.0,17.03,,,passagers_invalides;
1,2024-01-24 14:11:08,2024-01-24 14:30:30,0.0,2.3,1.0,N,246,163,1,15.6,2.5,0.5,1.96,0.0,1.0,21.56,2.5,0.0,passagers_invalides;
2,2024-01-13 00:02:59,2024-01-13 00:11:32,,1.1,,,230,162,0,12.77,0.0,0.5,0.0,0.0,1.0,16.77,,,passagers_invalides;
2,2024-01-11 17:25:29,2024-01-11 17:30:53,1.0,0.0,1.0,N,24,166,1,6.5,2.5,0.5,2.62,0.0,1.0,13.12,0.0,0.0,distance_invalide;
1,2024-01-06 18:47:48,2024-01-06 19:13:25,,4.6,,,113,141,0,27.5,0.0,0.5,0.0,0.0,1.0,31.5,,,passagers_invalides;
2,2024-01-14 00:04:29,2024-01-14 00:10:43,,1.08,,,234,113,0,7.32,0.0,0.5,0.0,0.0,1.0,11.32,,,passagers_invalides;
1,2024-01-04 15:06:33,2024-01-04 15:10:05,0.0,0.5,1.0,N,141,263,1,5.8,2.5,0.5,1.95,0.0,1.0,11.75,2.5,0.0,passagers_invalides;
1,2024-01-19 14:19:47,2024-01-19 14:39:54,,6.7,,,142,244,0,28.75,0.0,0.5,0.0,0.0,1.0,32.75,,,passagers_invalides;
2,2024-01-12 20:49:43,2024-01-12 20:53:43,1.0,0.0,1.0,N,132,132,2,3.0,1.0,0.5,0.0,0.0,1.0,5.5,0.0,0.0,distance_invalide;
2,2024-01-18 00:43:36,2024-01-18 00:50:40,1.0,1.88,1.0,N,239,41,4,-10.0,-1.0,-0.5,0.0,0.0,-1.0,-15.0,-2.5,0.0,montant_invalide;
2,2024-01-13 16:17:50,2024-01-13 16:30:38,2.0,0.0,1.0,N,142,161,2,11.4,0.0,0.5,0.0,0.0,1.0,15.4,2.5,0.0,distance_invalide;
1,2024-01-28 15:57:52,2024-01-28 16:09:26,0.0,0.9,1.0,N,68,50,1,9.3,2.5,0.5,1.0,0.0,1.0,14.3,2.5,0.0,passagers_invalides;
1,2024-01-27 22:55:33,2024-01-27 23:03:56,0.0,1.7,1.0,N,48,239,1,10.7,3.5,0.5,3.1,0.0,1.0,18.8,2.5,0.0,passagers_invalides;
1,2024-01-05 22:22:46,2024-01-05 22:42:32,0.0,1.3,1.0,N,161,68,2,17.0,3.5,0.5,0.0,0.0,1.0,22.0,2.5,0.0,passagers_invalides;
2,2024-01-22 08:52:39,2024-01-22 08:52:51,1.0,0.0,1.0,N,163,163,3,-3.0,0.0,-0.5,0.0,0.0,-1.0,-7.0,-2.5,0.0,distance_invalide;montant_invalide;
2,2024-01-22 23:44:26,2024-01-22 23:59:58,,3.99,,,79,142,0,21.49,0.0,0.5,5.1,0.0,1.0,30.59,,,passagers_invalides;
2,2024-01-29 08:41:08,2024-01-29 09:02:37,,3.65,,,148,246,0,2.45,0.0,0.5,0.0,0.0,1.0,6.45,,,passagers_invalides;
2,2024-01-18 10:22:11,2024-01-18 10:27:04,1.0,0.46,1.0,N,161,230,4,-6.5,0.0,-0.5,0.0,0.0,-1.0,-10.5,-2.5,0.0,montant_invalide;
2,2024-01-26 05:32:10,2024-01-26 05:36:10,1.0,0.87,1.0,N,263,236,4,-6.5,-1.0,-0.5,0.0,0.0,-1.0,-11.5,-2.5,0.0,montant_invalide;
1,2024-01-23 21:13:01,2024-01-23 21:22:03,,1.7,,,230,142,0,10.7,1.0,0.5,2.36,0.0,1.0,18.06,,,passagers_invalides;
2,2024-01-29 06:03:30,2024-01-29 06:08:31,,0.53,,,224,107,0,6.83,0.0,0.5,0.0,0.0,1.0,10.83,,,passagers_invalides;
2,2024-01-21 11:12:00,2024-01-21 11:23:00,,2.05,,,50,162,0,11.81,0.0,0.5,2.0,0.0,1.0,17.81,,,passagers_invalides;
1,2024-01-09 18:09:10,2024-01-09 18:30:55,,0.0,,,246,162,0,25.39,0.0,0.5,0.0,0.0,1.0,29.39,,,distance_invalide;passagers_invalides;
2,2024-01-21 09:46:33,2024-01-21 09:47:07,1.0,0.0,2.0,N,186,186,2,70.0,0.0,0.5,0.0,0.0,1.0,74.0,2.5,0.0,distance_invalide;
1,2024-01-28 14:24:40,2024-01-28 14:44:19,0.0,7.7,1.0,N,236,88,1,33.8,2.5,0.5,9.4,0.0,1.0,47.2,2.5,0.0,passagers_invalides;
1,2024-01-25 22:57:41,2024-01-25 23:15:09,,3.0,,,114,229,0,18.4,1.0,0.5,3.51,0.0,1.0,26.91,,,passagers_invalides;
1,2024-01-15 16:11:10,2024-01-15 16:30:56,0.0,2.7,1.0,N,141,48,2,17.0,2.5,0.5,0.0,0.0,1.0,21.0,2.5,0.0,passagers_invalides;
2,2024-01-22 20:22:09,2024-01-22 20:40:34,,6.36,,,235,254,0,26.12,0.0,0.5,0.0,0.0,1.0,27.62,,,passagers_invalides;
1,2024-01-21 02:56:12,2024-01-21 03:12:24,,0.0,,,144,263,0,24.57,0.0,0.5,0.0,0.0,1.0,28.57,,,distance_invalide;passagers_invalides;
2,2024-01-12 20:14:18,2024-01-12 20:14:48,1.0,0.0,1.0,N,132,132,2,-3.0,-1.0,-0.5,0.0,0.0,-1.0,-7.25,0.0,-1.75,distance_invalide;montant_invalide;
2,2024-01-01 11:49:54,2024-01-01 11:56:36,,1.23,,,142,163,0,8.65,0.0,0.5,0.0,0.0,1.0,12.65,,,passagers_invalides;
2,2024-01-26 04:06:08,2024-01-26 04:07:14,1.0,0.0,5.0,N,164,164,1,50.0,0.0,0.0,0.0,0.0,1.0,53.5,2.5,0.0,distance_invalide;
2,2024-01-01 12:16:21,2024-01-01 12:23:28,,1.5,,,263,237,0,11.74,0.0,0.5,1.57,0.0,1.0,17.31,,,passagers_invalides;
2,2024-01-31 13:17:42,2024-01-31 13:27:50,2.0,0.88,1.0,N,48,163,4,-10.0,0.0,-0.5,0.0,0.0,-1.0,-14.0,-2.5,0.0,montant_invalide;
1,2024-01-11 17:22:55,2024-01-11 17:27:30,,0.8,,,239,238,0,6.5,2.5,0.5,2.6,0.0,1.0,15.6,,,passagers_invalides;
2,2024-01-25 12:30:26,2024-01-25 12:53:53,,1.94,,,233,68,0,19.66,0.0,0.5,4.73,0.0,1.0,28.39,,,passagers_invalides;
1,2024-01-21 07:38:08,2024-01-21 07:41:36,0.0,1.5,1.0,N,137,162,1,8.6,2.5,0.5,2.0,0.0,1.0,14.6,2.5,0.0,passagers_invalides;
2,2024-01-17 15:20:00,2024-01-17 16:22:00,,14.95,,,229,132,0,71.86,0.0,0.5,15.17,0.0,1.0,91.03,,,passagers_invalides;
2,2024-01-13 18:55:26,2024-01-13 18:59:22,,0.75,,,238,239,0,14.22,0.0,0.5,4.56,0.0,1.0,22.78,,,passagers_invalides;
2,2024-01-18 23:01:04,2024-01-18 23:12:12,,1.75,,,234,79,0,15.13,0.0,0.5,0.0,0.0,1.0,19.13,,,passagers_invalides;
2,2024-01-23 22:13:24,2024-01-23 22:17:06,1.0,0.71,1.0,N,230,142,4,-5.8,-1.0,-0.5,0.0,0.0,-1.0,-10.8,-2.5,0.0,montant_invalide;
1,2024-01-23 10:33:37,2024-01-23 11:08:43,0.0,2.7,1.0,N,186,237,1,22.6,2.5,0.5,5.32,0.0,1.0,31.92,2.5,0.0,passagers_invalides;
1,2024-01-14 01:06:20,2024-01-14 01:11:23,,0.0,,,79,144,0,12.52,0.0,0.5,0.0,0.0,1.0,16.52,,,distance_invalide;passagers_invalides;
2,2024-01-11 23:12:12,2024-01-11 23:26:34,1.0,1.74,1.0,N,186,79,2,-13.5,-1.0,-0.5,0.0,0.0,-1.0,-18.5,-2.5,0.0,montant_invalide;
2,2024-01-02 12:31:20,2024-01-02 12:52:49,,2.4,,,143,237,0,15.74,0.0,0.5,10.0,0.0,1.0,29.74,,,passagers_invalides;
2,2024-01-07 16:43:21,2024-01-07 16:44:11,2.0,0.07,1.0,N,48,48,2,-3.0,0.0,-0.5,0.0,0.0,-1.0,-7.0,-2.5,0.0,montant_invalide;
1,2024-01-24 07:49:16,2024-01-24 08:02:06,,3.9,,,232,25,0,20.46,0.0,0.5,0.0,0.0,1.0,24.46,,,passagers_invalides;
1,2024-01-05 14:04:21,2024-01-05 14:24:39,0.0,3.6,1.0,N,13,246,2,22.6,2.5,0.5,0.0,0.0,1.0,26.6,2.5,0.0,passagers_invalides;
2,2024-01-16 14:37:05,2024-01-16 14:58:50,,6.01,,,140,249,0,39.14,0.0,0.5,2.0,0.0,1.0,45.14,,,passagers_invalides;
2,2024-01-01 13:20:10,2024-01-01 13:28:47,2.0,0.0,1.0,N,162,186,1,8.6,0.0,0.5,2.52,0.0,1.0,15.12,2.5,0.0,distance_invalide;
2,2024-01-26 04:01:04,2024-01-26 04:18:38,,5.22,,,74,186,0,25.47,0.0,0.5,4.42,0.0,1.0,33.89,,,passagers_invalides;
2,2024-01-20 20:02:56,2024-01-20 20:17:12,,0.93,,,137,234,0,14.55,0.0,0.5,0.0,0.0,1.0,18.55,,,passagers_invalides;
2,2024-01-13 16:59:17,2024-01-13 17:10:19,2.0,1.22,1.0,N,100,90,4,-11.4,0.0,-0.5,0.0,0.0,-1.0,-15.4,-2.5,0.0,montant_invalide;
2,2024-01-24 13:52:25,2024-01-24 14:09:26,2.0,1.19,1.0,N,140,162,4,-15.6,0.0,-0.5,0.0,0.0,-1.0,-19.6,-2.5,0.0,montant_invalide;
2,2024-01-06 10:41:20,2024-01-06 10:52:17,,2.85,,,143,24,0,14.43,0.0,0.5,3.69,0.0,1.0,22.12,,,passagers_invalides;
1,2024-01-22 18:26:01,2024-01-22 18:34:28,0.0,1.2,1.0,N,143,238,1,10.0,5.0,0.5,3.3,0.0,1.0,19.8,2.5,0.0,passagers_invalides;
2,2024-01-22 19:29:23,2024-01-22 19:32:43,1.0,0.34,1.0,N,141,141,3,-5.1,-2.5,-0.5,0.0,0.0,-1.0,-11.6,-2.5,0.0,montant_invalide;
2,2024-01-22 19:20:00,2024-01-22 19:20:06,1.0,0.02,2.0,N,163,43,2,-70.0,-5.0,-0.5,0.0,0.0,-1.0,-79.0,-2.5,0.0,montant_invalide;
2,2024-01-30 23:00:23,2024-01-30 23:37:03,,7.85,,,186,166,0,29.25,0.0,0.5,0.0,0.0,1.0,33.25,,,passagers_invalides;
2,2024-01-24 17:12:25,2024-01-24 17:21:33,,1.49,,,144,4,0,14.12,0.0,0.5,0.0,0.0,1.0,18.12,,,passagers_invalides;
2,2024-01-30 16:00:56,2024-01-30 16:16:35,1.0,0.0,1.0,N,162,246,1,13.5,0.0,0.5,3.5,0.0,1.0,21.0,2.5,0.0,distance_invalide;
2,2024-01-16 07:53:05,2024-01-16 08:08:19,,1.35,,,237,236,0,12.74,0.0,0.5,0.0,0.0,1.0,16.74,,,passagers_invalides;
2,2024-01-18 11:12:13,2024-01-18 11:29:14,,1.63,,,142,162,0,14.73,0.0,0.5,1.0,0.0,1.0,19.73,,,passagers_invalides;
2,2024-01-11 14:52:38,2024-01-11 15:46:28,,14.85,,,162,132,0,73.1,0.0,0.5,4.2,6.94,1.0,88.24,,,passagers_invalides;
2,2024-01-28 00:09:10,2024-01-28 00:45:34,,4.99,,,143,224,0,28.71,0.0,0.5,0.0,0.0,1.0,32.71,,,passagers_invalides;
1,2024-01-12 14:29:16,2024-01-12 14:30:12,1.0,0.0,5.0,N,238,238,1,20.3,0.0,0.0,5.35,0.0,1.0,26.65,0.0,0.0,distance_invalide;
2,2024-01-22 12:11:10,2024-01-22 12:12:15,1.0,0.0,1.0,N,207,207,2,3.7,0.0,0.5,0.0,0.0,1.0,5.2,0.0,0.0,distance_invalide;
1,2024-01-09 09:02:03,2024-01-09 09:17:28,0.0,1.3,1.0,N,170,230,1,14.2,2.5,0.5,0.0,0.0,1.0,18.2,2.5,0.0,passagers_invalides;
2,2024-01-25 19:37:57,2024-01-25 19:48:20,,1.95,,,140,236,0,11.74,0.0,0.5,3.15,0.0,1.0,18.89,,,passagers_invalides;
1,2024-01-29 09:56:02,2024-01-29 10:12:51,0.0,1.5,1.0,N,186,234,1,12.8,2.5,0.5,3.35,0.0,1.0,20.15,2.5,0.0,passagers_invalides;
1,2024-01-22 14:35:14,2024-01-22 14:57:37,0.0,2.8,1.0,N,239,170,1,21.2,2.5,0.5,5.0,0.0,1.0,30.2,2.5,0.0,passagers_invalides;
1,2024-01-14 21:39:45,2024-01-14 21:40:47,1.0,0.0,1.0,N,141,141,3,3.7,3.5,0.5,0.0,0.0,1.0,8.7,2.5,0.0,distance_invalide;
1,2024-01-14 10:10:44,2024-01-14 10:36:58,0.0,17.6,2.0,N,132,74,2,70.0,0.0,0.5,0.0,6.94,1.0,78.44,0.0,0.0,passagers_invalides;
2,2024-01-11 18:28:42,2024-01-11 18:28:49,1.0,0.0,5.0,N,236,236,1,6.0,0.0,0.0,0.0,0.0,1.0,9.5,2.5,0.0,distance_invalide;
1,2024-01-31 05:44:42,2024-01-31 05:50:32,0.0,1.3,1.0,N,186,230,1,8.6,3.5,0.5,1.36,0.0,1.0,14.96,2.5,0.0,passagers_invalides;
2,2024-01-16 11:15:05,2024-01-16 11:30:17,,1.56,,,75,238,0,15.34,0.0,0.5,3.87,0.0,1.0,23.21,,,passagers_invalides;
2,2024-01-23 08:59:07,2024-01-23 09:18:23,,2.36,,,79,246,0,18.67,0.0,0.5,0.0,0.0,1.0,22.67,,,passagers_invalides;
2,2024-01-18 06:45:33,2024-01-18 07:01:14,,5.25,,,239,244,0,-0.51,0.0,0.5,0.0,0.0,1.0,3.49,,,montant_invalide;passagers_invalides;
2,2024-01-15 03:41:08,2024-01-15 04:19:37,,16.9,,,162,1,0,73.77,0.0,0.0,18.33,18.38,1.0,111.48,,,passagers_invalides;
1,2024-01-08 23:33:24,2024-01-08 23:34:10,1.0,0.0,1.0,N,161,161,3,3.0,3.5,0.5,0.0,0.0,1.0,8.0,2.5,0.0,distance_invalide;
2,2024-01-11 20:57:00,2024-01-11 21:16:00,,3.34,,,87,164,0,23.69,0.0,0.5,0.0,0.0,1.0,27.69,,,passagers_invalides;
1,2024-01-25 22:22:27,2024-01-25 22:29:55,,0.0,,,143,239,0,7.67,0.0,0.5,0.0,0.0,1.0,11.67,,,distance_invalide;passagers_invalides;
2,2024-01-11 15:53:00,2024-01-11 16:08:00,,1.24,,,230,233,0,13.26,0.0,0.5,3.45,0.0,1.0,20.71,,,passagers_invalides;
1,2024-01-04 19:28:40,2024-01-04 19:44:31,,1.9,,,129,138,0,27.0,0.0,0.5,0.0,0.0,1.0,28.5,,,passagers_invalides;
1,2024-01-29 20:57:40,2024-01-29 21:19:34,,0.0,,,17,188,0,17.5,1.0,0.5,0.0,0.0,1.0,20.0,,,distance_invalide;passagers_invalides;
1,2024-01-06 16:27:55,2024-01-06 16:28:48,1.0,0.0,5.0,N,132,132,1,85.0,1.75,0.0,12.25,0.0,1.0,100.0,0.0,1.75,distance_invalide;
2,2024-01-25 18:02:28,2024-01-25 18:21:11,,2.53,,,141,164,0,21.59,0.0,0.5,0.0,0.0,1.0,25.59,,,passagers_invalides;
2,2024-01-13 20:15:11,2024-01-13 20:33:23,2.0,4.42,1.0,N,237,137,4,-22.6,-1.0,-0.5,0.0,0.0,-1.0,-27.6,-2.5,0.0,montant_invalide;
2,2024-01-26 23:10:42,2024-01-26 23:21:34,,2.35,,,239,141,0,-1.0,0.0,0.5,0.0,0.0,1.0,3.0,,,montant_invalide;passagers_invalides;
2,2024-01-01 14:31:44,2024-01-01 14:47:31,,0.83,,,137,186,0,18.21,0.0,0.5,0.0,0.0,1.0,22.21,,,passagers_invalides;
2,2024-01-12 03:34:53,2024-01-12 03:52:00,,5.19,,,79,226,0,20.42,0.0,0.5,5.0,0.0,1.0,29.42,,,passagers_invalides;
2,2024-01-28 04:27:32,2024-01-28 04:38:00,,1.7,,,166,41,0,9.93,0.0,0.5,0.0,0.0,1.0,11.43,,,passagers_invalides;
1,2024-01-21 02:07:42,2024-01-21 02:13:46,,0.0,,,231,113,0,18.39,0.0,0.5,0.0,0.0,1.0,22.39,,,distance_invalide;passagers_invalides;
1,2024-01-23 12:06:14,2024-01-23 12:29:34,0.0,3.7,1.0,N,186,238,1,24.0,2.5,0.5,5.6,0.0,1.0,33.6,2.5,0.0,passagers_invalides;
2,2024-01-31 20:02:33,2024-01-31 20:08:08,1.0,2.71,1.0,N,132,132,3,-12.8,-1.0,-0.5,0.0,0.0,-1.0,-17.05,0.0,-1.75,montant_invalide;
2,2024-01-17 22:23:49,2024-01-17 22:39:32,,2.27,,,162,68,0,15.81,0.0,0.5,0.0,0.0,1.0,19.81,,,passagers_invalides;
2,2024-01-06 17:18:36,2024-01-06 17:18:42,3.0,0.0,3.0,N,236,236,2,-23.0,0.0,0.0,0.0,0.0,-1.0,-24.0,0.0,0.0,distance_invalide;montant_invalide;
2,2024-01-16 16:53:38,2024-01-16 17:06:43,4.0,1.47,1.0,N,68,230,2,-12.8,-2.5,-0.5,0.0,0.0,-1.0,-19.3,-2.5,0.0,montant_invalide;
2,2024-01-24 20:56:48,2024-01-24 21:01:30,3.0,2.62,1.0,N,132,132,3,-12.1,-1.0,-0.5,0.0,0.0,-1.0,-16.35,0.0,-1.75,montant_invalide;
2,2024-01-14 18:15:42,2024-01-14 18:19:21,1.0,0.43,1.0,N,163,230,2,-5.8,0.0,-0.5,0.0,0.0,-1.0,-9.8,-2.5,0.0,montant_invalide;
1,2024-01-21 02:31:24,2024-01-21 02:42:36,,1.8,,,68,230,0,10.96,0.0,0.5,0.0,0.0,1.0,14.96,,,passagers_invalides;
2,2024-01-16 07:58:41,2024-01-16 08:10:01,,1.64,,,234,246,0,14.54,0.0,0.5,0.0,0.0,1.0,18.54,,,passagers_invalides;
2,2024-01-01 05:43:57,2024-01-01 06:09:47,,10.44,,,63,173,0,31.29,0.0,0.5,0.0,0.0,1.0,32.79,,,passagers_invalides;
1,2024-01-06 19:07:03,2024-01-06 19:11:19,,0.6,,,90,186,0,5.8,0.0,0.5,0.98,0.0,1.0,10.78,,,passagers_invalides;
2,2024-01-16 08:37:00,2024-01-16 08:55:00,,4.25,,,262,107,0,27.46,0.0,0.5,6.29,0.0,1.0,37.75,,,passagers_invalides;
2,2024-01-24 17:04:00,2024-01-24 17:08:42,3.0,0.0,1.0,N,238,239,1,5.8,2.5,0.5,0.0,0.0,1.0,12.3,2.5,0.0,distance_invalide;
2,2024-01-12 10:42:00,2024-01-12 10:59:00,,2.31,,,113,170,0,13.68,0.0,0.5,0.0,0.0,1.0,17.68,,,passagers_invalides;
2,2024-01-10 14:41:59,2024-01-10 14:49:10,5.0,0.88,1.0,N,161,237,3,-8.6,0.0,-0.5,0.0,0.0,-1.0,-12.6,-2.5,0.0,montant_invalide;
2,2024-01-09 21:03:44,2024-01-09 21:09:45,,0.99,,,164,186,0,9.26,0.0,0.5,0.0,0.0,1.0,13.26,,,passagers_invalides;
1,2024-01-30 10:07:30,2024-01-30 10:28:49,,2.3,,,236,161,0,17.7,0.0,0.5,3.25,0.0,1.0,24.95,,,passagers_invalides;
1,2024-01-16 19:20:22,2024-01-16 19:30:29,,2.0,,,163,239,0,12.1,2.5,0.5,2.79,0.0,1.0,21.39,,,passagers_invalides;
2,2024-01-03 10:34:07,2024-01-03 10:53:19,1.0,2.24,1.0,N,161,236,4,-18.4,0.0,-0.5,0.0,0.0,-1.0,-22.4,-2.5,0.0,montant_invalide;
2,2024-01-05 14:56:27,2024-01-05 15:04:41,,1.32,,,50,230,0,12.3,0.0,0.5,3.26,0.0,1.0,19.56,,,passagers_invalides;
1,2024-01-04 07:13:27,2024-01-04 07:25:26,,0.0,,,146,43,0,16.05,0.0,0.5,0.0,0.0,1.0,20.05,,,distance_invalide;passagers_invalides;
1,2024-01-28 10:27:33,2024-01-28 10:38:51,0.0,1.8,1.0,N,164,79,1,12.8,2.5,0.5,5.0,0.0,1.0,21.8,2.5,0.0,passagers_invalides;
2,2024-01-05 00:34:59,2024-01-05 00:51:42,2.0,6.4,1.0,N,224,151,4,-27.5,-1.0,-0.5,0.0,0.0,-1.0,-32.5,-2.5,0.0,montant_invalide;
2,2024-01-06 17:26:35,2024-01-06 17:54:32,,5.84,,,246,262,0,35.84,0.0,0.5,7.97,0.0,1.0,47.81,,,passagers_invalides;
2,2024-01-28 12:08:54,2024-01-28 12:09:21,1.0,0.0,1.0,N,19,19,3,3.0,0.0,0.5,0.0,0.0,1.0,4.5,0.0,0.0,distance_invalide;
1,2024-01-30 09:16:41,2024-01-30 09:23:00,0.0,1.0,1.0,N,142,237,1,8.6,2.5,0.5,2.5,0.0,1.0,15.1,2.5,0.0,passagers_invalides;
2,2024-01-26 18:10:54,2024-01-26 18:18:08,,1.0,,,232,114,0,14.22,0.0,0.5,3.64,0.0,1.0,21.86,,,passagers_invalides;
2,2024-01-01 03:10:24,2024-01-01 03:13:59,2.0,0.59,1.0,N,125,249,4,-5.8,-1.0,-0.5,0.0,0.0,-1.0,-10.8,-2.5,0.0,montant_invalide;
2,2024-01-15 14:20:42,2024-01-15 14:36:30,1.0,1.67,1.0,N,162,164,4,-15.6,0.0,-0.5,0.0,0.0,-1.0,-19.6,-2.5,0.0,montant_invalide;
1,2024-01-07 14:44:54,2024-01-07 14:50:35,,0.0,,,188,62,0,6.83,0.0,0.5,0.0,0.0,1.0,8.33,,,distance_invalide;passagers_invalides;
2,2024-01-18 07:33:43,2024-01-18 07:52:06,,3.26,,,79,246,0,21.56,0.0,0.5,0.0,0.0,1.0,25.56,,,passagers_invalides;
2,2024-01-20 02:56:51,2024-01-20 02:57:10,4.0,0.05,5.0,N,162,162,4,-12.0,0.0,0.0,0.0,0.0,-1.0,-15.5,-2.5,0.0,montant_invalide;
2,2024-01-03 07:58:27,2024-01-03 07:58:42,1.0,0.0,1.0,N,158,158,2,3.0,0.0,0.5,0.0,0.0,1.0,7.0,2.5,0.0,distance_invalide;
1,2024-01-01 14:25:17,2024-01-01 14:30:37,0.0,1.0,1.0,N,237,236,1,7.9,2.5,0.5,2.35,0.0,1.0,14.25,2.5,0.0,passagers_invalides;
1,2024-01-08 15:02:47,2024-01-08 15:30:09,,9.5,,,232,138,0,48.42,0.0,0.5,0.0,0.0,1.0,52.42,,,passagers_invalides;
1,2024-01-24 10:18:38,2024-01-24 10:25:44,,1.2,,,237,43,0,8.6,0.0,0.5,2.52,0.0,1.0,15.12,,,passagers_invalides;
2,2024-01-13 15:19:26,2024-01-13 15:33:28,,1.93,,,230,234,0,16.65,0.0,0.5,0.0,0.0,1.0,20.65,,,passagers_invalides;
1,2024-01-09 07:35:05,2024-01-09 08:16:28,1.0,0.0,1.0,N,36,107,1,25.5,0.0,0.5,0.0,0.0,1.0,27.0,0.0,0.0,distance_invalide;
1,2024-01-07 09:16:45,2024-01-07 09:32:28,,0.0,,,179,161,0,21.62,0.0,0.5,0.0,0.0,1.0,25.62,,,distance_invalide;passagers_invalides;
2,2024-01-20 21:28:00,2024-01-20 21:35:00,,1.26,,,229,170,0,11.74,0.0,0.5,3.15,0.0,1.0,18.89,,,passagers_invalides;
2,2024-01-16 09:11:41,2024-01-16 09:22:53,1.0,1.41,1.0,N,162,140,4,-11.4,0.0,-0.5,0.0,0.0,-1.0,-15.4,-2.5,0.0,montant_invalide;
1,2024-01-20 20:17:54,2024-01-20 20:22:45,0.0,0.7,1.0,N,137,162,1,6.5,3.5,0.5,2.3,0.0,1.0,13.8,2.5,0.0,passagers_invalides;
2,2024-01-14 18:59:19,2024-01-14 18:59:30,3.0,0.0,1.0,N,132,132,2,-3.0,0.0,-0.5,0.0,0.0,-1.0,-8.75,-2.5,-1.75,distance_invalide;montant_invalide;
2,2024-01-02 20:37:23,2024-01-02 20:44:52,,1.05,,,229,141,0,11.74,0.0,0.5,3.15,0.0,1.0,18.89,,,passagers_invalides;
2,2024-01-23 22:05:37,2024-01-23 22:14:39,,1.96,,,114,170,0,11.25,0.0,0.5,0.0,0.0,1.0,15.25,,,passagers_invalides;
2,2024-01-12 13:10:55,2024-01-12 13:11:16,1.0,0.05,1.0,N,196,196,3,-3.0,0.0,-0.5,0.0,0.0,-1.0,-4.5,0.0,0.0,montant_invalide;
1,2024-01-18 13:42:49,2024-01-18 13:52:23,,0.8,,,141,262,0,10.0,0.0,0.5,2.1,0.0,1.0,16.1,,,passagers_invalides;
1,2024-01-10 13:17:18,2024-01-10 13:20:35,,0.6,,,113,211,0,5.1,0.0,0.5,0.91,0.0,1.0,10.01,,,passagers_invalides;
2,2024-01-31 16:55:47,2024-01-31 17:09:41,,2.22,,,262,74,0,16.85,0.0,0.5,1.0,0.0,1.0,21.85,,,passagers_invalides;
1,2024-01-15 12:55:03,2024-01-15 12:58:55,,0.8,,,107,79,0,5.8,0.0,0.5,1.47,0.0,1.0,11.27,,,passagers_invalides;
2,2024-01-14 16:39:08,2024-01-14 16:53:45,,4.36,,,87,137,0,17.78,0.0,0.5,0.0,0.0,1.0,21.78,,,passagers_invalides;
2,2024-01-24 16:01:18,2024-01-24 16:14:58,1.0,0.0,1.0,N,186,233,1,12.1,0.0,0.5,4.83,0.0,1.0,20.93,2.5,0.0,distance_invalide;
2,2024-01-23 18:35:18,2024-01-23 18:40:35,,0.81,,,140,237,0,6.83,0.0,0.5,0.0,0.0,1.0,10.83,,,passagers_invalides;
2,2024-01-15 13:29:00,2024-01-15 13:40:00,,1.58,,,74,41,0,12.3,0.0,0.5,3.45,0.0,1.0,17.25,,,passagers_invalides;
2,2024-01-18 22:55:23,2024-01-18 23:12:08,,3.51,,,234,263,0,21.26,0.0,0.5,0.0,0.0,1.0,25.26,,,passagers_invalides;
2,2024-01-28 00:37:42,2024-01-28 00:40:54,,0.59,,,137,107,0,10.83,0.0,0.5,0.0,0.0,1.0,14.83,,,passagers_invalides;
1,2024-01-30 21:11:33,2024-01-30 21:13:13,1.0,0.0,1.0,N,186,186,1,3.7,3.5,0.5,4.0,0.0,1.0,12.7,2.5,0.0,distance_invalide;
2,2024-01-20 23:34:32,2024-01-20 23:52:51,,6.04,,,239,243,0,21.12,0.0,0.5,0.0,0.0,1.0,25.12,,,passagers_invalides;
2,2024-01-03 16:43:37,2024-01-03 16:51:23,4.0,0.85,1.0,N,246,186,4,-8.6,-2.5,-0.5,0.0,0.0,-1.0,-15.1,-2.5,0.0,montant_invalide;
2,2024-01-20 19:46:41,2024-01-20 19:52:54,,1.17,,,236,237,0,8.16,0.0,0.5,0.0,0.0,1.0,12.16,,,passagers_invalides;
2,2024-01-14 00:57:31,2024-01-14 01:02:04,,1.01,,,90,100,0,7.9,0.0,0.5,0.0,0.0,1.0,11.9,,,passagers_invalides;
2,2024-01-15 15:51:50,2024-01-15 15:52:11,1.0,0.0,5.0,N,230,230,3,-85.0,0.0,0.0,0.0,0.0,-1.0,-88.5,-2.5,0.0,distance_invalide;montant_invalide;
1,2024-01-29 17:03:49,2024-01-29 17:10:18,,0.9,,,234,234,0,7.2,2.5,0.5,2.74,0.0,1.0,16.44,,,passagers_invalides;
1,2024-01-16 14:06:16,2024-01-16 14:11:41,,0.7,,,151,238,0,7.2,0.0,0.5,1.68,0.0,1.0,12.88,,,passagers_invalides;
2,2024-01-19 17:52:49,2024-01-19 18:11:04,,5.45,,,140,79,0,22.44,0.0,0.5,0.0,0.0,1.0,26.44,,,passagers_invalides;
2,2024-01-14 01:23:58,2024-01-14 01:29:50,,2.91,,,232,137,0,-0.26,0.0,0.5,0.0,0.0,1.0,3.74,,,montant_invalide;passagers_invalides;
2,2024-01-26 11:24:37,2024-01-26 11:46:36,1.0,4.81,1.0,N,142,41,4,-26.1,0.0,-0.5,0.0,0.0,-1.0,-30.1,-2.5,0.0,montant_invalide;
1,2024-01-12 06:39:08,2024-01-12 06:46:27,,0.0,,,234,246,0,9.41,0.0,0.5,0.0,0.0,1.0,13.41,,,distance_invalide;passagers_invalides;
2,2024-01-21 18:49:31,2024-01-21 18:55:51,,1.37,,,238,43,0,9.51,0.0,0.5,0.0,0.0,1.0,13.51,,,passagers_invalides;
1,2024-01-30 14:57:59,2024-01-30 15:26:43,1.0,0.0,1.0,Y,237,7,1,22.5,0.0,0.5,0.0,0.0,1.0,24.0,0.0,0.0,distance_invalide;
2,2024-01-20 08:52:44,2024-01-20 08:59:49,,0.92,,,239,238,0,11.58,0.0,0.5,3.12,0.0,1.0,18.7,,,passagers_invalides;
2,2024-01-12 11:50:10,2024-01-12 12:02:27,,3.41,,,166,244,0,15.05,0.0,0.5,0.0,0.0,1.0,16.55,,,passagers_invalides;
1,2024-01-01 00:15:11,2024-01-01 00:28:24,,0.0,,,77,225,0,14.98,0.0,0.5,0.0,0.0,1.0,16.48,,,distance_invalide;passagers_invalides;
2,2024-01-05 19:45:51,2024-01-05 20:07:11,,3.98,,,166,162,0,31.11,0.0,0.5,7.02,0.0,1.0,42.13,,,passagers_invalides;
1,2024-01-25 17:42:52,2024-01-25 18:35:46,,0.0,,,145,92,0,44.52,0.0,0.5,0.0,0.0,1.0,46.02,,,distance_invalide;passagers_invalides;
1,2024-01-20 03:24:00,2024-01-20 03:34:05,,1.5,,,137,161,0,10.16,0.0,0.5,0.0,0.0,1.0,14.16,,,passagers_invalides;
1,2024-01-28 01:39:33,2024-01-28 01:54:25,,0.0,,,114,211,0,15.91,0.0,0.5,0.0,0.0,1.0,19.91,,,distance_invalide;passagers_invalides;
2,2024-01-01 02:21:01,2024-01-01 02:28:23,,0.89,,,42,42,0,19.83,0.0,0.5,0.0,0.0,1.0,21.33,,,passagers_invalides;
1,2024-01-16 11:47:15,2024-01-16 11:54:37,0.0,0.7,1.0,N,68,246,1,7.9,2.5,0.5,2.35,0.0,1.0,14.25,2.5,0.0,passagers_invalides;
2,2024-01-20 19:36:57,2024-01-20 19:40:51,,0.27,,,129,129,0,10.6,0.0,0.5,0.0,0.0,1.0,12.1,,,passagers_invalides;
2,2024-01-10 17:28:29,2024-01-10 17:28:39,1.0,0.0,1.0,N,132,132,2,3.0,2.5,0.5,0.0,0.0,1.0,7.0,0.0,0.0,distance_invalide;
2,2024-01-25 17:59:07,2024-01-25 18:11:36,,1.95,,,137,114,0,15.94,0.0,0.5,0.0,0.0,1.0,19.94,,,passagers_invalides;
2,2024-01-16 18:54:50,2024-01-16 19:08:55,,3.48,,,231,54,0,25.94,0.0,0.5,5.99,0.0,1.0,35.93,,,passagers_invalides;
2,2024-01-25 22:21:41,2024-01-25 22:36:40,,3.27,,,50,113,0,18.45,0.0,0.5,0.0,0.0,1.0,22.45,,,passagers_invalides;
2,2024-01-20 19:21:30,2024-01-20 19:30:06,,1.07,,,237,161,0,11.47,0.0,0.5,0.0,0.0,1.0,15.47,,,passagers_invalides;
2,2024-01-25 08:18:00,2024-01-25 08:40:32,,3.55,,,143,234,0,20.29,0.0,0.5,0.0,0.0,1.0,24.29,,,passagers_invalides;
2,2024-01-29 06:13:38,2024-01-29 06:22:00,,1.88,,,239,162,0,9.36,0.0,0.5,0.0,0.0,1.0,13.36,,,passagers_invalides;
2,2024-01-13 21:22:04,2024-01-13 21:30:09,,1.04,,,237,229,0,9.31,0.0,0.5,0.0,0.0,1.0,13.31,,,passagers_invalides;
2,2024-01-04 05:10:27,2024-01-04 05:31:25,,15.07,,,229,132,0,58.31,0.0,0.5,0.0,6.94,1.0,69.25,,,passagers_invalides;
1,2024-01-01 00:33:20,2024-01-01 01:18:48,,0.0,,,249,74,0,34.23,0.0,0.5,0.0,0.0,1.0,38.23,,,distance_invalide;passagers_invalides;
2,2024-01-11 08:27:23,2024-01-11 08:34:22,,1.2,,,79,113,0,10.74,0.0,0.5,0.0,0.0,1.0,14.74,,,passagers_invalides;
2,2024-01-23 15:30:17,2024-01-23 15:30:20,3.0,0.0,2.0,N,237,237,4,70.0,0.0,0.5,0.0,0.0,1.0,74.0,2.5,0.0,distance_invalide;
1,2024-01-17 14:11:13,2024-01-17 14:11:13,1.0,0.0,1.0,Y,230,264,2,3.0,0.0,0.5,0.0,0.0,1.0,4.5,0.0,0.0,distance_invalide;
2,2024-01-15 23:59:09,2024-01-15 23:59:43,1.0,0.0,1.0,N,138,138,2,3.0,6.0,0.5,0.0,0.0,1.0,12.25,0.0,1.75,distance_invalide;
2,2024-01-12 23:32:05,2024-01-12 23:44:18,,2.01,,,239,162,0,12.13,0.0,0.5,0.0,0.0,1.0,16.13,,,passagers_invalides;
1,2024-01-08 17:12:30,2024-01-08 17:16:21,0.0,0.5,1.0,N,143,142,1,5.8,5.0,0.5,2.45,0.0,1.0,14.75,2.5,0.0,passagers_invalides;
2,2024-01-01 09:35:19,2024-01-01 09:39:49,,0.7,,,114,79,0,6.83,0.0,0.5,0.0,0.0,1.0,10.83,,,passagers_invalides;
1,2024-01-31 08:38:05,2024-01-31 08:46:55,0.0,1.3,1.0,N,151,263,1,10.0,0.0,0.5,2.3,0.0,1.0,13.8,0.0,0.0,passagers_invalides;
2,2024-01-12 21:46:20,2024-01-12 22:20:08,2.0,15.22,2.0,N,10,163,4,-70.0,0.0,-0.5,0.0,0.0,-1.0,-74.0,-2.5,0.0,montant_invalide;
2,2024-01-01 00:03:31,2024-01-01 00:04:29,1.0,0.0,5.0,N,264,264,1,100.0,0.0,0.0,0.0,0.0,1.0,101.0,0.0,0.0,distance_invalide;
2,2024-01-13 11:30:41,2024-01-13 11:47:12,,3.16,,,238,246,0,15.29,0.0,0.5,0.0,0.0,1.0,19.29,,,passagers_invalides;
2,2024-01-25 07:57:46,2024-01-25 08:05:17,,0.96,,,163,142,0,13.82,0.0,0.5,3.56,0.0,1.0,21.38,,,passagers_invalides;
2,2024-01-29 18:45:02,2024-01-29 18:54:01,1.0,1.32,1.0,N,237,262,4,-10.0,-2.5,-0.5,0.0,0.0,-1.0,-16.5,-2.5,0.0,montant_invalide;
2,2024-01-07 22:40:34,2024-01-07 22:40:44,1.0,0.0,1.0,N,25,25,2,3.0,1.0,0.5,0.0,0.0,1.0,5.5,0.0,0.0,distance_invalide;
2,2024-01-14 19:54:21,2024-01-14 20:13:37,,9.22,,,121,223,0,28.87,0.0,0.5,0.0,0.0,1.0,30.37,,,passagers_invalides;
1,2024-01-29 00:13:36,2024-01-29 00:41:33,0.0,14.6,1.0,N,234,205,1,56.2,3.5,0.5,13.6,6.94,1.0,81.74,2.5,0.0,passagers_invalides;
2,2024-01-02 13:09:00,2024-01-02 13:34:00,,12.37,,,231,138,0,44.89,0.0,0.5,9.78,0.0,1.0,58.67,,,passagers_invalides;
1,2024-01-10 12:14:19,2024-01-10 12:38:13,1.0,0.0,99.0,N,125,238,1,30.5,0.0,0.5,0.0,0.0,1.0,32.0,0.0,0.0,distance_invalide;
1,2024-01-28 10:57:29,2024-01-28 11:21:08,,4.0,,,113,239,0,28.16,0.0,0.5,0.0,0.0,1.0,32.16,,,passagers_invalides;
1,2024-01-11 10:04:34,2024-01-11 10:20:28,0.0,1.7,1.0,N,234,148,3,13.5,2.5,0.5,0.0,0.0,1.0,17.5,2.5,0.0,passagers_invalides;
2,2024-01-09 16:07:22,2024-01-09 16:31:46,,2.54,,,107,140,0,22.26,0.0,0.5,3.94,0.0,1.0,30.2,,,passagers_invalides;
2,2024-01-12 10:57:44,2024-01-12 10:57:50,1.0,0.0,1.0,N,132,132,2,3.0,0.0,0.5,0.0,0.0,1.0,6.25,0.0,1.75,distance_invalide;
2,2024-01-13 13:52:58,2024-01-13 14:03:48,,1.46,,,143,162,0,15.0,0.0,0.5,2.0,0.0,1.0,21.0,,,passagers_invalides;
2,2024-01-31 21:56:49,2024-01-31 22:12:27,,3.03,,,186,239,0,18.82,0.0,0.5,2.28,0.0,1.0,25.1,,,passagers_invalides;
1,2024-01-10 04:15:17,2024-01-10 04:39:46,,0.0,,,130,140,0,45.86,0.0,0.5,0.0,0.0,1.0,49.86,,,distance_invalide;passagers_invalides;
2,2024-01-19 08:13:02,2024-01-19 08:25:27,,2.38,,,143,238,0,13.25,0.0,0.5,0.0,0.0,1.0,17.25,,,passagers_invalides;
2,2024-01-04 17:22:22,2024-01-04 17:39:43,,3.15,,,262,234,0,28.05,0.0,0.5,6.41,0.0,1.0,38.46,,,passagers_invalides;
1,2024-01-26 22:05:09,2024-01-26 22:16:05,,0.0,,,140,239,0,16.85,1.0,0.5,0.0,0.0,1.0,23.85,,,distance_invalide;passagers_invalides;
2,2024-01-12 14:23:29,2024-01-12 14:29:54,,0.62,,,263,236,0,6.83,0.0,0.5,0.0,0.0,1.0,10.83,,,passagers_invalides;
2,2024-01-23 09:03:00,2024-01-23 09:57:00,,7.31,,,17,170,0,51.3,0.0,0.5,1.0,0.0,1.0,56.3,,,passagers_invalides;
2,2024-01-21 11:17:12,2024-01-21 11:33:57,,3.31,,,161,148,0,16.91,0.0,0.5,0.0,0.0,1.0,20.91,,,passagers_invalides;
2,2024-01-06 13:21:40,2024-01-06 13:43:29,,10.7,,,237,138,0,37.72,0.0,0.5,7.3,6.94,1.0,55.96,,,passagers_invalides;
2,2024-01-27 01:41:52,2024-01-27 01:54:25,,2.0,,,249,137,0,13.9,0.0,0.5,0.0,0.0,1.0,17.9,,,passagers_invalides;
2,2024-01-23 10:20:59,2024-01-23 10:21:05,2.0,0.0,1.0,N,151,151,3,-3.0,0.0,-0.5,0.0,0.0,-1.0,-4.5,0.0,0.0,distance_invalide;montant_invalide;
1,2024-01-14 00:14:09,2024-01-14 00:25:12,,0.0,,,79,170,0,25.1,0.0,0.5,0.0,0.0,1.0,29.1,,,distance_invalide;passagers_invalides;
1,2024-01-06 15:11:15,2024-01-06 15:23:27,,2.0,,,142,236,0,13.5,0.0,0.5,2.63,0.0,1.0,20.13,,,passagers_invalides;
2,2024-01-17 05:55:17,2024-01-17 06:06:26,,6.11,,,143,244,0,16.92,0.0,0.5,0.0,0.0,1.0,20.92,,,passagers_invalides;
1,2024-01-29 11:47:26,2024-01-29 11:53:39,0.0,1.5,1.0,N,143,68,1,8.6,2.5,0.5,2.5,0.0,1.0,15.1,2.5,0.0,passagers_invalides;
2,2024-01-11 00:41:51,2024-01-11 00:47:50,1.0,0.0,2.0,N,132,10,2,70.0,0.0,0.5,0.0,0.0,1.0,73.25,0.0,1.75,distance_invalide;
2,2024-01-01 03:41:12,2024-01-01 03:49:36,,1.93,,,163,263,0,19.45,0.0,0.5,0.0,0.0,1.0,23.45,,,passagers_invalides;
2,2024-01-11 17:46:43,2024-01-11 17:46:51,1.0,0.0,2.0,N,237,237,2,70.0,5.0,0.5,0.0,0.0,1.0,79.0,2.5,0.0,distance_invalide;
2,2024-01-11 16:47:23,2024-01-11 16:58:24,1.0,0.0,1.0,N,100,170,1,10.0,2.5,0.5,3.3,0.0,1.0,19.8,2.5,0.0,distance_invalide;
2,2024-01-01 17:50:40,2024-01-01 18:18:15,,11.23,,,129,261,0,43.18,0.0,0.5,0.0,0.0,1.0,47.18,,,passagers_invalides;
1,2024-01-08 16:22:26,2024-01-08 16:45:34,0.0,2.4,1.0,N,161,113,1,17.7,5.0,0.5,4.8,0.0,1.0,29.0,2.5,0.0,passagers_invalides;
2,2024-01-13 17:42:07,2024-01-13 18:02:12,,2.22,,,186,114,0,17.24,0.0,0.5,0.0,0.0,1.0,21.24,,,passagers_invalides;
1,2024-01-12 21:24:38,2024-01-12 21:41:48,,2.9,,,234,237,0,16.3,1.0,0.5,3.19,0.0,1.0,24.49,,,passagers_invalides;
2,2024-01-21 15:53:55,2024-01-21 15:58:01,1.0,0.71,1.0,N,263,140,2,-6.5,0.0,-0.5,0.0,0.0,-1.0,-10.5,-2.5,0.0,montant_invalide;
1,2024-01-22 18:41:17,2024-01-22 18:57:39,,3.6,,,13,48,0,19.1,2.5,0.5,3.84,0.0,1.0,29.44,,,passagers_invalides;
1,2024-01-16 14:46:41,2024-01-16 14:59:52,0.0,1.4,1.0,N,238,236,1,13.5,2.5,0.5,3.5,0.0,1.0,21.0,2.5,0.0,passagers_invalides;
2,2024-01-10 22:11:55,2024-01-10 22:15:05,2.0,0.45,1.0,N,231,231,3,-5.1,-1.0,-0.5,0.0,0.0,-1.0,-10.1,-2.5,0.0,montant_invalide;
1,2024-01-13 19:36:54,2024-01-13 19:37:51,1.0,0.0,5.0,N,100,100,1,15.0,0.0,0.0,0.0,0.0,1.0,16.0,0.0,0.0,distance_invalide;
2,2024-01-25 18:23:10,2024-01-25 18:30:44,,1.19,,,140,237,0,11.59,0.0,0.5,0.0,0.0,1.0,15.59,,,passagers_invalides;
2,2024-01-07 14:18:01,2024-01-07 14:21:56,1.0,0.65,1.0,N,79,148,3,-5.8,0.0,-0.5,0.0,0.0,-1.0,-9.8,-2.5,0.0,montant_invalide;
2,2024-01-26 22:51:42,2024-01-26 23:09:15,,3.25,,,239,170,0,19.1,0.0,0.5,0.0,0.0,1.0,23.1,,,passagers_invalides;
1,2024-01-21 17:43:21,2024-01-21 17:51:17,,0.0,,,88,79,0,19.07,0.0,0.5,0.0,0.0,1.0,23.07,,,distance_invalide;passagers_invalides;
1,2024-01-28 03:49:23,2024-01-28 03:53:47,,0.0,,,4,79,0,12.58,0.0,0.5,0.0,0.0,1.0,16.58,,,distance_invalide;passagers_invalides;
1,2024-01-12 17:09:45,2024-01-12 17:17:52,0.0,1.1,1.0,Y,107,162,1,9.3,5.0,0.5,3.15,0.0,1.0,18.95,2.5,0.0,passagers_invalides;
2,2024-01-27 19:23:26,2024-01-27 19:32:35,2.0,0.89,1.0,N,162,237,2,-9.3,0.0,-0.5,0.0,0.0,-1.0,-13.3,-2.5,0.0,montant_invalide;
2,2024-01-01 11:56:43,2024-01-01 12:05:34,,2.25,,,107,141,0,13.06,0.0,0.5,0.0,0.0,1.0,17.06,,,passagers_invalides;
2,2024-01-21 14:37:10,2024-01-21 15:00:31,,3.99,,,62,178,0,24.09,0.0,0.5,0.0,0.0,1.0,25.59,,,passagers_invalides;
2,2024-01-21 11:27:42,2024-01-21 11:35:36,,1.3,,,41,74,0,8.78,0.0,0.5,0.0,0.0,1.0,10.28,,,passagers_invalides;
1,2024-01-22 08:37:22,2024-01-22 08:53:22,,2.0,,,263,162,0,14.9,0.0,0.5,2.83,0.0,1.0,21.73,,,passagers_invalides;
1,2024-01-17 20:46:10,2024-01-17 20:52:19,0.0,1.2,1.0,N,237,236,1,9.3,3.5,0.5,3.0,0.0,1.0,17.3,2.5,0.0,passagers_invalides;
1,2024-01-31 09:29:51,2024-01-31 09:49:30,,0.0,,,141,13,0,33.54,0.0,0.5,0.0,0.0,1.0,37.54,,,distance_invalide;passagers_invalides;
2,2024-01-20 19:31:50,2024-01-20 19:43:27,,2.21,,,145,179,0,16.28,0.0,0.5,0.0,0.0,1.0,17.78,,,passagers_invalides;
2,2024-01-28 16:13:10,2024-01-28 16:34:39,1.0,3.2,1.0,N,113,142,2,-20.5,0.0,-0.5,0.0,0.0,-1.0,-24.5,-2.5,0.0,montant_invalide;
2,2024-01-03 04:27:00,2024-01-03 04:48:00,,12.16,,,61,138,0,41.09,0.0,0.5,6.39,0.0,1.0,48.98,,,passagers_invalides;
2,2024-01-04 23:10:16,2024-01-04 23:22:47,,3.11,,,255,49,0,15.95,0.0,0.5,0.0,0.0,1.0,17.45,,,passagers_invalides;
1,2024-01-08 21:54:16,2024-01-08 22:01:34,,1.0,,,234,246,0,7.9,1.0,0.5,1.29,0.0,1.0,14.19,,,passagers_invalides;
2,2024-01-11 08:38:52,2024-01-11 08:50:01,,2.53,,,263,24,0,19.82,0.0,0.5,0.0,0.0,1.0,23.82,,,passagers_invalides;
2,2024-01-29 01:23:00,2024-01-29 01:33:00,,3.48,,,125,50,0,15.63,0.0,0.5,3.93,0.0,1.0,23.56,,,passagers_invalides;
2,2024-01-24 22:57:10,2024-01-24 22:57:17,1.0,0.0,5.0,N,131,131,1,30.0,0.0,0.0,6.2,0.0,1.0,37.2,0.0,0.0,distance_invalide;
1,2024-01-20 23:05:01,2024-01-20 23:21:42,0.0,2.4,1.0,N,164,50,1,17.0,3.5,0.5,4.4,0.0,1.0,26.4,2.5,0.0,passagers_invalides;
2,2024-01-19 19:11:14,2024-01-19 19:40:09,,7.59,,,140,244,0,29.74,0.0,0.5,0.0,0.0,1.0,33.74,,,passagers_invalides;
2,2024-01-25 21:03:13,2024-01-25 21:13:05,,1.26,,,68,48,0,11.51,0.0,0.5,0.0,0.0,1.0,15.51,,,passagers_invalides;
2,2024-01-18 21:29:12,2024-01-18 21:58:15,,15.1,,,233,200,0,51.29,0.0,0.5,11.06,0.0,1.0,66.35,,,passagers_invalides;
2,2024-01-09 09:49:23,2024-01-09 10:00:50,1.0,1.95,1.0,N,239,140,2,-12.8,0.0,-0.5,0.0,0.0,-1.0,-16.8,-2.5,0.0,montant_invalide;
2,2024-01-19 22:07:38,2024-01-19 22:28:11,,6.4,,,249,238,0,27.1,0.0,0.5,0.0,0.0,1.0,31.1,,,passagers_invalides;
2,2024-01-08 18:26:00,2024-01-08 18:36:31,1.0,1.38,1.0,N,100,246,4,-11.4,-2.5,-0.5,0.0,0.0,-1.0,-17.9,-2.5,0.0,montant_invalide;
2,2024-01-26 22:28:45,2024-01-26 22:39:57,,3.29,,,141,79,0,19.0,0.0,0.5,0.0,0.0,1.0,23.0,,,passagers_invalides;
2,2024-01-20 23:26:45,2024-01-20 23:33:52,,1.23,,,144,87,0,11.93,0.0,0.5,0.0,0.0,1.0,15.93,,,passagers_invalides;
2,2024-01-24 08:54:19,2024-01-24 09:12:48,,2.3,,,113,161,0,27.71,0.0,0.5,6.34,0.0,1.0,38.05,,,passagers_invalides;
2,2024-01-03 02:32:50,2024-01-03 02:43:28,1.0,4.85,1.0,N,79,195,4,-21.2,-1.0,-0.5,0.0,0.0,-1.0,-26.2,-2.5,0.0,montant_invalide;
1,2024-01-21 13:52:31,2024-01-21 13:55:00,0.0,0.9,1.0,N,239,151,1,5.8,2.5,0.5,1.0,0.0,1.0,10.8,2.5,0.0,passagers_invalides;
1,2024-01-02 09:49:27,2024-01-02 09:59:21,,1.2,,,239,163,0,10.16,0.0,0.5,0.0,0.0,1.0,14.16,,,passagers_invalides;
1,2024-01-25 00:00:50,2024-01-25 00:06:12,0.0,2.1,1.0,N,132,132,2,10.7,2.75,0.5,0.0,0.0,1.0,14.95,0.0,1.75,passagers_invalides;
1,2024-01-14 13:09:21,2024-01-14 13:12:51,0.0,0.3,1.0,N,158,158,1,5.1,2.5,0.5,1.8,0.0,1.0,10.9,2.5,0.0,passagers_invalides;
2,2024-01-21 16:44:00,2024-01-21 16:49:22,2.0,0.98,1.0,N,68,90,4,-7.2,0.0,-0.5,0.0,0.0,-1.0,-11.2,-2.5,0.0,montant_invalide;
2,2024-01-12 16:01:49,2024-01-12 16:01:56,1.0,0.0,5.0,N,141,141,1,52.0,0.0,0.0,10.0,0.0,1.0,65.5,2.5,0.0,distance_invalide;
2,2024-01-24 22:45:46,2024-01-24 22:54:58,,1.18,,,170,48,0,10.06,0.0,0.5,0.0,0.0,1.0,14.06,,,passagers_invalides;
1,2024-01-26 20:06:29,2024-01-26 20:16:35,1.0,0.0,1.0,N,238,41,1,8.5,0.0,0.5,0.0,0.0,1.0,10.0,0.0,0.0,distance_invalide;
2,2024-01-27 20:09:15,2024-01-27 20:13:11,5.0,0.79,1.0,N,141,233,3,-5.8,-1.0,-0.5,0.0,0.0,-1.0,-10.8,-2.5,0.0,montant_invalide;
1,2024-01-25 23:19:11,2024-01-25 23:24:00,0.0,0.5,1.0,N,170,170,1,5.8,3.5,0.5,0.0,0.0,1.0,10.8,2.5,0.0,passagers_invalides;
2,2024-01-11 18:22:31,2024-01-11 18:32:54,1.0,1.54,1.0,N,163,239,4,-11.4,-2.5,-0.5,0.0,0.0,-1.0,-17.9,-2.5,0.0,montant_invalide;
1,2024-01-25 19:06:24,2024-01-25 19:27:02,,0.0,,,162,79,0,18.13,0.0,0.5,0.0,0.0,1.0,22.13,,,distance_invalide;passagers_invalides;
2,2024-01-12 20:47:22,2024-01-12 21:03:11,,4.86,,,232,68,0,24.82,0.0,0.5,0.0,0.0,1.0,28.82,,,passagers_invalides;
2,2024-01-25 21:21:52,2024-01-25 21:42:17,,3.33,,,68,141,0,19.47,0.0,0.5,0.0,0.0,1.0,23.47,,,passagers_invalides;
2,2024-01-17 18:10:22,2024-01-17 18:23:34,,1.5,,,142,48,0,13.74,0.0,0.5,0.0,0.0,1.0,17.74,,,passagers_invalides;
1,2024-01-08 13:16:12,2024-01-08 13:25:58,,1.7,,,263,237,0,12.1,0.0,0.5,1.61,0.0,1.0,17.71,,,passagers_invalides;
2,2024-01-09 18:04:55,2024-01-09 18:26:16,,2.95,,,161,158,0,24.39,0.0,0.5,0.0,0.0,1.0,28.39,,,passagers_invalides;
2,2024-01-21 01:52:34,2024-01-21 02:07:02,,3.11,,,79,48,0,24.56,0.0,0.5,0.0,0.0,1.0,28.56,,,passagers_invalides;
1,2024-01-23 10:15:47,2024-01-23 10:20:14,1.0,0.0,1.0,N,178,123,1,17.0,0.0,0.5,0.0,0.0,1.0,18.5,0.0,0.0,distance_invalide;
2,2024-01-11 12:25:34,2024-01-11 12:51:52,,3.57,,,263,68,0,30.42,0.0,0.5,6.88,0.0,1.0,41.3,,,passagers_invalides;
2,2024-01-17 08:46:46,2024-01-17 09:13:09,,3.38,,,22,228,0,22.33,0.0,0.5,0.0,0.0,1.0,23.83,,,passagers_invalides;
1,2024-01-31 16:00:42,2024-01-31 16:42:26,1.0,0.0,1.0,N,233,61,1,30.5,0.0,0.5,0.0,6.94,1.0,38.94,0.0,0.0,distance_invalide;
1,2024-01-23 13:52:55,2024-01-23 14:25:30,0.0,3.6,1.0,N,211,237,1,28.2,2.5,0.5,1.0,0.0,1.0,33.2,2.5,0.0,passagers_invalides;
1,2024-01-09 12:45:24,2024-01-09 12:51:53,0.0,0.6,1.0,N,170,234,1,6.5,2.5,0.5,2.1,0.0,1.0,12.6,2.5,0.0,passagers_invalides;
2,2024-01-27 21:15:00,2024-01-27 21:21:00,,0.77,,,231,13,0,11.74,0.0,0.5,3.15,0.0,1.0,18.89,,,passagers_invalides;
2,2024-01-27 07:22:46,2024-01-27 07:35:08,1.0,4.55,1.0,N,263,7,4,-19.8,0.0,-0.5,0.0,0.0,-1.0,-23.8,-2.5,0.0,montant_invalide;
2,2024-01-26 00:23:16,2024-01-26 00:23:22,1.0,0.0,5.0,N,234,79,1,15.0,0.0,0.0,0.0,0.0,1.0,18.5,2.5,0.0,distance_invalide;
1,2024-01-02 09:32:46,2024-01-02 09:49:53,0.0,6.6,1.0,N,132,130,1,26.8,1.75,0.5,0.03,0.0,1.0,30.08,0.0,1.75,passagers_invalides;
1,2024-01-28 12:43:24,2024-01-28 12:51:42,,1.6,,,137,79,0,10.0,0.0,0.5,1.4,0.0,1.0,15.4,,,passagers_invalides;
2,2024-01-27 02:01:35,2024-01-27 02:14:02,,1.71,,,211,4,0,15.15,0.0,0.5,0.0,0.0,1.0,19.15,,,passagers_invalides;
1,2024-01-08 14:30:30,2024-01-08 14:38:33,,1.1,,,234,68,0,7.9,0.0,0.5,2.38,0.0,1.0,14.28,,,passagers_invalides;
2,2024-01-03 23:17:06,2024-01-03 23:24:35,1.0,0.0,1.0,N,164,163,1,7.9,1.0,0.5,2.0,0.0,1.0,14.9,2.5,0.0,distance_invalide;
1,2024-01-21 16:45:15,2024-01-21 17:34:09,,12.2,,,158,138,0,51.24,0.0,0.5,0.0,0.0,1.0,55.24,,,passagers_invalides;
1,2024-01-23 01:59:32,2024-01-23 02:07:06,,0.0,,,61,188,0,9.75,0.0,0.5,0.0,0.0,1.0,11.25,,,distance_invalide;passagers_invalides;
2,2024-01-18 23:01:54,2024-01-18 23:11:49,,1.87,,,114,170,0,10.74,0.0,0.5,0.0,0.0,1.0,14.74,,,passagers_invalides;
1,2024-01-28 17:09:59,2024-01-28 17:24:54,,3.3,,,13,246,0,15.6,0.0,0.5,1.96,0.0,1.0,21.56,,,passagers_invalides;
2,2024-01-17 21:55:53,2024-01-17 22:06:17,,1.87,,,113,68,0,11.91,0.0,0.5,0.0,0.0,1.0,15.91,,,passagers_invalides;
2,2024-01-12 21:34:14,2024-01-12 21:36:55,1.0,0.0,1.0,N,237,141,1,4.4,1.0,0.5,1.88,0.0,1.0,11.28,2.5,0.0,distance_invalide;
1,2024-01-20 06:51:29,2024-01-20 07:22:04,,0.0,,,248,68,0,44.29,0.0,0.5,0.0,0.0,1.0,48.29,,,distance_invalide;passagers_invalides;
1,2024-01-07 20:41:54,2024-01-07 20:56:29,2.0,0.0,1.0,N,230,141,2,12.8,3.5,0.5,0.0,0.0,1.0,17.8,2.5,0.0,distance_invalide;
1,2024-01-01 18:52:29,2024-01-01 19:01:44,,0.0,,,237,236,0,9.33,0.0,0.5,0.0,0.0,1.0,13.33,,,distance_invalide;passagers_invalides;
2,2024-01-02 01:00:33,2024-01-02 01:16:58,1.0,7.54,1.0,N,230,116,4,-31.7,-1.0,-0.5,0.0,0.0,-1.0,-36.7,-2.5,0.0,montant_invalide;
1,2024-01-20 15:54:35,2024-01-20 15:58:41,0.0,0.5,1.0,N,90,186,1,5.8,2.5,0.5,3.0,0.0,1.0,12.8,2.5,0.0,passagers_invalides;
2,2024-01-13 21:04:22,2024-01-13 21:22:32,1.0,0.0,1.0,N,164,50,1,15.6,1.0,0.5,3.09,0.0,1.0,23.69,2.5,0.0,distance_invalide;
1,2024-01-30 08:50:20,2024-01-30 09:03:16,0.0,2.8,1.0,N,239,100,1,15.6,2.5,0.5,2.0,0.0,1.0,21.6,2.5,0.0,passagers_invalides;
2,2024-01-03 20:13:38,2024-01-03 20:39:51,,11.12,,,145,228,0,38.73,0.0,0.5,6.6,0.0,1.0,46.83,,,passagers_invalides;
2,2024-01-27 00:46:06,2024-01-27 01:00:46,,2.63,,,256,225,0,19.76,0.0,0.5,4.0,0.0,1.0,25.26,,,passagers_invalides;
2,2024-01-01 06:29:03,2024-01-01 06:37:43,,1.93,,,116,42,0,38.22,0.0,0.5,0.0,0.0,1.0,39.72,,,passagers_invalides;
1,2024-01-14 06:42:50,2024-01-14 06:52:10,,0.0,,,140,162,0,13.74,0.0,0.5,0.0,0.0,1.0,17.74,,,distance_invalide;passagers_invalides;
1,2024-01-26 11:44:47,2024-01-26 11:44:59,0.0,0.0,1.0,N,145,145,3,3.0,0.0,0.5,0.0,0.0,1.0,4.5,0.0,0.0,distance_invalide;passagers_invalides;
2,2024-01-06 23:38:01,2024-01-06 23:56:33,,4.06,,,231,143,0,28.04,0.0,0.5,6.41,0.0,1.0,38.45,,,passagers_invalides;
2,2024-01-04 19:08:12,2024-01-04 19:47:35,2.0,17.25,2.0,N,132,230,4,-70.0,-5.0,-0.5,0.0,-6.94,-1.0,-87.69,-2.5,-1.75,montant_invalide;
2,2024-01-23 22:17:31,2024-01-23 22:30:45,,2.35,,,113,50,0,15.13,0.0,0.5,0.0,0.0,1.0,19.13,,,passagers_invalides;
2,2024-01-02 07:51:46,2024-01-02 08:00:56,,2.31,,,238,161,0,13.34,0.0,0.5,0.0,0.0,1.0,17.34,,,passagers_invalides;
1,2024-01-05 23:12:16,2024-01-05 23:13:09,1.0,0.0,1.0,N,170,164,2,3.0,3.5,0.5,0.0,0.0,1.0,8.0,2.5,0.0,distance_invalide;
2,2024-01-18 14:38:34,2024-01-18 14:38:59,1.0,0.05,2.0,N,79,79,4,-70.0,0.0,-0.5,0.0,0.0,-1.0,-74.0,-2.5,0.0,montant_invalide;
1,2024-01-03 07:54:30,2024-01-03 08:21:54,1.0,0.0,1.0,N,162,145,3,3.0,2.5,0.5,0.0,0.0,1.0,7.0,2.5,0.0,distance_invalide;
1,2024-01-12 19:43:36,2024-01-12 19:55:15,0.0,3.1,1.0,N,261,4,1,16.3,5.0,0.5,0.0,0.0,1.0,22.8,2.5,0.0,passagers_invalides;
1,2024-01-28 01:59:28,2024-01-28 02:11:03,0.0,2.9,1.0,N,4,87,1,16.3,3.5,0.5,2.0,0.0,1.0,23.3,2.5,0.0,passagers_invalides;
2,2024-01-18 20:47:26,2024-01-18 20:57:09,1.0,1.54,1.0,N,238,50,4,-11.4,-1.0,-0.5,0.0,0.0,-1.0,-16.4,-2.5,0.0,montant_invalide;
1,2024-01-03 14:11:43,2024-01-03 14:30:55,,2.5,,,75,143,0,18.26,0.0,0.5,0.0,0.0,1.0,22.26,,,passagers_invalides;
2,2024-01-11 19:46:05,2024-01-11 19:59:55,1.0,0.0,1.0,N,68,224,1,12.1,2.5,0.5,5.58,0.0,1.0,24.18,2.5,0.0,distance_invalide;
1,2024-01-30 14:58:03,2024-01-30 15:16:04,1.0,0.0,99.0,N,246,239,1,19.5,0.0,0.5,0.0,0.0,1.0,21.0,0.0,0.0,distance_invalide;
1,2024-01-11 19:36:33,2024-01-11 19:52:22,,2.1,,,236,140,0,16.3,2.5,0.5,2.28,0.0,1.0,25.08,,,passagers_invalides;
1,2024-01-10 19:07:58,2024-01-10 19:19:24,,2.2,,,79,229,0,12.79,0.0,0.5,0.0,0.0,1.0,16.79,,,passagers_invalides;
2,2024-01-26 20:29:33,2024-01-26 20:43:53,,3.04,,,140,238,0,18.26,0.0,0.5,0.0,0.0,1.0,22.26,,,passagers_invalides;
2,2024-01-01 00:40:25,2024-01-01 00:46:13,2.0,0.5,2.0,N,68,68,2,-70.0,0.0,-0.5,0.0,0.0,-1.0,-74.0,-2.5,0.0,montant_invalide;
2,2024-01-14 14:40:40,2024-01-14 14:57:21,,3.09,,,263,100,0,21.49,0.0,0.5,6.37,0.0,1.0,31.86,,,passagers_invalides;
1,2024-01-31 16:23:06,2024-01-31 16:42:39,,2.0,,,239,141,0,17.0,2.5,0.5,4.7,0.0,1.0,28.2,,,passagers_invalides;
2,2024-01-09 02:44:57,2024-01-09 02:51:18,1.0,0.97,1.0,N,140,229,4,-7.9,-1.0,-0.5,0.0,0.0,-1.0,-12.9,-2.5,0.0,montant_invalide;
1,2024-01-27 15:34:04,2024-01-27 16:07:09,,3.5,,,144,100,0,23.85,0.0,0.5,0.0,0.0,1.0,27.85,,,passagers_invalides;
1,2024-01-25 11:33:48,2024-01-25 11:55:37,,1.6,,,236,163,0,19.1,0.0,0.5,4.62,0.0,1.0,27.72,,,passagers_invalides;
2,2024-01-04 21:08:04,2024-01-04 21:12:24,1.0,0.62,1.0,N,79,113,4,-5.8,-1.0,-0.5,0.0,0.0,-1.0,-10.8,-2.5,0.0,montant_invalide;
1,2024-01-17 10:22:21,2024-01-17 10:39:16,0.0,4.4,1.0,N,140,264,1,23.3,2.5,0.5,0.0,0.0,1.0,27.3,2.5,0.0,passagers_invalides;
2,2024-01-17 09:20:15,2024-01-17 09:31:46,,1.86,,,262,229,0,-1.0,0.0,0.5,0.0,0.0,1.0,3.0,,,montant_invalide;passagers_invalides;
2,2024-01-17 19:48:21,2024-01-17 19:57:30,,1.32,,,50,186,0,11.74,0.0,0.5,3.15,0.0,1.0,18.89,,,passagers_invalides;
2,2024-01-27 22:04:39,2024-01-27 22:35:15,,5.8,,,262,158,0,34.29,0.0,0.5,0.0,0.0,1.0,38.29,,,passagers_invalides;
2,2024-01-28 15:33:54,2024-01-28 15:51:12,,2.47,,,239,164,0,14.54,0.0,0.5,3.71,0.0,1.0,22.25,,,passagers_invalides;
1,2024-01-21 12:48:36,2024-01-21 12:59:50,,0.0,,,236,141,0,12.78,0.0,0.5,0.0,0.0,1.0,16.78,,,distance_invalide;passagers_invalides;
2,2024-01-20 22:33:40,2024-01-20 23:02:35,,4.18,,,256,188,0,2.69,0.0,0.5,0.0,0.0,1.0,4.19,,,passagers_invalides;
2,2024-01-18 15:19:08,2024-01-18 15:20:15,1.0,0.05,1.0,N,162,162,4,-3.0,0.0,-0.5,0.0,0.0,-1.0,-7.0,-2.5,0.0,montant_invalide;
1,2024-01-01 01:23:19,2024-01-01 01:51:28,,0.0,,,262,79,0,30.09,0.0,0.5,0.0,0.0,1.0,34.09,,,distance_invalide;passagers_invalides;
2,2024-01-20 16:18:24,2024-01-20 16:22:17,2.0,0.6,1.0,N,142,230,3,-5.8,0.0,-0.5,0.0,0.0,-1.0,-9.8,-2.5,0.0,montant_invalide;
2,2024-01-18 10:17:29,2024-01-18 10:30:54,,1.82,,,170,141,0,12.8,0.0,0.5,0.0,0.0,1.0,16.8,,,passagers_invalides;
1,2024-01-25 22:30:46,2024-01-25 22:40:26,,2.1,,,162,236,0,10.7,1.0,0.5,2.35,0.0,1.0,18.05,,,passagers_invalides;
2,2024-01-21 15:43:07,2024-01-21 16:00:14,,3.06,,,50,107,0,20.45,0.0,0.5,0.0,0.0,1.0,24.45,,,passagers_invalides;
1,2024-01-07 15:06:40,2024-01-07 15:21:39,,0.0,,,239,74,0,14.06,0.0,0.5,0.0,0.0,1.0,18.06,,,distance_invalide;passagers_invalides;
1,2024-01-20 19:46:38,2024-01-20 19:56:25,,0.0,,,238,142,0,17.52,0.0,0.5,0.0,0.0,1.0,21.52,,,distance_invalide;passagers_invalides;
2,2024-01-18 22:39:15,2024-01-18 22:47:36,,1.43,,,230,164,0,13.36,0.0,0.5,0.0,0.0,1.0,17.36,,,passagers_invalides;
2,2024-01-13 23:17:42,2024-01-13 23:29:17,1.0,1.37,1.0,N,163,233,4,-12.1,-1.0,-0.5,0.0,0.0,-1.0,-17.1,-2.5,0.0,montant_invalide;
2,2024-01-28 00:31:31,2024-01-28 00:44:49,,1.65,,,79,170,0,14.91,0.0,0.5,0.0,0.0,1.0,18.91,,,passagers_invalides;
2,2024-01-11 18:43:17,2024-01-11 19:16:40,,5.99,,,88,163,0,32.37,0.0,0.5,0.0,0.0,1.0,36.37,,,passagers_invalides;
1,2024-01-01 17:29:25,2024-01-01 17:32:45,,0.0,,,100,186,0,8.19,0.0,0.5,0.0,0.0,1.0,12.19,,,distance_invalide;passagers_invalides;
2,2024-01-12 19:15:28,2024-01-12 19:40:20,,4.05,,,140,246,0,2.2,0.0,0.5,0.0,0.0,1.0,6.2,,,passagers_invalides;
1,2024-01-23 00:48:51,2024-01-23 00:55:47,0.0,1.2,1.0,N,113,90,1,9.3,3.5,0.5,2.85,0.0,1.0,17.15,2.5,0.0,passagers_invalides;
1,2024-01-09 02:21:58,2024-01-09 02:22:21,1.0,0.0,1.0,N,79,79,4,3.0,3.5,0.5,0.0,0.0,1.0,8.0,2.5,0.0,distance_invalide;
1,2024-01-08 17:30:33,2024-01-08 17:32:28,1.0,0.0,2.0,N,132,132,3,70.0,6.75,0.5,0.0,0.0,1.0,78.25,0.0,1.75,distance_invalide;
2,2024-01-18 12:31:16,2024-01-18 12:53:45,,2.6,,,13,107,0,20.48,0.0,0.5,4.9,0.0,1.0,29.38,,,passagers_invalides;
1,2024-01-13 22:40:16,2024-01-13 23:07:09,,4.5,,,170,226,0,26.8,1.0,0.5,4.77,0.0,1.0,36.57,,,passagers_invalides;
1,2024-01-25 08:40:19,2024-01-25 08:53:09,,0.0,,,239,163,0,14.33,0.0,0.5,0.0,0.0,1.0,18.33,,,distance_invalide;passagers_invalides;
2,2024-01-22 06:40:57,2024-01-22 06:54:54,1.0,2.86,1.0,N,162,262,4,-16.3,0.0,-0.5,0.0,0.0,-1.0,-20.3,-2.5,0.0,montant_invalide;
1,2024-01-19 18:58:20,2024-01-19 19:04:39,0.0,0.8,1.0,N,42,166,2,7.9,2.5,0.5,0.0,0.0,1.0,11.9,0.0,0.0,passagers_invalides;
2,2024-01-12 10:36:16,2024-01-12 11:34:20,,12.2,,,209,138,0,39.46,0.0,0.5,0.0,0.0,1.0,43.46,,,passagers_invalides;
2,2024-01-04 20:23:01,2024-01-04 20:28:47,,1.03,,,239,143,0,11.74,0.0,0.5,2.0,0.0,1.0,17.74,,,passagers_invalides;
1,2024-01-13 20:29:06,2024-01-13 20:29:19,1.0,0.0,1.0,N,151,151,3,3.0,1.0,0.5,0.0,0.0,1.0,5.5,0.0,0.0,distance_invalide;
2,2024-01-13 00:56:45,2024-01-13 01:06:47,,1.96,,,211,88,0,15.19,0.0,0.5,3.84,0.0,1.0,23.03,,,passagers_invalides;
2,2024-01-20 12:10:29,2024-01-20 12:21:24,,1.59,,,79,186,0,13.26,0.0,0.5,0.0,0.0,1.0,17.26,,,passagers_invalides;
1,2024-01-18 09:07:15,2024-01-18 09:31:07,0.0,1.4,1.0,N,229,164,1,19.8,2.5,0.5,4.75,0.0,1.0,28.55,2.5,0.0,passagers_invalides;
2,2024-01-26 07:43:57,2024-01-26 08:05:34,,2.97,,,152,43,0,19.63,0.0,0.5,0.0,0.0,1.0,23.63,,,passagers_invalides;
2,2024-01-14 16:28:51,2024-01-14 16:40:57,,2.71,,,263,162,0,14.0,0.0,0.5,1.8,0.0,1.0,19.8,,,passagers_invalides;
1,2024-01-12 23:55:19,2024-01-13 00:08:56,,0.0,,,249,233,0,21.7,0.0,0.5,0.0,0.0,1.0,25.7,,,distance_invalide;passagers_invalides;
2,2024-01-03 20:09:08,2024-01-03 20:14:08,3.0,0.61,1.0,N,161,163,4,-5.8,-1.0,-0.5,0.0,0.0,-1.0,-10.8,-2.5,0.0,montant_invalide;
1,2024-01-01 12:42:36,2024-01-01 12:58:18,0.0,2.4,1.0,N,230,263,1,16.3,2.5,0.5,4.05,0.0,1.0,24.35,2.5,0.0,passagers_invalides;
2,2024-01-11 20:42:23,2024-01-11 20:42:32,,0.0,,,79,79,0,11.74,0.0,0.5,1.0,0.0,1.0,16.74,,,distance_invalide;passagers_invalides;
2,2024-01-26 10:35:08,2024-01-26 10:45:42,,2.29,,,66,231,0,14.28,0.0,0.5,3.66,0.0,1.0,21.94,,,passagers_invalides;
2,2024-01-20 22:46:34,2024-01-20 23:01:08,1.0,1.36,1.0,N,234,162,2,-13.5,-1.0,-0.5,0.0,0.0,-1.0,-18.5,-2.5,0.0,montant_invalide;
1,2024-01-28 02:38:20,2024-01-28 02:57:01,0.0,5.1,1.0,N,249,189,1,23.3,3.5,0.5,5.65,0.0,1.0,33.95,2.5,0.0,passagers_invalides;
2,2024-01-22 20:17:33,2024-01-22 20:31:18,,1.87,,,140,142,0,-2.0,0.0,0.5,0.0,0.0,1.0,2.0,,,montant_invalide;passagers_invalides;
2,2024-01-08 08:11:41,2024-01-08 08:30:45,1.0,0.0,1.0,N,162,261,1,16.3,0.0,0.5,1.0,0.0,1.0,21.3,2.5,0.0,distance_invalide;
1,2024-01-14 10:58:12,2024-01-14 11:15:43,,3.4,,,249,237,0,19.1,0.0,0.5,3.47,0.0,1.0,26.57,,,passagers_invalides;
2,2024-01-21 01:49:31,2024-01-21 01:58:10,1.0,2.38,1.0,N,186,231,4,-11.4,-1.0,-0.5,0.0,0.0,-1.0,-16.4,-2.5,0.0,montant_invalide;
2,2024-01-21 14:29:25,2024-01-21 15:10:12,,7.42,,,239,79,0,33.98,0.0,0.5,0.0,0.0,1.0,37.98,,,passagers_invalides;
1,2024-01-01 01:58:51,2024-01-01 02:21:28,,0.0,,,116,170,0,35.75,0.0,0.5,0.0,0.0,1.0,39.75,,,distance_invalide;passagers_invalides;
2,2024-01-31 09:17:09,2024-01-31 09:18:10,1.0,0.0,1.0,N,129,129,3,-3.0,0.0,-0.5,0.0,0.0,-1.0,-4.5,0.0,0.0,distance_invalide;montant_invalide;
2,2024-01-28 21:04:31,2024-01-28 21:04:36,1.0,0.0,5.0,N,143,143,1,85.0,0.0,0.0,17.7,0.0,1.0,106.2,2.5,0.0,distance_invalide;
2,2024-01-24 22:29:40,2024-01-24 22:44:20,,2.08,,,162,246,0,15.22,0.0,0.5,0.0,0.0,1.0,19.22,,,passagers_invalides;
2,2024-01-09 11:20:34,2024-01-09 11:37:15,,2.68,,,142,263,0,22.48,0.0,0.5,5.3,0.0,1.0,31.78,,,passagers_invalides;
1,2024-01-21 01:41:17,2024-01-21 01:48:28,,0.0,,,234,170,0,25.74,0.0,0.5,0.0,0.0,1.0,29.74,,,distance_invalide;passagers_invalides;
2,2024-01-12 23:10:55,2024-01-12 23:28:20,,2.26,,,231,224,0,17.58,0.0,0.5,0.0,0.0,1.0,21.58,,,passagers_invalides;
2,2024-01-13 03:44:08,2024-01-13 03:44:17,1.0,0.0,3.0,N,224,224,1,23.0,1.0,0.0,6.25,0.0,1.0,31.25,0.0,0.0,distance_invalide;
2,2024-01-13 14:41:23,2024-01-13 15:04:38,,3.21,,,263,230,0,24.86,0.0,0.5,0.0,0.0,1.0,28.86,,,passagers_invalides;
2,2024-01-28 23:55:13,2024-01-29 00:21:38,1.0,6.29,1.0,N,79,179,4,-31.0,-1.0,-0.5,0.0,0.0,-1.0,-36.0,-2.5,0.0,montant_invalide;
2,2024-01-22 23:05:32,2024-01-22 23:16:27,,1.75,,,239,151,0,10.04,0.0,0.5,0.0,0.0,1.0,14.04,,,passagers_invalides;
1,2024-01-26 12:18:41,2024-01-26 12:36:34,0.0,2.1,1.0,N,237,186,1,14.2,2.5,0.5,3.6,0.0,1.0,21.8,2.5,0.0,passagers_invalides;
2,2024-01-01 04:32:31,2024-01-01 04:42:46,,2.08,,,90,48,0,34.93,0.0,0.5,0.0,0.0,1.0,38.93,,,passagers_invalides;
2,2024-01-01 15:44:55,2024-01-01 15:51:47,,1.6,,,90,125,0,10.59,0.0,0.5,0.0,0.0,1.0,14.59,,,passagers_invalides;
2,2024-01-12 23:29:45,2024-01-12 23:35:43,,0.79,,,239,142,0,6.83,0.0,0.5,0.0,0.0,1.0,10.83,,,passagers_invalides;
1,2024-01-14 23:47:48,2024-01-14 23:58:38,,0.0,,,186,229,0,24.99,0.0,0.5,0.0,0.0,1.0,28.99,,,distance_invalide;passagers_invalides;
1,2024-01-28 14:59:38,2024-01-28 15:05:31,0.0,0.3,1.0,N,186,164,3,6.5,2.5,0.5,0.0,0.0,1.0,10.5,2.5,0.0,passagers_invalides;
2,2024-01-17 10:49:43,2024-01-17 10:54:32,,0.69,,,237,162,0,11.74,0.0,0.5,2.36,0.0,1.0,18.1,,,passagers_invalides;
1,2024-01-22 07:31:51,2024-01-22 07:51:36,,2.7,,,239,162,0,17.34,0.0,0.5,0.0,0.0,1.0,21.34,,,passagers_invalides;
2,2024-01-15 14:35:45,2024-01-15 14:44:09,,2.74,,,48,238,0,11.74,0.0,0.5,0.0,0.0,1.0,15.74,,,passagers_invalides;
2,2024-01-20 23:36:09,2024-01-20 23:59:14,,4.73,,,249,239,0,31.83,0.0,0.5,7.17,0.0,1.0,43.0,,,passagers_invalides;
2,2024-01-11 10:45:00,2024-01-11 11:09:00,,3.02,,,114,161,0,24.92,0.0,0.5,2.0,0.0,1.0,30.92,,,passagers_invalides;
1,2024-01-08 16:04:45,2024-01-08 16:21:59,,3.6,,,140,234,0,21.66,0.0,0.5,0.0,0.0,1.0,25.66,,,passagers_invalides;
2,2024-01-25 17:54:24,2024-01-25 18:05:42,,1.42,,,170,170,0,8.83,0.0,0.5,0.0,0.0,1.0,12.83,,,passagers_invalides;
2,2024-01-13 15:32:22,2024-01-13 16:22:06,1.0,0.0,2.0,N,261,132,1,70.0,0.0,0.5,16.19,6.94,1.0,97.13,2.5,0.0,distance_invalide;
1,2024-01-16 20:36:27,2024-01-16 20:43:39,0.0,2.3,1.0,N,170,142,2,11.4,3.5,0.5,0.0,0.0,1.0,16.4,2.5,0.0,passagers_invalides;
1,2024-01-29 15:02:31,2024-01-29 15:25:33,0.0,2.9,1.0,N,142,113,1,20.5,2.5,0.5,4.9,0.0,1.0,29.4,2.5,0.0,passagers_invalides;
2,2024-01-29 20:30:13,2024-01-29 20:30:18,1.0,0.0,5.0,N,239,239,1,85.0,0.0,0.0,22.12,0.0,1.0,110.62,2.5,0.0,distance_invalide;
1,2024-01-01 12:27:47,2024-01-01 12:39:19,0.0,1.6,1.0,N,246,230,2,12.8,2.5,0.5,0.0,0.0,1.0,16.8,2.5,0.0,passagers_invalides;
1,2024-01-17 19:56:07,2024-01-17 20:27:19,0.0,10.7,1.0,Y,162,243,2,47.1,3.5,0.5,0.0,0.0,1.0,52.1,2.5,0.0,passagers_invalides;
2,2024-01-28 00:54:39,2024-01-28 01:13:44,,5.02,,,249,238,0,32.16,0.0,0.5,7.23,0.0,1.0,43.39,,,passagers_invalides;
1,2024-01-27 21:55:37,2024-01-27 22:15:38,,0.0,,,141,107,0,18.5,0.0,0.5,0.0,0.0,1.0,22.5,,,distance_invalide;passagers_invalides;
2,2024-01-07 00:30:17,2024-01-07 00:42:20,3.0,2.34,1.0,N,90,161,4,-13.5,-1.0,-0.5,0.0,0.0,-1.0,-18.5,-2.5,0.0,montant_invalide;
2,2024-01-30 22:28:03,2024-01-30 22:35:27,,0.89,,,249,79,0,10.11,0.0,0.5,0.0,0.0,1.0,14.11,,,passagers_invalides;
2,2024-01-01 00:28:34,2024-01-01 00:47:12,,2.23,,,239,140,0,16.3,0.0,0.5,4.06,0.0,1.0,24.36,,,passagers_invalides;
2,2024-01-24 23:33:32,2024-01-24 23:49:19,,2.17,,,246,231,0,19.97,0.0,0.5,0.0,0.0,1.0,23.97,,,passagers_invalides;
2,2024-01-16 07:09:10,2024-01-16 07:16:59,,2.5,,,239,246,0,15.22,0.0,0.5,3.84,0.0,1.0,23.06,,,passagers_invalides;
2,2024-01-23 18:51:34,2024-01-23 19:07:57,,5.79,,,231,107,0,30.53,0.0,0.5,0.0,0.0,1.0,34.53,,,passagers_invalides;
2,2024-01-30 06:58:09,2024-01-30 07:05:20,,1.3,,,42,42,0,6.93,0.0,0.5,0.0,0.0,1.0,8.43,,,passagers_invalides;
2,2024-01-06 03:30:55,2024-01-06 03:43:10,,3.0,,,68,232,0,15.92,0.0,0.5,0.0,0.0,1.0,19.92,,,passagers_invalides;
1,2024-01-20 20:32:52,2024-01-20 20:36:52,,0.0,,,239,239,0,6.83,0.0,0.5,0.0,0.0,1.0,10.83,,,distance_invalide;passagers_invalides;
2,2024-01-31 21:59:14,2024-01-31 22:06:49,,0.84,,,170,68,0,-3.0,0.0,0.5,0.0,0.0,1.0,1.0,,,montant_invalide;passagers_invalides;
2,2024-01-05 19:05:53,2024-01-05 19:06:00,2.0,0.0,5.0,N,211,211,1,45.0,0.0,0.0,2.0,0.0,1.0,50.5,2.5,0.0,distance_invalide;
1,2024-01-08 15:01:30,2024-01-08 15:18:35,,3.7,,,224,231,0,22.06,0.0,0.5,0.0,0.0,1.0,26.06,,,passagers_invalides;
2,2024-01-21 12:43:24,2024-01-21 13:05:15,,3.72,,,170,231,0,-0.51,0.0,0.5,0.0,0.0,1.0,3.49,,,montant_invalide;passagers_invalides;
2,2024-01-16 22:36:46,2024-01-16 22:51:57,,2.31,,,161,68,0,-1.0,0.0,0.5,0.0,0.0,1.0,3.0,,,montant_invalide;passagers_invalides;
1,2024-01-15 19:03:40,2024-01-15 19:22:39,,3.3,,,230,79,0,21.09,0.0,0.5,0.0,0.0,1.0,25.09,,,passagers_invalides;
2,2024-01-08 14:36:15,2024-01-08 14:36:26,1.0,0.0,1.0,N,132,132,3,-3.0,0.0,-0.5,0.0,0.0,-1.0,-4.5,0.0,0.0,distance_invalide;montant_invalide;
2,2024-01-18 23:24:30,2024-01-18 23:34:24,,1.36,,,79,148,0,12.27,0.0,0.5,0.0,0.0,1.0,16.27,,,passagers_invalides;
2,2024-01-23 08:09:26,2024-01-23 08:31:48,,3.19,,,238,162,0,21.8,0.0,0.5,0.0,0.0,1.0,25.8,,,passagers_invalides;
2,2024-01-23 22:17:24,2024-01-23 22:35:47,2.0,8.09,1.0,N,48,243,4,-33.8,-1.0,-0.5,0.0,0.0,-1.0,-38.8,-2.5,0.0,montant_invalide;
2,2024-01-28 20:00:54,2024-01-28 20:07:45,,0.71,,,229,237,0,11.74,0.0,0.5,3.15,0.0,1.0,18.89,,,passagers_invalides;
2,2024-01-15 15:36:38,2024-01-15 15:52:30,,7.25,,,41,138,0,28.81,0.0,0.5,7.45,6.94,1.0,44.7,,,passagers_invalides;
2,2024-01-15 18:07:11,2024-01-15 18:31:54,,11.18,,,253,94,0,37.34,0.0,0.5,0.0,6.94,1.0,45.78,,,passagers_invalides;
2,2024-01-15 02:29:43,2024-01-15 02:37:05,,2.34,,,148,170,0,12.69,0.0,0.5,0.0,0.0,1.0,16.69,,,passagers_invalides;
2,2024-01-17 08:28:01,2024-01-17 08:32:03,,0.67,,,239,238,0,13.82,0.0,0.5,3.56,0.0,1.0,21.38,,,passagers_invalides;
2,2024-01-07 10:49:37,2024-01-07 10:55:26,,1.23,,,41,74,0,11.74,0.0,0.5,1.99,0.0,1.0,15.23,,,passagers_invalides;
2,2024-01-21 02:47:56,2024-01-21 02:51:48,,0.6,,,68,90,0,6.83,0.0,0.5,0.0,0.0,1.0,10.83,,,passagers_invalides;
1,2024-01-12 23:30:48,2024-01-12 23:45:12,,0.0,,,230,140,0,20.97,0.0,0.5,0.0,0.0,1.0,24.97,,,distance_invalide;passagers_invalides;
2,2024-01-25 14:59:41,2024-01-25 15:01:55,1.0,0.33,3.0,N,138,138,3,-24.4,-5.0,0.0,0.0,0.0,-1.0,-32.15,0.0,-1.75,montant_invalide;
2,2024-01-24 16:53:58,2024-01-24 17:39:58,1.0,0.0,1.0,N,138,143,2,34.5,7.5,0.5,0.0,6.94,1.0,54.69,2.5,1.75,distance_invalide;
2,2024-01-13 01:48:33,2024-01-13 01:57:36,,0.84,,,68,249,0,13.41,0.0,0.5,0.0,0.0,1.0,17.41,,,passagers_invalides;
2,2024-01-03 10:47:11,2024-01-03 11:07:42,,2.92,,,158,170,0,20.43,0.0,0.5,1.0,0.0,1.0,25.43,,,passagers_invalides;
1,2024-01-07 01:49:33,2024-01-07 02:10:45,,0.0,,,231,238,0,26.72,0.0,0.5,0.0,0.0,1.0,30.72,,,distance_invalide;passagers_invalides;
1,2024-01-25 16:07:31,2024-01-25 16:22:18,,2.0,,,143,161,0,17.2,0.0,0.5,0.0,0.0,1.0,21.2,,,passagers_invalides;
1,2024-01-18 10:49:04,2024-01-18 10:49:11,0.0,0.0,1.0,N,145,145,2,3.0,0.0,0.5,0.0,0.0,1.0,4.5,0.0,0.0,distance_invalide;passagers_invalides;
1,2024-01-04 17:11:35,2024-01-04 17:20:52,,1.3,,,68,249,0,9.3,2.5,0.5,3.95,0.0,1.0,19.75,,,passagers_invalides;
2,2024-01-25 12:48:34,2024-01-25 13:07:51,,2.73,,,148,186,0,28.17,0.0,0.5,0.0,0.0,1.0,32.17,,,passagers_invalides;
1,2024-01-05 09:12:44,2024-01-05 09:19:30,0.0,1.2,1.0,N,236,237,1,8.6,2.5,0.5,1.89,0.0,1.0,14.49,2.5,0.0,passagers_invalides;
1,2024-01-26 00:19:32,2024-01-26 00:20:03,1.0,0.0,5.0,N,138,138,4,0.01,1.75,0.0,0.0,0.0,1.0,2.76,0.0,1.75,distance_invalide;
2,2024-01-25 23:37:00,2024-01-25 23:46:00,,1.01,,,100,164,0,11.74,0.0,0.5,0.0,0.0,1.0,15.74,,,passagers_invalides;
1,2024-01-09 10:28:30,2024-01-09 10:28:56,1.0,0.0,1.0,N,170,170,1,3.0,2.5,0.5,5.0,0.0,1.0,12.0,2.5,0.0,distance_invalide;
1,2024-01-23 21:50:58,2024-01-23 21:56:01,0.0,1.0,1.0,N,113,186,1,7.9,3.5,0.5,2.55,0.0,1.0,15.45,2.5,0.0,passagers_invalides;
2,2024-01-22 13:32:23,2024-01-22 13:45:22,1.0,1.09,1.0,N,161,163,4,-12.1,0.0,-0.5,0.0,0.0,-1.0,-16.1,-2.5,0.0,montant_invalide;
1,2024-01-15 10:57:38,2024-01-15 11:09:12,0.0,1.4,1.0,N,162,246,1,12.1,2.5,0.5,3.2,0.0,1.0,19.3,2.5,0.0,passagers_invalides;
2,2024-01-25 21:56:10,2024-01-25 22:19:57,,8.41,,,230,256,0,31.37,0.0,0.5,0.0,6.94,1.0,42.31,,,passagers_invalides;
1,2024-01-27 23:20:13,2024-01-27 23:20:13,1.0,0.0,1.0,N,237,264,2,3.0,3.5,0.5,0.0,0.0,1.0,8.0,2.5,0.0,distance_invalide;
2,2024-01-20 20:22:15,2024-01-20 20:38:14,,1.54,,,137,90,0,13.28,0.0,0.5,0.0,0.0,1.0,17.28,,,passagers_invalides;
1,2024-01-26 21:50:39,2024-01-26 21:51:17,1.0,0.0,1.0,N,260,260,3,3.0,1.0,0.5,0.0,0.0,1.0,5.5,0.0,0.0,distance_invalide;
2,2024-01-15 16:52:53,2024-01-15 16:53:00,1.0,0.0,1.0,N,264,264,3,3.0,0.0,0.5,0.0,0.0,1.0,4.5,0.0,0.0,distance_invalide;
2,2024-01-12 23:11:40,2024-01-12 23:24:19,,1.97,,,164,143,0,15.02,0.0,0.5,0.0,0.0,1.0,19.02,,,passagers_invalides;
2,2024-01-08 16:46:17,2024-01-08 17:02:23,1.0,2.5,1.0,N,186,148,4,-15.6,-2.5,-0.5,0.0,0.0,-1.0,-22.1,-2.5,0.0,montant_invalide;
1,2024-01-17 10:11:46,2024-01-17 10:38:11,,4.2,,,209,234,0,22.6,0.0,0.5,3.99,0.0,1.0,30.59,,,passagers_invalides;
2,2024-01-11 17:20:00,2024-01-11 17:25:00,,1.15,,,262,141,0,14.22,0.0,0.5,2.73,0.0,1.0,20.95,,,passagers_invalides;
2,2024-01-22 12:21:32,2024-01-22 12:21:41,1.0,0.0,1.0,N,132,132,3,-3.0,0.0,-0.5,0.0,0.0,-1.0,-4.5,0.0,0.0,distance_invalide;montant_invalide;
1,2024-01-12 08:09:14,2024-01-12 08:10:00,1.0,0.0,1.0,N,237,237,1,3.0,2.5,0.5,5.0,0.0,1.0,12.0,2.5,0.0,distance_invalide;
2,2024-01-13 01:16:10,2024-01-13 01:36:14,,6.99,,,231,229,0,34.47,0.0,0.5,5.77,0.0,1.0,44.24,,,passagers_invalides;
2,2024-01-14 16:25:30,2024-01-14 16:47:53,1.0,0.0,2.0,N,68,68,3,70.0,0.0,0.5,0.0,0.0,1.0,74.0,2.5,0.0,distance_invalide;
2,2024-01-21 02:36:47,2024-01-21 02:40:20,,0.44,,,79,79,0,10.83,0.0,0.5,0.0,0.0,1.0,14.83,,,passagers_invalides;
1,2024-01-29 18:44:16,2024-01-29 19:01:28,,0.0,,,166,142,0,18.13,0.0,0.5,0.0,0.0,1.0,22.13,,,distance_invalide;passagers_invalides;
2,2024-01-05 15:16:24,2024-01-05 15:51:11,,6.33,,,42,107,0,3.99,0.0,0.5,0.0,0.0,1.0,7.99,,,passagers_invalides;
2,2024-01-17 10:57:46,2024-01-17 10:57:57,1.0,0.0,1.0,N,193,193,3,3.0,0.0,0.5,0.0,0.0,1.0,4.5,0.0,0.0,distance_invalide;
2,2024-01-10 16:07:33,2024-01-10 16:13:12,1.0,0.0,1.0,N,140,263,1,6.5,0.0,0.5,2.1,0.0,1.0,12.6,2.5,0.0,distance_invalide;
1,2024-01-04 19:18:59,2024-01-04 19:35:18,,0.0,,,233,232,0,17.3,0.0,0.5,0.0,0.0,1.0,21.3,,,distance_invalide;passagers_invalides;
2,2024-01-22 18:35:02,2024-01-22 18:42:47,1.0,1.09,1.0,N,249,107,4,-8.6,-2.5,-0.5,0.0,0.0,-1.0,-15.1,-2.5,0.0,montant_invalide;
2,2024-01-02 07:50:55,2024-01-02 07:54:35,,0.41,,,239,238,0,8.08,0.0,0.5,0.0,0.0,1.0,12.08,,,passagers_invalides;
2,2024-01-19 17:11:42,2024-01-19 18:05:38,2.0,16.3,2.0,N,132,141,2,-70.0,-5.0,-0.5,0.0,0.0,-1.0,-80.75,-2.5,-1.75,montant_invalide;
1,2024-01-17 18:33:07,2024-01-17 18:45:11,,0.0,,,229,230,0,18.08,0.0,0.5,0.0,0.0,1.0,22.08,,,distance_invalide;passagers_invalides;
1,2024-01-25 16:16:16,2024-01-25 16:27:24,0.0,0.6,1.0,N,164,48,2,10.7,5.0,0.5,0.0,0.0,1.0,17.2,2.5,0.0,passagers_invalides;
1,2024-01-03 14:48:05,2024-01-03 15:01:31,,0.0,,,151,43,0,19.64,0.0,0.5,0.0,0.0,1.0,23.64,,,distance_invalide;passagers_invalides;
1,2024-01-09 10:36:56,2024-01-09 10:37:09,0.0,0.0,1.0,N,228,228,3,3.0,0.0,0.5,0.0,0.0,1.0,4.5,0.0,0.0,distance_invalide;passagers_invalides;
2,2024-01-07 16:46:44,2024-01-07 17:04:04,,2.58,,,89,62,0,15.58,0.0,0.5,2.56,0.0,1.0,19.64,,,passagers_invalides;
2,2024-01-05 15:30:03,2024-01-05 15:54:52,,4.17,,,143,107,0,28.12,0.0,0.5,3.21,0.0,1.0,35.33,,,passagers_invalides;
2,2024-01-18 16:07:40,2024-01-18 16:14:10,,0.81,,,141,237,0,11.74,0.0,0.5,2.36,0.0,1.0,18.1,,,passagers_invalides;
2,2024-01-16 11:55:00,2024-01-16 12:10:00,,2.49,,,140,43,0,15.86,0.0,0.5,3.97,0.0,1.0,23.83,,,passagers_invalides;
2,2024-01-17 18:17:50,2024-01-17 18:36:32,1.0,3.06,1.0,N,162,238,4,-19.1,-2.5,-0.5,0.0,0.0,-1.0,-25.6,-2.5,0.0,montant_invalide;
2,2024-01-30 11:30:29,2024-01-30 11:59:50,1.0,9.34,1.0,N,138,239,2,0.0,0.0,0.5,0.0,0.0,1.0,5.75,2.5,1.75,montant_invalide;
1,2024-01-08 10:27:12,2024-01-08 10:38:55,,2.0,,,236,161,0,12.8,0.0,0.5,0.84,0.0,1.0,17.64,,,passagers_invalides;
2,2024-01-03 08:03:31,2024-01-03 08:56:32,,19.34,,,166,132,0,76.1,0.0,0.5,25.36,6.94,1.0,109.9,,,passagers_invalides;
1,2024-01-08 17:39:51,2024-01-08 17:49:35,0.0,1.9,1.0,N,163,239,1,12.1,5.0,0.5,2.0,0.0,1.0,20.6,2.5,0.0,passagers_invalides;
2,2024-01-05 16:39:55,2024-01-05 16:47:53,1.0,1.94,1.0,N,138,70,2,-10.0,-7.5,-0.5,0.0,0.0,-1.0,-23.25,-2.5,-1.75,montant_invalide;
2,2024-01-29 01:30:53,2024-01-29 01:48:51,1.0,6.06,1.0,N,231,36,4,-26.8,-1.0,-0.5,0.0,0.0,-1.0,-31.8,-2.5,0.0,montant_invalide;
1,2024-01-27 23:53:56,2024-01-28 00:09:36,0.0,2.5,1.0,N,90,48,1,16.3,3.5,0.5,0.0,0.0,1.0,21.3,2.5,0.0,passagers_invalides;
2,2024-01-25 22:25:43,2024-01-25 22:49:56,,8.08,,,246,243,0,31.85,0.0,0.5,0.0,0.0,1.0,35.85,,,passagers_invalides;
1,2024-01-08 11:50:54,2024-01-08 12:09:37,,2.6,,,161,211,0,19.49,0.0,0.5,0.0,0.0,1.0,23.49,,,passagers_invalides;
2,2024-01-26 13:26:52,2024-01-26 14:08:02,1.0,12.04,1.0,N,186,235,4,-55.5,0.0,-0.5,0.0,0.0,-1.0,-59.5,-2.5,0.0,montant_invalide;
2,2024-01-01 00:36:26,2024-01-01 00:39:25,1.0,0.49,1.0,N,263,236,4,-5.1,-1.0,-0.5,0.0,0.0,-1.0,-10.1,-2.5,0.0,montant_invalide;
1,2024-01-02 19:45:08,2024-01-02 19:45:26,1.0,0.0,5.0,N,166,166,1,84.0,0.0,0.0,10.0,0.0,1.0,95.0,0.0,0.0,distance_invalide;
2,2024-01-15 17:33:33,2024-01-15 17:51:57,,2.74,,,229,79,0,9.81,0.0,0.5,0.0,0.0,1.0,13.81,,,passagers_invalides;
1,2024-01-03 09:32:01,2024-01-03 09:37:47,,0.9,,,237,162,0,7.9,0.0,0.5,2.38,0.0,1.0,14.28,,,passagers_invalides;
1,2024-01-17 21:18:12,2024-01-17 21:49:19,,0.0,,,13,41,0,44.69,0.0,0.5,0.0,0.0,1.0,48.69,,,distance_invalide;passagers_invalides;
2,2024-01-24 13:42:26,2024-01-24 13:48:40,1.0,0.54,1.0,N,237,141,4,-7.2,0.0,-0.5,0.0,0.0,-1.0,-11.2,-2.5,0.0,montant_invalide;
1,2024-01-14 01:17:37,2024-01-14 01:44:08,,0.0,,,148,244,0,41.65,0.0,0.5,0.0,0.0,1.0,45.65,,,distance_invalide;passagers_invalides;
1,2024-01-31 22:47:45,2024-01-31 22:52:54,,0.6,,,246,90,0,5.8,1.0,0.5,1.08,0.0,1.0,11.88,,,passagers_invalides;
2,2024-01-28 17:47:13,2024-01-28 17:47:28,1.0,0.0,5.0,N,186,68,1,95.0,0.0,0.0,0.0,0.0,1.0,98.5,2.5,0.0,distance_invalide;
1,2024-01-30 12:30:32,2024-01-30 12:44:13,0.0,1.6,1.0,N,107,161,1,12.1,2.5,0.5,3.2,0.0,1.0,19.3,2.5,0.0,passagers_invalides;
2,2024-01-16 07:28:45,2024-01-16 07:32:59,,1.14,,,75,237,0,17.56,0.0,0.5,4.31,0.0,1.0,25.87,,,passagers_invalides;
2,2024-01-28 17:34:17,2024-01-28 17:46:56,,2.01,,,137,79,0,17.13,0.0,0.5,0.0,0.0,1.0,21.13,,,passagers_invalides;
2,2024-01-31 20:11:17,2024-01-31 20:21:09,1.0,1.81,1.0,N,164,141,2,-11.4,-2.5,-0.5,0.0,0.0,-1.0,-17.9,-2.5,0.0,montant_invalide;
2,2024-01-21 18:26:24,2024-01-21 18:35:45,1.0,1.9,1.0,N,151,236,4,-12.1,0.0,-0.5,0.0,0.0,-1.0,-16.1,-2.5,0.0,montant_invalide;
2,2024-01-26 18:54:18,2024-01-26 18:58:00,2.0,0.0,1.0,N,48,48,1,5.1,2.5,0.5,2.32,0.0,1.0,13.92,2.5,0.0,distance_invalide;
2,2024-01-10 10:21:47,2024-01-10 10:21:59,1.0,0.0,1.0,N,132,132,2,-3.0,0.0,-0.5,0.0,0.0,-1.0,-6.25,0.0,-1.75,distance_invalide;montant_invalide;
2,2024-01-20 23:23:42,2024-01-20 23:34:17,,0.78,,,249,114,0,9.62,0.0,0.5,0.0,0.0,1.0,13.62,,,passagers_invalides;
2,2024-01-18 15:36:00,2024-01-18 16:12:00,,10.0,,,100,138,0,45.03,0.0,0.5,5.6,6.94,1.0,61.57,,,passagers_invalides;
2,2024-01-02 20:48:17,2024-01-02 20:55:11,3.0,0.62,1.0,N,230,230,4,-7.9,-1.0,-0.5,0.0,0.0,-1.0,-12.9,-2.5,0.0,montant_invalide;
2,2024-01-12 12:49:01,2024-01-12 12:51:35,1.0,0.5,1.0,N,141,236,4,-5.1,0.0,-0.5,0.0,0.0,-1.0,-9.1,-2.5,0.0,montant_invalide;
2,2024-01-08 04:58:38,2024-01-08 05:08:38,1.0,1.95,1.0,N,7,226,3,-12.1,-1.0,-0.5,0.0,0.0,-1.0,-14.6,0.0,0.0,montant_invalide;
1,2024-01-22 17:46:28,2024-01-22 17:46:46,0.0,0.7,1.0,N,145,145,2,3.0,1.0,0.5,0.0,0.0,1.0,5.5,0.0,0.0,passagers_invalides;
2,2024-01-30 18:28:09,2024-01-30 18:28:24,4.0,0.0,5.0,N,234,234,1,26.0,0.0,0.0,5.9,0.0,1.0,35.4,2.5,0.0,distance_invalide;
1,2024-01-31 16:20:57,2024-01-31 16:46:07,1.0,0.0,99.0,N,130,58,1,38.5,0.0,0.5,0.0,6.94,1.0,46.94,0.0,0.0,distance_invalide;
2,2024-01-31 18:31:59,2024-01-31 18:46:41,,1.92,,,79,231,0,22.39,0.0,0.5,5.28,0.0,1.0,31.67,,,passagers_invalides;
2,2024-01-01 17:39:50,2024-01-01 17:46:16,3.0,1.29,1.0,N,186,107,4,-8.6,0.0,-0.5,0.0,0.0,-1.0,-12.6,-2.5,0.0,montant_invalide;
1,2024-01-31 09:21:50,2024-01-31 09:36:02,,0.0,,,143,237,0,13.1,0.0,0.5,0.0,0.0,1.0,17.1,,,distance_invalide;passagers_invalides;
2,2024-01-04 23:11:53,2024-01-04 23:30:16,,4.95,,,260,262,0,29.19,0.0,0.5,4.98,0.0,1.0,38.17,,,passagers_invalides;
2,2024-01-22 18:04:00,2024-01-22 18:13:00,,1.35,,,140,237,0,11.74,0.0,0.5,2.0,0.0,1.0,17.74,,,passagers_invalides;
2,2024-01-30 10:38:21,2024-01-30 11:15:48,,8.93,,,189,140,0,47.87,0.0,0.5,0.0,0.0,1.0,51.87,,,passagers_invalides;
1,2024-01-06 21:24:30,2024-01-06 21:29:43,0.0,0.8,1.0,N,143,163,1,7.2,3.5,0.5,2.0,0.0,1.0,14.2,2.5,0.0,passagers_invalides;
1,2024-01-16 05:23:43,2024-01-16 05:54:18,1.0,0.0,99.0,N,174,135,1,49.5,0.0,0.5,0.0,6.94,1.0,57.94,0.0,0.0,distance_invalide;
1,2024-01-07 07:42:17,2024-01-07 07:55:36,,3.0,,,151,237,0,14.91,0.0,0.5,0.0,0.0,1.0,18.91,,,passagers_invalides;
2,2024-01-26 08:11:18,2024-01-26 08:21:40,,2.13,,,143,68,0,14.46,0.0,0.5,3.69,0.0,1.0,22.15,,,passagers_invalides;
2,2024-01-15 12:29:08,2024-01-15 12:34:52,,1.78,,,75,74,0,11.74,0.0,0.5,2.65,0.0,1.0,15.89,,,passagers_invalides;
2,2024-01-30 13:41:43,2024-01-30 13:41:54,1.0,0.0,3.0,N,211,211,2,23.0,0.0,0.0,0.0,0.0,1.0,24.0,0.0,0.0,distance_invalide;
1,2024-01-29 19:15:15,2024-01-29 19:38:27,0.0,4.4,1.0,N,90,217,2,24.7,5.0,0.5,0.0,0.0,1.0,31.2,2.5,0.0,passagers_invalides;
1,2024-01-18 16:11:04,2024-01-18 16:16:58,,0.8,,,229,162,0,7.2,2.5,0.5,2.05,0.0,1.0,15.75,,,passagers_invalides;
1,2024-01-27 10:30:18,2024-01-27 10:36:43,,0.9,,,239,142,0,7.2,0.0,0.5,2.24,0.0,1.0,13.44,,,passagers_invalides;
1,2024-01-09 18:01:58,2024-01-09 18:05:43,,0.0,,,234,107,0,9.08,0.0,0.5,0.0,0.0,1.0,13.08,,,distance_invalide;passagers_invalides;
1,2024-01-17 21:42:03,2024-01-17 21:47:39,,0.0,,,231,209,0,12.08,0.0,0.5,0.0,0.0,1.0,16.08,,,distance_invalide;passagers_invalides;
2,2024-01-06 19:35:47,2024-01-06 19:43:06,,0.97,,,224,79,0,6.83,0.0,0.5,0.0,0.0,1.0,10.83,,,passagers_invalides;
2,2024-01-30 20:08:44,2024-01-30 20:36:04,,4.78,,,230,45,0,27.18,0.0,0.5,0.0,0.0,1.0,31.18,,,passagers_invalides;
1,2024-01-20 21:33:58,2024-01-20 21:52:35,1.0,0.0,1.0,N,79,231,1,14.9,3.5,0.5,4.0,0.0,1.0,23.9,2.5,0.0,distance_invalide;
2,2024-01-24 19:23:09,2024-01-24 19:23:15,1.0,0.0,5.0,N,50,50,1,10.0,0.0,0.0,2.7,0.0,1.0,16.2,2.5,0.0,distance_invalide;
1,2024-01-20 23:42:20,2024-01-21 00:03:04,,0.0,,,48,127,0,34.5,0.0,0.5,0.0,0.0,1.0,38.5,,,distance_invalide;passagers_invalides;
2,2024-01-13 23:19:24,2024-01-13 23:26:34,1.0,1.38,1.0,N,161,142,2,-9.3,-1.0,-0.5,0.0,0.0,-1.0,-14.3,-2.5,0.0,montant_invalide;
2,2024-01-01 00:40:55,2024-01-01 00:51:57,,2.18,,,263,142,0,12.86,0.0,0.5,2.19,0.0,1.0,19.05,,,passagers_invalides;
2,2024-01-23 22:26:26,2024-01-23 22:34:05,,0.96,,,161,100,0,10.26,0.0,0.5,0.0,0.0,1.0,14.26,,,passagers_invalides;
2,2024-01-07 19:24:23,2024-01-07 19:24:29,1.0,0.0,5.0,N,74,74,1,77.5,0.0,0.0,0.0,0.0,1.0,78.5,0.0,0.0,distance_invalide;
2,2024-01-13 15:45:47,2024-01-13 15:46:00,1.0,0.0,1.0,N,246,246,1,3.0,0.0,0.5,13.0,0.0,1.0,20.0,2.5,0.0,distance_invalide;
2,2024-01-14 00:26:00,2024-01-14 00:40:00,,3.88,,,79,263,0,23.83,0.0,0.5,5.57,0.0,1.0,33.4,,,passagers_invalides;
2,2024-01-05 18:33:07,2024-01-05 18:38:34,,0.34,,,148,148,0,44.9,0.0,0.5,0.0,0.0,1.0,48.9,,,passagers_invalides;
1,2024-01-10 14:34:56,2024-01-10 14:53:11,0.0,1.8,1.0,N,48,164,1,16.3,2.5,0.5,5.05,0.0,1.0,25.35,2.5,0.0,passagers_invalides;
2,2024-01-01 00:56:51,2024-01-01 01:19:22,,3.62,,,246,88,0,27.89,0.0,0.5,0.0,0.0,1.0,31.89,,,passagers_invalides;
2,2024-01-27 17:54:15,2024-01-27 18:08:47,,2.8,,,74,238,0,17.16,0.0,0.5,0.0,0.0,1.0,21.16,,,passagers_invalides;
2,2024-01-09 08:51:13,2024-01-09 09:11:34,,2.7,,,260,7,0,22.81,0.0,0.5,0.0,0.0,1.0,24.31,,,passagers_invalides;
2,2024-01-15 18:36:48,2024-01-15 18:43:02,,0.84,,,230,230,0,11.74,0.0,0.5,3.15,0.0,1.0,18.89,,,passagers_invalides;
2,2024-01-28 12:58:04,2024-01-28 12:58:15,2.0,0.03,2.0,N,152,152,3,-70.0,0.0,-0.5,0.0,0.0,-1.0,-71.5,0.0,0.0,montant_invalide;
2,2024-01-12 17:38:29,2024-01-12 17:52:50,3.0,0.0,1.0,N,230,43,1,12.8,2.5,0.5,3.86,0.0,1.0,23.16,2.5,0.0,distance_invalide;
1,2024-01-06 12:05:20,2024-01-06 12:18:44,0.0,2.7,1.0,N,237,234,1,16.3,2.5,0.5,5.05,0.0,1.0,25.35,2.5,0.0,passagers_invalides;
1,2024-01-05 12:24:48,2024-01-05 12:51:46,0.0,8.3,1.0,N,142,127,2,39.4,2.5,0.5,0.0,0.0,1.0,43.4,2.5,0.0,passagers_invalides;
2,2024-01-20 16:27:37,2024-01-20 16:40:55,,3.79,,,262,224,0,22.02,0.0,0.5,5.2,0.0,1.0,31.22,,,passagers_invalides;
1,2024-01-16 00:24:24,2024-01-16 00:40:51,,0.0,,,56,129,0,17.64,0.0,0.5,0.0,0.0,1.0,19.14,,,distance_invalide;passagers_invalides;
1,2024-01-20 12:42:52,2024-01-20 12:57:26,,2.5,,,164,236,0,15.6,0.0,0.5,3.92,0.0,1.0,23.52,,,passagers_invalides;
2,2024-01-18 22:50:47,2024-01-18 23:06:34,,2.64,,,50,79,0,17.51,0.0,0.5,0.0,0.0,1.0,21.51,,,passagers_invalides;
1,2024-01-23 23:04:07,2024-01-23 23:19:00,,4.3,,,246,151,0,21.41,0.0,0.5,0.0,0.0,1.0,25.41,,,passagers_invalides;
2,2024-01-15 14:56:29,2024-01-15 15:12:20,,2.86,,,50,236,0,15.61,0.0,0.5,0.0,0.0,1.0,19.61,,,passagers_invalides;
2,2024-01-13 05:01:17,2024-01-13 05:05:41,,1.29,,,79,107,0,6.83,0.0,0.5,0.0,0.0,1.0,10.83,,,passagers_invalides;
2,2024-01-31 08:05:08,2024-01-31 08:23:29,,2.74,,,79,162,0,22.59,0.0,0.5,0.0,0.0,1.0,26.59,,,passagers_invalides;
2,2024-01-21 19:09:26,2024-01-21 19:12:42,,0.38,,,74,74,0,6.83,0.0,0.5,0.0,0.0,1.0,8.33,,,passagers_invalides;
2,2024-01-09 17:45:13,2024-01-09 18:00:44,,1.98,,,163,262,0,-2.0,0.0,0.5,0.0,0.0,1.0,2.0,,,montant_invalide;passagers_invalides;
2,2024-01-01 04:10:33,2024-01-01 04:16:37,,0.0,,,79,137,0,8.66,0.0,0.5,0.0,0.0,1.0,12.66,,,distance_invalide;passagers_invalides;
2,2024-01-28 13:19:40,2024-01-28 13:33:00,,2.03,,,237,170,0,14.48,0.0,0.5,0.0,0.0,1.0,18.48,,,passagers_invalides;
1,2024-01-01 01:06:52,2024-01-01 01:37:46,,0.0,,,48,137,0,23.03,0.0,0.5,0.0,0.0,1.0,27.03,,,distance_invalide;passagers_invalides;
1,2024-01-31 19:08:33,2024-01-31 19:15:56,0.0,1.3,1.0,N,263,75,1,9.3,5.0,0.5,3.15,0.0,1.0,18.95,2.5,0.0,passagers_invalides;
2,2024-01-13 01:00:24,2024-01-13 01:17:07,,2.45,,,79,217,0,35.13,0.0,0.5,7.83,0.0,1.0,46.96,,,passagers_invalides;
2,2024-01-13 19:50:18,2024-01-13 19:54:18,1.0,0.47,1.0,N,163,43,4,-5.8,0.0,-0.5,0.0,0.0,-1.0,-9.8,-2.5,0.0,montant_invalide;
2,2023-12-31 23:56:46,2024-01-01 00:12:06,2.0,2.38,1.0,N,236,142,1,15.6,1.0,0.5,1.0,0.0,1.0,21.6,2.5,0.0,hors_periode;
2,2024-01-19 11:35:51,2024-01-19 11:59:40,,3.41,,,209,246,0,21.95,0.0,0.5,0.0,0.0,1.0,25.95,,,passagers_invalides;
2,2024-01-26 08:34:08,2024-01-26 08:48:45,1.0,1.67,1.0,N,264,264,4,-14.2,0.0,-0.5,0.0,0.0,-1.0,-15.7,0.0,0.0,montant_invalide;
1,2024-01-06 23:13:34,2024-01-06 23:35:39,,6.6,,,231,151,0,31.7,1.0,0.5,5.51,0.0,1.0,42.21,,,passagers_invalides;
2,2024-01-30 16:16:17,2024-01-30 16:31:08,,2.42,,,163,236,0,16.6,0.0,0.5,0.0,0.0,1.0,20.6,,,passagers_invalides;
1,2024-01-13 13:47:16,2024-01-13 14:03:22,,1.8,,,43,43,0,15.6,0.0,0.5,2.94,0.0,1.0,22.54,,,passagers_invalides;
1,2024-01-05 19:18:33,2024-01-05 19:25:17,0.0,0.8,1.0,N,75,75,2,8.6,2.5,0.5,0.0,0.0,1.0,12.6,0.0,0.0,passagers_invalides;
1,2024-01-27 16:25:55,2024-01-27 16:37:11,0.0,1.4,1.0,N,142,161,1,12.1,2.5,0.5,4.0,0.0,1.0,20.1,2.5,0.0,passagers_invalides;
1,2024-01-17 01:15:44,2024-01-17 01:31:11,,4.3,,,142,79,0,20.5,1.0,0.5,3.82,0.0,1.0,29.32,,,passagers_invalides;
1,2024-01-23 10:29:14,2024-01-23 10:48:08,,1.8,,,162,68,0,17.7,0.0,0.5,2.17,0.0,1.0,23.87,,,passagers_invalides;
2,2024-01-14 08:18:46,2024-01-14 08:41:00,,3.12,,,112,68,0,22.32,0.0,0.5,0.0,6.94,1.0,33.26,,,passagers_invalides;
2,2024-01-07 00:03:22,2024-01-07 00:30:38,,6.81,,,255,238,0,31.39,0.0,0.5,0.0,0.0,1.0,35.39,,,passagers_invalides;
2,2024-01-16 00:38:49,2024-01-16 00:39:18,1.0,0.04,1.0,N,132,132,4,-3.0,-1.0,-0.5,0.0,0.0,-1.0,-7.25,0.0,-1.75,montant_invalide;
2,2024-01-15 16:06:50,2024-01-15 16:13:20,1.0,1.61,1.0,N,170,79,2,-9.3,0.0,-0.5,0.0,0.0,-1.0,-13.3,-2.5,0.0,montant_invalide;
1,2024-01-08 08:33:57,2024-01-08 08:39:15,0.0,1.0,1.0,N,68,249,1,7.2,2.5,0.5,1.8,0.0,1.0,13.0,2.5,0.0,passagers_invalides;
2,2024-01-19 02:25:56,2024-01-19 03:11:51,1.0,0.66,1.0,N,114,211,2,-35.2,-1.0,-0.5,0.0,0.0,-1.0,-40.2,-2.5,0.0,montant_invalide;
2,2024-01-25 21:15:39,2024-01-25 21:27:34,,1.21,,,161,48,0,9.49,0.0,0.5,0.0,0.0,1.0,13.49,,,passagers_invalides;
2,2024-01-14 22:24:59,2024-01-14 22:25:05,1.0,0.0,5.0,N,231,231,3,-85.0,0.0,0.0,0.0,0.0,-1.0,-88.5,-2.5,0.0,distance_invalide;montant_invalide;
2,2024-01-05 02:12:21,2024-01-05 02:12:27,4.0,0.0,5.0,N,265,265,1,70.0,0.0,0.0,0.0,0.0,1.0,71.0,0.0,0.0,distance_invalide;
2,2024-01-28 09:55:26,2024-01-28 10:04:10,,1.59,,,263,239,0,9.53,0.0,0.5,0.0,0.0,1.0,13.53,,,passagers_invalides;
2,2024-01-31 05:59:40,2024-01-31 06:13:06,,4.12,,,249,237,0,22.0,0.0,0.5,5.0,0.0,1.0,31.0,,,passagers_invalides;
2,2024-01-20 01:00:22,2024-01-20 01:07:14,,0.95,,,107,90,0,7.23,0.0,0.5,0.0,0.0,1.0,11.23,,,passagers_invalides;
2,2024-01-12 22:51:30,2024-01-12 22:53:11,1.0,0.06,1.0,N,48,48,4,-3.7,-1.0,-0.5,0.0,0.0,-1.0,-8.7,-2.5,0.0,montant_invalide;
2,2024-01-23 11:24:23,2024-01-23 11:26:02,1.0,0.0,1.0,N,207,207,2,0.0,0.0,0.5,0.0,0.0,1.0,1.5,0.0,0.0,distance_invalide;montant_invalide;
1,2024-01-15 02:39:18,2024-01-15 02:43:00,,0.0,,,101,19,0,10.58,0.0,0.5,0.0,0.0,1.0,12.08,,,distance_invalide;passagers_invalides;
2,2024-01-18 07:51:32,2024-01-18 08:08:11,,3.09,,,114,162,0,20.86,0.0,0.5,0.0,0.0,1.0,24.86,,,passagers_invalides;
1,2024-01-19 15:53:24,2024-01-19 16:12:22,,0.0,,,79,209,0,28.0,0.0,0.0,0.0,0.0,0.0,28.0,,,distance_invalide;passagers_invalides;
2,2024-01-27 18:53:22,2024-01-27 19:21:49,,3.95,,,239,107,0,34.07,0.0,0.5,3.81,0.0,1.0,41.88,,,passagers_invalides;
2,2024-01-31 23:23:29,2024-01-31 23:23:32,1.0,0.0,2.0,N,13,264,1,70.0,0.0,0.5,14.3,0.0,1.0,85.8,0.0,0.0,distance_invalide;
2,2024-01-04 18:48:13,2024-01-04 18:52:03,1.0,0.36,1.0,N,162,161,4,-5.8,-2.5,-0.5,0.0,0.0,-1.0,-12.3,-2.5,0.0,montant_invalide;
1,2024-01-15 17:34:47,2024-01-15 17:41:09,0.0,0.9,1.0,N,234,79,1,7.2,2.5,0.5,3.35,0.0,1.0,14.55,2.5,0.0,passagers_invalides;
2,2024-01-14 03:15:53,2024-01-14 03:36:21,,9.38,,,234,244,0,34.78,0.0,0.5,0.0,0.0,1.0,38.78,,,passagers_invalides;
1,2024-01-28 13:40:49,2024-01-28 13:41:19,1.0,0.0,1.0,N,249,249,1,3.0,2.5,0.5,4.0,0.0,1.0,11.0,2.5,0.0,distance_invalide;
2,2024-01-25 14:32:51,2024-01-25 15:10:49,,5.17,,,143,144,0,0.99,0.0,0.5,0.0,0.0,1.0,4.99,,,passagers_invalides;
2,2024-01-10 16:09:06,2024-01-10 16:19:35,,2.97,,,233,4,0,14.08,0.0,0.5,0.0,0.0,1.0,18.08,,,passagers_invalides;
2,2024-01-16 13:31:00,2024-01-16 13:52:00,,3.94,,,140,113,0,25.7,0.0,0.5,3.0,0.0,1.0,32.7,,,passagers_invalides;
2,2024-01-11 15:07:34,2024-01-11 15:16:09,1.0,1.42,1.0,N,233,79,4,-10.0,0.0,-0.5,0.0,0.0,-1.0,-14.0,-2.5,0.0,montant_invalide;
2,2024-01-30 16:58:25,2024-01-30 17:13:46,1.0,0.0,1.0,N,238,48,1,13.5,2.5,0.5,3.0,0.0,1.0,23.0,2.5,0.0,distance_invalide;
2,2024-01-16 19:42:03,2024-01-16 20:03:05,,6.01,,,80,231,0,30.31,0.0,0.5,0.0,0.0,1.0,34.31,,,passagers_invalides;
2,2024-01-07 21:48:54,2024-01-07 22:12:15,,3.8,,,36,65,0,24.09,0.0,0.5,5.12,0.0,1.0,30.71,,,passagers_invalides;
1,2024-01-05 17:51:10,2024-01-05 18:05:12,,0.0,,,238,42,0,16.68,0.0,0.5,0.0,0.0,1.0,20.68,,,distance_invalide;passagers_invalides;
1,2024-01-24 18:49:47,2024-01-24 18:55:56,0.0,1.1,1.0,N,141,236,1,7.2,5.0,0.5,2.74,0.0,1.0,16.44,2.5,0.0,passagers_invalides;
2,2024-01-28 00:11:34,2024-01-28 00:11:40,4.0,0.0,2.0,N,79,79,4,-70.0,0.0,-0.5,0.0,0.0,-1.0,-74.0,-2.5,0.0,distance_invalide;montant_invalide;
2,2024-01-19 21:09:48,2024-01-19 21:32:06,2.0,9.27,1.0,N,230,247,4,-39.4,-1.0,-0.5,0.0,0.0,-1.0,-44.4,-2.5,0.0,montant_invalide;
2,2024-01-12 23:24:18,2024-01-12 23:33:40,,2.25,,,237,239,0,17.05,0.0,0.5,0.0,0.0,1.0,21.05,,,passagers_invalides;
2,2024-01-16 12:42:52,2024-01-16 12:42:56,1.0,0.0,5.0,N,256,256,1,44.0,0.0,0.0,0.0,0.0,1.0,45.0,0.0,0.0,distance_invalide;
1,2024-01-12 22:05:05,2024-01-12 22:18:14,,1.0,,,230,186,0,10.16,0.0,0.5,0.0,0.0,1.0,14.16,,,passagers_invalides;
2,2024-01-13 18:23:21,2024-01-13 18:33:53,,1.52,,,236,239,0,14.22,0.0,0.5,3.64,0.0,1.0,21.86,,,passagers_invalides;
1,2024-01-24 22:07:32,2024-01-24 22:29:19,1.0,0.0,99.0,N,226,42,1,32.5,0.0,0.5,0.0,6.94,1.0,40.94,0.0,0.0,distance_invalide;
1,2024-01-29 16:56:30,2024-01-29 17:09:14,0.0,2.6,1.0,N,142,236,1,14.2,5.0,0.5,2.07,0.0,1.0,22.77,2.5,0.0,passagers_invalides;
2,2024-01-18 11:05:05,2024-01-18 11:21:56,,2.33,,,50,234,0,27.03,0.0,0.5,0.0,0.0,1.0,31.03,,,passagers_invalides;
1,2024-01-06 17:02:07,2024-01-06 17:22:45,,5.3,,,239,158,0,22.83,0.0,0.5,0.0,0.0,1.0,26.83,,,passagers_invalides;
2,2024-01-17 21:59:27,2024-01-17 22:08:45,,2.15,,,249,13,0,14.57,0.0,0.5,0.0,0.0,1.0,18.57,,,passagers_invalides;
2,2024-01-09 16:59:53,2024-01-09 17:00:07,2.0,0.0,5.0,N,265,265,1,120.0,0.0,0.0,27.28,15.38,1.0,163.66,0.0,0.0,distance_invalide;
2,2024-01-29 09:01:20,2024-01-29 09:06:58,,0.66,,,237,237,0,7.83,0.0,0.5,0.0,0.0,1.0,11.83,,,passagers_invalides;
1,2024-01-23 08:15:45,2024-01-23 08:26:37,0.0,1.5,1.0,N,249,13,1,10.7,2.5,0.5,2.9,0.0,1.0,17.6,2.5,0.0,passagers_invalides;
2,2024-01-29 13:39:20,2024-01-29 13:39:26,1.0,0.0,5.0,N,45,45,1,12.0,0.0,0.0,1.0,0.0,1.0,16.5,2.5,0.0,distance_invalide;
2,2024-01-14 08:56:41,2024-01-14 09:06:04,2.0,2.68,1.0,N,239,68,2,-13.5,0.0,-0.5,0.0,0.0,-1.0,-17.5,-2.5,0.0,montant_invalide;
1,2024-01-25 08:12:15,2024-01-25 08:27:23,,0.0,,,239,237,0,19.11,0.0,0.5,0.0,0.0,1.0,23.11,,,distance_invalide;passagers_invalides;
1,2024-01-12 20:31:18,2024-01-12 20:57:08,1.0,0.0,1.0,N,55,55,3,3.0,1.0,0.5,0.0,0.0,1.0,5.5,0.0,0.0,distance_invalide;
2,2024-01-10 22:12:28,2024-01-10 22:25:34,,3.48,,,80,25,0,18.06,0.0,0.5,3.52,0.0,1.0,23.08,,,passagers_invalides;
2,2024-01-09 21:43:53,2024-01-09 21:55:09,,2.52,,,229,239,0,14.81,0.0,0.5,2.82,0.0,1.0,21.63,,,passagers_invalides;
2,2024-01-02 08:32:34,2024-01-02 08:50:08,,5.15,,,140,69,0,28.23,0.0,0.5,6.45,0.0,1.0,38.68,,,passagers_invalides;
1,2024-01-13 12:24:25,2024-01-13 12:25:47,0.0,0.5,1.0,N,237,162,1,4.4,2.5,0.5,1.65,0.0,1.0,10.05,2.5,0.0,passagers_invalides;
2,2024-01-07 16:51:43,2024-01-07 16:52:05,1.0,0.0,1.0,N,48,230,4,3.0,0.0,0.5,0.0,0.0,1.0,7.0,2.5,0.0,distance_invalide;
2,2024-01-01 02:29:29,2024-01-01 02:30:47,,0.11,,,209,209,0,38.46,0.0,0.5,0.0,0.0,1.0,42.46,,,passagers_invalides;
2,2024-01-09 21:43:00,2024-01-09 21:52:49,,2.32,,,234,162,0,12.1,0.0,0.5,0.0,0.0,1.0,16.1,,,passagers_invalides;
2,2024-01-04 07:29:00,2024-01-04 07:48:00,,2.76,,,152,74,0,18.37,0.0,0.5,2.98,0.0,1.0,22.85,,,passagers_invalides;
1,2024-01-06 01:01:14,2024-01-06 01:13:26,,0.0,,,144,68,0,13.19,0.0,0.5,0.0,0.0,1.0,17.19,,,distance_invalide;passagers_invalides;
1,2024-01-17 18:35:40,2024-01-17 18:47:45,,2.0,,,161,143,0,13.5,2.5,0.5,3.0,0.0,1.0,23.0,,,passagers_invalides;
1,2024-01-18 11:00:00,2024-01-18 10:57:07,1.0,1.7,99.0,N,181,89,1,19.5,0.0,0.5,0.0,0.0,1.0,21.0,0.0,0.0,dates_incoherentes;
1,2024-01-03 04:50:45,2024-01-03 05:04:53,,7.7,,,262,138,0,35.0,0.0,0.5,0.0,6.94,1.0,45.94,,,passagers_invalides;
1,2024-01-28 10:43:31,2024-01-28 10:51:14,,0.0,,,141,262,0,7.13,0.0,0.5,0.0,0.0,1.0,11.13,,,distance_invalide;passagers_invalides;
2,2024-01-01 03:03:40,2024-01-01 03:19:52,1.0,2.62,1.0,N,158,50,4,-17.0,-1.0,-0.5,0.0,0.0,-1.0,-22.0,-2.5,0.0,montant_invalide;
1,2024-01-15 13:55:22,2024-01-15 14:00:21,0.0,0.8,1.0,N,264,236,1,7.2,2.5,0.5,2.24,0.0,1.0,13.44,2.5,0.0,passagers_invalides;
2,2024-01-07 02:01:15,2024-01-07 02:16:06,,2.21,,,79,209,0,14.38,0.0,0.5,0.0,0.0,1.0,18.38,,,passagers_invalides;
2,2024-01-15 22:38:48,2024-01-15 22:38:56,1.0,0.0,5.0,N,249,249,1,83.0,0.0,0.0,17.3,0.0,1.0,103.8,2.5,0.0,distance_invalide;
2,2024-01-12 20:23:29,2024-01-12 20:42:47,,3.13,,,262,24,0,18.71,0.0,0.5,0.0,0.0,1.0,22.71,,,passagers_invalides;
2,2024-01-22 21:17:00,2024-01-22 21:28:00,,1.75,,,236,239,0,11.74,0.0,0.5,2.36,0.0,1.0,18.1,,,passagers_invalides;
1,2024-01-05 18:14:09,2024-01-05 18:30:30,0.0,2.7,1.0,N,161,236,1,17.0,5.0,0.5,1.0,0.0,1.0,24.5,2.5,0.0,passagers_invalides;
1,2024-01-17 11:44:36,2024-01-17 11:54:11,,0.6,,,186,164,0,9.3,0.0,0.5,2.66,0.0,1.0,15.96,,,passagers_invalides;
1,2024-01-14 10:55:42,2024-01-14 11:03:22,,1.6,,,142,230,0,9.3,0.0,0.5,2.66,0.0,1.0,15.96,,,passagers_invalides;
2,2024-01-29 11:18:40,2024-01-29 11:25:35,1.0,0.75,1.0,N,234,100,4,-7.9,0.0,-0.5,0.0,0.0,-1.0,-11.9,-2.5,0.0,montant_invalide;
2,2024-01-29 22:37:10,2024-01-29 22:51:16,1.0,2.35,1.0,N,42,75,4,-12.8,-1.0,-0.5,0.0,0.0,-1.0,-15.3,0.0,0.0,montant_invalide;
2,2024-01-13 11:49:53,2024-01-13 11:57:45,,1.25,,,238,142,0,11.72,0.0,0.5,0.0,0.0,1.0,15.72,,,passagers_invalides;
1,2024-01-22 20:35:55,2024-01-22 20:49:26,0.0,2.6,1.0,N,239,229,1,15.6,3.5,0.5,3.09,0.0,1.0,23.69,2.5,0.0,passagers_invalides;
1,2024-01-01 06:16:52,2024-01-01 06:40:51,,0.0,,,17,186,0,33.31,0.0,0.5,0.0,0.0,1.0,37.31,,,distance_invalide;passagers_invalides;
2,2024-01-26 09:29:39,2024-01-26 10:08:20,,18.87,,,262,132,0,64.73,0.0,0.5,15.13,6.94,1.0,90.8,,,passagers_invalides;
2,2024-01-01 14:30:48,2024-01-01 14:38:50,,1.51,,,158,246,0,19.86,0.0,0.5,0.0,0.0,1.0,23.86,,,passagers_invalides;
1,2024-01-11 18:48:43,2024-01-11 19:09:56,,2.5,,,263,163,0,18.16,0.0,0.5,0.0,0.0,1.0,22.16,,,passagers_invalides;
1,2024-01-19 18:08:04,2024-01-19 18:08:17,1.0,0.0,1.0,N,43,43,3,3.0,5.0,0.5,0.0,0.0,1.0,9.5,2.5,0.0,distance_invalide;
1,2024-01-14 06:10:52,2024-01-14 06:26:59,0.0,8.6,4.0,N,132,265,1,40.1,1.75,0.5,5.2,0.0,1.0,48.55,0.0,1.75,passagers_invalides;
1,2024-01-11 22:04:37,2024-01-11 22:13:18,,0.0,,,170,107,0,14.51,0.0,0.5,0.0,0.0,1.0,18.51,,,distance_invalide;passagers_invalides;
2,2024-01-25 21:09:33,2024-01-25 21:30:26,1.0,11.86,1.0,N,48,200,2,-45.7,-1.0,-0.5,0.0,-3.18,-1.0,-53.88,-2.5,0.0,montant_invalide;
2,2024-01-13 05:56:59,2024-01-13 06:24:07,,8.01,,,35,132,0,33.78,0.0,0.5,7.06,0.0,1.0,42.34,,,passagers_invalides;
2,2024-01-27 03:08:47,2024-01-27 03:20:02,,3.28,,,148,162,0,16.13,0.0,0.5,0.0,0.0,1.0,20.13,,,passagers_invalides;
2,2024-01-27 12:10:06,2024-01-27 12:26:05,,4.72,,,243,74,0,22.39,0.0,0.5,2.39,0.0,1.0,26.28,,,passagers_invalides;
1,2024-01-05 07:24:42,2024-01-05 07:30:03,,1.0,,,163,100,0,7.2,0.0,0.5,2.24,0.0,1.0,13.44,,,passagers_invalides;
2,2024-01-18 19:21:00,2024-01-18 19:52:00,,3.54,,,230,4,0,23.52,0.0,0.5,4.13,0.0,1.0,31.65,,,passagers_invalides;
2,2024-01-19 12:28:35,2024-01-19 12:55:17,,3.78,,,238,186,0,27.31,0.0,0.5,0.0,0.0,1.0,31.31,,,passagers_invalides;
1,2024-01-31 11:46:41,2024-01-31 12:38:15,,0.0,,,158,236,0,38.8,0.0,0.5,0.0,0.0,1.0,42.8,,,distance_invalide;passagers_invalides;
1,2024-01-31 10:32:21,2024-01-31 10:51:41,,2.1,,,161,137,0,17.0,0.0,0.5,2.1,0.0,1.0,23.1,,,passagers_invalides;
2,2024-01-09 22:56:12,2024-01-09 22:56:17,1.0,0.0,5.0,N,79,79,1,20.0,0.0,0.0,0.0,0.0,1.0,23.5,2.5,0.0,distance_invalide;
2,2024-01-28 13:34:36,2024-01-28 13:45:37,,2.23,,,232,170,0,14.18,0.0,0.5,0.0,0.0,1.0,18.18,,,passagers_invalides;
2,2024-01-14 21:40:15,2024-01-14 21:56:10,,6.57,,,246,116,0,28.47,0.0,0.5,4.87,0.0,1.0,37.34,,,passagers_invalides;
1,2024-01-29 07:59:58,2024-01-29 08:08:30,0.0,1.0,1.0,N,100,163,1,9.3,2.5,0.5,3.3,0.0,1.0,16.6,2.5,0.0,passagers_invalides;
2,2024-01-28 13:21:04,2024-01-28 13:44:33,,3.45,,,261,68,0,2.19,0.0,0.5,0.0,0.0,1.0,6.19,,,passagers_invalides;
1,2024-01-25 14:39:48,2024-01-25 14:52:59,0.0,1.9,1.0,N,163,239,1,12.1,2.5,0.5,3.2,0.0,1.0,19.3,2.5,0.0,passagers_invalides;
2,2024-01-12 01:31:05,2024-01-12 01:31:09,1.0,0.0,5.0,N,161,161,1,87.0,0.0,0.0,18.1,0.0,1.0,108.6,2.5,0.0,distance_invalide;
2,2024-01-25 19:01:20,2024-01-25 19:20:31,,3.14,,,170,142,0,24.01,0.0,0.5,0.0,0.0,1.0,28.01,,,passagers_invalides;
1,2024-01-26 21:40:45,2024-01-26 21:47:01,,1.0,,,186,113,0,7.9,1.0,0.5,1.94,0.0,1.0,14.84,,,passagers_invalides;
1,2024-01-28 00:11:12,2024-01-28 00:26:41,,0.0,,,45,113,0,16.06,0.0,0.5,0.0,0.0,1.0,20.06,,,distance_invalide;passagers_invalides;
2,2024-01-27 13:11:39,2024-01-27 13:11:58,1.0,0.0,1.0,N,264,264,2,3.0,0.0,0.5,0.0,0.0,1.0,4.5,0.0,0.0,distance_invalide;
2,2024-01-17 16:35:00,2024-01-17 17:09:00,,4.07,,,161,231,0,31.37,0.0,0.5,4.0,0.0,1.0,39.37,,,passagers_invalides;
1,2024-01-31 16:54:11,2024-01-31 17:28:18,,0.0,,,263,244,0,27.5,5.0,0.5,2.6,0.0,1.0,41.1,,,distance_invalide;passagers_invalides;
2,2024-01-25 13:45:41,2024-01-25 13:45:59,1.0,0.04,1.0,N,164,164,4,-3.0,0.0,-0.5,0.0,0.0,-1.0,-7.0,-2.5,0.0,montant_invalide;
1,2024-01-20 02:00:58,2024-01-20 02:01:31,1.0,0.0,5.0,N,68,68,1,0.01,0.0,0.0,2.0,0.0,1.0,3.01,0.0,0.0,distance_invalide;
1,2024-01-27 19:01:18,2024-01-27 19:12:02,,0.0,,,141,43,0,12.92,0.0,0.5,0.0,0.0,1.0,16.92,,,distance_invalide;passagers_invalides;
2,2024-01-13 03:15:26,2024-01-13 03:15:37,1.0,0.0,1.0,N,230,230,3,-3.0,-1.0,-0.5,0.0,0.0,-1.0,-8.0,-2.5,0.0,distance_invalide;montant_invalide;
2,2024-01-19 14:50:50,2024-01-19 15:06:11,,1.66,,,238,236,0,10.28,0.0,0.5,0.0,0.0,1.0,14.28,,,passagers_invalides;
1,2024-01-30 20:00:41,2024-01-30 20:21:25,0.0,3.8,1.0,N,246,141,1,21.2,3.5,0.5,6.55,0.0,1.0,32.75,2.5,0.0,passagers_invalides;
2,2024-01-21 23:17:55,2024-01-21 23:29:36,,3.55,,,148,255,0,17.98,0.0,0.5,0.66,0.0,1.0,22.64,,,passagers_invalides;
2,2024-01-28 03:40:14,2024-01-28 03:52:33,,2.79,,,211,48,0,21.32,0.0,0.5,0.0,0.0,1.0,25.32,,,passagers_invalides;
2,2024-01-19 12:36:56,2024-01-19 12:37:45,1.0,0.14,1.0,N,141,141,4,-3.0,0.0,-0.5,0.0,0.0,-1.0,-7.0,-2.5,0.0,montant_invalide;
2,2024-01-30 07:10:51,2024-01-30 07:45:14,,17.84,,,74,132,0,72.0,0.0,0.5,14.62,6.94,1.0,95.06,,,passagers_invalides;
2,2024-01-28 00:15:01,2024-01-28 00:21:47,,1.02,,,246,50,0,15.51,0.0,0.5,0.0,0.0,1.0,19.51,,,passagers_invalides;
2,2024-01-14 16:24:00,2024-01-14 16:50:34,,7.08,,,256,162,0,33.96,0.0,0.5,0.0,6.94,1.0,44.9,,,passagers_invalides;
2,2024-01-21 02:58:38,2024-01-21 03:09:49,,1.98,,,148,249,0,15.25,0.0,0.5,0.0,0.0,1.0,19.25,,,passagers_invalides;
2,2024-01-10 11:33:26,2024-01-10 11:46:57,,2.18,,,24,236,0,14.5,0.0,0.5,3.7,0.0,1.0,22.2,,,passagers_invalides;
1,2024-01-19 10:37:49,2024-01-19 10:45:51,,0.8,,,43,237,0,7.9,0.0,0.5,2.38,0.0,1.0,14.28,,,passagers_invalides;
2,2024-01-14 16:07:49,2024-01-14 16:34:06,,3.66,,,236,186,0,26.25,0.0,0.5,0.0,0.0,1.0,30.25,,,passagers_invalides;
1,2024-01-16 18:25:23,2024-01-16 18:41:01,,1.4,,,107,246,0,13.5,2.5,0.5,3.0,0.0,1.0,23.0,,,passagers_invalides;
2,2024-01-03 17:00:40,2024-01-03 17:17:37,,4.07,,,249,239,0,22.74,0.0,0.5,3.0,0.0,1.0,29.74,,,passagers_invalides;
2,2024-01-28 01:17:56,2024-01-28 01:33:31,,2.43,,,113,246,0,20.69,0.0,0.5,0.0,0.0,1.0,24.69,,,passagers_invalides;
1,2024-01-15 11:27:04,2024-01-15 11:39:56,,1.5,,,68,230,0,12.8,0.0,0.5,2.52,0.0,1.0,19.32,,,passagers_invalides;
2,2024-01-24 19:38:22,2024-01-24 19:38:29,,0.0,,,88,88,0,21.44,0.0,0.5,0.0,0.0,1.0,25.44,,,distance_invalide;passagers_invalides;
2,2024-01-12 08:09:59,2024-01-12 08:30:27,1.0,0.0,1.0,N,186,231,1,17.0,0.0,0.5,2.0,0.0,1.0,23.0,2.5,0.0,distance_invalide;
1,2024-01-22 17:25:37,2024-01-22 17:46:00,,0.0,,,262,114,0,31.02,0.0,0.5,0.0,0.0,1.0,35.02,,,distance_invalide;passagers_invalides;
1,2024-01-04 18:51:15,2024-01-04 18:51:42,1.0,0.0,3.0,N,145,145,2,23.0,0.0,0.0,0.0,0.0,1.0,24.0,0.0,0.0,distance_invalide;
2,2024-01-01 05:30:57,2024-01-01 05:36:57,,1.8,,,75,238,0,11.08,0.0,0.5,0.0,0.0,1.0,12.58,,,passagers_invalides;
2,2024-01-16 20:29:11,2024-01-16 20:34:37,,0.9,,,170,186,0,4.0,0.0,0.5,0.0,0.0,1.0,8.0,,,passagers_invalides;
1,2024-01-24 18:23:27,2024-01-24 18:47:23,0.0,2.9,1.0,N,230,113,1,21.9,5.0,0.5,5.68,0.0,1.0,34.08,2.5,0.0,passagers_invalides;
2,2024-01-12 19:08:32,2024-01-12 19:10:14,1.0,0.2,1.0,N,239,239,2,-3.7,-2.5,-0.5,0.0,0.0,-1.0,-10.2,-2.5,0.0,montant_invalide;
2,2024-01-27 22:38:31,2024-01-27 22:59:38,1.0,0.0,1.0,N,79,13,1,17.7,1.0,0.5,4.54,0.0,1.0,27.24,2.5,0.0,distance_invalide;
2,2024-01-24 23:21:27,2024-01-24 23:29:00,1.0,1.3,1.0,N,161,137,4,-9.3,-1.0,-0.5,0.0,0.0,-1.0,-14.3,-2.5,0.0,montant_invalide;
2,2024-01-28 02:31:47,2024-01-28 02:39:19,,2.39,,,4,209,0,3.82,0.0,0.5,0.0,0.0,1.0,7.82,,,passagers_invalides;
2,2024-01-12 14:36:45,2024-01-12 14:37:26,1.0,0.0,1.0,N,242,242,3,-3.0,0.0,-0.5,0.0,0.0,-1.0,-4.5,0.0,0.0,distance_invalide;montant_invalide;
2,2024-01-17 07:29:34,2024-01-17 07:46:14,,5.6,,,239,244,0,28.46,0.0,0.5,2.0,0.0,1.0,34.46,,,passagers_invalides;
2,2024-01-28 17:27:33,2024-01-28 17:37:36,,1.94,,,236,162,0,12.84,0.0,0.5,0.0,0.0,1.0,16.84,,,passagers_invalides;
1,2024-01-21 19:02:29,2024-01-21 19:08:26,,0.0,,,144,79,0,12.33,0.0,0.5,0.0,0.0,1.0,16.33,,,distance_invalide;passagers_invalides;
2,2024-01-12 21:12:42,2024-01-12 21:26:20,1.0,1.64,1.0,N,114,100,4,-13.5,-1.0,-0.5,0.0,0.0,-1.0,-18.5,-2.5,0.0,montant_invalide;
1,2024-01-11 20:59:27,2024-01-11 21:05:48,,1.4,,,237,262,0,8.6,1.0,0.5,3.4,0.0,1.0,17.0,,,passagers_invalides;
1,2024-01-20 00:56:04,2024-01-20 01:02:53,,0.0,,,231,144,0,10.83,0.0,0.5,0.0,0.0,1.0,14.83,,,distance_invalide;passagers_invalides;
2,2024-01-21 21:57:00,2024-01-21 21:57:00,,0.0,,,13,13,0,30.68,0.0,0.5,4.16,0.0,1.0,38.84,,,distance_invalide;passagers_invalides;
2,2024-01-18 20:04:35,2024-01-18 20:12:21,1.0,1.18,1.0,N,237,262,4,-9.3,-1.0,-0.5,0.0,0.0,-1.0,-14.3,-2.5,0.0,montant_invalide;
2,2024-01-01 00:28:19,2024-01-01 00:44:54,,5.27,,,88,234,0,23.42,0.0,0.5,0.0,0.0,1.0,27.42,,,passagers_invalides;
2,2024-01-25 07:08:07,2024-01-25 07:21:17,,3.34,,,238,48,0,14.1,0.0,0.5,4.0,0.0,1.0,22.1,,,passagers_invalides;
1,2024-01-25 18:39:05,2024-01-25 18:47:03,,1.1,,,170,107,0,8.6,2.5,0.5,1.51,0.0,1.0,16.61,,,passagers_invalides;
2,2024-01-21 10:20:05,2024-01-21 10:29:54,,1.89,,,90,161,0,11.74,0.0,0.5,2.36,0.0,1.0,18.1,,,passagers_invalides;
1,2024-01-15 17:03:25,2024-01-15 17:11:41,0.0,1.2,1.0,N,261,45,1,9.3,5.0,0.5,0.0,0.0,1.0,15.8,2.5,0.0,passagers_invalides;
2,2024-01-28 03:30:58,2024-01-28 03:35:08,,0.84,,,234,186,0,-3.0,0.0,0.5,0.0,0.0,1.0,1.0,,,montant_invalide;passagers_invalides;
2,2024-01-29 19:25:46,2024-01-29 19:33:08,1.0,0.0,1.0,N,107,140,1,7.9,2.5,0.5,2.88,0.0,1.0,17.28,2.5,0.0,distance_invalide;
1,2024-01-13 14:30:00,2024-01-13 14:53:28,0.0,7.0,1.0,N,161,231,1,31.0,2.5,0.5,7.0,0.0,1.0,42.0,2.5,0.0,passagers_invalides;
2,2024-01-07 22:04:55,2024-01-07 22:08:53,1.0,0.51,1.0,N,48,142,4,-5.1,-1.0,-0.5,0.0,0.0,-1.0,-10.1,-2.5,0.0,montant_invalide;
2,2024-01-06 18:39:54,2024-01-06 18:53:57,,1.24,,,158,79,0,18.52,0.0,0.5,4.5,0.0,1.0,27.02,,,passagers_invalides;
2,2024-01-11 13:42:40,2024-01-11 13:44:55,1.0,0.26,1.0,N,140,140,4,-4.4,0.0,-0.5,0.0,0.0,-1.0,-8.4,-2.5,0.0,montant_invalide;
2,2024-01-10 06:38:26,2024-01-10 06:48:49,,2.38,,,75,141,0,15.5,0.0,0.5,2.92,0.0,1.0,22.42,,,passagers_invalides;
2,2024-01-11 07:37:34,2024-01-11 07:37:37,1.0,0.0,1.0,N,28,28,3,3.0,0.0,0.5,0.0,0.0,1.0,4.5,0.0,0.0,distance_invalide;
2,2024-01-09 18:01:02,2024-01-09 18:14:49,,3.79,,,238,116,0,0.0,0.0,0.5,0.0,0.0,1.0,4.0,,,montant_invalide;passagers_invalides;
1,2024-01-15 17:51:50,2024-01-15 17:56:46,,0.0,,,107,137,0,11.16,0.0,0.5,0.0,0.0,1.0,15.16,,,distance_invalide;passagers_invalides;
2,2024-01-04 16:51:50,2024-01-04 17:16:46,,8.27,,,164,138,0,37.79,0.0,0.5,5.0,6.94,1.0,53.73,,,passagers_invalides;
1,2024-01-25 08:48:44,2024-01-25 09:03:47,,0.0,,,263,229,0,15.04,0.0,0.5,0.0,0.0,1.0,19.04,,,distance_invalide;passagers_invalides;
2,2024-01-19 18:33:10,2024-01-19 18:38:17,,0.69,,,246,186,0,6.83,0.0,0.5,0.0,0.0,1.0,10.83,,,passagers_invalides;
2,2024-01-28 17:41:00,2024-01-28 18:16:00,,6.93,,,148,238,0,50.53,0.0,0.5,5.0,0.0,1.0,59.53,,,passagers_invalides;
2,2024-01-28 16:34:01,2024-01-28 16:41:36,,1.04,,,48,68,0,11.74,0.0,0.5,3.15,0.0,1.0,18.89,,,passagers_invalides;
2,2024-01-07 01:39:17,2024-01-07 01:54:49,,5.0,,,148,237,0,23.18,0.0,0.5,0.0,0.0,1.0,27.18,,,passagers_invalides;
2,2024-01-19 11:38:34,2024-01-19 12:04:45,,5.85,,,140,231,0,36.65,0.0,0.5,8.13,0.0,1.0,48.78,,,passagers_invalides;
2,2024-01-29 14:22:04,2024-01-29 15:05:35,2.0,17.57,2.0,N,68,132,2,-70.0,0.0,-0.5,0.0,-6.94,-1.0,-83.44,-2.5,0.0,montant_invalide;
2,2024-01-20 01:21:46,2024-01-20 01:42:00,,8.23,,,80,75,0,32.58,0.0,0.5,0.0,0.0,1.0,36.58,,,passagers_invalides;
2,2024-01-27 02:42:28,2024-01-27 03:03:05,,4.39,,,144,239,0,27.19,0.0,0.5,0.0,0.0,1.0,31.19,,,passagers_invalides;
2,2024-01-05 05:38:10,2024-01-05 06:06:27,,9.02,,,166,87,0,36.73,0.0,0.5,0.0,0.0,1.0,40.73,,,passagers_invalides;
1,2024-01-28 16:37:42,2024-01-28 16:53:28,,0.0,,,161,79,0,18.16,0.0,0.5,0.0,0.0,1.0,22.16,,,distance_invalide;passagers_invalides;
2,2024-01-31 01:40:25,2024-01-31 01:46:09,1.0,1.23,1.0,N,186,249,4,-8.6,-1.0,-0.5,0.0,0.0,-1.0,-13.6,-2.5,0.0,montant_invalide;
1,2024-01-14 07:41:19,2024-01-14 07:43:42,0.0,0.3,1.0,N,236,236,1,4.4,2.5,0.5,1.65,0.0,1.0,10.05,2.5,0.0,passagers_invalides;
2,2024-01-19 20:57:15,2024-01-19 21:05:21,,1.32,,,74,41,0,10.15,0.0,0.5,0.0,0.0,1.0,11.65,,,passagers_invalides;
2,2024-01-18 23:32:41,2024-01-18 23:39:43,,1.12,,,79,144,0,-1.0,0.0,0.5,0.0,0.0,1.0,3.0,,,montant_invalide;passagers_invalides;
2,2024-01-04 20:28:17,2024-01-04 20:37:58,1.0,1.36,1.0,N,141,229,2,-10.7,-1.0,-0.5,0.0,0.0,-1.0,-15.7,-2.5,0.0,montant_invalide;
2,2024-01-02 12:19:10,2024-01-02 12:20:21,1.0,0.0,1.0,N,207,207,2,3.7,0.0,0.5,0.0,0.0,1.0,5.2,0.0,0.0,distance_invalide;
2,2024-01-17 21:00:57,2024-01-17 21:15:21,,2.18,,,158,224,0,15.33,0.0,0.5,0.0,0.0,1.0,19.33,,,passagers_invalides;
2,2024-01-04 02:33:31,2024-01-04 02:55:49,1.0,14.63,1.0,N,132,179,4,-56.2,-1.0,-0.5,0.0,0.0,-1.0,-60.45,0.0,-1.75,montant_invalide;
2,2024-01-08 11:44:24,2024-01-08 11:44:47,2.0,0.0,1.0,N,145,145,2,3.0,0.0,0.5,0.0,0.0,1.0,4.5,0.0,0.0,distance_invalide;
2,2024-01-10 21:35:58,2024-01-10 21:36:43,1.0,0.34,1.0,N,132,132,3,-3.7,-1.0,-0.5,0.0,0.0,-1.0,-10.45,-2.5,-1.75,montant_invalide;
1,2024-01-23 11:57:29,2024-01-23 11:57:43,1.0,0.0,1.0,N,161,161,4,3.0,2.5,0.5,0.0,0.0,1.0,7.0,2.5,0.0,distance_invalide;
1,2024-01-29 20:45:24,2024-01-29 20:56:36,,0.0,,,140,239,0,16.85,1.0,0.5,0.0,0.0,1.0,23.85,,,distance_invalide;passagers_invalides;
2,2024-01-11 21:23:44,2024-01-11 21:45:47,,4.45,,,230,148,0,26.3,0.0,0.5,0.0,0.0,1.0,30.3,,,passagers_invalides;
2,2024-01-19 18:07:17,2024-01-19 18:21:18,,2.86,,,41,143,0,16.71,0.0,0.5,0.0,0.0,1.0,20.71,,,passagers_invalides;
2,2024-01-06 23:36:14,2024-01-06 23:54:03,,6.13,,,141,249,0,32.55,0.0,0.5,10.96,0.0,1.0,47.51,,,passagers_invalides;
2,2024-01-23 12:27:58,2024-01-23 12:46:34,,1.47,,,163,50,0,17.29,0.0,0.5,2.13,0.0,1.0,23.42,,,passagers_invalides;
1,2024-01-01 06:39:00,2024-01-01 07:02:07,,0.0,,,20,107,0,48.84,0.0,0.5,0.0,0.0,1.0,52.84,,,distance_invalide;passagers_invalides;
2,2024-01-09 19:17:17,2024-01-09 19:28:34,,1.42,,,161,100,0,15.55,0.0,0.5,0.0,0.0,1.0,19.55,,,passagers_invalides;
2,2024-01-29 14:14:52,2024-01-29 14:52:10,1.0,3.62,1.0,N,186,263,4,-30.3,0.0,-0.5,0.0,0.0,-1.0,-34.3,-2.5,0.0,montant_invalide;
2,2024-01-13 07:09:35,2024-01-13 07:11:21,1.0,0.32,1.0,N,237,237,4,-4.4,0.0,-0.5,0.0,0.0,-1.0,-8.4,-2.5,0.0,montant_invalide;
2,2024-01-09 18:41:58,2024-01-09 18:59:54,,2.06,,,230,141,0,16.2,0.0,0.5,0.0,0.0,1.0,20.2,,,passagers_invalides;
2,2024-01-26 22:46:27,2024-01-26 23:05:56,,2.36,,,68,79,0,25.58,0.0,0.5,5.92,0.0,1.0,35.5,,,passagers_invalides;
1,2024-01-22 12:38:30,2024-01-22 12:46:18,0.0,1.2,1.0,N,114,158,1,9.3,2.5,0.5,2.65,0.0,1.0,15.95,2.5,0.0,passagers_invalides;
1,2024-01-05 15:02:16,2024-01-05 15:13:16,0.0,1.7,1.0,N,148,137,2,12.8,2.5,0.5,0.0,0.0,1.0,16.8,2.5,0.0,passagers_invalides;
2,2024-01-10 19:40:02,2024-01-10 19:51:12,1.0,1.6,1.0,N,79,211,4,-12.1,-2.5,-0.5,0.0,0.0,-1.0,-18.6,-2.5,0.0,montant_invalide;
1,2024-01-14 00:09:23,2024-01-14 00:23:04,,0.0,,,107,148,0,20.57,0.0,0.5,0.0,0.0,1.0,24.57,,,distance_invalide;passagers_invalides;
1,2024-01-28 13:44:10,2024-01-28 13:53:00,0.0,1.8,1.0,N,229,234,1,11.4,2.5,0.5,3.05,0.0,1.0,18.45,2.5,0.0,passagers_invalides;
2,2024-01-15 19:34:49,2024-01-15 19:52:05,,8.02,,,75,138,0,31.79,0.0,0.5,4.02,6.94,1.0,44.25,,,passagers_invalides;
1,2024-01-04 13:19:23,2024-01-04 13:34:46,,1.8,,,143,236,0,13.0,0.0,0.5,0.0,0.0,1.0,17.0,,,passagers_invalides;
1,2024-01-06 19:16:50,2024-01-06 19:29:30,,1.3,,,143,230,0,12.8,2.5,0.5,0.97,0.0,1.0,20.27,,,passagers_invalides;
2,2024-01-01 00:24:02,2024-01-01 01:10:32,1.0,8.74,1.0,N,90,225,4,-47.8,-1.0,-0.5,0.0,0.0,-1.0,-52.8,-2.5,0.0,montant_invalide;
2,2024-01-19 18:23:11,2024-01-19 18:23:18,2.0,0.0,2.0,N,132,132,2,70.0,5.0,0.5,0.0,0.0,1.0,78.25,0.0,1.75,distance_invalide;
1,2024-01-14 01:31:28,2024-01-14 01:36:05,,0.0,,,249,234,0,14.08,0.0,0.5,0.0,0.0,1.0,18.08,,,distance_invalide;passagers_invalides;
2,2024-01-14 23:25:32,2024-01-14 23:35:45,,1.89,,,45,107,0,14.16,0.0,0.5,0.0,0.0,1.0,18.16,,,passagers_invalides;
2,2024-01-14 00:45:43,2024-01-14 00:55:32,1.0,1.39,1.0,N,144,107,4,-10.7,-1.0,-0.5,0.0,0.0,-1.0,-15.7,-2.5,0.0,montant_invalide;
2,2024-01-31 11:56:37,2024-01-31 12:40:01,,4.79,,,236,211,0,36.15,0.0,0.5,0.0,0.0,1.0,40.15,,,passagers_invalides;
2,2024-01-16 23:04:25,2024-01-16 23:18:30,,4.05,,,234,236,0,22.07,0.0,0.5,0.0,0.0,1.0,26.07,,,passagers_invalides;
2,2024-01-28 01:10:31,2024-01-28 01:25:26,,3.86,,,100,151,0,23.78,0.0,0.5,0.0,0.0,1.0,27.78,,,passagers_invalides;
2,2024-01-16 12:06:20,2024-01-16 12:35:42,,2.95,,,262,230,0,24.21,0.0,0.5,5.64,0.0,1.0,33.85,,,passagers_invalides;
2,2024-01-09 18:35:14,2024-01-09 18:47:06,,0.9,,,161,230,0,9.7,0.0,0.5,0.0,0.0,1.0,13.7,,,passagers_invalides;
2,2024-01-31 05:07:16,2024-01-31 05:07:25,1.0,0.0,1.0,N,229,229,2,0.0,0.0,0.5,0.0,0.0,1.0,4.0,2.5,0.0,distance_invalide;montant_invalide;
2,2024-01-26 14:35:46,2024-01-26 14:45:30,1.0,1.33,1.0,N,113,164,4,-10.7,0.0,-0.5,0.0,0.0,-1.0,-14.7,-2.5,0.0,montant_invalide;
2,2024-01-30 13:36:38,2024-01-30 13:45:45,,1.21,,,231,113,0,13.99,0.0,0.5,0.0,0.0,1.0,17.99,,,passagers_invalides;
1,2024-01-07 15:06:41,2024-01-07 15:09:09,0.0,0.7,1.0,N,229,140,1,5.1,2.5,0.5,1.8,0.0,1.0,10.9,2.5,0.0,passagers_invalides;
1,2024-01-05 18:17:27,2024-01-05 18:43:02,,0.0,,,259,244,0,34.29,0.0,0.5,0.0,0.0,1.0,35.79,,,distance_invalide;passagers_invalides;
2,2024-01-26 21:25:45,2024-01-26 22:03:33,1.0,0.0,1.0,N,88,229,1,28.9,1.0,0.5,6.78,0.0,1.0,40.68,2.5,0.0,distance_invalide;
1,2024-01-09 21:33:40,2024-01-09 21:37:15,,0.0,,,48,48,0,6.83,0.0,0.5,0.0,0.0,1.0,10.83,,,distance_invalide;passagers_invalides;
1,2024-01-24 21:20:13,2024-01-24 21:30:37,,1.5,,,162,48,0,11.4,1.0,0.5,2.46,0.0,1.0,18.86,,,passagers_invalides;
2,2024-01-01 04:13:15,2024-01-01 04:31:42,,6.97,,,7,238,0,63.5,0.0,0.5,0.0,0.0,1.0,67.5,,,passagers_invalides;
2,2024-01-21 02:15:55,2024-01-21 02:27:52,,2.71,,,79,87,0,21.2,0.0,0.5,0.0,0.0,1.0,25.2,,,passagers_invalides;
2,2024-01-24 16:51:34,2024-01-24 17:21:37,4.0,3.47,1.0,N,261,230,4,-26.8,-2.5,-0.5,0.0,0.0,-1.0,-33.3,-2.5,0.0,montant_invalide;
2,2024-01-20 20:44:21,2024-01-20 20:55:44,,4.51,,,152,48,0,17.4,0.0,0.5,0.0,0.0,1.0,21.4,,,passagers_invalides;
2,2024-01-26 06:45:55,2024-01-26 06:57:20,,1.32,,,68,234,0,7.07,0.0,0.5,0.0,0.0,1.0,11.07,,,passagers_invalides;
2,2024-01-13 15:22:28,2024-01-13 15:38:40,1.0,8.06,1.0,N,138,236,4,-31.7,-5.0,-0.5,0.0,-6.94,-1.0,-49.39,-2.5,-1.75,montant_invalide;
1,2024-01-13 10:12:34,2024-01-13 10:21:04,,1.2,,,237,161,0,8.6,0.0,0.5,1.89,0.0,1.0,14.49,,,passagers_invalides;
2,2024-01-27 22:22:13,2024-01-27 22:33:37,1.0,1.34,1.0,N,100,162,2,-11.4,-1.0,-0.5,0.0,0.0,-1.0,-16.4,-2.5,0.0,montant_invalide;
2,2024-01-09 10:42:05,2024-01-09 10:56:59,,2.19,,,262,161,0,19.42,0.0,0.5,0.7,0.0,1.0,24.12,,,passagers_invalides;
2,2024-01-06 23:56:56,2024-01-07 00:00:57,,0.93,,,107,79,0,8.83,0.0,0.5,0.0,0.0,1.0,12.83,,,passagers_invalides;
1,2024-01-01 20:45:36,2024-01-01 20:55:18,0.0,1.7,1.0,N,163,233,1,11.4,3.5,0.5,3.25,0.0,1.0,19.65,2.5,0.0,passagers_invalides;
1,2024-01-16 07:53:31,2024-01-16 08:10:56,,0.0,,,114,161,0,31.15,0.0,0.5,0.0,0.0,1.0,35.15,,,distance_invalide;passagers_invalides;
1,2024-01-22 22:20:31,2024-01-22 22:24:13,,0.4,,,162,161,0,10.16,0.0,0.5,0.0,0.0,1.0,14.16,,,passagers_invalides;
1,2024-01-12 15:40:08,2024-01-12 15:45:12,0.0,0.5,1.0,N,170,230,1,6.5,2.5,0.5,2.6,0.0,1.0,13.1,2.5,0.0,passagers_invalides;
2,2024-01-05 04:30:52,2024-01-05 05:02:08,,15.45,,,186,1,0,71.73,0.0,0.0,18.57,20.0,1.0,111.3,,,passagers_invalides;
2,2024-01-05 16:46:06,2024-01-05 16:46:58,2.0,0.0,1.0,N,129,129,3,-3.0,-2.5,-0.5,0.0,0.0,-1.0,-7.0,0.0,0.0,distance_invalide;montant_invalide;
1,2024-01-28 13:06:49,2024-01-28 13:10:50,,0.0,,,236,236,0,6.83,0.0,0.5,0.0,0.0,1.0,10.83,,,distance_invalide;passagers_invalides;
